#{"t_start": 1779524107.8075707, "env_id": "None"}
r,l,t
-38.278428,8,0.10274
-35.913825,8,0.124913
-92.245298,8,0.142478
-56.213802,8,0.160686
1.211471,8,0.172346
-129.974412,8,0.186846
-197.933658,8,0.197847
-71.872434,8,0.209194
-33.425006,8,0.225163
-84.358027,8,0.234567
-119.807408,8,0.252714
-31.278483,8,0.269465
-103.769596,8,0.283983
-122.939454,8,0.306124
-23.243253,8,0.318238
-41.91775,8,0.333306
-46.28398,8,0.351722
-136.784535,8,0.368387
-41.871975,8,0.38507
-195.435137,8,0.390814
-89.892018,8,0.414648
-133.397769,8,0.430827
-124.658412,8,0.445161
-51.016688,8,0.465183
-102.450492,8,0.485818
-1.226717,8,0.508853
-34.420308,8,0.539147
-83.793212,8,0.558243
-42.473651,8,0.576857
-137.565092,8,0.607316
-86.84271,8,0.633648
-86.217222,8,0.654885
-114.67278,8,0.673929
-75.352747,8,0.704356
-166.742225,8,0.744934
-189.483953,8,0.748953
-172.303455,8,0.78096
-73.767291,8,0.78297
-59.95548,8,0.819459
-15.802748,8,0.828005
-56.833392,8,0.846132
-142.16354,8,0.859758
-168.079524,8,0.868612
-51.424985,8,0.88393
-17.067785,8,0.900507
-97.487211,8,0.917029
-112.907286,8,0.933729
-28.706605,8,0.950664
-35.507393,8,0.967194
-49.934633,8,0.982636
-48.054205,8,0.999244
-82.748691,8,1.024441
-60.424989,8,1.040331
-35.418668,8,1.059051
-44.740492,8,1.074837
-50.888223,8,1.093688
-345.233203,8,1.111153
-93.862734,8,1.127362
-38.702949,8,1.152469
-125.780918,8,1.162495
-25.878584,8,1.182745
-123.032376,8,1.184289
-7.461585,8,1.215203
-124.075268,8,1.234063
-49.924767,8,1.234063
-130.118223,8,1.267311
-97.664976,8,1.283921
-67.116295,8,1.283921
-81.649705,8,1.300422
-184.754541,8,1.317104
-123.491154,8,1.332709
-104.73216,8,1.349245
-165.074228,8,1.365417
-117.103056,8,1.381221
-181.927846,8,1.391256
-44.201102,8,1.407052
-25.798736,8,1.428747
-93.333226,8,1.440789
-33.646316,8,1.456692
-31.281012,8,1.470315
-40.17733,8,1.487188
-24.619152,8,1.50056
-25.405129,8,1.50056
-82.78585,8,1.527401
-106.301738,8,1.533915
-45.992879,8,1.550394
-29.238417,8,1.566879
-41.325595,8,1.566879
-106.235609,8,1.599071
-143.3424,8,1.613354
-40.042731,8,1.61775
-108.996489,8,1.633784
-168.631867,8,1.650617
-54.89652,8,1.66727
-190.592291,8,1.685119
-48.384406,8,1.705608
-29.625995,8,1.721913
-18.864444,8,1.73359
-78.20008,8,1.748823
-41.280483,8,1.750017
-69.110553,8,1.767534
-60.680703,8,1.78906
-67.793187,8,1.801248
-47.519794,8,1.818906
-94.014818,8,1.835331
-43.108156,8,1.853606
-165.18916,8,1.868066
-35.385564,8,1.884727
-21.159472,8,1.901369
-83.189369,8,1.901369
-71.980858,8,1.930501
-58.257462,8,1.947596
-166.196799,8,1.958767
-125.816158,8,1.977967
-34.837377,8,1.995786
-15.008128,8,2.013363
-46.580468,8,2.033594
-133.884316,8,2.044592
-180.921036,8,2.060827
-64.643039,8,2.074136
-125.971783,8,2.091646
-175.101102,8,2.107989
-110.441575,8,2.123598
-58.869865,8,2.146696
-125.084965,8,2.160275
-49.460669,8,2.182623
-69.767568,8,2.204665
-34.634203,8,2.216183
-22.623112,8,2.233701
-96.661872,8,2.253295
-270.241275,8,2.271894
-139.504238,8,2.287864
-50.048216,8,2.302196
-50.15651,8,2.32194
-99.480414,8,2.334939
-50.353572,8,2.352329
-47.938461,8,2.374947
-32.204023,8,2.388585
-127.672688,8,2.412774
-27.673236,8,2.424216
-140.629454,8,2.451185
-132.861369,8,2.465198
-34.582564,8,2.486558
-39.108489,8,2.505644
-85.970887,8,2.519028
-167.023818,8,2.536674
-95.017667,8,2.55355
-146.489851,8,2.564551
-28.927849,8,2.588811
-44.615389,8,2.609878
-146.418311,8,2.63052
-118.362661,8,2.661521
-109.422724,8,2.680009
-29.125573,8,2.706594
-167.410621,8,2.729652
-91.954438,8,2.752296
-210.85861,8,2.775167
-59.850109,8,2.791671
-19.636679,8,2.812672
-72.519175,8,2.836977
-96.594838,8,2.857311
-84.346643,8,2.876193
-7.343184,8,2.890679
-188.164241,8,2.919004
-60.349355,8,2.939862
-53.424521,8,2.967307
-118.659219,8,2.993015
-28.419238,8,3.009447
-96.848908,8,3.029613
-149.202446,8,3.046622
-142.190082,8,3.077104
-62.431331,8,3.096678
-165.361822,8,3.112439
-125.862539,8,3.136678
-36.550753,8,3.152373
-78.031157,8,3.177518
-90.257869,8,3.205508
-184.971653,8,3.222029
-101.756959,8,3.245289
-122.488292,8,3.262723
-96.870062,8,3.290699
-200.06246,8,3.310417
-236.755188,8,3.325144
-103.248972,8,3.344712
-100.296668,8,3.360378
-118.611608,8,3.380599
-35.951794,8,3.410352
-263.317823,8,3.431148
-135.787927,8,3.461351
-110.244175,8,3.479062
-44.187783,8,3.500377
-37.493722,8,3.539855
-9.429254,8,3.559693
-39.920777,8,3.583795
-65.432033,8,3.604358
-22.425185,8,3.638001
-42.965239,8,3.668032
-12.912837,8,3.702311
-120.6415,8,3.770376
-7.713371,8,3.787636
-116.309948,8,3.813243
-50.18489,8,3.843801
-133.525813,8,3.860598
-30.28624,8,3.892176
-66.999792,8,3.912016
-101.967604,8,3.933618
-88.093504,8,3.956664
-75.438028,8,3.97648
-65.0243,8,4.000069
-84.118221,8,4.013873
-148.83291,8,4.036875
-31.301466,8,4.064355
-9.873245,8,4.076404
-78.468767,8,4.103366
-123.396653,8,4.121938
-48.32836,8,4.143503
-196.028471,8,4.16311
-94.351892,8,4.174744
-150.834361,8,4.200639
-130.98292,8,4.216694
-61.591042,8,4.236237
-127.200879,8,4.254283
-150.822338,8,4.267551
-125.185244,8,4.284237
-70.431751,8,4.296041
-19.205925,8,4.317562
-123.275315,8,4.345573
-20.663287,8,4.359353
-133.322296,8,4.375647
-182.342159,8,4.393272
-142.624311,8,4.413065
-50.901145,8,4.436275
-80.800217,8,4.449385
-199.045395,8,4.4711
-49.342042,8,4.48423
-224.607985,8,4.504322
-93.69992,8,4.522768
-126.767359,8,4.547443
-125.35551,8,4.57721
-38.902009,8,4.593312
-94.187674,8,4.612538
-164.045696,8,4.63343
-261.537119,8,4.654134
-194.360481,8,4.675974
-200.48119,8,4.695791
-2.383493,8,4.724284
-90.991453,8,4.753757
-84.771556,8,4.769884
-127.715028,8,4.794052
-162.010392,8,4.809009
-5.353574,8,4.834544
-35.956713,8,4.857976
-151.141185,8,4.881016
-103.662054,8,4.884329
-89.107333,8,4.901155
-130.19323,8,4.917493
-172.1954,8,4.937147
-227.798621,8,4.95163
-43.996602,8,4.967083
-73.302697,8,4.985151
-29.03306,8,5.002136
-120.839907,8,5.021594
-172.504608,8,5.034269
-54.860507,8,5.054451
-99.579119,8,5.066254
-225.417632,8,5.07631
-83.250646,8,5.104685
-41.703689,8,5.117741
-121.31558,8,5.139502
-22.818641,8,5.152561
-59.805998,8,5.450135
-118.791723,8,5.47929
-51.553112,8,5.483726
-149.737359,8,5.519386
-205.384389,8,5.536982
-125.648109,8,5.552922
-113.42034,8,5.583063
-11.052536,8,5.603682
-89.342897,8,5.624831
-48.313286,8,5.633016
-12.011281,8,5.674874
-128.616152,8,5.700644
-110.922291,8,5.712428
-110.274169,8,5.730407
-66.35371,8,5.751784
-77.184306,8,5.773422
-114.385322,8,5.790372
-85.975081,8,5.799371
-175.880911,8,5.819607
-33.472968,8,5.831148
-160.581787,8,5.848858
-155.103997,8,5.862644
-74.929733,8,5.874588
-68.715155,8,5.890136
-39.148824,8,5.905855
-117.717654,8,5.92253
-137.174641,8,5.935519
-244.454502,8,5.945556
-158.144724,8,5.960752
-138.626221,8,5.972792
-148.366809,8,5.987287
-52.355049,8,6.012717
-65.752332,8,6.024904
-56.325156,8,6.039969
-32.694069,8,6.053588
-115.895847,8,6.071347
-43.648405,8,6.086661
-232.919918,8,6.100936
-11.139033,8,6.126641
-135.133506,8,6.139046
-27.211035,8,6.15438
-118.888114,8,6.170578
-99.268202,8,6.18569
-43.362471,8,6.207265
-50.80039,8,6.223625
-32.449998,8,6.241871
-28.696341,8,6.257928
-57.412501,8,6.271733
-63.931478,8,6.287536
-115.957679,8,6.298882
-167.816898,8,6.312838
-65.349455,8,6.328902
-196.153366,8,6.343468
-101.478069,8,6.360481
-59.527646,8,6.368466
-126.617208,8,6.391449
-139.222975,8,6.417078
-125.345148,8,6.431834
-60.286744,8,6.45476
-121.800114,8,6.468325
-50.680758,8,6.483809
-147.031375,8,6.503358
-79.367246,8,6.514902
-203.395147,8,6.535926
-107.986901,8,6.556021
-208.260155,8,6.57382
-45.773702,8,6.590132
-15.474242,8,6.593645
-47.467321,8,6.625498
-138.442906,8,6.634358
-55.837916,8,6.655875
-42.295594,8,6.683494
-25.90264,8,6.696594
-25.93701,8,6.714698
-75.76853,8,6.732473
-24.196474,8,6.760115
-120.312028,8,6.789252
-110.562962,8,6.806905
-38.429167,8,6.819364
-137.817633,8,6.835707
-56.403135,8,6.858373
-174.475411,8,6.889923
-125.998241,8,6.900109
-34.11539,8,6.916717
-139.667586,8,6.932372
-35.186515,8,6.949369
-20.280218,8,6.964303
-54.140999,8,6.968322
-109.186557,8,6.993016
-84.135839,8,7.011767
-178.954877,8,7.029574
-197.72681,8,7.045369
-36.968263,8,7.059405
-92.846695,8,7.084918
-74.453071,8,7.098881
-126.463357,8,7.116225
-23.375221,8,7.134732
-35.879846,8,7.138767
-96.603328,8,7.156728
-16.512753,8,7.178267
-95.510977,8,7.186026
-54.028857,8,7.215193
-67.858367,8,7.233442
-83.348981,8,7.249442
-9.317928,8,7.265363
-80.206568,8,7.281196
-51.360171,8,7.310499
-144.424067,8,7.316527
-111.220338,8,7.346526
-103.406561,8,7.3667
-16.950987,8,7.391984
-56.801508,8,7.41859
-47.776839,8,7.434821
-110.688033,8,7.461976
-94.927233,8,7.469743
-129.674598,8,7.485817
-177.817801,8,7.501471
-42.489354,8,7.517459
-12.576143,8,7.542299
-96.014614,8,7.561594
-64.027284,8,7.58375
-115.915582,8,7.603884
-186.555773,8,7.617291
-22.620927,8,7.641742
-93.727714,8,7.658741
-49.069284,8,7.691771
-55.87348,8,7.717077
-175.894001,8,7.730077
-80.550656,8,7.747072
-60.815791,8,7.760888
-168.569557,8,7.790586
-18.64736,8,7.815368
-39.655438,8,7.829677
-96.899043,8,7.852372
-84.477764,8,7.869025
-97.132688,8,7.893312
-140.707539,8,7.912902
-225.144281,8,7.922677
-54.39664,8,7.939293
-57.26005,8,7.955882
-89.894827,8,7.972517
-23.864793,8,7.990644
-159.820058,8,8.005886
-237.262017,8,8.02006
-160.613958,8,8.036754
-123.708963,8,8.051148
-117.514777,8,8.072006
-130.177881,8,8.084056
-51.224666,8,8.097817
-24.730714,8,8.111317
-85.584681,8,8.131021
-51.24822,8,8.142808
-75.519225,8,8.142808
-21.605025,8,8.160478
-62.107847,8,8.176635
-137.699062,8,8.190503
-109.676883,8,8.210393
-120.807147,8,8.22042
-68.747816,8,8.238229
-94.596151,8,8.238229
-81.072363,8,8.253944
-103.38333,8,8.269976
-40.916617,8,8.291123
-100.109541,8,8.305709
-110.883607,8,8.314709
-123.345366,8,8.334743
-168.25457,8,8.350306
-45.967354,8,8.364308
-47.892085,8,8.380196
-67.627886,8,8.385122
-73.291644,8,8.396166
-41.184613,8,8.41234
-21.398176,8,8.429985
-96.666413,8,8.459843
-41.253477,8,8.487748
-63.361176,8,8.507329
-87.942267,8,8.52298
-74.832285,8,8.535024
-162.926227,8,8.54881
-154.795989,8,8.554574
-77.966878,8,8.5703
-115.607088,8,8.599665
-21.81865,8,8.612921
-57.094738,8,8.626972
-49.782234,8,8.638758
-179.865976,8,8.653543
-153.77131,8,8.673715
-37.626476,8,8.686643
-204.418828,8,8.705605
-6.162037,8,8.716416
-51.734339,8,8.729481
-45.112916,8,8.745476
-126.865027,8,8.756845
-31.905051,8,8.783808
-43.552086,8,8.796913
-17.283213,8,8.813431
-142.737508,8,8.833725
-55.436778,8,8.851723
-38.906818,8,8.870124
-99.652519,8,8.885765
-17.288226,8,8.908469
-20.339612,8,8.936725
-59.307827,8,8.951379
-36.458607,8,8.971107
-126.799171,8,8.985769
-86.520523,8,9.005985
-169.542051,8,9.022691
-166.53645,8,9.039393
-7.952304,8,9.060893
-33.105678,8,9.072661
-210.836235,8,9.089298
-52.984926,8,9.106848
-106.708945,8,9.127872
-46.685063,8,9.152406
-48.82075,8,9.166035
-26.164073,8,9.184759
-63.691577,8,9.202412
-45.228038,8,9.20579
-89.510515,8,9.239383
-69.85718,8,9.253494
-112.998509,8,9.271496
-20.96437,8,9.283498
-82.801833,8,9.293544
-40.214569,8,9.2993
-130.001443,8,9.315264
-40.217127,8,9.33519
-104.94773,8,9.359506
-65.751343,8,9.371047
-103.461239,8,9.386833
-86.723627,8,9.398613
-155.331602,8,9.418422
-58.972476,8,9.439397
-132.446824,8,9.45587
-30.789307,8,9.477654
-115.879278,8,9.491076
-43.089102,8,9.504876
-156.900749,8,9.528713
-40.934651,8,9.545
-148.540752,8,9.567159
-60.963043,8,9.583648
-48.398413,8,9.597969
-45.129773,8,9.61377
-71.774571,8,9.629791
-42.082475,8,9.645792
-147.572224,8,9.661615
-37.213324,8,9.689953
-61.485971,8,9.709721
-34.505975,8,9.7236
-56.583972,8,9.738865
-23.02017,8,9.75632
-22.304185,8,9.783771
-40.68075,8,9.824066
-160.07514,8,9.847526
-164.244814,8,9.870528
-124.579282,8,9.884794
-90.93509,8,9.908583
-143.98533,8,9.947174
-62.063104,8,9.966895
-58.843479,8,9.986564
-168.417703,8,10.006316
-139.913918,8,10.0402
-25.749514,8,10.065541
-81.53702,8,10.084906
-131.584914,8,10.106592
-51.413891,8,10.122442
-99.63628,8,10.186364
-112.177602,8,10.211307
-14.734661,8,10.249948
-49.479976,8,10.288748
-73.292345,8,10.312976
-41.52499,8,10.340898
-15.228614,8,10.373239
-97.54641,8,10.396266
-7.990072,8,10.429191
-51.491903,8,10.452166
-47.364624,8,10.479323
-65.413669,8,10.508922
-134.91618,8,10.524801
-17.909255,8,10.542975
-46.444956,8,10.555634
-22.839336,8,10.575182
-117.155792,8,10.603638
-241.431957,8,10.620772
-44.241361,8,10.638899
-237.681375,8,10.65186
-66.48053,8,10.672997
-129.947932,8,10.692999
-180.676396,8,10.710703
-105.289198,8,10.727638
-50.180518,8,10.741522
-10.296722,8,10.757721
-81.037916,8,10.773482
-110.393966,8,10.792068
-92.29453,8,10.812067
-85.082763,8,10.830153
-54.269457,8,10.847856
-82.818766,8,10.866112
-53.108297,8,10.878709
-220.312097,8,10.893377
-63.203856,8,10.908124
-157.918074,8,10.930406
-30.294875,8,10.953257
-23.102413,8,10.967149
-170.921776,8,10.985767
-85.937483,8,10.999456
-158.120438,8,11.012672
-62.72578,8,11.036669
-29.422063,8,11.054465
-75.094945,8,11.071571
-207.730534,8,11.087235
-159.00144,8,11.106784
-206.731592,8,11.126241
-96.424183,8,11.139762
-106.281774,8,11.147797
-115.581901,8,11.181562
-157.714775,8,11.199375
-79.724687,8,11.213035
-10.527398,8,11.229127
-195.554751,8,11.245227
-15.512138,8,11.259001
-141.286975,8,11.274896
-48.64362,8,11.298506
-104.458451,8,11.310706
-73.095598,8,11.326152
-53.940358,8,11.33816
-116.983161,8,11.351401
-23.923286,8,11.365162
-44.951945,8,11.373175
-60.140543,8,11.388939
-68.295011,8,11.398695
-156.487638,8,11.413581
-43.582452,8,11.435859
-74.476806,8,11.449271
-46.3726,8,11.466641
-46.960441,8,11.477793
-115.331591,8,11.497075
-35.40391,8,11.506097
-46.878162,8,11.522189
-112.704791,8,11.539413
-92.252632,8,11.552568
-91.466395,8,11.568281
-42.650448,8,11.585447
-108.93308,8,11.598176
-42.439633,8,11.622216
-82.704528,8,11.634996
-114.496045,8,11.649566
-140.846006,8,11.662632
-48.809558,8,11.675451
-92.699996,8,11.696919
-149.154703,8,11.7096
-25.534517,8,11.729601
-77.410603,8,11.745013
-19.083641,8,11.755575
-46.679793,8,11.769628
-105.351035,8,11.781411
-39.010453,8,11.801309
-12.480702,8,11.820369
-70.561952,8,11.835066
-61.051452,8,11.850088
-50.705899,8,11.85196
-60.124271,8,11.86868
-54.139056,8,11.881672
-32.664504,8,11.897379
-236.121108,8,11.913554
-10.81431,8,11.913554
-130.328335,8,11.951841
-14.987443,8,11.969238
-24.243496,8,11.98281
-70.417814,8,11.998075
-30.83683,8,12.017926
-21.231887,8,12.031921
-87.125759,8,12.053283
-37.483652,8,12.069661
-63.874593,8,12.076777
-35.471047,8,12.096383
-7.591943,8,12.118541
-29.154026,8,12.136022
-99.286104,8,12.149023
-40.48965,8,12.150006
-16.157387,8,12.16836
-16.813357,8,12.198383
-48.186384,8,12.220071
-84.838108,8,12.232258
-42.556968,8,12.250342
-191.532117,8,12.262502
-55.217601,8,12.27476
-14.292188,8,12.300495
-45.451056,8,12.308098
-62.900753,8,12.330271
-42.304238,8,12.343683
-103.562913,8,12.355933
-129.400892,8,12.373199
-23.323433,8,12.387345
-151.891372,8,12.411625
-25.708857,8,12.426079
-30.592139,8,12.441952
-143.016079,8,12.455692
-22.534454,8,12.464694
-80.334969,8,12.466691
-45.341212,8,12.486513
-122.741368,8,12.502274
-22.268928,8,12.514245
-35.16844,8,12.531849
-23.518442,8,12.545907
-68.361293,8,12.567698
-99.794696,8,12.585918
-89.124606,8,12.61089
-121.446122,8,12.616902
-103.097475,8,12.645144
-135.652766,8,12.656687
-27.20589,8,12.672483
-148.973614,8,12.70053
-91.522283,8,12.716109
-61.511406,8,12.73938
-39.890751,8,12.751967
-159.758195,8,12.769305
-94.388922,8,12.784792
-52.985392,8,12.801896
-116.556402,8,12.822273
-65.628942,8,12.831904
-146.637925,8,12.861706
-129.469273,8,12.877095
-104.045193,8,12.882658
-84.205321,8,12.908275
-130.987357,8,12.923512
-136.26103,8,12.93937
-46.944944,8,12.962198
-69.920249,8,12.979476
-107.861148,8,13.000541
-20.589152,8,13.019152
-128.064398,8,13.037854
-43.526526,8,13.064137
-159.477025,8,13.080148
-43.735145,8,13.094856
-18.02334,8,13.110559
-26.384257,8,13.129308
-45.90679,8,13.144749
-53.362707,8,13.160183
-122.375947,8,13.177277
-58.992131,8,13.182757
-57.003529,8,13.212157
-43.495333,8,13.227788
-157.575362,8,13.243461
-131.668555,8,13.267709
-55.138065,8,13.274813
-45.949274,8,13.306776
-26.309089,8,13.322578
-155.895717,8,13.334623
-11.372676,8,13.350424
-201.828393,8,13.364212
-68.063865,8,13.380011
-34.29183,8,13.393808
-68.875042,8,13.409164
-65.554474,8,13.425292
-50.645395,8,13.435914
-103.395206,8,13.45154
-33.689667,8,13.468518
-121.082653,8,13.483326
-214.07757,8,13.499091
-122.139722,8,13.510848
-13.931892,8,13.528355
-22.509307,8,13.546005
-191.397703,8,13.558046
-145.645621,8,13.57183
-85.78564,8,13.583624
-64.599161,8,13.599732
-46.213049,8,13.614734
-155.961943,8,13.62865
-44.969856,8,13.647727
-145.006129,8,13.659405
-39.24092,8,13.675482
-101.490615,8,13.69128
-120.731754,8,13.701025
-26.358375,8,13.710795
-100.205198,8,13.731197
-174.447016,8,13.742878
-26.185243,8,13.746427
-129.914594,8,13.758767
-29.473721,8,13.777905
-126.738239,8,13.789949
-150.228579,8,13.807092
-61.607893,8,13.825851
-60.539928,8,13.842478
-68.372557,8,13.852102
-62.887421,8,13.869801
-107.939405,8,13.885462
-121.57041,8,13.885462
-51.308215,8,13.908459
-174.138428,8,13.923513
-11.98453,8,13.934238
-118.592724,8,13.954582
-95.722232,8,13.971202
-77.005395,8,13.982794
-79.519303,8,14.002665
-87.395913,8,14.016235
-29.648971,8,14.0322
-111.23077,8,14.049353
-227.183975,8,14.05592
-91.424742,8,14.082777
-68.201485,8,14.093951
-59.477364,8,14.105981
-75.724335,8,14.156147
-26.702317,8,14.168216
-136.792901,8,14.190027
-15.93924,8,14.201758
-143.279713,8,14.216739
-34.349124,8,14.23452
-30.70137,8,14.246554
-46.60818,8,14.262358
-26.81263,8,14.272396
-73.97406,8,14.280905
-124.053332,8,14.296072
-35.401593,8,14.318055
-30.933978,8,14.335547
-35.530244,8,14.34321
-124.696711,8,14.366289
-200.160317,8,14.382349
-15.484699,8,14.400011
-113.145986,8,14.425464
-44.637188,8,14.439278
-158.514319,8,14.455087
-29.461318,8,14.470891
-76.108803,8,14.480933
-128.270818,8,14.49671
-19.292746,8,14.509054
-146.503189,8,14.526821
-29.112988,8,14.543299
-6.870981,8,14.555894
-87.129931,8,14.57347
-80.193821,8,14.585834
-106.949443,8,14.603099
-137.045995,8,14.624661
-32.132167,8,14.639994
-39.911783,8,14.656033
-119.285929,8,14.670824
-157.665399,8,14.68932
-207.955522,8,14.70456
-36.147888,8,14.717153
-36.175224,8,14.733818
-14.780418,8,14.739262
-60.538456,8,14.764696
-105.094843,8,14.782064
-43.647939,8,15.130877
-12.003471,8,15.151157
-47.823022,8,15.161047
-169.644881,8,15.176951
-32.258927,8,15.190742
-112.571782,8,15.204302
-65.851033,8,15.221617
-132.67338,8,15.233204
-82.119192,8,15.253052
-57.779495,8,15.268858
-40.455934,8,15.280166
-50.625093,8,15.296231
-163.371567,8,15.307626
-32.229226,8,15.325648
-60.067355,8,15.34691
-84.238318,8,15.356924
-141.532598,8,15.372708
-27.175877,8,15.382484
-211.423181,8,15.39828
-96.539075,8,15.410037
-154.232324,8,15.410037
-74.883408,8,15.437634
-65.358122,8,15.441379
-17.673537,8,15.464697
-110.563027,8,15.478409
-156.850847,8,15.490411
-11.508634,8,15.507928
-95.904668,8,15.521386
-44.195776,8,15.541071
-143.731257,8,15.555705
-76.268752,8,15.565199
-236.685066,8,15.580966
-56.528678,8,15.59098
-198.114394,8,15.606865
-49.203964,8,15.620049
-85.850604,8,15.632086
-23.194069,8,15.649352
-106.9664,8,15.659581
-28.428668,8,15.679486
-112.544732,8,15.699531
-154.021487,8,15.709805
-115.621038,8,15.72358
-31.154168,8,15.733583
-115.482556,8,15.733583
-195.400343,8,15.767281
-30.424628,8,15.767281
-15.366762,8,15.785339
-77.872829,8,15.797402
-132.841402,8,15.817163
-67.374918,8,15.829293
-63.302065,8,15.829293
-52.609584,8,15.845438
-87.490192,8,15.861377
-61.274394,8,15.888613
-34.510333,8,15.900657
-75.89572,8,15.908437
-104.718591,8,15.924051
-51.120592,8,15.936095
-2.734864,8,15.949889
-8.889715,8,15.955748
-149.928292,8,15.971874
-24.131123,8,15.987879
-88.369628,8,16.003773
-22.409419,8,16.0195
-49.609778,8,16.035368
-95.465193,8,16.051372
-38.522582,8,16.065694
-43.968317,8,16.077081
-69.050356,8,16.094651
-118.130457,8,16.109754
-118.062605,8,16.121806
-85.350737,8,16.135597
-26.681987,8,16.145372
-18.082865,8,16.163011
-28.481985,8,16.17882
-80.194475,8,16.190874
-139.680137,8,16.214581
-212.838281,8,16.230337
-38.256543,8,16.243956
-135.246946,8,16.26
-188.601855,8,16.270026
-28.341011,8,16.273782
-6.707532,8,16.293106
-41.259714,8,16.310917
-82.392535,8,16.326724
-42.101534,8,16.338511
-61.719463,8,16.352308
-14.133125,8,16.364348
-9.067503,8,16.376134
-188.047254,8,16.395553
-33.40711,8,16.407052
-170.96839,8,16.422236
-2.00638,8,16.432264
-82.89998,8,16.444046
-173.115122,8,16.457747
-12.275287,8,16.46979
-156.946477,8,16.479568
-111.474215,8,16.491438
-31.404407,8,16.507243
-47.518048,8,16.507243
-20.38677,8,16.531023
-54.598261,8,16.548863
-54.453335,8,16.560903
-12.703011,8,16.576705
-183.039178,8,16.590493
-202.070561,8,16.60053
-30.011469,8,16.61633
-92.183758,8,16.626107
-75.033822,8,16.641793
-51.114423,8,16.656987
-41.53534,8,16.668735
-40.408772,8,16.684796
-41.908122,8,16.694831
-83.113818,8,16.69658
-35.741098,8,16.726482
-28.614089,8,16.728234
-149.678952,8,16.750303
-165.986623,8,16.760345
-48.512425,8,16.774396
-33.535509,8,16.78819
-64.377304,8,16.799373
-156.555889,8,16.815428
-38.147761,8,16.823195
-36.569123,8,16.84095
-58.663908,8,16.85473
-88.983902,8,16.87046
-72.948696,8,16.890127
-75.337658,8,16.899881
-108.123929,8,16.91392
-85.793976,8,16.927334
-50.341978,8,16.939098
-101.115411,8,16.952527
-95.465813,8,16.964571
-44.334725,8,16.98195
-71.81863,8,16.995744
-18.931518,8,17.005776
-120.462078,8,17.021566
-143.622641,8,17.031338
-74.698076,8,17.045121
-158.440773,8,17.062901
-129.486905,8,17.072916
-79.914374,8,17.090016
-145.244166,8,17.10005
-90.098692,8,17.113839
-38.335879,8,17.129647
-55.714968,8,17.143054
-28.666826,8,17.158472
-18.856204,8,17.168509
-112.270926,8,17.188293
-84.954125,8,17.20409
-38.659656,8,17.214127
-148.774373,8,17.233696
-69.531522,8,17.245741
-69.155432,8,17.261544
-130.071789,8,17.275843
-53.214889,8,17.285686
-100.648624,8,17.299011
-73.806812,8,17.312763
-70.148339,8,17.33213
-92.05917,8,17.354208
-113.72542,8,17.372023
-59.502244,8,17.393596
-26.997975,8,17.413404
-115.380881,8,17.421458
-81.479567,8,17.451117
-49.056428,8,17.45664
-92.934585,8,17.468724
-26.219562,8,17.490269
-64.917255,8,17.502221
-20.778924,8,17.524705
-227.647904,8,17.535751
-112.095546,8,17.553543
-52.03081,8,17.563168
-76.372229,8,17.580908
-44.477244,8,17.598724
-79.800894,8,17.614189
-176.951908,8,17.641032
-34.281781,8,17.651389
-58.937072,8,17.656699
-47.183851,8,17.674493
-4.985576,8,17.68837
-42.686593,8,17.714308
-28.010597,8,17.726069
-190.569933,8,17.745864
-32.035973,8,17.761653
-103.130629,8,17.773436
-43.290111,8,17.785221
-67.869196,8,17.785221
-31.872993,8,17.815345
-62.819565,8,17.83125
-1.16691,8,17.847121
-82.985509,8,17.866781
-115.018709,8,17.878577
-84.583648,8,17.894385
-58.982665,8,17.908447
-4.704522,8,17.920237
-160.529496,8,17.933555
-56.696207,8,17.941583
-36.598705,8,17.962709
-114.589422,8,17.977502
-76.523066,8,17.989289
-25.243829,8,18.005245
-33.886966,8,18.017975
-114.805568,8,18.02099
-103.686291,8,18.03685
-46.051796,8,18.052885
-70.415027,8,18.068727
-81.284245,8,18.088523
-99.646601,8,18.102318
-27.192254,8,18.120681
-5.137126,8,18.131717
-26.258432,8,18.145765
-61.1151,8,18.148233
-6.606431,8,18.163302
-28.808522,8,18.195059
-126.302095,8,18.195059
-191.431773,8,18.22084
-89.295099,8,18.230593
-27.599859,8,18.245832
-168.612667,8,18.259593
-102.113472,8,18.270567
-36.704789,8,18.278056
-64.708219,8,18.303041
-75.919438,8,18.316827
-158.103429,8,18.330606
-25.824872,8,18.341172
-138.247666,8,18.360717
-68.996117,8,18.372353
-3.834102,8,18.38433
-211.008135,8,18.395824
-146.641248,8,18.409164
-35.546969,8,18.417189
-40.01961,8,18.431215
-12.643622,8,18.44727
-75.028582,8,18.449274
-28.855649,8,18.465167
-51.199631,8,18.479312
-46.568727,8,18.495511
-102.391893,8,18.511652
-3.692587,8,18.533199
-80.775059,8,18.545002
-53.506803,8,18.558793
-126.664148,8,18.568829
-41.763135,8,18.584626
-97.270392,8,18.601116
-13.824075,8,18.612057
-17.584752,8,18.627854
-25.790068,8,18.637765
-34.777004,8,18.637765
-44.471614,8,18.663499
-16.365729,8,18.679964
-131.882924,8,18.698565
-20.257472,8,18.702576
-50.45096,8,18.71661
-16.122101,8,18.73459
-48.016078,8,18.748093
-55.129389,8,18.750101
-52.297571,8,18.764137
-125.447237,8,18.780024
-22.201107,8,18.795995
-140.801903,8,18.795995
-47.656414,8,18.821789
-132.216132,8,18.831685
-12.955327,8,18.850038
-95.208281,8,18.865586
-149.432407,8,18.879637
-115.121306,8,18.895889
-319.674154,8,18.907426
-141.961462,8,18.921473
-40.869851,8,18.935262
-94.170321,8,18.947042
-42.422196,8,18.964474
-128.039656,8,18.970483
-30.234812,8,18.988318
-55.647827,8,19.004106
-87.017716,8,19.014144
-78.019999,8,19.031596
-10.151236,8,19.042818
-6.451108,8,19.057114
-16.364718,8,19.074579
-117.083656,8,19.086336
-43.224096,8,19.098179
-54.972184,8,19.098179
-53.341768,8,19.112211
-62.10209,8,19.139296
-45.550489,8,19.151795
-2.114181,8,19.165536
-44.88335,8,19.175291
-107.453639,8,19.195962
-25.595912,8,19.21928
-39.854072,8,19.230937
-107.105329,8,19.246474
-37.607843,8,19.256789
-102.815534,8,19.272636
-103.586838,8,19.293028
-38.309279,8,19.306027
-48.942933,8,19.32139
-144.321334,8,19.330839
-115.643013,8,19.339605
-115.073841,8,19.363585
-4.424797,8,19.377746
-7.402172,8,19.402564
-96.29038,8,19.414162
-112.144312,8,19.430149
-134.622891,8,19.446949
-24.808512,8,19.456087
-45.491855,8,19.473297
-29.205034,8,19.484142
-58.53101,8,19.499139
-47.512946,8,19.513757
-160.505079,8,19.527801
-53.469134,8,19.541595
-3.613948,8,19.553379
-104.760049,8,19.57291
-158.337314,8,19.592662
-142.221293,8,19.604702
-64.059394,8,19.618472
-80.975213,8,19.631714
-81.088407,8,19.649401
-226.17566,8,19.667461
-49.498267,8,19.681263
-7.63329,8,19.704854
-83.903403,8,19.706862
-56.861387,8,19.73094
-18.092942,8,19.753177
-24.000271,8,19.765177
-50.767211,8,19.787058
-108.684106,8,19.800175
-161.475495,8,19.81487
-22.916893,8,19.836264
-10.822219,8,19.846037
-35.593681,8,19.869676
0.133847,8,19.883284
-52.664162,8,19.905851
-32.179548,8,19.929436
-31.903783,8,19.94734
-56.265408,8,19.971411
-61.726536,8,19.984854
-52.890437,8,20.000421
-19.980656,8,20.027788
-13.030864,8,20.039578
-173.517343,8,20.055387
-78.68483,8,20.069984
-48.460475,8,20.087057
-10.439398,8,20.102864
-24.955604,8,20.114655
-163.441208,8,20.131163
-76.742703,8,20.1422
-71.120238,8,20.159593
-52.743577,8,20.180324
-23.944995,8,20.19137
-81.383836,8,20.209237
-71.532545,8,20.222482
-13.423538,8,20.23825
-99.730748,8,20.251729
-56.732382,8,20.263484
-30.421364,8,20.278727
-211.01715,8,20.29178
-40.921814,8,20.307078
-47.819757,8,20.32084
-44.559011,8,20.330593
-26.103335,8,20.344913
-20.528746,8,20.356429
-53.184608,8,20.369927
-13.69891,8,20.391449
-7.294812,8,20.402946
-95.431822,8,20.418621
-149.424586,8,20.428108
-22.437273,8,20.443899
-124.267024,8,20.457688
-51.388492,8,20.467091
-118.04473,8,20.481139
-95.910995,8,20.491175
-81.354192,8,20.509606
-80.361065,8,20.524167
-79.320265,8,20.539409
-45.665648,8,20.55616
-24.631919,8,20.57181
-68.398547,8,20.587959
-62.610812,8,20.609571
-53.519869,8,20.62133
-104.841572,8,20.637999
-188.591856,8,20.649639
-74.516584,8,20.66625
-23.03942,8,20.682949
-41.666029,8,20.696508
-142.445762,8,20.712597
-95.26288,8,20.727496
-62.695434,8,20.742089
-105.307935,8,20.761787
-117.185147,8,20.77194
-109.610305,8,20.783701
-132.448039,8,20.793715
-23.418055,8,20.809227
-111.681649,8,20.825269
-33.027919,8,20.837816
-8.748267,8,20.850582
-86.156449,8,20.858594
-61.027615,8,20.870615
-71.536581,8,20.886114
-31.45245,8,20.895868
-118.300315,8,20.913652
-193.877602,8,20.92544
-35.313306,8,20.941232
-113.751561,8,20.955298
-151.359957,8,20.955298
-85.826198,8,20.970984
-36.059255,8,20.994523
-96.88433,8,21.008573
-48.822177,8,21.024597
-95.906225,8,21.035396
-109.837,8,21.052764
-5.746618,8,21.063764
-25.276403,8,21.070397
-33.342978,8,21.086577
-22.992988,8,21.097112
-141.847437,8,21.118926
-12.358175,8,21.128965
-211.443065,8,21.145039
-105.61469,8,21.162872
-81.289637,8,21.176896
-10.111331,8,21.176896
-36.609698,8,21.204369
-159.469971,8,21.219453
-103.581796,8,21.234973
-66.290325,8,21.248384
-183.042112,8,21.275199
-35.941573,8,21.28235
-61.138113,8,21.296298
-140.688091,8,21.312322
-45.723881,8,21.328333
-20.142914,8,21.328333
-111.981227,8,21.354387
-262.085863,8,21.368144
-46.542041,8,21.385343
-48.241872,8,21.396871
-8.015334,8,21.41192
-123.672829,8,21.421948
-165.165001,8,21.439624
-47.021392,8,21.455478
-94.425462,8,21.455478
-10.542164,8,21.473582
-20.911647,8,21.489778
-74.244372,8,21.503518
-166.935632,8,21.519597
-40.263905,8,21.535462
-165.928362,8,21.551263
-31.231528,8,21.551263
-4.586145,8,21.56716
-185.908892,8,21.583176
-123.384301,8,21.599102
-131.779897,8,21.617052
-18.712396,8,21.633183
-126.14674,8,21.649234
-49.825624,8,21.663021
-133.276947,8,21.67522
-47.615037,8,21.693525
-33.910256,8,21.704842
-15.25954,8,21.721719
-19.300797,8,21.733707
-59.039069,8,21.733707
-177.083548,8,21.74944
-255.354803,8,21.765271
-51.826251,8,21.765271
-13.822742,8,21.799393
-123.642709,8,21.799393
-2.187316,8,21.813281
-58.537683,8,21.829502
-3.649283,8,21.84573
-59.498056,8,21.861713
-5.339818,8,21.877879
-71.397477,8,21.893967
-88.852196,8,21.903983
-7.78004,8,21.917482
-73.541917,8,21.931502
-88.068109,8,21.946739
-81.950492,8,21.963945
-64.019601,8,21.975962
-24.791779,8,21.989722
-47.265268,8,22.003435
-104.408426,8,22.015195
-30.073695,8,22.027455
-42.27599,8,22.040954
-35.452075,8,22.061435
-13.922746,8,22.078534
-40.148973,8,22.089267
-15.568436,8,22.103236
-24.591737,8,22.118817
-142.506264,8,22.139397
-30.315421,8,22.171377
-33.815801,8,22.185023
-21.569413,8,22.205662
-63.876773,8,22.219318
-16.740328,8,22.235969
-207.499346,8,22.287941
-168.437877,8,22.30293
-26.625881,8,22.322583
-72.3227,8,22.336242
-36.608208,8,22.352949
-21.954131,8,22.370023
-12.117966,8,22.381828
-21.965222,8,22.41301
-18.306021,8,22.426049
-5.627221,8,22.436272
-19.832807,8,22.44659
-17.376486,8,22.468518
-64.908464,8,22.48231
-133.177825,8,22.494092
-73.729004,8,22.511571
-18.694373,8,22.523609
-115.07053,8,22.523609
-58.000953,8,22.553458
-70.131807,8,22.565249
-124.756046,8,22.581056
-22.484575,8,22.598062
-238.19851,8,22.610029
-65.654995,8,22.628207
-55.24462,8,22.639991
-25.499481,8,22.654436
-72.200707,8,22.670701
-27.633213,8,22.682684
-99.600918,8,22.697547
-94.137686,8,22.699531
-15.253018,8,22.717139
-13.292402,8,22.731247
-43.039708,8,22.751152
-33.368071,8,22.768172
-145.070092,8,22.781312
-34.083537,8,22.794538
-12.130487,8,22.813909
-19.123804,8,22.826777
-41.327091,8,22.841298
-27.068665,8,22.855633
-136.351164,8,22.871424
-134.605646,8,22.885208
-46.123337,8,22.896983
-40.849464,8,22.911021
-181.509384,8,22.9208
-37.725802,8,22.9366
-15.649889,8,22.956142
-58.517102,8,22.970175
-44.438035,8,22.985154
-37.115621,8,22.995649
-74.672397,8,23.00889
-47.838903,8,23.022126
-9.241864,8,23.033882
-65.143929,8,23.04729
-51.200733,8,23.059305
-154.057477,8,23.067924
-94.781477,8,23.085587
-116.087116,8,23.10067
-33.284871,8,23.123573
-65.771299,8,23.135662
-40.074091,8,23.152708
-62.179739,8,23.167317
-11.86851,8,23.183086
-2.584424,8,23.199701
-41.305518,8,23.212466
-24.913767,8,23.22923
-13.779629,8,23.248062
-145.773993,8,23.260987
-128.483572,8,23.282954
-119.756484,8,23.304941
-27.527556,8,23.330456
-20.400898,8,23.356899
-139.28678,8,23.366898
-144.891421,8,23.381951
-119.243792,8,23.391237
-76.921035,8,23.404842
-68.251948,8,23.426084
-11.688827,8,23.438138
-151.941164,8,23.451938
-128.114018,8,23.463984
-166.326241,8,23.477781
-81.90043,8,23.495482
-95.46383,8,23.495482
-13.4341,8,23.525319
-78.118062,8,23.537342
-10.408975,8,23.553131
-39.883436,8,23.566923
-299.008909,8,23.578707
-16.176703,8,23.594496
-112.487678,8,23.604268
-37.335169,8,23.622038
-18.84829,8,23.635855
-42.265547,8,23.651733
-89.005881,8,23.667774
-66.909686,8,23.669789
-150.441906,8,23.69643
-26.52255,8,23.713953
-134.692781,8,23.726557
-106.100357,8,23.74314
-96.756995,8,23.754684
-1.587797,8,23.770477
-15.637422,8,23.786269
-28.481337,8,23.796038
-190.340326,8,23.812818
-17.68206,8,23.824726
-7.573021,8,23.839117
-35.676978,8,23.857592
-47.510204,8,23.866624
-84.038407,8,23.880301
-50.056473,8,23.896361
-31.880519,8,23.909528
-94.232092,8,23.923574
-17.601209,8,23.935363
-9.051085,8,23.949156
-10.287685,8,23.964952
-126.090305,8,23.978381
-18.138175,8,23.99043
-2.21647,8,24.002476
-49.129634,8,24.016265
-45.741828,8,24.026043
-72.26062,8,24.039834
-12.213653,8,24.057878
-81.066238,8,24.065906
-190.050315,8,24.083969
-35.955099,8,24.095747
-26.454408,8,24.109378
-91.341388,8,24.125178
-97.128971,8,24.134959
-17.561052,8,24.148751
-157.19491,8,24.160412
-67.2119,8,24.16443
-80.496361,8,24.184373
-44.422023,8,24.20813
-67.890517,8,24.226195
-10.742747,8,24.237986
-55.58504,8,24.252366
-44.705171,8,24.266248
-62.690681,8,24.277529
-39.378527,8,24.285725
-43.180013,8,24.30857
-31.277571,8,24.318939
-65.766676,8,24.343349
-122.773762,8,24.352115
-109.696015,8,24.373079
-168.002305,8,24.385018
-35.012456,8,24.407007
-97.910322,8,24.427372
-40.34223,8,24.441584
-103.782143,8,24.4563
-22.831395,8,24.471413
-61.118279,8,24.493792
-5.54121,8,24.519414
-50.606819,8,24.534062
-26.309737,8,24.552938
-48.186761,8,24.566401
-38.147557,8,24.584306
-131.58838,8,24.601013
-111.409423,8,24.612012
-116.507628,8,24.645512
-2.499218,8,24.65991
-64.621356,8,24.685968
-7.808711,8,24.705142
-25.49923,8,24.717866
-2.680308,8,24.733877
-44.890684,8,24.733877
-39.304539,8,24.765755
-149.298613,8,24.785553
-26.005218,8,24.797339
-35.77166,8,24.813184
-33.853447,8,24.827244
-35.258049,8,24.843041
-27.283121,8,24.864849
-3.996451,8,24.880155
-13.689172,8,24.895968
-108.649564,8,24.909755
-19.252414,8,24.926574
-8.124106,8,24.942353
-92.155597,8,24.954682
-107.7042,8,24.974153
-90.741215,8,24.985646
-69.526729,8,24.999147
-90.305519,8,25.014911
-61.05369,8,25.02641
-4.377372,8,25.046184
-18.820069,8,25.0582
-20.541452,8,25.079676
-43.502209,8,25.092291
-28.12597,8,25.103139
-198.419932,8,25.117186
-69.014077,8,25.12923
-22.060042,8,25.145028
-44.202559,8,25.157718
-77.961757,8,25.168768
-11.532302,8,25.186774
-116.993131,8,25.196553
-41.34794,8,25.213835
-16.06539,8,25.231635
-64.755154,8,25.243427
-63.78881,8,25.257227
-102.295765,8,25.257227
-16.652021,8,25.273159
-17.657115,8,25.291852
-80.893635,8,25.304887
-41.091219,8,25.315129
-60.280667,8,25.315129
-32.514482,8,25.341078
-105.192518,8,25.347121
-22.350207,8,25.366913
-132.633014,8,25.389316
-3.939555,8,25.406304
-32.840329,8,25.425805
-14.175375,8,25.439538
-95.89919,8,25.450718
-30.565078,8,25.463034
-12.055068,8,25.472978
-11.82842,8,25.49311
-57.41108,8,25.508442
-14.092136,8,25.525419
-41.123943,8,25.542971
-135.428431,8,25.556233
-145.759387,8,25.572741
-96.834147,8,25.595625
-84.380579,8,25.606303
-110.200295,8,25.622883
-97.363349,8,25.638056
-39.166653,8,25.65575
-91.293693,8,25.672879
-17.293694,8,25.685993
-130.817095,8,25.701693
-3.920596,8,25.713047
-90.546826,8,25.72945
-61.161722,8,25.747205
-47.844083,8,25.762868
-76.697357,8,25.781592
-206.134885,8,25.794224
-49.628447,8,25.809261
-69.916192,8,25.824499
-9.632597,8,25.835997
-92.916474,8,25.850236
-18.563103,8,25.862261
-112.372592,8,25.880157
-12.922404,8,25.893945
-31.108978,8,25.897959
-91.937773,8,25.911905
-52.410876,8,25.911905
-42.242071,8,25.925888
-137.407141,8,25.941627
-102.100306,8,25.963461
-10.817423,8,25.97722
-52.029797,8,25.99086
-91.518844,8,26.004657
-89.8591,8,26.01816
-56.385297,8,26.028418
-34.601714,8,26.042201
-131.302275,8,26.054011
-84.223546,8,26.068782
-27.819142,8,26.087099
-49.718846,8,26.100034
-29.627908,8,26.120811
-35.794364,8,26.132595
-67.039849,8,26.146385
-16.891048,8,26.16163
-15.671051,8,26.173128
1.74135,8,26.187368
-51.291487,8,26.197118
-10.87317,8,26.213278
-47.395128,8,26.228827
-79.12237,8,26.240432
-37.198611,8,26.276858
-7.265643,8,26.289649
-6.437898,8,26.311133
-46.234894,8,26.332911
-14.602836,8,26.348678
-51.113049,8,26.366448
1.395972,8,26.376205
-15.903733,8,26.393808
-12.282658,8,26.407262
-29.749438,8,26.425091
-8.142059,8,26.438314
-178.880112,8,26.448349
-36.972836,8,26.464164
-149.286894,8,26.479815
-35.568233,8,26.491263
-25.731458,8,26.51106
-61.023438,8,26.525872
-26.130871,8,26.540936
-108.657604,8,26.548707
-203.253487,8,26.564588
-0.507281,8,26.578026
-74.675124,8,26.59007
-135.309505,8,26.59784
-1.21976,8,26.611738
-37.087112,8,26.629763
-31.555558,8,26.643779
-83.761193,8,26.659871
-126.669067,8,26.677868
-58.674948,8,26.686589
-45.165833,8,26.709067
-110.609382,8,26.724591
-70.890337,8,26.733572
-91.164468,8,26.749541
-98.42447,8,26.767341
-28.635593,8,26.777094
-20.835125,8,26.792597
-64.90137,8,26.803284
-42.34702,8,26.816338
-48.674369,8,26.830123
-23.222255,8,26.840162
-22.442509,8,26.863702
-69.466264,8,26.875741
-225.636569,8,26.89156
-154.027871,8,26.909689
-63.591102,8,26.919722
-58.60254,8,26.941246
-50.566387,8,26.960963
-84.062135,8,26.978614
-14.302448,8,26.994414
-11.141896,8,27.008197
-142.6988,8,27.023973
-155.914707,8,27.041781
-19.976224,8,27.061611
-39.534145,8,27.088823
-120.442812,8,27.106639
-30.958336,8,27.128124
-12.252662,8,27.146177
-13.848625,8,27.165515
-59.880609,8,27.185599
-28.262868,8,27.191206
-86.054418,8,27.214896
-46.262547,8,27.222508
-18.370025,8,27.240307
-53.960385,8,27.264381
-37.230763,8,27.277778
-68.520705,8,27.301408
-67.841056,8,27.316526
-106.966054,8,27.334194
-56.894741,8,27.352921
-98.214804,8,27.356309
-203.347372,8,27.383092
-15.867833,8,27.389593
-23.896854,8,27.417446
-21.412328,8,27.434104
-69.774303,8,27.439576
-144.304281,8,27.468429
-14.734698,8,27.483082
-30.5612,8,27.503004
-1.218273,8,27.526662
-21.960252,8,27.539679
-26.409798,8,27.555483
-26.613181,8,27.56727
-139.814122,8,27.56727
-6.018499,8,27.595056
-104.599311,8,27.605062
-37.340724,8,27.618852
-0.720018,8,27.634641
-159.218055,8,27.644418
-9.795401,8,27.664178
-42.814206,8,27.680943
-173.514103,8,27.701051
-27.780804,8,27.711048
-116.916713,8,27.724799
-4.920735,8,27.740776
-61.532547,8,27.749814
-17.742759,8,27.76387
0.263432,8,27.773648
-13.100688,8,27.789782
-63.989984,8,27.804352
-131.855645,8,27.815351
-95.198291,8,27.829872
-86.387945,8,27.840769
-91.84678,8,27.858039
-19.460968,8,27.878129
-119.558131,8,27.88991
-36.401648,8,27.907137
-79.108914,8,27.917183
-124.323218,8,27.933781
-78.288865,8,27.948544
-129.067412,8,27.962812
-152.593724,8,27.980056
-70.60894,8,27.992591
-34.358492,8,28.00801
-30.789362,8,28.016455
-106.559603,8,28.033728
-34.007856,8,28.047743
-13.52442,8,28.065933
-11.013885,8,28.079803
-84.135836,8,28.079803
-117.468177,8,28.105419
-60.013169,8,28.119466
-21.673893,8,28.130908
-90.853411,8,28.143127
-115.98321,8,28.158822
-3.708581,8,28.17209
-9.05329,8,28.188122
-28.700808,8,28.197897
-22.899109,8,28.211686
-30.622826,8,28.228555
-22.249774,8,28.241317
-71.402277,8,28.253073
-35.366853,8,28.26676
-13.218639,8,28.280807
-142.054565,8,28.292321
-99.102236,8,28.300347
-1.073369,8,28.318172
-41.489121,8,28.328209
-91.237397,8,28.344008
-6.788778,8,28.357796
-18.744527,8,28.367568
-87.706885,8,28.386925
-7.156697,8,28.400288
-129.165045,8,28.416535
-31.640113,8,28.430301
-19.755281,8,28.442088
-24.422768,8,28.456131
-117.552965,8,28.465899
-105.079127,8,28.473663
-134.990989,8,28.491082
-167.053445,8,28.503126
-12.498935,8,28.520553
-56.355601,8,28.530307
-173.473997,8,28.543806
-90.207854,8,28.562982
-99.174278,8,28.574481
-160.765406,8,28.588241
-101.536063,8,28.597993
-49.891605,8,28.613495
-103.219113,8,28.631123
-30.290239,8,28.641147
-68.638528,8,28.654929
-108.452917,8,28.666715
-41.139975,8,28.684221
-57.509565,8,28.685556
-39.228526,8,28.71006
-64.286081,8,28.731178
-7.519285,8,28.736084
-10.21127,8,28.753095
-18.380192,8,28.767113
-54.581409,8,28.785222
-130.619555,8,28.79935
-25.969081,8,28.79935
-147.212132,8,28.818842
-46.547299,8,28.833475
-105.717131,8,28.849387
-108.446186,8,28.867431
-148.108431,8,28.879196
-41.671389,8,28.897003
-28.740983,8,28.917158
-23.969543,8,28.92839
-11.454208,8,28.947896
-47.100801,8,28.958211
-1.47192,8,28.972602
-15.933859,8,28.986153
-36.36119,8,28.997936
-86.907464,8,29.011723
-82.746798,8,29.023412
-24.761791,8,29.027421
-36.650579,8,29.051306
-8.267754,8,29.063078
-27.642572,8,29.079894
-145.174878,8,29.089917
-36.468337,8,29.103682
-129.4151,8,29.115715
-141.038752,8,29.126979
-90.78849,8,29.142905
-33.656904,8,29.155571
-126.017045,8,29.173573
-52.06147,8,29.188626
-110.571391,8,29.198396
-35.8599,8,29.214187
-40.5943,8,29.224226
-10.329658,8,29.241473
-9.052331,8,29.267315
-79.649532,8,29.284414
-61.916775,8,29.29929
-40.242246,8,29.311074
-60.684428,8,29.326866
-115.448372,8,29.342663
-35.894848,8,29.352616
-23.428414,8,29.370067
-106.299908,8,29.382112
-110.727955,8,29.402116
-95.548989,8,29.417538
-5.976474,8,29.435116
-115.383904,8,29.458976
-14.520809,8,29.473747
-50.565536,8,29.492535
-70.491265,8,29.514427
-23.186039,8,29.529601
-206.724085,8,29.552614
-133.728322,8,29.568002
-30.016187,8,29.587697
-37.126024,8,29.606771
-11.321256,8,29.622624
-104.221666,8,29.638419
-107.082009,8,29.650453
-91.50014,8,29.667611
-153.886394,8,29.688047
-117.104768,8,29.688047
-84.818348,8,29.715368
-82.845752,8,29.731178
-113.94408,8,29.746306
-81.814934,8,29.762205
-43.775058,8,29.773242
-78.53977,8,29.788292
-28.758928,8,29.79807
-111.294917,8,29.811867
-51.301091,8,29.823916
-120.866693,8,29.841423
-56.147573,8,29.861256
-50.584169,8,29.871307
-24.990564,8,29.877076
-49.280449,8,29.89115
-45.302475,8,29.904905
-12.096243,8,29.92073
-131.298611,8,29.938506
-22.56247,8,29.954436
-22.29219,8,29.970541
-54.37799,8,29.970541
-13.439136,8,29.994661
-24.516869,8,30.008789
-124.590963,8,30.022548
-24.258749,8,30.042062
-39.000992,8,30.048095
-83.156856,8,30.066619
-4.603351,8,30.078663
-93.297994,8,30.093211
-15.109575,8,30.108268
-17.573011,8,30.118045
-15.690931,8,30.127817
-50.096974,8,30.143879
-84.988503,8,30.157919
-13.613692,8,30.175447
-16.085826,8,30.185481
-27.187301,8,30.204948
-23.941256,8,30.214981
-42.30536,8,30.22877
-122.618321,8,30.240545
-99.023756,8,30.253566
-48.433336,8,30.254572
-183.467188,8,30.279957
-75.93614,8,30.293556
-104.042182,8,30.307598
-80.521922,8,30.318626
-35.527346,8,30.327624
-76.856167,8,30.327624
-104.900456,8,30.355055
-122.048941,8,30.372358
-200.20663,8,30.387581
-25.987151,8,30.401622
-270.055982,8,30.413127
-31.203764,8,30.426642
2.936328,8,30.442462
-172.211281,8,30.452241
-17.019154,8,30.456145
-110.948371,8,30.473809
-34.385703,8,30.483843
-29.903283,8,30.503844
-29.69099,8,30.515544
-145.765632,8,30.535222
-15.601393,8,30.546939
-80.394647,8,30.546939
-46.277843,8,30.576744
-31.214031,8,30.580751
-136.722315,8,30.60166
-11.636921,8,30.610794
-12.982935,8,30.630645
-26.796926,8,30.647184
-114.573013,8,30.655217
-43.600964,8,30.670961
-125.206995,8,30.682723
-25.816353,8,30.699969
-21.78158,8,30.721233
-124.442851,8,30.733275
-11.503825,8,30.747058
-20.103536,8,30.758479
-43.827478,8,30.772528
-68.928814,8,30.786322
-61.40212,8,30.796365
-44.669799,8,30.810157
-108.962267,8,30.823684
-221.557779,8,30.837354
-66.339765,8,30.851403
-55.444662,8,30.863186
-114.405264,8,30.878979
-57.03029,8,30.886898
-24.97593,8,30.89695
-189.204399,8,30.914659
-68.657679,8,30.924694
-78.367472,8,30.942386
-26.17505,8,30.952549
-39.44757,8,30.966342
-25.799768,8,30.980133
-104.081588,8,30.98991
-24.416346,8,31.003956
-68.034636,8,31.016372
-18.667142,8,31.02141
-6.292874,8,31.037433
-17.832211,8,31.053271
-20.427478,8,31.071001
-135.060111,8,31.085129
-5.087663,8,31.085129
-26.272046,8,31.10316
-21.44537,8,31.121498
-19.930887,8,31.134588
-91.681129,8,31.150708
-61.275274,8,31.166559
-96.297308,8,31.18065
-17.368066,8,31.18065
-103.202749,8,31.212821
-39.643381,8,31.214826
-99.752389,8,31.230731
-166.881788,8,31.254633
-29.021553,8,31.268392
-178.097977,8,31.282373
-219.143589,8,31.291915
-49.789909,8,31.305958
-61.02229,8,31.319524
-65.726863,8,31.331566
-84.129761,8,31.345352
-101.723487,8,31.355135
-16.643737,8,31.357142
-67.788029,8,31.386708
-13.521833,8,31.386708
-29.415238,8,31.402382
-99.125874,8,31.418188
-19.45078,8,31.433999
-111.754548,8,31.433999
-9.625675,8,31.455954
-24.464807,8,31.467998
-109.444886,8,31.478033
-159.189707,8,31.492807
-45.260592,8,31.503849
-56.356171,8,31.518851
-3.29276,8,31.529481
-88.317087,8,31.547532
-115.744859,8,31.563556
-157.577727,8,31.577588
-17.18629,8,31.591048
-9.069574,8,31.632943
-67.957968,8,31.651453
-6.913337,8,31.681967
-70.233289,8,31.710396
-23.417662,8,31.747568
-10.873253,8,31.786415
-79.353985,8,31.802563
-108.334505,8,31.825021
-20.394808,8,31.863019
-25.122251,8,31.888154
-10.314261,8,31.919128
-65.013756,8,31.940326
-16.460285,8,31.973714
-7.382989,8,32.005389
-26.523265,8,32.029648
-46.689724,8,32.068733
-41.660776,8,32.09436
-142.785904,8,32.123739
-20.510689,8,32.146211
-135.936815,8,32.166142
-23.449312,8,32.189921
-16.009226,8,32.205142
-36.368446,8,32.22485
-1.67441,8,32.242925
-94.121242,8,32.254287
-7.107233,8,32.276581
-90.707223,8,32.290167
-105.908305,8,32.31492
-3.398905,8,32.342289
-125.000623,8,32.356709
-54.223285,8,32.386551
-15.371367,8,32.40353
-92.993825,8,32.431255
-158.668615,8,32.489409
-94.718965,8,32.505975
-92.459531,8,32.53173
-181.305444,8,32.546221
-5.942825,8,32.566568
-30.888529,8,32.606949
-24.686698,8,32.626625
-40.584548,8,32.65022
-22.223157,8,32.669214
-36.064767,8,32.688613
-100.290193,8,32.732703
-27.797113,8,32.756054
-105.154747,8,32.77942
-0.868484,8,32.789201
-11.250448,8,32.814972
-33.193936,8,32.837498
-20.157642,8,32.848552
-19.921166,8,32.869509
-158.007409,8,32.880792
-21.275892,8,32.898861
-81.170449,8,32.915735
-48.78763,8,32.927575
-50.087526,8,32.950508
-87.975714,8,32.963728
-85.347313,8,32.985278
-108.811016,8,33.006314
-11.368391,8,33.016313
-91.499639,8,33.03364
-63.284354,8,33.045647
-145.693358,8,33.065703
-94.470004,8,33.084193
-52.616214,8,33.097204
-11.083297,8,33.113655
-144.976259,8,33.12996
-137.375956,8,33.139581
-12.756858,8,33.156331
-87.49468,8,33.174013
-58.854941,8,33.200476
-52.464014,8,33.209121
-5.711357,8,33.223118
-11.282475,8,33.239697
-158.304026,8,33.256367
-110.54623,8,33.273209
-43.990517,8,33.290715
-9.84078,8,33.306433
-33.861584,8,33.325047
-3.288688,8,33.339772
-97.509063,8,33.356347
-103.29689,8,33.371632
-117.25518,8,33.388328
-62.679121,8,33.410186
-66.0563,8,33.417183
3.19242,8,33.417183
-98.656125,8,33.43294
-7.092819,8,33.448884
-48.791968,8,33.470558
-14.711172,8,33.480309
-24.044687,8,33.496108
-105.726602,8,33.506142
-21.389841,8,33.522018
-12.507462,8,33.540859
-78.164313,8,33.553104
-12.200112,8,33.573809
-56.281266,8,33.586483
-8.340574,8,33.602001
-67.953958,8,33.621716
-67.891477,8,33.632857
-13.288425,8,33.648865
-105.556444,8,33.661781
-51.490455,8,33.685416
-99.643572,8,33.709897
-9.103681,8,33.735273
-74.536713,8,33.752856
-44.942776,8,33.762857
-37.908985,8,33.780851
-53.484271,8,33.810643
-9.532669,8,33.823714
-31.232182,8,33.845709
-45.560666,8,33.858687
-90.909632,8,33.877239
-41.021102,8,33.894703
-70.592703,8,33.908784
-46.114565,8,33.924687
-36.451323,8,33.936544
-162.424262,8,33.957805
-149.572699,8,33.97406
-82.449944,8,33.989402
-38.753432,8,34.008823
-22.587695,8,34.021646
-11.432502,8,34.037096
-157.400039,8,34.054214
-163.946888,8,34.06597
-45.525833,8,34.081732
-108.761149,8,34.092962
-81.42763,8,34.107977
-15.899663,8,34.123006
-119.371577,8,34.135023
-27.714206,8,34.149767
-20.589891,8,34.166276
-43.446535,8,34.180769
-55.450371,8,34.202604
-38.389769,8,34.220417
-63.476559,8,34.24619
-27.957939,8,34.261323
-29.720723,8,34.280961
-46.106315,8,34.296755
-35.755575,8,34.308359
-26.399415,8,34.325214
-16.029307,8,34.339279
-50.318571,8,34.356956
-75.834705,8,34.382886
-22.593208,8,34.396716
-130.964669,8,34.421818
-113.377736,8,34.435613
-11.211795,8,34.453709
-135.577261,8,34.47297
-131.950726,8,34.49389
-117.83308,8,34.513992
-40.008114,8,34.531388
-47.219219,8,34.553328
-92.306806,8,34.571636
-15.447627,8,34.58933
-41.454731,8,34.60703
-27.550178,8,34.620679
-25.69922,8,34.637075
-19.954659,8,34.658325
-68.752898,8,34.674204
-72.547097,8,34.694473
-14.707542,8,34.7
-70.344747,8,34.723054
-37.929421,8,34.740335
-49.758538,8,34.751919
-40.353924,8,34.765461
-83.769268,8,34.778936
-8.469862,8,34.803871
-48.49803,8,34.820871
-238.009457,8,34.831889
-8.508409,8,34.848806
-38.654921,8,34.866147
-11.607357,8,34.884549
-27.141295,8,34.900931
-22.684209,8,34.915568
-124.44157,8,34.931667
-7.365636,8,34.933611
-36.033626,8,34.952899
-26.56379,8,34.969424
-36.848957,8,34.986103
-50.616447,8,35.002562
-16.588696,8,35.014576
-88.774425,8,35.033678
-16.418716,8,35.050669
-2.50653,8,35.050669
-121.811144,8,35.079117
-148.622602,8,35.083588
-78.213098,8,35.100261
-7.587206,8,35.123018
-11.389825,8,35.133644
-29.429836,8,35.150488
-57.506931,8,35.150488
-66.536964,8,35.18114
-7.456098,8,35.186094
-49.039866,8,35.204771
-25.123148,8,35.225004
-27.897281,8,35.233631
-149.925321,8,35.252689
-246.335741,8,35.267008
-12.7666,8,35.278141
-10.912605,8,35.293962
-21.43052,8,35.300256
-77.214111,8,35.321344
-153.248658,8,35.336783
-15.609183,8,35.342782
-101.185718,8,35.360609
-82.760679,8,35.384291
-20.923346,8,35.401136
-23.805184,8,35.427317
-43.211979,8,35.441178
-74.011967,8,35.457216
-100.634265,8,35.466227
-69.759822,8,35.486936
-167.240701,8,35.501493
-101.504842,8,35.514018
-186.222573,8,35.514018
-169.255096,8,35.530541
-35.869176,8,35.550887
-57.228406,8,35.56781
-23.265283,8,35.584632
-39.116079,8,35.602972
-173.932521,8,35.617593
-118.477966,8,35.634621
-58.53856,8,35.65115
-133.046909,8,35.65115
-142.197411,8,35.668457
0.757695,8,35.696466
-64.368978,8,35.711471
-103.050041,8,35.73084
-45.391064,8,35.742461
-77.068181,8,35.756898
-21.103169,8,35.772326
-105.636533,8,35.792204
-70.86775,8,35.805899
-76.026052,8,35.825554
-160.705506,8,35.848119
-49.227049,8,35.853301
-100.937484,8,35.877088
-10.223395,8,35.894001
-45.655261,8,35.907333
-97.618495,8,35.923285
-99.236759,8,35.934815
-90.591688,8,35.955026
-88.7401,8,35.973566
-43.564169,8,35.985143
-42.135255,8,36.004593
-5.338152,8,36.019855
-12.880246,8,36.035712
-71.168413,8,36.052524
-89.656832,8,36.069659
-17.137541,8,36.086255
-27.833819,8,36.101923
-85.667738,8,36.120494
-12.172356,8,36.137293
-42.442299,8,36.137293
-3.920769,8,36.166886
-67.441994,8,36.168048
-74.539506,8,36.18368
-27.735187,8,36.200238
-68.894579,8,36.219644
-72.195814,8,36.236297
-170.86005,8,36.253147
-49.817641,8,36.269621
-156.33834,8,36.286247
-11.409375,8,36.301938
-52.077987,8,36.314537
-61.290844,8,36.32063
-106.963357,8,36.336254
-154.985069,8,36.356862
-58.3942,8,36.368446
-52.642901,8,36.394898
-14.732199,8,36.415962
-114.374928,8,36.436243
-2.353444,8,36.453317
-80.189089,8,36.468597
-9.8256,8,36.486042
-74.319434,8,36.498087
-14.201134,8,36.514823
-95.215107,8,36.535802
-10.966954,8,36.54932
-12.095832,8,36.564181
-73.435394,8,36.56762
-8.730008,8,36.587244
-42.248867,8,36.616578
-86.220266,8,36.638588
-89.624025,8,36.656863
-102.920547,8,36.671089
-80.350721,8,36.695237
-36.442105,8,36.715404
-84.881948,8,36.728883
-25.663485,8,36.753616
-110.849443,8,36.771176
-12.326141,8,36.790772
-31.403202,8,36.808575
-11.274736,8,36.821022
-12.673052,8,36.839046
-26.862945,8,36.858409
-38.84071,8,36.877219
-115.451839,8,36.898939
-14.358041,8,36.914737
-14.102374,8,36.93657
-41.848869,8,36.948349
-32.060601,8,36.966028
-163.159687,8,36.984024
-144.322806,8,36.998195
-19.442521,8,37.012123
-119.181385,8,37.024211
-65.281607,8,37.042238
-25.298623,8,37.063913
-70.934265,8,37.07971
-139.699392,8,37.095497
-49.077149,8,37.111591
-55.979021,8,37.131635
-32.603203,8,37.150804
-66.469347,8,37.162853
-30.238721,8,37.178545
0.390666,8,37.195076
-42.938996,8,37.211977
-10.453936,8,37.22498
-15.76008,8,37.240684
-23.064594,8,37.25276
-28.841269,8,37.269302
-93.581805,8,37.285798
-20.524105,8,37.302119
-144.032,8,37.319045
-73.409898,8,37.335935
-49.223299,8,37.350744
-17.716854,8,37.367243
-34.368569,8,37.375956
-118.265727,8,37.385601
-23.496474,8,37.402246
-55.304703,8,37.416671
-10.29462,8,37.434985
-40.596535,8,37.455804
-93.176544,8,37.468392
-24.746263,8,37.490079
-87.083839,8,37.505111
-17.057418,8,37.523311
-41.684884,8,37.546369
-98.000145,8,37.563467
-37.422829,8,37.58391
-47.718815,8,37.593566
-132.376158,8,37.614926
-6.99335,8,37.63831
-8.860823,8,37.656837
-25.931264,8,37.681348
-8.136627,8,37.695499
-118.88769,8,37.713373
-33.77218,8,37.729066
-42.094718,8,37.741805
-57.758777,8,37.758209
-94.267464,8,37.773931
-119.267581,8,37.790928
-61.69937,8,37.805998
0.022005,8,37.821614
-7.256969,8,37.845036
-37.441298,8,37.864419
-83.840253,8,37.889936
-19.357128,8,37.919569
-95.115476,8,37.936242
-70.541961,8,37.956387
-182.980609,8,37.973623
-12.202137,8,37.995013
-38.683674,8,38.021595
-122.340274,8,38.036319
-12.391358,8,38.05364
-47.124871,8,38.06666
-13.201251,8,38.075418
-116.655211,8,38.091555
-85.213566,8,38.108014
-27.091898,8,38.13877
-62.587615,8,38.154156
-13.367723,8,38.1709
-18.345059,8,38.187403
-19.358617,8,38.200069
-148.510153,8,38.21829
-2.989675,8,38.230737
-5.087706,8,38.252042
-102.73748,8,38.269047
-33.685277,8,38.275449
-5.764701,8,38.289519
-6.289165,8,38.307867
-6.971786,8,38.319135
-27.108508,8,38.344123
-12.441354,8,38.360152
-22.164849,8,38.369018
-12.439436,8,38.38662
-44.722346,8,38.398679
-53.115549,8,38.402409
-65.840721,8,38.419157
-78.338282,8,38.435791
-6.51183,8,38.45728
-59.59126,8,38.474015
-150.376572,8,38.489193
-33.261983,8,38.499226
-47.053989,8,38.52021
-18.118996,8,38.530241
-31.508007,8,38.545881
-43.444695,8,38.559924
-111.555631,8,38.568968
-14.461514,8,38.579504
-97.78862,8,38.595572
-10.437716,8,38.613815
-100.790022,8,38.633356
-24.416304,8,38.64803
-32.282595,8,38.683199
-29.199409,8,38.69722
-12.341352,8,38.72005
-87.097439,8,38.743229
-13.93619,8,38.759191
-1.916666,8,38.778479
-106.826051,8,38.798198
-58.724155,8,38.820675
-21.087579,8,38.839466
-95.807794,8,38.852679
-30.019305,8,38.869176
-40.227738,8,38.88403
-118.58983,8,38.902287
-117.264521,8,38.919064
-81.683481,8,38.919064
-83.23385,8,38.952516
-157.55082,8,38.963434
-2.323245,8,38.98017
-46.78153,8,38.98418
-86.555163,8,39.007962
-99.788523,8,39.027664
-22.134947,8,39.041455
-40.204451,8,39.054368
-29.468074,8,39.076282
-219.251044,8,39.097075
-20.087646,8,39.123395
-6.601381,8,39.149939
-4.841877,8,39.178562
-41.756155,8,39.206757
-29.013984,8,39.223327
-64.849759,8,39.262978
-10.105351,8,39.280123
-24.64856,8,39.305996
-1.46478,8,39.334327
-65.806068,8,39.354017
-110.437167,8,39.385263
-102.56384,8,39.400038
-167.005831,8,39.417753
-34.930361,8,39.435329
-47.914392,8,39.447292
-49.322613,8,39.46976
-41.197342,8,39.472763
-114.325483,8,39.501015
-24.805175,8,39.516796
-44.400727,8,39.52281
-16.30902,8,39.539381
-68.243952,8,39.554005
-68.230479,8,39.570719
-74.608678,8,39.586346
-83.461596,8,39.589346
-104.482469,8,39.617815
-92.540455,8,39.629122
-111.479333,8,39.644702
-5.723358,8,39.670677
-54.782118,8,39.6867
-82.89452,8,39.701954
-8.180687,8,39.719397
-120.763537,8,39.7373
-120.362075,8,39.753942
-22.900294,8,39.766721
-12.004189,8,39.783313
-1.845081,8,39.795321
-42.824599,8,39.811939
-36.747084,8,39.835223
-29.09543,8,39.847224
-9.100775,8,39.868344
-110.019796,8,39.881095
-20.499382,8,39.902045
-89.234501,8,39.925638
-152.767288,8,39.951013
-13.147241,8,39.973359
-26.268064,8,39.989971
-38.960327,8,40.012672
-63.403207,8,40.037251
-130.716243,8,40.048605
-114.282399,8,40.063941
-43.839492,8,40.078637
-106.57664,8,40.098286
-2.78436,8,40.126775
-19.9864,8,40.141253
-121.986198,8,40.163029
-68.862616,8,40.176617
-19.160814,8,40.201942
-8.340826,8,40.228745
-45.000234,8,40.243346
-34.219708,8,40.266592
-86.168736,8,40.281601
-175.45794,8,40.30097
-10.811491,8,40.319619
-61.424272,8,40.341076
-60.096644,8,40.372068
-46.528674,8,40.386293
-17.153999,8,40.405036
0.04155,8,40.422622
-31.38731,8,40.436361
-24.608014,8,40.454935
-78.98065,8,40.471719
-57.504438,8,40.493287
-16.814208,8,40.512926
-24.700542,8,40.526625
-11.661031,8,40.54791
-23.232982,8,40.56399
-38.322218,8,40.58726
-14.959554,8,40.611018
-46.881267,8,40.624782
-31.1623,8,40.642301
7.956455,8,40.656043
-26.315016,8,40.678114
-16.72308,8,40.706967
-60.106043,8,40.722248
-8.365368,8,40.745577
-27.633761,8,40.761999
-147.000556,8,40.781711
-140.024612,8,40.800067
-61.781361,8,40.815077
-68.892445,8,40.838435
-51.755785,8,40.854002
-10.638807,8,40.872471
-18.555123,8,40.890331
-147.331051,8,40.903966
-74.672292,8,40.922712
-18.408403,8,40.937336
-41.991712,8,40.953915
-23.986681,8,40.969712
-132.560513,8,40.981714
-105.16005,8,40.998333
-28.771272,8,41.01204
-18.228918,8,41.038352
-43.196317,8,41.061991
-132.843345,8,41.079852
-13.034829,8,41.098355
-57.257959,8,41.11665
-121.787507,8,41.143329
-152.903657,8,41.168653
-23.053054,8,41.187345
-35.394999,8,41.206865
-67.910516,8,41.22368
-101.275676,8,41.247456
-5.670863,8,41.264652
-34.19736,8,41.280062
-28.920203,8,41.302683
-69.169421,8,41.314771
-27.125891,8,41.33401
2.061138,8,41.355425
-125.623729,8,41.369475
-103.537802,8,41.38832
-36.005442,8,41.400999
-45.674927,8,41.417402
-275.162709,8,41.435723
-93.577724,8,41.448831
-34.613384,8,41.474964
-4.965989,8,41.491162
-45.718885,8,41.519286
-32.0259,8,41.54356
-22.886876,8,41.55918
-0.033987,8,41.579076
-192.419897,8,41.601358
-158.873237,8,41.622037
-25.513175,8,41.637819
-90.949756,8,41.652914
-9.029207,8,41.67481
-94.288219,8,41.699718
-84.313552,8,41.729722
-101.872222,8,41.748367
-27.740726,8,41.763587
-24.737215,8,41.792382
-6.165938,8,41.804028
-76.464426,8,41.841397
-67.425628,8,41.860569
-73.447699,8,41.876552
-50.105853,8,41.900673
-119.790357,8,41.917947
-36.375689,8,41.941803
-52.641755,8,41.95708
-13.09998,8,41.972561
-11.71306,8,41.994181
-17.661025,8,42.009925
-8.772895,8,42.034885
-136.514739,8,42.0597
-45.69516,8,42.073183
-106.345632,8,42.092184
-28.602599,8,42.105617
-27.152156,8,42.123439
-20.305954,8,42.142519
-14.253367,8,42.155929
-55.484659,8,42.17873
-24.18635,8,42.196223
-79.056417,8,42.214117
-36.904929,8,42.232155
-40.25562,8,42.247153
-34.94982,8,42.269068
-80.68714,8,42.283066
-16.568173,8,42.302536
-27.256925,8,42.318799
-218.411737,8,42.323604
-38.813238,8,42.347008
-39.844993,8,42.355296
-96.713721,8,42.369719
-55.743921,8,42.387373
-6.801448,8,42.40301
-11.417591,8,42.422523
-31.395842,8,42.440061
-18.432891,8,42.457313
-10.264894,8,42.471187
-54.282107,8,42.493758
-112.604093,8,42.514404
-62.197486,8,42.51641
-9.628918,8,42.534451
-14.362102,8,42.548577
-51.404633,8,42.568081
-3.32839,8,42.58184
-6.544556,8,42.593595
-37.615301,8,42.614852
-4.490653,8,42.630695
-35.056751,8,42.646354
2.296619,8,42.666204
-122.413426,8,42.678186
-81.530846,8,42.693124
-79.046027,8,42.707721
-134.353887,8,42.724193
-39.341753,8,42.741756
-13.896388,8,42.753378
-29.752791,8,42.768911
-157.515481,8,42.78543
-93.344801,8,42.79948
-26.774144,8,42.818699
-21.806711,8,42.839418
-14.363339,8,42.859695
-34.826953,8,42.883155
-11.457891,8,42.894592
-32.176453,8,42.916759
-13.798012,8,42.931689
-72.293462,8,42.955207
-13.071917,8,42.97429
-90.663025,8,42.987971
-31.338422,8,43.006686
-13.421302,8,43.018239
-106.691238,8,43.035335
-62.207988,8,43.057449
-173.969213,8,43.068672
-123.657555,8,43.092786
-83.137251,8,43.10159
-188.837831,8,43.123287
-24.661848,8,43.138973
-70.052078,8,43.156192
-13.510038,8,43.172262
-104.342635,8,43.18566
-31.22778,8,43.18566
-36.908501,8,43.201845
-199.82895,8,43.21846
-26.759948,8,43.243268
-90.3027,8,43.252056
-23.125678,8,43.268628
-98.748181,8,43.285243
-105.16565,8,43.302398
-77.347004,8,43.318077
-15.398454,8,43.318077
9.502061,8,43.335164
-67.27805,8,43.351814
-48.72835,8,43.37606
-22.86947,8,43.389456
-23.046317,8,43.404415
-68.733408,8,43.41905
-147.595947,8,43.432056
-137.799633,8,43.43505
-113.219386,8,43.463391
-116.636524,8,43.47292
-27.757591,8,43.492486
-11.993034,8,43.508408
-72.407748,8,43.514172
-111.026957,8,43.536295
-5.455162,8,43.548054
-53.370321,8,43.561838
3.458221,8,43.577957
-6.143248,8,43.577957
-42.043956,8,43.609508
-118.435142,8,43.611516
-19.746869,8,43.641142
-2.194126,8,43.660445
-13.226069,8,43.674248
-155.752418,8,43.690273
-14.24307,8,43.702293
-141.612454,8,43.719823
-128.898446,8,43.735118
-75.125414,8,43.75516
-11.455427,8,43.777159
-81.290599,8,43.791749
-82.129393,8,43.810411
-133.467054,8,43.845448
-61.492263,8,43.87112
-43.914173,8,43.909767
-187.258854,8,43.938153
-63.766561,8,43.961802
-24.543636,8,43.9835
-83.733173,8,44.003002
-72.742608,8,44.030181
-193.582928,8,44.058443
-28.329858,8,44.092133
-107.579669,8,44.131556
-49.762515,8,44.155494
-48.131673,8,44.178946
-28.7095,8,44.196946
5.590427,8,44.223243
-11.472448,8,44.258121
-6.939304,8,44.280418
-33.364506,8,44.299973
-5.558713,8,44.316958
-17.086096,8,44.340021
-132.312625,8,44.366862
-20.546192,8,44.380728
-52.734422,8,44.401175
-18.366439,8,44.415589
-17.249652,8,44.434227
-36.215082,8,44.451286
-46.382689,8,44.464275
-48.64052,8,44.491719
-6.257607,8,44.504607
-15.279198,8,44.522979
-76.248181,8,44.541
-33.104358,8,44.554368
-14.69145,8,44.573603
-78.933451,8,44.590718
-131.708857,8,44.604623
-113.66837,8,44.619174
1.126128,8,44.630865
-90.734705,8,44.646757
-16.834126,8,44.658776
-43.840078,8,44.674777
-134.260859,8,44.696342
-2.309079,8,44.708697
-5.780387,8,44.727587
-87.963516,8,44.739307
-32.417638,8,44.75409
-49.262432,8,44.77009
-2.107853,8,44.78224
-18.065007,8,44.798338
-9.643036,8,44.810338
-56.388096,8,44.828336
-29.925647,8,44.843965
-186.679254,8,44.860205
-69.852128,8,44.879825
-144.933151,8,44.891531
-93.641921,8,44.907027
-57.845404,8,44.926998
-93.562262,8,44.939457
-90.293579,8,44.955294
-63.517634,8,44.9663
-25.959153,8,44.982294
-64.765712,8,44.996455
-85.012576,8,45.007837
-25.18822,8,45.023331
-100.630666,8,45.034074
-3.783003,8,45.052248
-90.343851,8,45.071657
-1.075064,8,45.083946
-47.222256,8,45.099945
-109.010099,8,45.111064
-61.184121,8,45.127223
-139.665644,8,45.142474
-97.342993,8,45.15852
-15.590562,8,45.176686
-58.334566,8,45.187686
-38.652417,8,45.204684
-90.085561,8,45.221959
-57.782457,8,45.232159
-106.215099,8,45.256722
-70.240962,8,45.269498
-3.794966,8,45.28451
-13.3882,8,45.29983
0.815172,8,45.311812
-4.555036,8,45.328836
-66.52275,8,45.339109
-99.727374,8,45.352123
-22.827636,8,45.370767
-225.291591,8,45.385537
-5.904185,8,45.403112
-10.421363,8,45.417119
-107.254372,8,45.432113
-26.588902,8,45.455697
-47.570262,8,45.468815
-19.064033,8,45.491421
-5.277673,8,45.506111
-97.411766,8,45.525109
-138.388641,8,45.543763
-7.163863,8,45.557134
-46.055631,8,45.575889
-49.472529,8,45.59413
-119.998737,8,45.61014
-13.458719,8,45.6296
-21.299956,8,45.646705
-39.099975,8,45.674713
-43.541708,8,45.691382
7.132502,8,45.715574
-24.96849,8,45.73397
-57.273037,8,45.747625
-61.726574,8,45.769783
-86.320684,8,45.782786
-108.010076,8,45.811634
-5.084736,8,45.835735
-176.281746,8,45.852723
-66.21238,8,45.875772
-67.402997,8,45.890443
-17.799794,8,45.921374
-37.475799,8,45.944811
-48.073171,8,45.958459
-50.335407,8,45.981848
-27.578359,8,45.997416
-53.378152,8,46.011551
-32.938644,8,46.029484
-16.159998,8,46.055758
-32.433478,8,46.075505
-37.727999,8,46.091458
-113.001312,8,46.110719
-145.411392,8,46.131617
-152.160087,8,46.156387
-12.260386,8,46.189843
-25.4565,8,46.206835
-5.863217,8,46.226539
-104.517837,8,46.244311
-87.720959,8,46.261461
-153.97413,8,46.279024
-91.47872,8,46.293023
-16.950885,8,46.310357
4.020304,8,46.327185
-0.286446,8,46.339796
-23.261277,8,46.356049
-83.22473,8,46.372704
-126.595064,8,46.393205
-49.800121,8,46.4196
-116.778626,8,46.435604
-9.585422,8,46.452922
-30.984222,8,46.464987
-16.277393,8,46.491376
-37.048848,8,46.513286
-54.272015,8,46.527979
-40.118957,8,46.552132
-85.309612,8,46.572931
-109.967956,8,46.604149
-22.981961,8,46.632711
-18.897487,8,46.647498
-37.599104,8,46.678165
-31.489555,8,46.691166
-119.141194,8,46.720661
-15.483226,8,46.730284
-83.780256,8,46.756381
-79.510798,8,46.772416
-32.473746,8,46.791188
-53.143036,8,46.817971
-13.657382,8,46.835602
-31.268853,8,46.848882
-66.57499,8,46.866446
-18.689304,8,46.87921
-61.247889,8,46.895025
-118.670318,8,46.92013
-33.462098,8,46.933905
-117.533295,8,46.951208
-30.36898,8,46.964267
-28.577458,8,46.971267
-6.107398,8,46.997342
-81.411771,8,47.010307
-63.229337,8,47.016308
-36.128275,8,47.040138
-54.651656,8,47.053898
-100.918735,8,47.067848
-27.519479,8,47.078849
-246.255384,8,47.098655
-83.249233,8,47.110415
-14.767223,8,47.123523
-58.580218,8,47.13856
-13.038866,8,47.155524
-87.30294,8,47.171019
-21.938196,8,47.181852
-49.951342,8,47.197078
-69.613715,8,47.21376
-7.329126,8,47.225759
6.138117,8,47.242763
-119.514021,8,47.257231
-50.485214,8,47.271234
-179.246962,8,47.288234
-2.666775,8,47.29823
-11.947642,8,47.311667
-172.091602,8,47.322616
-115.443125,8,47.335588
-79.942017,8,47.348332
-68.424211,8,47.359512
-79.68161,8,47.378527
-32.03741,8,47.388925
-54.811959,8,47.404996
1.162272,8,47.421839
-49.011636,8,47.432694
-20.740761,8,47.451975
-22.740923,8,47.46221
-23.034575,8,47.476739
-59.124141,8,47.498721
-30.080853,8,47.511331
-43.200258,8,47.525802
-27.642062,8,47.535979
-5.877724,8,47.548584
-10.439303,8,47.563491
-13.431682,8,47.579516
-45.064433,8,47.594725
-89.631736,8,47.610178
-12.723938,8,47.628256
-51.273801,8,47.649545
-92.961523,8,47.660448
-11.78447,8,47.67603
0.646937,8,47.691724
-112.332313,8,47.706824
-3.362727,8,47.722827
-6.406016,8,47.733828
-22.475641,8,47.748766
-85.934349,8,47.759585
-69.925481,8,47.774736
-42.560666,8,47.79
-53.29041,8,47.802321
-73.808047,8,47.82491
-32.34363,8,47.836687
-65.585708,8,47.852183
-6.165081,8,47.867924
-114.862034,8,47.877468
-137.694842,8,47.892039
-10.467934,8,47.902303
-94.064417,8,47.921957
-162.976745,8,47.938661
-141.831696,8,47.951658
-194.08141,8,47.972791
-25.385651,8,47.987492
-2.062628,8,48.00617
-93.705015,8,48.034547
-26.103279,8,48.046547
-80.160793,8,48.063548
-106.745867,8,48.075805
-7.334102,8,48.0926
-28.635747,8,48.108296
3.270535,8,48.121001
-74.344723,8,48.142542
-21.91168,8,48.155175
3.444018,8,48.170175
-89.978714,8,48.186178
-156.019007,8,48.197171
-26.18675,8,48.219174
-45.205752,8,48.232173
-8.384216,8,48.258153
-145.645734,8,48.277927
-22.748598,8,48.293496
-90.318693,8,48.312168
-101.114877,8,48.32478
-64.850308,8,48.347478
-83.871864,8,48.365126
-5.505408,8,48.379789
-56.939974,8,48.396775
-40.567883,8,48.410188
4.676188,8,48.427829
2.302924,8,48.452252
-60.930226,8,48.469861
-103.108801,8,48.488857
-31.494106,8,48.504359
-99.437086,8,48.52302
-126.869931,8,48.540663
-76.331571,8,48.555352
-84.789732,8,48.575997
-41.402406,8,48.591995
-21.859544,8,48.60959
-51.89865,8,48.625865
-75.09132,8,48.638543
-31.541048,8,48.66019
-51.86565,8,48.673837
-50.829951,8,48.694439
0.516724,8,48.711447
-47.803938,8,48.72346
-56.724687,8,48.741437
-45.215796,8,48.754797
-44.208843,8,48.77286
1.548253,8,48.791862
-6.476293,8,48.834501
-9.487775,8,48.857273
-26.57548,8,48.879788
-151.255285,8,48.908888
2.619716,8,49.124022
-14.725821,8,49.16789
-71.071536,8,49.187544
-77.392937,8,49.202027
-57.289337,8,49.228465
-18.936942,8,49.247464
-44.044569,8,49.261151
-22.664221,8,49.27906
-91.25324,8,49.297664
-81.699394,8,49.327095
-89.275561,8,49.348092
-0.68555,8,49.372499
-146.003876,8,49.397623
-112.630146,8,49.420882
-58.865495,8,49.446563
-26.475243,8,49.469277
-64.830816,8,49.489933
-25.502521,8,49.507191
-22.290373,8,49.518496
-26.733756,8,49.542097
-89.195394,8,49.56021
-45.156842,8,49.575209
-24.741984,8,49.594783
-12.070281,8,49.60821
-114.433294,8,49.625855
-53.953333,8,49.654236
-11.959697,8,49.669167
-54.715306,8,49.684174
-109.335034,8,49.701173
-49.17861,8,49.719484
-70.728786,8,49.735951
-29.518238,8,49.749952
-14.266924,8,49.771953
-33.991381,8,49.786098
-11.448164,8,49.804199
-32.195906,8,49.819853
-53.543196,8,49.834548
-19.677336,8,49.856306
-55.244303,8,49.873866
-39.43863,8,49.891538
4.407946,8,49.910537
-49.902516,8,49.924852
-65.090432,8,49.941535
-52.134088,8,49.954179
-5.36662,8,49.971846
-30.576889,8,49.993552
-21.422442,8,50.0072
-65.095829,8,50.023196
-116.875028,8,50.033829
-18.390337,8,50.052225
-149.907504,8,50.075905
-60.286145,8,50.093602
-53.460147,8,50.112614
-28.585402,8,50.128613
-44.080896,8,50.152218
1.75026,8,50.169893
-37.358018,8,50.183478
-75.592102,8,50.204805
-68.54444,8,50.217714
-126.568721,8,50.234236
-113.669982,8,50.252327
-20.584842,8,50.265323
-65.384906,8,50.287184
-98.616292,8,50.304473
-8.651706,8,50.322904
-42.691275,8,50.338905
-44.459603,8,50.355335
-119.596771,8,50.377201
-46.639822,8,50.403598
-58.1145,8,50.430921
-47.627074,8,50.450696
-31.757284,8,50.465693
-67.844194,8,50.484635
-15.915115,8,50.500222
-42.03496,8,50.52903
-74.47748,8,50.55354
-97.138166,8,50.56814
-35.947643,8,50.591254
-6.627306,8,50.606777
-55.234074,8,50.634753
-24.538888,8,50.663692
-40.264494,8,50.678693
-44.614276,8,50.698689
-24.62935,8,50.710689
-98.996606,8,50.732321
-15.850041,8,50.759794
-88.690336,8,50.774897
-35.575629,8,50.799609
-7.722914,8,50.813743
-65.036697,8,50.831795
-121.145704,8,50.848565
-10.797993,8,50.866896
-60.627884,8,50.884669
-131.312764,8,50.89776
-33.069092,8,50.917611
-15.978327,8,50.93474
-42.459453,8,50.947381
-90.523603,8,50.965136
-69.475363,8,50.982209
-81.581773,8,51.002869
-36.92653,8,51.02794
-84.088545,8,51.043143
-47.36512,8,51.061665
-24.805104,8,51.073218
-85.126771,8,51.102038
-15.64767,8,51.110039
-104.453999,8,51.137866
-22.780713,8,51.155694
-40.944445,8,51.167783
-83.443119,8,51.188938
-135.61775,8,51.212335
-185.916312,8,51.226335
-97.250733,8,51.251335
-92.032544,8,51.265333
-32.947214,8,51.285675
-81.408517,8,51.306364
-133.001437,8,51.321357
-36.413758,8,51.342877
-132.467032,8,51.35727
-0.895365,8,51.377907
-23.562449,8,51.397594
-19.172466,8,51.414327
-21.785086,8,51.431016
0.812593,8,51.445012
-3.114371,8,51.462711
3.756344,8,51.486651
-22.2693,8,51.50628
-0.472108,8,51.529387
-4.430937,8,51.544378
-92.38074,8,51.565228
-43.776223,8,51.591598
-54.814131,8,51.609301
-92.98882,8,51.629932
-7.846746,8,51.651614
-174.332701,8,51.675253
-163.151318,8,51.695631
-73.427542,8,51.716934
-7.293633,8,51.755339
-36.712855,8,51.773005
-65.765797,8,51.792592
-66.411152,8,51.81127
-109.507588,8,51.829413
-130.258654,8,51.860813
-26.35778,8,51.878143
0.109734,8,51.900286
-61.219755,8,51.91899
-10.380895,8,51.937469
-58.804112,8,51.965674
-137.766643,8,51.980673
-1.960299,8,51.998674
-32.71426,8,52.024958
-14.463086,8,52.038604
-46.60126,8,52.055254
-110.361353,8,52.072964
-7.170327,8,52.091966
-27.110013,8,52.109682
-36.701845,8,52.123941
-152.175855,8,52.142582
-38.499105,8,52.156284
-87.490261,8,52.174962
-10.156889,8,52.198631
3.578988,8,52.213628
2.489764,8,52.240692
-109.83719,8,52.255309
-0.226179,8,52.274314
-28.078784,8,52.295611
-11.405227,8,52.309281
-46.579026,8,52.325976
-16.119084,8,52.337644
-139.205613,8,52.353292
-39.346537,8,52.371002
-27.364821,8,52.384621
-77.779796,8,52.407268
-34.962968,8,52.423266
-37.620574,8,52.44291
-19.080535,8,52.470065
-32.360035,8,52.484763
-4.785493,8,52.504397
-26.746144,8,52.52259
-54.039638,8,52.542586
-208.267388,8,52.561293
-40.491101,8,52.574998
-17.236519,8,52.59371
-52.379982,8,52.605479
-102.117318,8,52.624923
-25.969818,8,52.641939
-37.282852,8,52.656479
-61.505276,8,52.679978
-77.983301,8,52.695596
-43.996467,8,52.716943
2.419065,8,52.739951
-72.943016,8,52.753949
-24.705242,8,52.771057
-20.476267,8,52.785638
-85.51642,8,52.801224
-73.471503,8,52.819941
-96.075254,8,52.840087
-81.185117,8,52.860082
-12.565027,8,52.875401
-92.494299,8,52.897612
-75.9532,8,52.923004
-44.63141,8,52.936624
-119.740854,8,52.962254
-135.777668,8,52.977255
-23.533327,8,52.995838
2.331123,8,53.012252
-19.812368,8,53.027879
-24.636697,8,53.046605
-41.630382,8,53.065343
-53.989898,8,53.084626
-54.578243,8,53.104273
-103.73956,8,53.120118
-22.52937,8,53.146818
-42.496266,8,53.1644
-28.224536,8,53.185088
-144.51319,8,53.204707
-99.433127,8,53.218951
-8.656117,8,53.239658
-121.186591,8,53.253344
-63.575249,8,53.280499
-58.046011,8,53.303284
-201.441887,8,53.317971
-22.344503,8,53.338611
-8.397569,8,53.353266
-206.023853,8,53.373013
-32.566504,8,53.40476
-65.81459,8,53.419404
-89.733502,8,53.438643
-109.118516,8,53.453319
-80.086736,8,53.473941
-98.186381,8,53.497637
-67.567669,8,53.512323
-19.718723,8,53.532009
-47.708264,8,53.544735
-57.329175,8,53.562469
-75.481431,8,53.582232
-11.260063,8,53.597666
-30.174038,8,53.627026
-70.307224,8,53.641698
-14.652433,8,53.664464
-53.533605,8,53.68729
-67.881952,8,53.702277
-79.202678,8,53.725274
-115.024524,8,53.739682
-3.58883,8,53.761345
-82.963337,8,53.779086
-57.863239,8,53.791385
-73.710764,8,53.808385
-40.977526,8,53.821384
-62.800361,8,53.843996
-29.420626,8,53.868539
-43.194057,8,53.886497
-105.290067,8,53.903812
-166.588469,8,53.916923
-4.605038,8,53.937946
-64.86471,8,53.955566
-97.143948,8,53.968954
-69.204318,8,53.986603
-10.273779,8,54.002246
-81.607037,8,54.01997
-27.528327,8,54.04697
-11.144267,8,54.06898
-50.83925,8,54.100327
-109.365882,8,54.120984
-26.038752,8,54.140667
-1.772528,8,54.165662
-23.337237,8,54.179994
-112.216711,8,54.198689
-11.496073,8,54.219993
-50.438198,8,54.246664
-105.017143,8,54.271667
-141.37922,8,54.286814
-81.967091,8,54.306454
-26.416556,8,54.321147
-81.596779,8,54.343785
-70.233138,8,54.380784
-17.123914,8,54.394604
-3.946918,8,54.412278
-63.161293,8,54.425941
-23.927749,8,54.444592
-118.066675,8,54.462266
-37.193957,8,54.476936
-5.372892,8,54.503371
-105.197099,8,54.51909
10.460619,8,54.543781
-155.665907,8,54.562545
-50.682542,8,54.577002
-1.445957,8,54.605637
-195.348586,8,54.62046
-33.06174,8,54.63963
-57.172475,8,54.658271
-97.022796,8,54.671977
-64.328195,8,54.69164
-54.086646,8,54.707644
-23.519188,8,54.730325
-103.035736,8,54.751405
-31.358286,8,54.766405
-55.24389,8,54.786079
-39.179608,8,54.801223
6.178249,8,55.019372
-101.167558,8,55.051374
-141.159202,8,55.077023
-62.47328,8,55.127479
-21.693735,8,55.145438
-4.777495,8,55.166995
2.989187,8,55.190736
-28.138303,8,55.207331
-77.188211,8,55.2271
-11.839223,8,55.246006
-16.665337,8,55.267006
-58.418407,8,55.28714
-24.752626,8,55.303134
-105.654815,8,55.329141
-2.022651,8,55.348142
-150.360279,8,55.369137
-68.147624,8,55.389931
-37.460994,8,55.406417
-14.494631,8,55.426044
-19.276441,8,55.442045
-8.897328,8,55.466037
-93.34423,8,55.485659
-16.895957,8,55.501389
-102.514719,8,55.522032
-27.141417,8,55.550729
-4.995517,8,55.592767
-113.132524,8,55.621518
-109.91959,8,55.634986
-56.208734,8,55.65542
0.750695,8,55.676855
-4.051584,8,55.696854
-147.224077,8,55.715033
-20.848433,8,55.729143
-132.681253,8,55.747718
-22.320352,8,55.762448
-21.746396,8,55.781127
-34.311456,8,55.808838
-21.235881,8,55.824231
-87.565858,8,55.84674
-65.310311,8,55.861455
-176.166118,8,55.880455
-14.744227,8,55.904446
-85.641161,8,55.915446
-46.289931,8,55.936754
-0.961311,8,55.948754
-31.301321,8,55.971404
-52.052536,8,55.987407
-18.010521,8,56.001608
-131.211656,8,56.024104
-56.877008,8,56.03881
-113.998028,8,56.058428
-11.64335,8,56.085245
-3.11704,8,56.099244
1.690975,8,56.119094
-10.602041,8,56.137785
-2.821304,8,56.157174
-145.577229,8,56.176088
-2.954832,8,56.189796
-40.959166,8,56.207794
-66.817383,8,56.222095
-23.244998,8,56.240875
-14.61842,8,56.262348
-10.703808,8,56.275785
-27.254527,8,56.298517
-56.857808,8,56.312527
-11.963906,8,56.330509
-20.740468,8,56.347774
-80.268136,8,56.360506
-24.293649,8,56.38207
-128.105337,8,56.395199
-25.925097,8,56.413285
-25.849389,8,56.4322
-6.594581,8,56.449845
-40.237228,8,56.469687
-82.223566,8,56.488113
-19.256612,8,56.511436
-177.037325,8,56.539843
-78.773137,8,56.556432
-17.476147,8,56.591798
-65.527999,8,56.613554
-17.619558,8,56.652476
-13.560952,8,56.682115
-19.6781,8,56.711444
-26.723483,8,56.739844
-3.455875,8,56.761449
-21.83934,8,56.782151
-53.573669,8,56.802993
-35.959504,8,56.830989
-30.70966,8,56.862446
-6.446377,8,56.885866
-24.135057,8,56.908509
-8.489234,8,56.930084
-63.485504,8,56.94838
-72.205237,8,56.970897
-169.043829,8,56.986825
-138.951137,8,57.004514
-1.984243,8,57.021173
-25.022647,8,57.032173
-20.092946,8,57.05784
-39.660398,8,57.07248
-32.366348,8,57.092806
-27.419902,8,57.119139
-116.641078,8,57.132145
-51.170404,8,57.149849
-10.346601,8,57.168844
-30.416939,8,57.189302
-18.637495,8,57.208655
-18.36189,8,57.224079
-22.334968,8,57.243792
0.39676,8,57.258271
-107.121969,8,57.275945
-55.77168,8,57.298771
-45.299279,8,57.311057
-4.19737,8,57.333772
-48.544443,8,57.34678
1.278303,8,57.365779
-77.385615,8,57.383782
-6.245432,8,57.401294
-47.856743,8,57.418679
-116.268203,8,57.430675
-39.682261,8,57.448968
-86.325937,8,57.467063
-76.963045,8,57.481175
-76.376476,8,57.499159
-95.702689,8,57.518563
-51.039637,8,57.53898
-7.123568,8,57.563466
-56.896222,8,57.577124
-88.951013,8,57.602475
-99.606304,8,57.637119
-26.724217,8,57.661488
-89.586297,8,57.681665
-5.010342,8,57.697971
-27.876946,8,57.72097
1.147166,8,57.741792
-14.501759,8,57.765465
-14.725943,8,57.786791
3.660825,8,57.80044
-250.642028,8,57.828453
-12.286959,8,57.845455
-54.038335,8,57.870185
-160.180133,8,57.889823
-70.123193,8,57.912152
-66.372733,8,57.935451
-157.327951,8,57.950452
-7.862796,8,57.978841
-6.569138,8,58.000403
-139.12094,8,58.017391
-85.828336,8,58.040722
-54.630654,8,58.059757
-49.549348,8,58.091634
-152.48694,8,58.114444
-72.012144,8,58.132124
-127.649786,8,58.150609
-10.864884,8,58.165606
-106.24788,8,58.185745
-288.576363,8,58.209424
-89.529236,8,58.225011
-41.42394,8,58.244697
-105.545288,8,58.260705
-6.100516,8,58.279056
-2.923472,8,58.295734
-48.175614,8,58.314425
0.21758,8,58.337033
-8.714626,8,58.40648
-39.429016,8,58.42806
-10.774848,8,58.448721
0.651588,8,58.464392
6.367897,8,58.485055
-3.792803,8,58.498034
-5.646452,8,58.519831
-32.846377,8,58.54269
-51.183422,8,58.558386
-12.205665,8,58.577389
-8.430296,8,58.592386
-44.41044,8,58.612372
1.999358,8,58.640738
-48.779797,8,58.655394
-32.529255,8,58.682055
-27.710387,8,58.697745
-38.286801,8,58.719052
-7.520817,8,58.736714
-18.878755,8,58.753375
-90.812905,8,58.772038
-29.059004,8,58.784681
-49.208462,8,58.80468
-23.445791,8,58.82468
-104.998919,8,58.839682
8.469444,8,58.869685
-76.970142,8,58.884683
-28.526776,8,58.904682
-4.522943,8,58.923683
-60.185571,8,58.938745
-8.363957,8,58.964638
-12.293143,8,58.993745
-119.960436,8,59.018117
-9.335681,8,59.039738
-26.179479,8,59.056173
7.512491,8,59.079446
-21.785962,8,59.10045
-135.379786,8,59.127073
-91.126055,8,59.152673
-120.962843,8,59.167119
-55.378905,8,59.186711
-9.04051,8,59.205407
-185.890812,8,59.224083
-192.02669,8,59.243741
-6.716035,8,59.257741
-100.846242,8,59.28679
-73.772382,8,59.305366
-4.52687,8,59.332221
-99.432235,8,59.352961
-5.459047,8,59.374335
-23.417642,8,59.401376
-195.978709,8,59.42205
-157.652832,8,59.44374
-3.226764,8,59.46374
-36.043111,8,59.47974
-20.448981,8,59.499159
-26.372455,8,59.515389
-37.430772,8,59.542773
-159.051694,8,59.562
-40.372178,8,59.575996
-65.515983,8,59.596663
-52.3516,8,59.611398
-41.964498,8,59.636716
-4.566352,8,59.662434
-109.091443,8,59.678144
-1.31661,8,59.727242
-2.742751,8,59.744745
-13.460148,8,59.765804
-8.236444,8,59.786259
-64.069698,8,59.80083
-143.597159,8,59.818434
-106.548417,8,59.834742
-123.836225,8,59.857738
-96.908501,8,59.876745
-41.10366,8,59.890738
-66.223196,8,59.914737
-95.086905,8,59.929062
-92.594595,8,59.945756
-117.630521,8,59.967038
-25.340102,8,59.982043
-6.298715,8,60.015743
-72.615837,8,60.029603
-118.080915,8,60.048712
-22.802741,8,60.072069
-26.111996,8,60.086727
-72.687601,8,60.105432
-89.881309,8,60.118434
-64.092001,8,60.137296
-63.320511,8,60.161745
-38.470126,8,60.180075
-15.971598,8,60.198737
-13.830253,8,60.214419
-64.787728,8,60.233088
-98.81072,8,60.250461
-12.759327,8,60.264465
-26.735753,8,60.287703
-95.878033,8,60.301773
-75.86624,8,60.322621
-99.974476,8,60.34162
-28.220519,8,60.355617
-26.635005,8,60.37762
-32.995185,8,60.389617
-59.391819,8,60.410406
-8.51291,8,60.429062
-62.914515,8,60.441734
-50.909628,8,60.456719
-125.151958,8,60.46904
-15.135029,8,60.484703
-40.404872,8,60.501386
-17.835435,8,60.517922
-72.135873,8,60.536021
-36.376807,8,60.547931
-94.665088,8,60.570087
-52.643921,8,60.590734
-81.509253,8,60.604383
-2.956124,8,60.625036
-88.230476,8,60.638706
-12.723641,8,60.657376
-12.767568,8,60.673374
-59.551371,8,60.683799
-5.054119,8,60.70036
-60.604096,8,60.71237
-6.708189,8,60.735779
-61.029412,8,60.758421
-78.409074,8,60.775565
-84.098967,8,60.803406
-67.523559,8,60.8171
2.585136,8,60.874122
-113.717958,8,60.901124
-104.651589,8,60.91612
-27.803346,8,60.935751
-79.373965,8,60.949752
-41.158398,8,61.177111
-240.843379,8,61.197879
1.634297,8,61.213876
-31.279423,8,61.233713
-126.503246,8,61.247725
-118.811877,8,61.26703
-65.63482,8,61.296674
-76.77724,8,61.310674
-40.815201,8,61.328758
-144.376399,8,61.344013
-67.936248,8,61.363441
-63.816204,8,61.421411
-27.886528,8,61.437415
-110.263249,8,61.458477
-63.077061,8,61.474087
-196.970203,8,61.497751
-38.279106,8,61.530522
-17.673024,8,61.552827
-87.33285,8,61.582071
-22.987987,8,61.602458
-18.320234,8,61.62012
-30.863155,8,61.643788
-4.755618,8,61.663791
-22.050533,8,61.682151
-99.99683,8,61.697753
-44.330504,8,61.719128
-184.910658,8,61.742278
-41.106867,8,61.758452
-113.81863,8,61.779454
-97.726524,8,61.794761
-37.850931,8,61.815413
-26.576548,8,61.846838
-26.114873,8,61.862908
-41.871237,8,61.881852
-24.303115,8,61.897024
-11.878252,8,61.918127
-10.9036,8,61.936872
-85.273085,8,61.955523
-57.076472,8,61.977259
-15.309639,8,61.99228
-112.60595,8,62.014883
-18.881158,8,62.037894
-4.186425,8,62.069412
-40.123319,8,62.096524
-27.068905,8,62.123172
-9.98041,8,62.142797
2.196888,8,62.16711
-3.55697,8,62.180125
-78.691746,8,62.202806
-98.268643,8,62.217052
-19.154735,8,62.235707
-69.659256,8,62.254435
-73.782041,8,62.268055
-196.803516,8,62.291802
-72.97061,8,62.305805
-16.193656,8,62.337829
-139.352015,8,62.361575
-26.375234,8,62.37608
-32.505102,8,62.400022
-4.871727,8,62.414021
1.03711,8,62.433021
-19.531046,8,62.451462
0.998942,8,62.464458
-15.604723,8,62.482143
-8.812154,8,62.49883
-77.144382,8,62.51647
-51.212705,8,62.531475
-28.486275,8,62.54485
-37.067428,8,62.569113
-72.888726,8,62.582114
-27.230575,8,62.600508
-12.709486,8,62.623178
-32.962266,8,62.637824
-166.126342,8,62.654502
-48.970487,8,62.6655
-109.032817,8,62.683853
-103.649337,8,62.702449
-42.09592,8,62.720108
-202.089967,8,62.740108
-43.117068,8,62.753484
-18.115942,8,62.771565
-92.521251,8,62.79379
-35.565973,8,62.806423
-71.027565,8,62.826067
-109.794931,8,62.84776
-7.52159,8,62.868154
-50.032241,8,62.886874
-92.515586,8,62.899873
-50.31826,8,62.917107
-5.653369,8,62.932113
-122.587618,8,62.956116
-103.376505,8,62.975776
-6.232441,8,62.990801
-59.042849,8,63.014494
-12.213497,8,63.030155
-109.180674,8,63.056774
-26.701942,8,63.076438
-124.051538,8,63.092886
-8.650045,8,63.111477
4.53628,8,63.124201
-33.302527,8,63.141829
-28.8893,8,63.163325
-13.923149,8,63.177321
-48.467638,8,63.195965
-148.9113,8,63.210474
-1.190585,8,63.233736
-29.363833,8,63.259341
-22.790253,8,63.276344
-88.237391,8,63.293773
-15.306765,8,63.307263
-63.834521,8,63.3272
-38.928436,8,63.351686
-7.060977,8,63.369695
-35.563816,8,63.392694
-11.85374,8,63.406696
-62.81765,8,63.4267
-5.534682,8,63.446698
-4.963426,8,63.462469
-73.929919,8,63.498775
-6.056867,8,63.514786
-43.424122,8,63.534884
-73.168336,8,63.554461
-50.103243,8,63.569145
-111.631559,8,63.59126
-2.921663,8,63.610255
-6.649164,8,63.63518
-5.264712,8,63.658427
-12.777562,8,63.673417
-77.33222,8,63.693871
-7.019742,8,63.707524
-5.645359,8,63.731527
-3.378737,8,63.754512
-21.693455,8,63.769128
-13.606102,8,63.789809
-70.649414,8,63.80643
-150.258009,8,63.830431
-14.163757,8,63.849479
4.386627,8,63.862756
-18.132744,8,63.887815
7.312419,8,63.907432
-66.577741,8,63.938414
-12.182886,8,63.960507
-85.274997,8,63.976145
-19.807559,8,64.004462
-31.96272,8,64.022135
-8.565702,8,64.052536
-13.62882,8,64.089489
-43.90024,8,64.10851
-2.56269,8,64.139131
-23.454186,8,64.163572
-54.73734,8,64.19337
-40.280474,8,64.221151
-19.810123,8,64.248821
0.08027,8,64.280177
-54.226341,8,64.303482
-85.195618,8,64.324167
-111.300121,8,64.351521
-54.424318,8,64.371523
-70.317878,8,64.390889
-30.4451,8,64.407114
-160.895062,8,64.434748
-53.248747,8,64.460747
-65.879603,8,64.497097
-36.012028,8,64.523351
-25.531799,8,64.545404
-93.037838,8,64.574573
-49.064879,8,64.603341
-74.093638,8,64.624628
-27.556875,8,64.648704
-22.900652,8,64.665482
-151.303854,8,64.684469
-46.11645,8,64.708714
-88.064191,8,64.725993
-31.055171,8,64.743864
-12.401387,8,64.759566
-134.390547,8,64.777019
2.998446,8,64.795919
-13.686474,8,64.809927
-103.581143,8,64.832171
-66.516376,8,64.84658
-87.763059,8,64.865219
-1.892809,8,64.891223
-102.327989,8,64.907323
-50.336213,8,64.930009
-26.892344,8,64.951167
-53.297297,8,64.96795
-27.24201,8,64.986475
-18.846232,8,64.999684
-26.390571,8,65.01996
-43.030015,8,65.039202
-159.879008,8,65.060302
-117.140327,8,65.077133
-178.458202,8,65.09246
-162.749282,8,65.117425
-22.464898,8,65.132614
-47.959565,8,65.153844
-15.713546,8,65.17696
-22.170855,8,65.189508
-143.236107,8,65.205629
-111.105319,8,65.219897
-35.057256,8,65.236196
-37.494438,8,65.253246
-0.824403,8,65.271513
-12.870248,8,65.289825
-14.589999,8,65.301068
-20.5561,8,65.321398
-55.232498,8,65.343471
-19.290348,8,65.357156
-226.775511,8,65.376243
-52.18961,8,65.395881
-21.361091,8,65.414984
-90.045619,8,65.433524
-14.247598,8,65.445704
-140.179558,8,65.462927
-9.434343,8,65.476926
-21.459201,8,65.493038
-26.524568,8,65.513643
-101.259387,8,65.528165
-114.094749,8,65.548066
-38.913865,8,65.561765
-18.657444,8,65.578168
-80.878683,8,65.594311
-0.101609,8,65.610267
-41.533754,8,65.627204
-163.22754,8,65.640089
-4.85191,8,65.655368
-73.078844,8,65.672863
-106.131327,8,65.686866
0.987329,8,65.705184
-9.841074,8,65.717655
-67.518572,8,65.743654
-14.669005,8,65.764886
-59.058771,8,65.776663
-10.002587,8,65.791914
-105.30252,8,65.803259
-8.068578,8,65.820845
-187.149559,8,65.84191
-101.483954,8,65.854453
-9.825942,8,65.871918
-47.64555,8,65.882897
-24.813579,8,65.902666
-70.58896,8,65.917868
-19.351111,8,65.932583
-7.748879,8,65.958258
-97.580541,8,65.972379
-28.301586,8,65.99038
-61.156922,8,66.008384
-116.511312,8,66.020558
-4.254046,8,66.037172
-102.12841,8,66.050676
-114.115896,8,66.067313
-66.567399,8,66.09088
-42.59953,8,66.103366
-88.021114,8,66.121116
-38.016096,8,66.132405
-30.414132,8,66.151211
-10.541426,8,66.174408
-44.825427,8,66.189414
2.355923,8,66.212141
-2.771718,8,66.224222
-46.294654,8,66.24353
-10.010509,8,66.259851
-23.2232,8,66.273955
-74.227833,8,66.284865
1.17509,8,66.307455
-100.142339,8,66.32444
-33.980582,8,66.344438
-101.262299,8,66.358451
-130.478491,8,66.384905
-10.479722,8,66.398905
-0.445462,8,66.43223
-24.490431,8,66.454882
-15.154936,8,66.468878
-277.557207,8,66.488879
-20.131924,8,66.503398
-38.566058,8,66.531036
-10.578716,8,66.561891
-3.94523,8,66.583889
-168.292533,8,66.598895
-8.470209,8,66.61156
-57.438775,8,66.632199
-59.172995,8,66.663549
-51.075939,8,66.680548
-60.674663,8,66.703591
-12.890957,8,66.719226
-5.72446,8,66.739925
-68.339036,8,66.770532
-2.938393,8,66.787877
-31.748816,8,66.809568
-7.935462,8,66.825237
-149.658994,8,66.848043
-52.518852,8,66.873109
-14.820437,8,66.893089
-4.290946,8,66.917174
-6.679299,8,66.932182
-56.672335,8,66.951539
-161.624509,8,66.978536
-6.566323,8,66.996538
-39.505455,8,67.018218
-8.144543,8,67.036883
-50.212217,8,67.054552
-5.282672,8,67.071213
-23.794054,8,67.087861
-98.479793,8,67.109865
-26.653306,8,67.128217
-74.509613,8,67.146865
-40.018198,8,67.173817
-52.542201,8,67.187353
-117.705271,8,67.212555
-161.366906,8,67.228551
-1.754619,8,67.24812
-13.115445,8,67.266461
-47.354557,8,67.283166
-171.309715,8,67.301472
-1.038604,8,67.318469
-19.524808,8,67.338876
-28.316159,8,67.356531
-46.062742,8,67.370172
-0.242966,8,67.392422
-47.898422,8,67.409607
-100.556687,8,67.430609
-136.971728,8,67.44861
-99.357818,8,67.463609
-110.10211,8,67.483883
-139.010719,8,67.497892
-40.192598,8,67.517973
-51.806032,8,67.539984
-5.896156,8,67.55454
-36.028454,8,67.573231
-6.168328,8,67.586928
-4.231877,8,67.606546
-49.176436,8,67.631264
-47.495603,8,67.649891
-35.511493,8,67.670231
-21.368843,8,67.684892
8.703917,8,67.708429
-129.231347,8,67.725292
-59.194714,8,67.739369
-166.09376,8,67.764594
-26.622515,8,67.779669
-96.591336,8,67.79892
-96.91337,8,67.820363
-130.545414,8,67.835034
-44.09462,8,67.859654
-86.879225,8,67.879349
-1.707913,8,67.899018
-12.647741,8,67.919247
-26.103203,8,67.932247
-5.544849,8,67.951635
-17.856497,8,67.967634
-10.201939,8,67.989634
-16.923802,8,68.006882
-51.074825,8,68.02133
-2.056345,8,68.042038
-32.761497,8,68.058038
-2.22814,8,68.08104
-3.563787,8,68.108688
-27.960406,8,68.123355
-65.376765,8,68.146054
-63.618623,8,68.16061
-2.240563,8,68.179884
-20.566166,8,68.1969
-2.99593,8,68.212591
-113.916225,8,68.239982
-8.805861,8,68.261712
-20.600239,8,68.294396
-23.775117,8,68.329322
-26.12572,8,68.357727
-8.200431,8,68.401051
-6.969234,8,68.426379
-9.704309,8,68.481365
-4.29087,8,68.521362
-25.756621,8,68.545083
-141.38338,8,68.577466
-62.207751,8,68.596985
-79.777997,8,68.626983
-24.588797,8,68.654649
-67.468194,8,68.679445
-11.488317,8,68.720307
-15.405013,8,68.745309
-17.062588,8,68.777405
3.466026,8,68.832434
-20.149866,8,68.854725
-44.751583,8,68.887959
-49.068738,8,68.914751
-23.592264,8,68.958
-72.953113,8,69.000902
-131.154532,8,69.035933
-71.917274,8,69.085992
-42.402509,8,69.114656
-175.581329,8,69.15865
-38.800437,8,69.193532
-19.543338,8,69.220747
-15.759912,8,69.261585
-15.331059,8,69.29494
-6.427218,8,69.324291
-13.964984,8,69.353624
-128.482274,8,69.379279
-131.448942,8,69.408617
-35.560152,8,69.430304
-97.751513,8,69.457636
-33.352719,8,69.477303
-160.290665,8,69.497937
-40.4011,8,69.520252
-43.693881,8,69.536964
-9.035076,8,69.558591
-113.710419,8,69.585921
-30.825814,8,69.60664
-41.713601,8,69.628289
-179.216027,8,69.644933
-6.295891,8,69.665602
-63.774499,8,69.687928
-42.744561,8,69.710926
-113.863578,8,69.731926
0.173628,8,69.756663
-6.556974,8,69.777974
-132.664133,8,69.793859
-26.748326,8,69.814682
-27.33071,8,69.848922
-30.570858,8,69.865662
-1.742853,8,69.887979
-44.204346,8,69.914627
-17.66366,8,69.935619
-29.609471,8,69.956655
-22.474396,8,69.97224
-22.552927,8,69.991931
-187.198098,8,70.011623
-2.621706,8,70.025731
-24.624998,8,70.050588
-95.119228,8,70.065602
0.453573,8,70.084977
-22.155542,8,70.110107
0.385178,8,70.125791
-17.553556,8,70.154807
-2.04947,8,70.171418
-49.349626,8,70.190999
-43.311394,8,70.210653
-78.820279,8,70.226273
-25.542111,8,70.247862
-34.17749,8,70.260744
-212.403124,8,70.282743
-12.163024,8,70.301871
-197.610356,8,70.318815
-10.83421,8,70.352149
-104.165458,8,70.367035
-39.023463,8,70.391688
-4.935751,8,70.413464
-30.948956,8,70.43122
-1.52933,8,70.439005
-38.956404,8,70.464313
-17.176357,8,70.485315
-126.779184,8,70.496563
-51.257967,8,70.520461
-44.799768,8,70.538319
-8.842066,8,70.554237
-73.633542,8,70.57338
-36.328741,8,70.600466
-84.537469,8,70.618824
3.967146,8,70.638011
-51.30355,8,70.654704
-20.707784,8,70.673739
-108.649585,8,70.691986
-5.175186,8,70.705984
-38.44562,8,70.729184
-19.505989,8,70.741563
-41.407183,8,70.7617
-119.87363,8,70.78027
-8.221323,8,70.793911
-72.295212,8,70.821625
-41.680882,8,70.840324
-156.390191,8,70.860607
-87.37826,8,70.877322
-91.957356,8,70.889975
-35.559072,8,70.907593
-27.111085,8,70.922585
-19.285947,8,70.95374
-47.088209,8,70.973319
-6.454736,8,70.988951
-218.705316,8,71.010545
-6.698187,8,71.029545
-101.604779,8,71.063611
-95.898499,8,71.091069
-8.582194,8,71.107648
-36.289021,8,71.135429
-16.245786,8,71.15298
-9.883697,8,71.18526
-80.136411,8,71.21664
-50.101517,8,71.238344
-9.714567,8,71.262002
-41.828852,8,71.2802
-27.467329,8,71.311338
-135.478669,8,71.331244
-47.773861,8,71.347236
-28.184221,8,71.376041
-41.846009,8,71.395859
-0.514008,8,71.415637
-12.712833,8,71.439107
-91.631019,8,71.460091
-121.678244,8,71.483281
-25.745547,8,71.499547
-42.24827,8,71.522557
-128.475098,8,71.545502
-59.594854,8,71.561648
-138.193553,8,71.582757
-46.742178,8,71.598576
-23.043816,8,71.626195
-8.672584,8,71.656849
-24.458169,8,71.671948
-30.738646,8,71.687862
-43.591218,8,71.709566
-14.192858,8,71.736026
-139.967413,8,71.754642
-33.062357,8,71.767301
2.709093,8,71.798311
-111.205278,8,71.819301
-43.799463,8,71.847981
-13.900326,8,71.873265
-2.221185,8,71.888292
-113.937847,8,71.913284
-112.314799,8,71.930317
-6.425601,8,71.954683
-71.395717,8,71.97429
-26.664669,8,71.988999
-25.170294,8,72.009006
-2.680181,8,72.024165
-71.547361,8,72.045172
-20.626082,8,72.069141
-11.897519,8,72.084939
-48.298489,8,72.104651
-144.37893,8,72.119651
-20.972837,8,72.138966
-53.584877,8,72.169451
-48.122891,8,72.187024
-5.717756,8,72.205595
-3.164446,8,72.218295
-47.559127,8,72.237295
-49.091154,8,72.255671
-43.829036,8,72.271311
-73.289174,8,72.293979
-18.526179,8,72.308623
-112.569171,8,72.328299
-33.027558,8,72.3473
-6.907096,8,72.366675
-128.465818,8,72.397965
-83.034464,8,72.412665
-56.453223,8,72.431264
-5.220171,8,72.450958
-120.609965,8,72.464956
-10.765794,8,72.485895
-78.811978,8,72.504847
-101.529663,8,72.525376
-8.142294,8,72.544374
-4.055001,8,72.558375
-45.102704,8,72.579294
-120.398382,8,72.592963
-13.591637,8,72.615656
-30.336779,8,72.637992
-191.294775,8,72.650742
-7.899898,8,72.667757
-9.718833,8,72.680749
-5.930493,8,72.701655
-2.026701,8,72.727981
-76.09496,8,72.742987
-12.041465,8,72.760645
-76.966468,8,72.774648
-34.639243,8,72.792325
-8.599209,8,72.809672
-65.634108,8,72.823102
-116.232882,8,72.849397
-16.868036,8,72.862744
-121.703328,8,72.881294
-48.199834,8,72.8973
-14.489761,8,72.911715
-43.197746,8,72.930344
-230.827435,8,72.946951
-162.545682,8,72.965603
-119.109769,8,72.982261
-87.083966,8,72.996939
-50.841992,8,73.014943
-128.935592,8,73.026943
-104.855532,8,73.044943
-32.181287,8,73.073789
-93.098307,8,73.08698
-9.987372,8,73.104701
-40.475679,8,73.119316
-4.042143,8,73.13599
-85.268916,8,73.15363
-18.926175,8,73.168362
-44.409446,8,73.187021
-60.921541,8,73.199025
-158.599547,8,73.216693
-15.201762,8,73.235279
-1.495161,8,73.247291
-30.068277,8,73.275296
-28.821642,8,73.294004
-79.27327,8,73.318627
-121.619335,8,73.339976
-67.143282,8,73.353639
-88.605512,8,73.372311
-6.994543,8,73.388963
-44.399456,8,73.40862
-136.523382,8,73.427315
-1.901226,8,73.440316
-3.042791,8,73.457865
-151.29831,8,73.471416
-100.663313,8,73.499032
-5.754573,8,73.523515
-53.667623,8,73.537495
-6.844994,8,73.555492
-124.182707,8,73.568792
-84.828968,8,73.588076
0.677737,8,73.610693
3.539028,8,73.631498
-19.259391,8,73.65741
-40.777318,8,73.671293
0.451082,8,73.689014
-129.04109,8,73.712834
-4.460297,8,73.728447
-9.874107,8,73.754708
-28.31871,8,73.767348
-79.141066,8,73.788001
-98.101458,8,73.8066
-65.40194,8,73.825326
-129.707133,8,73.845997
-13.589619,8,73.86347
3.441168,8,73.883984
-79.319934,8,73.90366
-159.63109,8,73.919318
-4.049257,8,73.943032
-27.637144,8,73.960694
-3.045466,8,73.981367
-80.247195,8,74.010058
-72.925369,8,74.028357
-33.413844,8,74.05598
-31.165209,8,74.071981
-71.384773,8,74.10154
-9.696373,8,74.122824
-23.966431,8,74.138961
-42.067602,8,74.170274
-47.017361,8,74.185116
-37.066605,8,74.207115
-10.959251,8,74.23176
-55.12859,8,74.250626
-99.197829,8,74.286037
-38.82915,8,74.303031
-50.136804,8,74.327486
-48.272752,8,74.348324
-29.519132,8,74.364703
-60.924439,8,74.388996
-4.648956,8,74.403323
-72.055226,8,74.420321
-152.891855,8,74.438943
-88.397831,8,74.452667
-53.364655,8,74.474364
-101.456892,8,74.493999
-11.376794,8,74.5144
-32.915623,8,74.541548
-51.655667,8,74.555552
-31.498545,8,74.572297
-46.538163,8,74.583943
-125.533777,8,74.605708
-68.202536,8,74.628255
-102.528267,8,74.642924
-19.441127,8,74.661796
2.051355,8,74.677318
-80.2952,8,74.695767
-79.35112,8,74.71413
-128.678126,8,74.740119
-13.492589,8,74.766124
-8.473585,8,74.782394
-13.071267,8,74.803722
-283.846669,8,74.822406
-22.022508,8,74.840028
-19.692703,8,74.86003
-17.452125,8,74.874374
-79.824418,8,74.893078
0.556763,8,74.913762
-110.280144,8,74.928408
-100.738139,8,74.952799
-22.541057,8,74.9688
-36.685274,8,74.988352
-81.77127,8,75.013012
-126.729464,8,75.027281
-62.643165,8,75.052928
-24.471757,8,75.065015
-13.702905,8,75.085079
-44.83186,8,75.103777
-99.733675,8,75.117319
-17.442171,8,75.138105
-119.501253,8,75.152686
-24.085303,8,75.178362
-38.286549,8,75.198362
-63.588125,8,75.213015
-57.497779,8,75.23802
-3.39472,8,75.251433
-112.478866,8,75.273656
-19.495616,8,75.292661
-9.898616,8,75.306931
-9.899834,8,75.326337
-122.555885,8,75.342011
-36.635958,8,75.36068
-182.931743,8,75.388343
-74.229247,8,75.405342
-19.697579,8,75.424637
5.875791,8,75.439005
-109.182752,8,75.459339
-30.944911,8,75.482334
-131.950221,8,75.494025
-40.318138,8,75.517845
-17.993622,8,75.534427
-23.915865,8,75.557703
-22.135273,8,75.582367
-254.910909,8,75.602368
-25.811135,8,75.632386
-51.361942,8,75.652702
3.372661,8,75.676348
-106.889654,8,75.696052
1.168597,8,75.715672
-27.838062,8,75.742032
-23.628254,8,75.756684
-3.645184,8,75.778371
-0.979988,8,75.79805
-102.622203,8,75.813705
-48.997383,8,75.840009
-43.419101,8,75.856665
-104.212626,8,75.876338
-18.988814,8,75.897088
-60.307864,8,75.911708
-120.34909,8,75.93601
-35.434225,8,75.955673
-36.812231,8,75.982438
-0.510358,8,76.013727
-59.142002,8,76.031384
-9.218315,8,76.061529
-23.399781,8,76.078528
-132.958504,8,76.103727
-68.748995,8,76.124389
-24.293118,8,76.141391
-112.570951,8,76.165389
-54.575164,8,76.179925
-3.586476,8,76.201765
-113.390094,8,76.222354
-80.886527,8,76.240058
-86.695489,8,76.268598
1.533259,8,76.283591
-31.71415,8,76.30202
5.850992,8,76.321522
-135.065877,8,76.335075
-51.65867,8,76.355687
-18.840869,8,76.376687
-120.57593,8,76.402669
-22.027219,8,76.420317
-83.601478,8,76.433867
-152.293927,8,76.453727
-10.189043,8,76.468398
-22.959958,8,76.498398
-1.591939,8,76.525406
-16.58894,8,76.543041
-53.727278,8,76.563714
-1.696057,8,76.586716
-40.539144,8,76.618427
-1.678339,8,76.646075
9.147007,8,76.666743
-13.853228,8,76.692072
-97.176747,8,76.717419
-20.172174,8,76.744073
2.367115,8,76.771403
-55.988906,8,76.792402
-25.767456,8,76.825384
-74.553798,8,76.842047
-0.265986,8,76.862692
-44.161553,8,76.884044
-1.568434,8,76.901743
-107.278143,8,76.922746
-49.936289,8,76.944312
-168.680748,8,76.968405
-32.569676,8,76.993161
-52.338785,8,77.006718
-99.906681,8,77.022428
-6.801484,8,77.042072
-1.606771,8,77.06177
-22.525078,8,77.087071
-11.655143,8,77.103072
-30.242866,8,77.125067
2.461767,8,77.140072
-17.242442,8,77.164733
0.15498,8,77.185496
-185.352685,8,77.199494
-5.202528,8,77.220425
-30.399269,8,77.234074
-27.067802,8,77.254087
-10.029875,8,77.278482
-119.847095,8,77.298029
-22.566007,8,77.323972
-68.775463,8,77.336953
-54.33285,8,77.352957
-43.496079,8,77.372394
-13.044725,8,77.385039
-19.515313,8,77.405727
-43.155085,8,77.423415
-116.225469,8,77.449115
-49.381514,8,77.474735
-29.578873,8,77.498114
-41.418791,8,77.524451
-147.494702,8,77.540068
-39.66706,8,77.562747
-110.953408,8,77.598746
-10.223593,8,77.617867
-24.593367,8,77.638078
-6.032972,8,77.653759
-16.297953,8,77.675412
-84.630187,8,77.700966
-17.700046,8,77.715976
-7.770663,8,77.736077
-62.446807,8,77.75183
-43.184286,8,77.772005
-17.375212,8,77.792008
-14.770473,8,77.816746
-137.941859,8,77.843182
-39.335608,8,77.857877
-38.226576,8,77.879421
-109.472229,8,77.900053
1.283615,8,77.918583
-58.343073,8,77.939058
-6.666937,8,77.95485
-20.358084,8,77.973511
-14.942972,8,77.991107
-15.498111,8,78.005748
-40.420059,8,78.027749
-71.083533,8,78.043078
-22.041071,8,78.061751
-71.332822,8,78.090479
-41.387553,8,78.106481
-4.534435,8,78.130476
-18.847932,8,78.147089
-39.356276,8,78.166772
-44.729909,8,78.186061
-25.459308,8,78.199059
-42.201456,8,78.21771
-22.596032,8,78.233711
-29.2988,8,78.260755
-27.176975,8,78.280386
-18.702452,8,78.296131
-7.739074,8,78.323412
-24.533158,8,78.340415
-13.210577,8,78.37546
-16.246736,8,78.401746
-88.652591,8,78.418406
-67.366649,8,78.443122
-23.437579,8,78.471446
-76.949244,8,78.495123
-23.716049,8,78.529472
-6.001047,8,78.569189
-8.2333,8,78.60819
-17.557037,8,78.632804
-137.367724,8,78.668489
-66.165194,8,78.710314
3.735324,8,78.731877
-60.762832,8,78.75576
-68.559545,8,78.779849
-67.670518,8,78.812835
-68.870905,8,78.837643
-26.706143,8,78.856819
-40.267096,8,78.877484
-17.261825,8,78.905816
-85.044638,8,78.929762
-46.3789,8,78.955123
-1.631152,8,78.973484
-0.408379,8,79.092465
-71.163622,8,79.113466
-22.893548,8,79.144149
-44.008575,8,79.170471
-97.447457,8,79.194149
-30.438107,8,79.215783
-0.891584,8,79.238464
-98.975939,8,79.259789
-40.017156,8,79.279442
-27.019198,8,79.302788
-45.597808,8,79.325789
-156.545054,8,79.345108
-61.120267,8,79.379383
-20.39731,8,79.412877
-4.863103,8,79.428577
-30.634129,8,79.448578
-115.453719,8,79.463199
-11.282277,8,79.484117
-64.272974,8,79.511772
-150.545551,8,79.529507
-17.070349,8,79.588152
-250.581071,8,79.621148
0.925859,8,79.647154
-51.268139,8,79.680786
-22.106767,8,79.704841
3.052407,8,79.756892
-27.706462,8,79.779727
-111.124737,8,79.810814
-22.056019,8,79.849044
-22.202661,8,79.872067
-24.848252,8,79.897152
-115.995843,8,79.913831
-55.806786,8,79.939164
-20.929541,8,79.972822
-198.424677,8,79.995824
-74.281617,8,80.026511
-46.103384,8,80.048174
-11.816656,8,80.085511
-154.717378,8,80.123496
-16.911082,8,80.140153
-88.508336,8,80.173946
-128.505154,8,80.194176
-64.793633,8,80.223826
6.099913,8,80.252809
-24.515672,8,80.27546
-134.871223,8,80.312136
-27.291618,8,80.334166
-38.566456,8,80.360838
-77.667137,8,80.382474
1.826912,8,80.409802
-49.344061,8,80.43741
-58.447563,8,80.455826
-87.401038,8,80.525976
-42.243719,8,80.54915
-21.930114,8,80.569532
-23.67149,8,80.590208
-125.845246,8,80.6048
-3.588196,8,80.631971
-66.824094,8,80.65431
1.099945,8,80.675453
-26.781944,8,80.696119
-44.755528,8,80.710739
-149.582106,8,80.737436
-3.432137,8,80.762243
-23.316258,8,80.77949
-67.071842,8,80.801816
8.265202,8,80.816821
-25.609354,8,80.852441
-129.111533,8,80.874961
-70.382546,8,80.892189
-39.177086,8,80.912836
10.340386,8,80.928504
-53.851001,8,80.95126
-66.180187,8,80.978789
-32.951409,8,80.994145
-138.187428,8,81.023498
1.352061,8,81.038184
-4.214397,8,81.05889
-12.243888,8,81.08989
-113.368814,8,81.107889
-122.84998,8,81.132892
-23.29376,8,81.152283
-37.240101,8,81.174651
-40.046944,8,81.206114
-56.614749,8,81.222646
-30.937339,8,81.247613
-83.918708,8,81.26494
-6.796304,8,81.292782
-124.469144,8,81.327923
-53.483865,8,81.34902
-25.075693,8,81.375851
-8.035997,8,81.392252
-123.761352,8,81.413251
-51.156579,8,81.442335
-7.9622,8,81.463164
-24.891654,8,81.492805
-33.599574,8,81.512595
-87.823568,8,81.546357
-87.247956,8,81.572954
-25.612716,8,81.591771
-73.04808,8,81.628769
-34.941474,8,81.660037
-36.388537,8,81.694396
-28.34394,8,81.721651
-3.741194,8,81.74032
-4.797591,8,81.770672
-101.520494,8,81.790266
-40.133129,8,81.81401
-16.661061,8,81.840156
-108.725004,8,81.86535
-15.977141,8,81.89629
-36.773149,8,81.912968
-110.78953,8,81.948298
-3.829682,8,82.007013
-39.907248,8,82.025654
-36.753189,8,82.059311
4.256533,8,82.084198
-21.166372,8,82.121883
-55.113037,8,82.147664
-26.947032,8,82.170686
-81.61824,8,82.1943
-0.101389,8,82.211019
-124.432123,8,82.254783
-26.331239,8,82.311985
-206.693868,8,82.334196
-18.919498,8,82.358855
-70.361563,8,82.376551
-16.367069,8,82.398176
3.744302,8,82.420552
-29.133922,8,82.445271
-23.703511,8,82.468439
-4.165214,8,82.484439
-3.443558,8,82.502446
4.674157,8,82.534295
-16.783754,8,82.549414
-21.482685,8,82.575076
-43.017276,8,82.590307
-97.044722,8,82.611314
-7.061521,8,82.636316
-27.153976,8,82.652094
4.249753,8,82.676579
-106.618905,8,82.69037
0.597072,8,82.711372
-27.3241,8,82.728372
-29.229847,8,82.744308
-116.888247,8,82.761936
-4.107,8,82.775647
-81.570052,8,82.798702
-35.381523,8,82.821913
-10.082724,8,82.838224
-49.675508,8,82.868599
-64.126852,8,82.884145
-11.051471,8,82.909957
-8.405694,8,82.931435
-93.055237,8,82.946444
-130.323439,8,82.966023
-104.238062,8,82.980611
-3.055539,8,82.999332
-17.88449,8,83.022589
-109.256928,8,83.036751
-26.439674,8,83.057212
-2.909333,8,83.070651
-121.635977,8,83.092292
3.43508,8,83.127637
-27.910609,8,83.151639
-17.905415,8,83.189332
-2.111248,8,83.231725
-58.144595,8,83.27748
-54.122771,8,83.297212
-192.646977,8,83.314934
-26.218387,8,83.335215
-72.886618,8,83.349216
-13.12166,8,83.378211
-46.921068,8,83.399197
-45.104892,8,83.418553
-171.699213,8,83.449383
-22.618823,8,83.469905
-96.382285,8,83.491901
-14.650606,8,83.51175
-45.415656,8,83.527457
-70.854405,8,83.547196
-9.634109,8,83.560825
-31.064183,8,83.589732
-68.678999,8,83.617215
3.438914,8,83.6344
-58.81455,8,83.658407
-104.572347,8,83.674124
-68.158668,8,83.735332
-66.450942,8,83.766075
-98.629729,8,83.786074
-26.403448,8,83.807073
-63.43216,8,83.826627
-35.692735,8,83.848423
-33.620314,8,83.86942
-95.516701,8,83.884421
-30.254406,8,83.905925
-125.048786,8,83.920926
-4.888959,8,83.946921
-38.31009,8,83.968683
-53.800198,8,83.983805
-66.17756,8,84.013814
-69.842177,8,84.029815
-125.832576,8,84.059317
-189.89981,8,84.082629
-12.18287,8,84.099951
-45.848763,8,84.127008
-43.843544,8,84.154007
-111.771743,8,84.195515
-71.338447,8,84.228485
-54.763117,8,84.257422
-120.318168,8,84.300792
-54.898892,8,84.322511
-115.587551,8,84.353513
-37.855743,8,84.390233
-92.254723,8,84.413821
-38.566279,8,84.440501
-34.759275,8,84.460913
-36.869865,8,84.4842
-1.137353,8,84.511928
-105.088236,8,84.528564
-80.757608,8,84.550028
-53.791124,8,84.56577
-13.044459,8,84.596687
-42.974443,8,84.625484
-32.292805,8,84.641449
-77.007294,8,84.667997
-6.780742,8,84.684147
-0.073829,8,84.712627
0.999527,8,84.734075
-17.233952,8,84.751867
-84.628236,8,84.772758
-6.993876,8,84.78677
-121.092519,8,84.806375
-40.732289,8,84.834179
-34.644671,8,84.853905
-2.77203,8,84.875719
-8.562106,8,84.89434
-29.232214,8,84.921649
-17.342344,8,84.949855
-30.301439,8,84.963077
-23.534641,8,84.982406
-66.012724,8,84.998343
8.393307,8,85.018662
-117.557896,8,85.041742
-38.826238,8,85.057774
-22.05399,8,85.075735
-3.563477,8,85.09278
-7.085687,8,85.112506
-4.704366,8,85.134359
-13.801848,8,85.153762
-11.019354,8,85.181626
-134.829623,8,85.196625
-12.659662,8,85.217626
-62.500546,8,85.239111
-43.184554,8,85.257379
1.443799,8,85.277525
-2.200176,8,85.29343
-7.661741,8,85.310909
-13.024363,8,85.330792
-51.607241,8,85.345773
-65.243636,8,85.366549
-48.469364,8,85.387587
-75.109506,8,85.407749
-54.611004,8,85.432327
-46.090462,8,85.451369
-87.205272,8,85.470801
-26.205902,8,85.488944
-79.368707,8,85.604007
-76.214485,8,85.625736
-23.645775,8,85.644496
-56.493754,8,85.674617
-2.436806,8,85.692496
-1.069786,8,85.723713
-26.626101,8,85.748013
-72.884355,8,85.767044
-4.717197,8,85.796445
-30.913439,8,85.827615
-71.534993,8,85.857834
-4.612143,8,85.882789
-128.052452,8,85.899418
-59.616003,8,85.925007
-33.596071,8,85.946385
-69.537385,8,85.970729
-83.392738,8,85.994679
-37.91997,8,86.013028
-77.591813,8,86.046192
-77.379656,8,86.065485
-114.65202,8,86.089483
-9.587374,8,86.121539
-88.071303,8,86.138536
-17.434835,8,86.167737
-17.966484,8,86.186388
-62.640008,8,86.211936
-0.389877,8,86.236403
-110.553035,8,86.259382
-68.721687,8,86.288699
-63.865429,8,86.307576
-107.506275,8,86.329894
-42.38168,8,86.349894
-62.704607,8,86.368625
-24.648517,8,86.395979
-65.180099,8,86.411364
-23.332512,8,86.43271
-77.212798,8,86.452007
-66.955174,8,86.466006
-23.941221,8,86.488248
-55.25904,8,86.509846
-45.993705,8,86.529848
-57.317459,8,86.551391
-116.745611,8,86.569671
-5.904917,8,86.592861
-151.382342,8,86.612527
-97.568016,8,86.642271
-74.782513,8,86.675387
-20.157388,8,86.69539
-93.799328,8,86.718774
-86.171986,8,86.739667
-25.357003,8,86.773663
-20.231248,8,86.800006
-80.278644,8,86.823879
-53.897409,8,86.852616
2.408032,8,86.879477
-74.284796,8,86.909471
-128.610763,8,86.941266
-75.248018,8,86.964902
-37.354645,8,87.004114
-1.011165,8,87.024694
-87.079783,8,87.050882
-4.137978,8,87.075148
-141.126028,8,87.096506
-60.870674,8,87.117203
2.627086,8,87.136759
-43.431601,8,87.157592
-82.966759,8,87.177685
-14.668091,8,87.192684
-22.681673,8,87.217653
-71.123634,8,87.232023
3.940471,8,87.252081
-19.444167,8,87.282376
-0.151223,8,87.301696
-24.038646,8,87.325565
-0.599584,8,87.339566
-127.449651,8,87.358442
-0.692432,8,87.377856
-12.082807,8,87.393696
-3.506723,8,87.412538
-93.572487,8,87.426585
-39.34686,8,87.449214
-0.499676,8,87.528665
-49.0576,8,87.576273
-164.882619,8,87.600504
-1.997414,8,87.615506
-98.018637,8,87.636398
-42.168078,8,87.661658
-231.694265,8,87.67879
-95.344473,8,87.696799
-23.675405,8,87.708798
-0.92996,8,87.725899
-55.855201,8,87.741032
-36.037164,8,87.75458
-77.892106,8,87.776062
-7.983326,8,87.789653
-80.017568,8,87.809164
-21.15017,8,87.830166
-26.734945,8,87.842343
4.316531,8,87.860186
-43.956696,8,87.872629
-7.227101,8,87.895255
-108.72816,8,87.916531
-59.46385,8,87.932388
-105.539539,8,87.951573
-39.663962,8,87.965768
-74.399072,8,87.984867
-150.175172,8,88.001157
-50.727273,8,88.01785
-5.192149,8,88.039677
-54.701501,8,88.051677
-29.801562,8,88.068769
-79.837683,8,88.084103
-9.039375,8,88.095902
0.239363,8,88.111457
-7.049396,8,88.125525
-1.600288,8,88.141179
-6.270144,8,88.156545
-29.585735,8,88.169448
-105.572601,8,88.184452
-137.548496,8,88.196545
-117.612301,8,88.211933
0.42702,8,88.23285
-52.930663,8,88.248737
-132.844676,8,88.265743
-10.058407,8,88.278032
-42.523033,8,88.293391
-55.044904,8,88.308761
-2.881948,8,88.321185
2.96816,8,88.336511
-20.850985,8,88.34732
-64.529256,8,88.366241
-79.03625,8,88.381761
-27.727068,8,88.393445
-135.168006,8,88.412735
-54.053047,8,88.426182
-59.931751,8,88.441111
-57.502245,8,88.455566
-55.108327,8,88.465945
-21.491562,8,88.484668
-21.758161,8,88.496767
-23.421965,8,88.511569
-65.285341,8,88.527939
5.890746,8,88.540236
-137.352136,8,88.556074
-21.319114,8,88.567075
-0.707055,8,88.583075
-52.82634,8,88.606499
-180.203583,8,88.617724
-3.236384,8,88.632962
-38.856207,8,88.647104
-15.804044,8,88.66259
-144.295088,8,88.676954
-5.619006,8,88.688473
-8.686222,8,88.70768
-16.447518,8,88.718681
-2.698132,8,88.733696
-67.53435,8,88.749447
-6.733704,8,88.763723
-4.715971,8,88.788357
-3.847431,8,88.798565
-38.463791,8,88.813576
7.838116,8,88.833063
-6.2449,8,88.838143
-22.30248,8,88.852503
-4.606208,8,88.871245
-21.399962,8,88.88399
-23.130522,8,88.899822
1.444638,8,88.912597
-154.008105,8,88.915604
-22.201357,8,88.947074
-97.062586,8,88.953127
-50.452335,8,88.982694
-68.134232,8,88.995586
-89.309998,8,89.011082
-50.349897,8,89.022108
-99.733497,8,89.033724
-50.720554,8,89.047481
-10.806043,8,89.073466
-24.223738,8,89.093776
5.304523,8,89.107477
-12.055977,8,89.123145
-84.073375,8,89.135165
1.655696,8,89.157036
-13.073274,8,89.186142
4.8062,8,89.204509
-72.310498,8,89.225884
-61.34541,8,89.246593
2.638351,8,89.261204
-42.33697,8,89.289691
-32.099139,8,89.308444
-8.092274,8,89.327744
-27.126338,8,89.346938
-21.895383,8,89.36286
-12.72237,8,89.381814
-161.153467,8,89.399529
-22.192211,8,89.417591
-88.488943,8,89.446046
-19.130844,8,89.458416
-46.855859,8,89.475514
-102.836028,8,89.489614
-5.338724,8,89.508128
-172.148323,8,89.527367
1.606645,8,89.538988
-22.530044,8,89.557163
-17.443016,8,89.569983
-156.480467,8,89.589288
-68.310414,8,89.606706
-26.521564,8,89.62212
-144.026707,8,89.642844
-17.82256,8,89.655845
-54.621329,8,89.673073
-22.08105,8,89.673073
-55.360322,8,89.689182
-79.161093,8,89.705164
-131.579501,8,89.730364
-22.56883,8,89.745537
-25.944463,8,89.761521
-5.696839,8,89.773733
-6.398139,8,89.781724
-166.527205,8,89.800128
-4.010085,8,89.821314
-24.930465,8,89.844601
-40.474122,8,89.855968
-40.157732,8,89.872138
-26.698499,8,89.883143
-56.260527,8,89.886807
-88.248532,8,89.89995
-7.532037,8,89.9159
-6.765976,8,89.937641
-11.963939,8,89.949686
-33.281679,8,89.965753
-31.031094,8,89.986713
3.079194,8,90.003306
-33.386189,8,90.024903
-10.986766,8,90.0358
-9.002103,8,90.053018
-25.148746,8,90.053018
9.436333,8,90.06655
-47.639921,8,90.090638
-126.756839,8,90.101704
-121.614117,8,90.109721
-119.992549,8,90.130557
-8.401853,8,90.136106
0.272025,8,90.162429
-19.497987,8,90.17602
-20.112788,8,90.19021
-2.028445,8,90.211279
-49.805299,8,90.221484
-22.854037,8,90.234484
-12.105447,8,90.235487
0.076665,8,90.257336
-66.089791,8,90.271744
-90.435595,8,90.287032
-58.855995,8,90.304205
-67.796689,8,90.314239
-14.839939,8,90.329271
-33.970635,8,90.34936
-103.360607,8,90.361232
-30.58312,8,90.381243
-107.097683,8,90.393725
-110.903437,8,90.412399
-61.526903,8,90.430004
-24.470395,8,90.438021
-5.638464,8,90.455706
-6.088199,8,90.467468
-15.639372,8,90.479536
-15.853894,8,90.48715
1.13827,8,90.507682
-104.68187,8,90.520375
-0.318449,8,90.539535
-73.500361,8,90.547534
-29.653905,8,90.573073
-146.577652,8,90.583107
-19.156093,8,90.599069
-120.893655,8,90.610322
-48.721297,8,90.628991
-49.404358,8,90.644075
1.319789,8,90.656079
-62.914196,8,90.671123
1.715645,8,90.680123
-83.821614,8,90.694602
-25.492733,8,90.708692
-4.931289,8,90.72448
-1.376895,8,90.744622
-70.662638,8,90.757758
-7.435537,8,90.772201
-192.420612,8,90.788255
-43.453989,8,90.79803
-85.480912,8,90.814049
-75.858157,8,90.826086
-23.187111,8,90.839873
-73.949447,8,90.85636
-51.219126,8,90.868531
-83.738657,8,90.883184
-26.041106,8,90.893221
-30.679097,8,90.909286
-63.627353,8,90.927166
-85.911693,8,90.938951
-16.893865,8,90.954746
-32.934695,8,90.968959
-58.298764,8,90.983959
-10.101466,8,90.997814
-62.449043,8,91.010848
-108.997095,8,91.026641
-23.667907,8,91.036562
-22.096342,8,91.052362
-33.889056,8,91.068166
-147.020865,8,91.079663
-129.145322,8,91.094902
-119.291627,8,91.108304
-65.297375,8,91.122339
-7.996678,8,91.13814
-24.043777,8,91.145906
-172.125673,8,91.157748
-92.495373,8,91.16636
-3.805613,8,91.183895
-46.336881,8,91.200677
-21.735388,8,91.211789
-123.801867,8,91.224787
-81.741529,8,91.235785
-10.33381,8,91.250787
-125.501022,8,91.269759
-118.56903,8,91.281799
-28.778708,8,91.298772
-152.925872,8,91.311141
-41.757172,8,91.325103
-147.560865,8,91.339869
-133.40777,8,91.349901
-127.287952,8,91.36438
-32.881995,8,91.374288
-28.201551,8,91.390378
-5.100311,8,91.407217
-50.382188,8,91.419398
7.678069,8,91.43803
-215.125179,8,91.448968
-2.189444,8,91.463247
-33.59421,8,91.477632
-14.931419,8,91.489751
-5.878184,8,91.504041
-29.619268,8,91.515297
-18.822369,8,91.535385
-28.780597,8,91.550821
-38.6665,8,91.563347
-51.462472,8,91.579135
-83.60019,8,91.588912
-0.002521,8,91.610715
-79.244835,8,91.637755
-112.865615,8,91.641755
-35.915236,8,91.665719
-13.130223,8,91.678848
1.855491,8,91.692945
-38.500201,8,91.70858
-63.379512,8,91.723067
-3.802345,8,91.742209
-11.441287,8,91.761209
6.990266,8,91.783325
-7.412076,8,91.807162
-86.987323,8,91.821334
-10.324909,8,91.843136
6.427339,8,91.856223
-12.292398,8,91.860229
-32.169644,8,91.892045
-35.053403,8,91.892045
-21.36136,8,91.907868
-65.150223,8,91.923693
-143.364412,8,91.939787
-32.904586,8,91.961054
-46.504151,8,91.970054
-47.185148,8,91.990953
-17.504677,8,92.000707
-129.133582,8,92.016774
-63.645958,8,92.040267
2.161482,8,92.052827
-18.195219,8,92.071827
-71.930096,8,92.078828
-19.357687,8,92.104149
-131.739313,8,92.118203
-134.446176,8,92.130688
-5.050198,8,92.149315
-86.872099,8,92.163379
-13.195724,8,92.180584
-59.631485,8,92.188568
-112.26551,8,92.214355
-69.443473,8,92.237936
-26.307051,8,92.239945
-65.519038,8,92.270178
1.851656,8,92.286182
-119.726496,8,92.296182
-31.997405,8,92.309925
-14.783618,8,92.318877
-50.634898,8,92.337871
-65.108601,8,92.355308
-17.037128,8,92.368609
-5.540356,8,92.368609
-25.223298,8,92.393066
-44.602572,8,92.402009
-101.736987,8,92.4342
-107.772956,8,92.448153
-156.339747,8,92.463999
-87.552275,8,92.476066
-1.709684,8,92.487164
-6.927639,8,92.503649
-9.306366,8,92.519257
-3.268374,8,92.535343
-20.434319,8,92.541555
-4.4572,8,92.566826
-31.162687,8,92.580645
-62.451874,8,92.599716
-26.053828,8,92.610314
-81.713835,8,92.62959
-68.40465,8,92.647357
-3.242251,8,92.663131
-65.054963,8,92.674911
0.279317,8,92.690297
7.351837,8,92.699301
-58.318251,8,92.712296
-33.112351,8,92.724638
-38.719868,8,92.736425
-25.927741,8,92.758538
-136.717304,8,92.771713
-55.859699,8,92.786714
-64.906666,8,92.808467
-74.990985,8,92.819717
3.189912,8,92.834254
-7.797144,8,92.8464
-0.560596,8,92.861456
-135.906238,8,92.879572
-94.468827,8,92.890632
-58.282505,8,92.904496
-7.182087,8,92.916542
-3.525952,8,92.934526
-129.948756,8,92.949907
-51.889324,8,92.961145
-25.081255,8,92.982263
-20.594781,8,92.996319
-109.23817,8,93.01147
-51.684078,8,93.027064
-117.870849,8,93.039353
-38.56493,8,93.052993
-65.455739,8,93.06302
-119.700241,8,93.081235
-70.031399,8,93.096486
-93.1479,8,93.100231
-80.792898,8,93.115961
-102.433387,8,93.133454
-59.267177,8,93.149454
-96.92355,8,93.157475
-47.458123,8,93.17349
-5.869986,8,93.191604
-42.497347,8,93.205771
-183.57561,8,93.221978
-30.48549,8,93.239867
-112.606134,8,93.241874
-16.128008,8,93.261787
1.026844,8,93.27098
-10.163601,8,93.28525
-56.191232,8,93.298594
-42.13663,8,93.31401
-80.739354,8,93.333416
-36.837685,8,93.346758
-49.908126,8,93.362258
-29.67445,8,93.376258
-6.007161,8,93.387419
-27.92087,8,93.401195
-34.439542,8,93.412537
-11.527259,8,93.431474
-18.117479,8,93.445938
-64.599035,8,93.457981
-110.483357,8,93.471805
-38.841987,8,93.483904
-14.729536,8,93.502559
-26.452124,8,93.52088
-20.500013,8,93.532613
-16.669198,8,93.549294
-16.784243,8,93.552559
-50.52976,8,93.577728
-134.397642,8,93.591819
-50.200739,8,93.59482
-120.388066,8,93.610842
-67.814067,8,93.626858
-109.838289,8,93.626858
-27.253877,8,93.658881
-13.05933,8,93.664895
-44.97266,8,93.68392
-48.88426,8,93.695957
-168.507816,8,93.703954
-15.02961,8,93.721798
-10.455595,8,93.731835
8.722105,8,93.735591
5.403128,8,93.757041
-69.578753,8,93.772601
-38.601855,8,93.787821
-0.155961,8,93.797821
-136.908604,8,93.813091
-77.976897,8,93.813091
2.216501,8,93.840188
-58.223744,8,93.865693
-17.770187,8,93.881077
-9.495654,8,93.896081
-8.123814,8,93.910068
-3.308212,8,93.92305
-34.525705,8,93.941063
8.150432,8,93.953242
-6.636965,8,93.969028
-13.370036,8,93.983942
-42.151006,8,93.990648
-60.61393,8,94.023613
-153.128748,8,94.037447
-7.371235,8,94.059577
-30.970077,8,94.071891
-121.400811,8,94.094074
-52.666127,8,94.107333
-56.21982,8,94.130587
1.986929,8,94.152564
-3.684781,8,94.15743
-133.032553,8,94.175223
-65.623811,8,94.206655
-57.642483,8,94.220418
-0.357828,8,94.220418
2.625144,8,94.248464
-21.305057,8,94.250465
-26.262564,8,94.289001
-37.783669,8,94.302048
-2.284668,8,94.320661
-8.306262,8,94.335461
-1.865405,8,94.354189
-104.592443,8,94.368798
-105.449118,8,94.368798
-55.643809,8,94.39818
4.320656,8,94.41018
-91.912529,8,94.427436
-4.326412,8,94.442816
-92.75873,8,94.457176
-13.814692,8,94.469184
-12.425297,8,94.488033
-39.403925,8,94.503748
-43.20397,8,94.519303
-38.410085,8,94.523145
-50.041532,8,94.548606
-83.308837,8,94.561697
-111.742365,8,94.563704
-160.068286,8,94.590277
-252.278369,8,94.603305
-30.184792,8,94.620733
-90.054302,8,94.632733
-63.894507,8,94.648844
-146.553115,8,94.666615
-84.306583,8,94.669311
-160.800755,8,94.684452
1.226151,8,94.698422
-35.176537,8,94.7198
-27.593829,8,94.73356
-40.374179,8,94.749249
-132.025529,8,94.76434
-109.577119,8,94.773539
-139.885379,8,94.788718
-214.709163,8,94.80379
-95.786181,8,94.81279
-32.705227,8,94.83448
-19.723974,8,94.844332
-117.530179,8,94.864478
-24.41366,8,94.876706
-45.371855,8,94.88772
-32.642537,8,94.901709
-24.40999,8,94.914735
6.510685,8,94.934187
-70.242014,8,94.9491
-0.732491,8,94.950987
-9.289275,8,94.969298
-29.434474,8,94.984065
-48.100393,8,94.998167
-126.437838,8,95.018298
-24.046323,8,95.032495
-50.570858,8,95.048418
-14.668503,8,95.048418
-93.145758,8,95.064443
-76.206857,8,95.098137
-98.017744,8,95.110229
-41.342245,8,95.12721
-59.581942,8,95.139993
-23.90734,8,95.152946
-9.428895,8,95.167054
-116.10367,8,95.167054
0.279009,8,95.207392
-33.212593,8,95.218396
-32.446682,8,95.23239
1.264998,8,95.245726
-75.28093,8,95.255386
-88.73415,8,95.269131
-2.33227,8,95.270193
-32.518737,8,95.289552
-3.268441,8,95.312144
-13.766092,8,95.324327
-16.270042,8,95.336895
-25.076101,8,95.336895
-53.905943,8,95.368118
-12.559941,8,95.387887
-118.611063,8,95.401939
-48.615166,8,95.420408
-40.231854,8,95.420408
-28.119617,8,95.436198
-16.926305,8,95.462369
-20.786296,8,95.47442
0.785358,8,95.486988
-147.572343,8,95.486988
-6.986579,8,95.503848
-57.488953,8,95.530399
4.820914,8,95.541554
-45.011602,8,95.558954
-59.122779,8,95.57101
-99.085772,8,95.579049
-16.600146,8,95.594795
-116.349509,8,95.605323
-27.208419,8,95.62022
-87.701236,8,95.621203
-147.529465,8,95.638841
-10.69028,8,95.653516
-4.16258,8,95.677357
-5.773804,8,95.688405
-186.876676,8,95.702456
-75.215935,8,95.718268
-2.771819,8,95.740133
-114.545717,8,95.756125
-44.266447,8,95.774291
5.947125,8,95.786289
-75.632754,8,95.80129
-66.066733,8,95.814309
-7.626154,8,95.827338
-86.304518,8,95.846149
-86.176396,8,95.85331
-1.057521,8,95.895911
-20.879127,8,95.907825
-138.850341,8,95.923892
-87.4644,8,95.939894
-80.630941,8,95.957845
-133.061839,8,95.978635
-5.484104,8,95.998722
-80.318834,8,96.009216
-40.145336,8,96.023627
-116.418233,8,96.033161
-25.642649,8,96.049051
-32.163829,8,96.049051
-61.791748,8,96.065216
-126.626144,8,96.088302
-34.084606,8,96.094302
-23.768046,8,96.116155
-114.088952,8,96.138507
-86.971088,8,96.145519
-24.478987,8,96.164459
-35.954333,8,96.180632
-50.291327,8,96.199632
-50.638234,8,96.211106
-136.064221,8,96.219331
-0.396831,8,96.251183
-46.340779,8,96.253802
-0.426159,8,96.282497
-6.398153,8,96.308161
-54.812168,8,96.327364
-46.023711,8,96.355304
-13.272051,8,96.376178
-13.761096,8,96.395142
-71.166197,8,96.414138
-33.177284,8,96.428626
-8.305523,8,96.45575
-185.018008,8,96.471461
-30.753696,8,96.497125
-14.598106,8,96.517088
-15.949485,8,96.533085
-106.720935,8,96.554955
-34.41103,8,96.57391
-90.569747,8,96.595985
-50.073416,8,96.623666
-194.970799,8,96.636808
0.910497,8,96.654654
-88.407604,8,96.698764
-61.163111,8,96.721437
-22.509283,8,96.740651
-20.358139,8,96.752713
-110.136447,8,96.766541
-41.139561,8,96.784554
-39.535007,8,96.804887
-143.472333,8,96.813886
-20.617745,8,96.829661
-2.833952,8,96.849796
0.66789,8,96.861632
-14.578956,8,96.881321
-9.391233,8,96.895874
-27.257664,8,96.909374
-16.147897,8,96.922875
-119.480098,8,96.938894
-16.254273,8,96.952868
-18.69308,8,96.969686
-101.543931,8,96.979688
-24.067958,8,96.997769
-59.728449,8,97.008512
-35.383805,8,97.025125
0.269402,8,97.046071
-83.097772,8,97.057202
-85.592465,8,97.072201
6.167716,8,97.082574
-28.418108,8,97.100134
-108.951575,8,97.113433
2.350674,8,97.118517
-37.232601,8,97.143676
-25.239922,8,97.145684
-22.55364,8,97.17416
-64.271039,8,97.188024
-116.011104,8,97.206146
-74.314941,8,97.22692
-2.584707,8,97.237633
-0.892613,8,97.261991
0.965339,8,97.261991
-41.90974,8,97.289354
-25.874902,8,97.305504
-27.649318,8,97.313525
-67.374235,8,97.3355
5.332141,8,97.35146
-73.130058,8,97.353465
-3.24692,8,97.367579
1.266579,8,97.392719
-3.755713,8,97.406801
-5.822336,8,97.440575
-0.766216,8,97.451091
0.589611,8,97.4679
-85.239895,8,97.470284
-33.231307,8,97.487276
-3.018957,8,97.512396
-140.710099,8,97.520414
3.689324,8,97.537473
-155.442525,8,97.552888
-33.889215,8,97.719831
-71.07561,8,97.739776
-8.49177,8,97.769296
-111.129984,8,97.797646
-87.513654,8,97.813212
-110.89816,8,97.84439
-0.05602,8,97.860452
-11.520143,8,97.87612
-15.102412,8,97.892117
-6.129655,8,97.907948
-159.227193,8,97.927988
-33.264907,8,97.938068
-7.100365,8,97.955881
-23.633119,8,97.972013
2.767849,8,97.981767
-3.743919,8,97.997567
-27.903087,8,98.015367
0.924267,8,98.028277
-11.706007,8,98.047367
-58.244231,8,98.047367
-10.930946,8,98.069441
-59.168475,8,98.086408
-18.11817,8,98.103386
1.759826,8,98.118174
-63.04617,8,98.130312
-2.368155,8,98.136921
-106.881145,8,98.154613
-92.762108,8,98.170438
-39.341342,8,98.186173
-4.918689,8,98.203868
-39.532241,8,98.217758
-92.819276,8,98.243869
-88.944042,8,98.258827
-159.470789,8,98.272721
-0.711769,8,98.301097
-61.68865,8,98.303625
-44.43908,8,98.333421
-38.279319,8,98.346308
-44.840298,8,98.360308
-60.967405,8,98.375467
-54.918668,8,98.391963
-25.569967,8,98.411974
-34.626819,8,98.436972
6.406118,8,98.612157
-14.835545,8,98.632046
-33.056791,8,98.656687
-90.293725,8,98.68031
-31.763017,8,98.699972
-122.538621,8,98.720442
-91.141487,8,98.735471
-75.251895,8,98.754585
-83.885803,8,98.775994
-96.71635,8,98.801259
1.403951,8,98.828463
-80.921016,8,98.842141
2.713606,8,98.860939
-88.758855,8,98.876871
-15.683275,8,98.890203
-86.090889,8,98.914594
-17.845353,8,98.92793
-3.312527,8,98.945518
-16.750946,8,98.969312
-7.505652,8,98.982157
-65.780343,8,99.00093
-82.537151,8,99.019376
-7.914649,8,99.033958
-15.776254,8,99.067795
-23.568335,8,99.079875
11.078161,8,99.097837
-57.790122,8,99.101846
-2.029132,8,99.131425
-38.757663,8,99.141524
-3.259382,8,99.161691
-33.227823,8,99.178223
-42.502972,8,99.186387
-22.63024,8,99.202074
-68.343764,8,99.218205
-22.394896,8,99.234169
-56.582241,8,99.252662
-10.446943,8,99.269471
-124.000953,8,99.285773
-85.085991,8,99.302199
-29.08367,8,99.302199
-104.285319,8,99.330063
-61.064425,8,99.34415
-82.071745,8,99.360319
-8.820167,8,99.376549
-88.395438,8,99.385576
-32.635808,8,99.402036
-18.737789,8,99.402036
-98.56163,8,99.42129
-52.205687,8,99.437202
-3.434165,8,99.452469
2.664221,8,99.470549
-95.233515,8,99.487435
-24.810316,8,99.503692
-59.786064,8,99.520597
-22.508964,8,99.535682
-103.791867,8,99.536771
-27.217353,8,99.552942
3.178944,8,99.568638
-111.17826,8,99.58439
-15.275228,8,99.600426
-17.1013,8,99.618326
-95.414388,8,99.632265
-4.392142,8,99.650298
-27.870255,8,99.673156
-1.358261,8,99.688489
-72.208753,8,99.704549
-57.159454,8,99.715549
-22.920839,8,99.730069
-9.956395,8,99.744741
-16.394695,8,99.754779
-58.83958,8,99.770487
-39.383024,8,99.781479
-136.403601,8,99.801482
-5.03686,8,99.820596
-160.31321,8,99.831787
-3.28841,8,99.846948
-4.425411,8,99.857941
-89.141308,8,99.872017
-47.978791,8,99.886202
-17.55959,8,99.891157
-99.177886,8,99.907359
-32.572887,8,99.925143
-39.46956,8,99.939311
-2.189691,8,99.955493
-32.833375,8,99.957499
-23.779702,8,99.973571
-29.344772,8,99.996897
-44.84449,8,100.000894
-36.754577,8,100.019046
-181.977729,8,100.036025
-22.420204,8,100.055148
-2.785127,8,100.064903
-126.392876,8,100.079878
-59.326895,8,100.082883
-185.307356,8,100.103935
-134.725307,8,100.109929
-104.443044,8,100.109929
-78.816599,8,100.142256
7.094581,8,100.161057
-3.297076,8,100.173973
-126.092304,8,100.190176
-12.396452,8,100.202347
-72.693284,8,100.217441
-2.535744,8,100.231443
-63.032948,8,100.245548
-92.860363,8,100.259151
-39.451055,8,100.26974
-10.295655,8,100.270799
-172.678835,8,100.285469
-25.0266,8,100.308328
-21.205016,8,100.33014
-17.569695,8,100.34323
-5.093545,8,100.344222
-41.04446,8,100.377733
-61.705445,8,100.39016
-1.940345,8,100.405161
-6.547344,8,100.418568
-20.634603,8,100.432211
-5.227455,8,100.449409
-14.030387,8,100.459441
-48.15379,8,100.471221
-4.683882,8,100.487483
10.627668,8,100.501224
-131.376611,8,100.51797
-1.377289,8,100.530976
-0.551309,8,100.546174
-52.364327,8,100.557564
-138.465934,8,100.571878
-110.762105,8,100.589897
-8.79536,8,100.602747
-14.867671,8,100.616436
-47.451352,8,100.626477
-59.097244,8,100.637734
-18.28756,8,100.637734
-28.769217,8,100.664551
-81.057059,8,100.685349
-3.988828,8,100.700282
-8.362161,8,100.714164
-55.162196,8,100.729989
-17.586253,8,100.742625
-10.416992,8,100.757804
-99.218963,8,100.768249
-14.144243,8,100.783284
-11.592619,8,100.786474
-96.863404,8,100.800023
-97.241792,8,100.826002
-183.060105,8,100.839377
-0.545148,8,100.854542
-48.458913,8,100.872522
-18.514517,8,100.875537
-1.350427,8,100.89736
-58.161625,8,100.907139
-26.671111,8,100.92695
-18.117239,8,100.940496
-147.418133,8,100.950527
0.622115,8,100.96431
-28.443344,8,100.97525
-11.872825,8,100.987334
-119.699391,8,101.003139
2.253064,8,101.013176
-23.464256,8,101.037038
-64.914671,8,101.048825
-108.947723,8,101.063376
-8.845972,8,101.077143
-2.837097,8,101.089142
-75.432841,8,101.094142
-13.371032,8,101.111526
-9.676675,8,101.133548
-103.212176,8,101.149002
-0.373364,8,101.158777
-12.295011,8,101.176976
3.705442,8,101.187975
-2.415896,8,101.203975
-95.464956,8,101.226679
-39.531168,8,101.240295
-150.764014,8,101.262063
4.167682,8,101.276576
-86.108012,8,101.296335
8.487929,8,101.314271
2.324762,8,101.327252
-107.739484,8,101.344375
-30.253712,8,101.344375
-40.427155,8,101.381263
-6.596479,8,101.397061
-109.857154,8,101.402243
-145.10854,8,101.430311
1.696119,8,101.444425
-109.575526,8,101.460404
-95.931857,8,101.480299
-126.551857,8,101.493735
-34.334469,8,101.510159
-91.871816,8,101.523924
-19.596914,8,101.540078
-62.594102,8,101.553716
1.905778,8,101.563869
0.739684,8,101.582074
-0.377187,8,101.595265
-60.627915,8,101.613299
1.813316,8,101.63534
-10.279091,8,101.637339
-77.510642,8,101.66312
-129.554539,8,101.670875
-70.492815,8,101.688908
-98.616292,8,101.700672
-97.442956,8,101.718668
-62.953415,8,101.732798
-70.718541,8,101.750028
-113.773531,8,101.765109
-24.724853,8,101.770152
-16.666176,8,101.786333
-65.773812,8,101.814705
7.902534,8,101.825529
-22.091388,8,101.838616
0.493523,8,101.856691
-66.93389,8,101.868763
-40.605241,8,101.875859
-134.389832,8,101.875859
-99.836472,8,101.891844
-21.21334,8,101.919542
-62.385486,8,101.923697
-33.066971,8,101.941753
-2.452672,8,102.322838
-78.247647,8,102.334939
-0.993982,8,102.354483
-78.89826,8,102.36748
-82.34905,8,102.384617
-77.170619,8,102.396486
-5.316349,8,102.412516
-1.593089,8,102.420289
-2.098857,8,102.435651
-7.080802,8,102.448883
-9.49031,8,102.453376
-13.002938,8,102.475081
-13.517373,8,102.487231
-105.030548,8,102.487231
-2.401826,8,102.519028
3.491989,8,102.530025
2.907437,8,102.53675
-50.021663,8,102.552834
-0.737863,8,102.552834
-12.604178,8,102.570549
-8.448844,8,102.592877
-36.911093,8,102.606977
-1.02166,8,102.621894
0.292785,8,102.631981
-38.047429,8,102.645998
-112.572814,8,102.656671
-2.332041,8,102.672355
-83.953816,8,102.692601
-121.789112,8,102.70401
-12.430785,8,102.70401
-132.757561,8,102.719848
-125.462054,8,102.743059
-18.558065,8,102.754921
-99.109039,8,102.764541
-14.101076,8,102.784843
-1.383304,8,102.796224
-135.899709,8,102.814265
-18.556984,8,102.828231
-16.921484,8,102.843246
0.529186,8,102.860308
-0.362558,8,102.874261
-6.772882,8,102.890262
-94.147539,8,102.901049
-202.166995,8,102.915975
-19.598392,8,102.933267
-30.476867,8,102.94397
-12.61808,8,102.946983
-29.905299,8,102.970725
-6.2599,8,102.978489
-21.644988,8,102.994249
-29.467187,8,103.005821
-89.856443,8,103.020428
-40.876254,8,103.041692
-7.612957,8,103.041692
-66.833796,8,103.062872
1.87363,8,103.075266
-7.021589,8,103.088268
-64.503643,8,103.101871
4.972225,8,103.1119
-58.179998,8,103.125669
-120.398276,8,103.125669
-71.339622,8,103.141719
-133.036785,8,103.165552
-11.13481,8,103.172552
-65.475169,8,103.188361
-75.283678,8,103.188361
-99.822496,8,103.214046
2.171656,8,103.22025
-75.905016,8,103.236003
-110.568189,8,103.236003
-9.56672,8,103.263857
-18.50681,8,103.27895
-21.399502,8,103.285578
-17.327267,8,103.302642
-29.923238,8,103.302642
-1.987444,8,103.324972
-40.469677,8,103.335555
-112.462748,8,103.352723
-32.88142,8,103.373474
-4.217137,8,103.389477
-67.722506,8,103.401123
-16.300869,8,103.416792
-103.377466,8,103.430363
-28.15342,8,103.442217
8.527007,8,103.458633
-19.924572,8,103.468659
-93.312466,8,103.48268
-17.081468,8,103.503924
-31.389746,8,103.516487
7.65623,8,103.53774
-26.828824,8,103.548981
2.921868,8,103.567867
-60.174984,8,103.590427
-11.48052,8,103.607427
-82.740174,8,103.626532
-74.44063,8,103.626532
4.0747,8,103.657985
-34.776966,8,103.673488
-20.85003,8,103.68553
-59.868596,8,103.703317
-12.54326,8,103.71919
-17.111057,8,103.734915
-35.958327,8,103.766597
-46.986744,8,103.782753
-115.216235,8,103.807665
-4.786167,8,103.823533
-19.095352,8,103.839605
-7.642416,8,103.855988
-57.201799,8,103.867899
-152.853621,8,103.87599
-5.307733,8,103.894236
-3.735628,8,103.903186
-21.452191,8,103.920047
-10.938719,8,103.942192
-6.828836,8,103.962651
-109.511297,8,103.97401
-135.214549,8,103.988789
-13.291109,8,104.002303
-146.62778,8,104.00433
-16.663142,8,104.020512
-9.481741,8,104.041763
-7.888937,8,104.051802
-26.622239,8,104.067548
-131.23022,8,104.083193
-60.926049,8,104.083193
-6.25416,8,104.099364
-46.148617,8,104.118133
-59.335569,8,104.143252
-24.126942,8,104.160968
-34.65597,8,104.172725
-150.652719,8,104.188754
-26.918634,8,104.188754
-59.988533,8,104.216842
-135.185527,8,104.220592
6.726914,8,104.244669
-16.582016,8,104.250669
-92.592751,8,104.270437
-71.689935,8,104.286344
-97.896819,8,104.302119
-159.086438,8,104.319704
-30.150347,8,104.334104
-93.868055,8,104.349463
-2.005539,8,104.364619
-63.688716,8,104.375606
-106.020561,8,104.391803
-75.983085,8,104.402347
-1.80588,8,104.420702
-29.958113,8,104.440275
-81.96886,8,104.45328
-16.966094,8,104.471178
-5.390256,8,104.48332
-4.902962,8,104.503053
-25.15766,8,104.521615
-30.162268,8,104.535778
-1.309863,8,104.537597
-19.796906,8,104.552838
-113.665116,8,104.576907
-6.01025,8,104.578906
-29.480603,8,104.603587
-130.586523,8,104.619485
-40.36564,8,104.628644
-88.971533,8,104.642558
6.847555,8,104.658469
-31.891231,8,104.677754
-58.521925,8,104.688874
-22.635471,8,104.713095
-47.244781,8,104.726952
-115.623686,8,104.742736
-34.953417,8,104.752503
-74.218948,8,104.768523
-10.329492,8,104.780788
-13.423632,8,104.795794
-58.136867,8,104.797779
-91.747075,8,104.813878
-95.935442,8,104.829636
-0.944948,8,104.845393
-0.815855,8,104.861158
-34.782013,8,104.877193
-0.714511,8,104.893205
-4.15475,8,104.905439
-20.355719,8,104.907428
-32.03988,8,104.925599
-88.329104,8,104.944517
-16.541131,8,104.944517
-26.596042,8,104.960331
-18.675982,8,104.969576
-5.525,8,104.994163
-59.392573,8,105.008153
-114.266147,8,105.017765
-111.303538,8,105.036168
4.756306,8,105.049064
-42.045773,8,105.065131
-52.598476,8,105.081121
-5.643556,8,105.081121
-34.055025,8,105.107118
-26.393803,8,105.122059
-35.876058,8,105.144118
-21.948178,8,105.161391
-111.240244,8,105.174242
-1.731727,8,105.191206
-95.090026,8,105.204943
-1.078436,8,105.222941
2.462441,8,105.241615
-50.541532,8,105.25754
10.926948,8,105.272993
-134.416913,8,105.284698
-34.040012,8,105.302456
-27.017979,8,105.319013
-55.466465,8,105.333173
-99.197024,8,105.344171
-88.464875,8,105.365644
1.638066,8,105.384672
-28.836435,8,105.403283
-62.623873,8,105.415283
-92.805161,8,105.435282
-164.401393,8,105.447279
-132.676475,8,105.465958
-26.824647,8,105.481942
-43.213005,8,105.493885
-100.933531,8,105.508776
-90.415802,8,105.52094
-29.341367,8,105.536546
-4.211162,8,105.552276
-12.233592,8,105.564277
-40.923925,8,105.579274
3.20534,8,105.590728
-40.79397,8,105.609734
-13.990204,8,105.630878
-89.350462,8,105.637131
3.977371,8,105.657043
-8.075193,8,105.668027
-44.647267,8,105.673043
-44.134185,8,105.689137
-93.090568,8,105.710776
-100.75708,8,105.72027
-147.369267,8,105.736307
-6.008028,8,105.736307
-104.323387,8,105.76672
-46.795731,8,105.777731
5.757764,8,105.789874
-235.190702,8,105.797674
-58.543336,8,105.82142
-107.706302,8,105.836074
-96.306744,8,105.845703
-47.526,8,105.86154
-3.827752,8,105.886823
-106.754994,8,105.900956
-37.896195,8,105.907038
-7.871584,8,105.922893
-49.033349,8,105.946572
-11.883643,8,105.955133
-10.409191,8,105.978987
-139.897341,8,106.003281
-18.01795,8,106.017178
-75.742227,8,106.034532
-8.37048,8,106.052374
-151.179851,8,106.067817
-65.12816,8,106.087682
2.137687,8,106.099878
-38.442508,8,106.109866
-172.422477,8,106.128664
-37.531578,8,106.150031
-3.064094,8,106.167924
-12.065215,8,106.172842
-97.901025,8,106.202839
-80.58212,8,106.214139
-33.593093,8,106.220149
-20.638739,8,106.237924
-63.278586,8,106.257247
-109.158445,8,106.272664
-18.744314,8,106.290534
-70.000931,8,106.302248
-109.277747,8,106.323225
-6.85523,8,106.334808
-122.829642,8,106.335906
-98.575663,8,106.351852
-24.220753,8,106.375054
-21.436008,8,106.386224
-65.906805,8,106.412731
-57.051479,8,106.426821
-12.234609,8,106.437822
-8.479527,8,106.437822
-182.114897,8,106.464522
-57.484078,8,106.479201
-30.1468,8,106.502462
-0.836393,8,106.518712
2.51912,8,106.539769
-50.9092,8,106.552846
-24.80426,8,106.571465
2.795901,8,106.595294
-17.92939,8,106.613441
-181.436194,8,106.629974
-52.96262,8,106.646842
-53.31033,8,106.657848
-43.765712,8,106.679411
-61.143942,8,106.692719
-9.502074,8,106.714937
-35.500882,8,106.730946
-6.8562,8,106.742772
-64.38893,8,106.758809
-6.070802,8,106.770809
-9.870534,8,106.785066
-13.025606,8,106.808567
-16.907381,8,106.825957
-97.695267,8,106.84029
-91.169198,8,106.860927
-11.621566,8,106.880981
4.47405,8,106.898977
-28.785889,8,106.907979
-103.287376,8,106.931638
-48.39559,8,106.942886
-57.064026,8,106.958853
1.135715,8,106.974645
-19.067779,8,106.984658
-30.112611,8,107.00485
-141.026393,8,107.020197
-11.381703,8,107.038003
-1.695201,8,107.054688
-0.95616,8,107.06686
-66.773632,8,107.083128
-24.6201,8,107.094258
-112.330311,8,107.110657
-55.458042,8,107.12722
-2.288715,8,107.13422
-7.144781,8,107.152853
-1.182241,8,107.166024
-61.63139,8,107.181863
-1.802745,8,107.203073
-7.433248,8,107.212968
-13.131729,8,107.23056
-24.648171,8,107.24059
-56.008962,8,107.262355
-17.775167,8,107.286633
-0.821628,8,107.302387
-22.226478,8,107.323449
-41.274513,8,107.336073
-84.049114,8,107.350799
4.966046,8,107.369044
-58.78389,8,107.389375
-75.779302,8,107.414699
-44.574006,8,107.422698
-124.197522,8,107.452146
-29.72361,8,107.467852
5.173806,8,107.491774
-132.773612,8,107.508773
-72.038334,8,107.524621
-30.002287,8,107.537271
-37.415232,8,107.562078
-26.798286,8,107.580409
-89.916555,8,107.609782
-81.060828,8,107.627065
-48.114339,8,107.65165
-10.853758,8,107.667686
-18.796769,8,107.686135
-15.34586,8,107.699177
-66.214705,8,107.71519
-46.332551,8,107.731148
-20.948154,8,107.747327
3.368147,8,107.763088
-42.769595,8,107.779236
-106.065496,8,107.779236
-2.611187,8,107.794993
-16.425291,8,107.81827
-79.356391,8,107.829269
-14.352802,8,107.845233
-65.236499,8,107.861112
-90.396742,8,107.877294
-59.49589,8,107.893373
-1.672111,8,107.893373
-96.844627,8,107.921782
-17.995529,8,107.93293
-19.85113,8,107.937929
-81.43597,8,107.953825
-41.092195,8,107.971835
-45.071687,8,107.990739
-82.125523,8,107.990739
-55.253771,8,108.006871
-65.606127,8,108.040205
3.029936,8,108.0531
-67.53761,8,108.07153
-53.096531,8,108.07898
-87.402374,8,108.095014
-1.911754,8,108.11327
-86.661001,8,108.126852
-46.935287,8,108.151929
-15.08209,8,108.166671
-80.442497,8,108.188181
-214.619846,8,108.20537
-137.372859,8,108.216887
-13.332275,8,108.237019
-16.346938,8,108.252787
-102.172828,8,108.269532
-58.151481,8,108.290459
-169.912176,8,108.302742
-16.292943,8,108.319347
-45.023801,8,108.32635
-24.867382,8,108.345935
-239.38419,8,108.364961
-102.25733,8,108.37912
-93.44292,8,108.39612
-36.074395,8,108.413239
-24.478716,8,108.422239
-94.000809,8,108.456345
-106.945785,8,108.472366
-36.31838,8,108.488556
-33.206885,8,108.504639
-5.545856,8,108.521882
-19.684901,8,108.538554
-26.757892,8,108.564641
-59.39869,8,108.569767
-43.899044,8,108.594634
-120.801723,8,108.619553
-43.602424,8,108.626668
-6.336515,8,108.6426
-32.719667,8,108.658726
-18.423433,8,108.687061
-86.030249,8,108.704756
-164.833649,8,108.72549
-164.195295,8,108.7366
-66.575467,8,108.753822
-26.604379,8,108.75757
-58.028222,8,108.779624
-35.709362,8,108.797232
3.366552,8,108.808452
-160.986464,8,108.823375
-40.595054,8,108.838054
-0.86446,8,108.851104
-64.884204,8,108.874109
-51.815559,8,108.886772
-13.54184,8,108.901979
-73.871991,8,108.913152
-18.01861,8,108.928804
-32.054933,8,108.94631
-1.545237,8,108.958647
-226.42953,8,108.973854
-21.628345,8,108.983607
-41.04649,8,108.998955
-50.295443,8,109.013041
8.720321,8,109.025034
0.009318,8,109.0377
0.922687,8,109.050851
-186.359631,8,109.063883
-61.939923,8,109.086815
4.980755,8,109.097861
-39.338756,8,109.111992
-4.014324,8,109.124228
-61.074025,8,109.141217
-16.105505,8,109.157083
11.048737,8,109.174963
-76.884971,8,109.192798
-18.357743,8,109.209974
-97.310463,8,109.229974
8.183734,8,109.250974
1.081502,8,109.264974
4.137861,8,109.29099
-4.030814,8,109.300992
-39.539578,8,109.319676
-86.041105,8,109.338326
-1.770842,8,109.356755
-48.046892,8,109.373423
-3.851726,8,109.385637
-42.691456,8,109.402228
-88.42377,8,109.423127
-35.419807,8,109.435198
-199.610583,8,109.45959
-62.240668,8,109.473594
-41.978622,8,109.492128
-210.190524,8,109.504679
-7.614113,8,109.504679
-139.304125,8,109.538401
-66.859981,8,109.551393
-65.632197,8,109.568564
-19.953429,8,109.584931
-42.304658,8,109.596175
-15.922972,8,109.615998
-11.271129,8,109.615998
-34.790119,8,109.648093
-68.088728,8,109.664566
-6.819421,8,109.679943
-89.536766,8,109.697223
-51.37865,8,109.70324
-27.961988,8,109.725054
-18.940144,8,109.737077
-42.944792,8,109.753364
-7.997889,8,109.770573
-99.200178,8,109.781573
-54.220726,8,109.799273
-0.220732,8,109.801184
-70.536388,8,109.817007
-24.762572,8,109.842599
-152.341288,8,109.853136
-23.267199,8,109.86505
-10.37311,8,109.890258
-6.326121,8,109.900432
-105.696494,8,109.915583
-10.66135,8,109.926582
-105.960164,8,109.939577
-55.971948,8,109.957634
-57.633782,8,109.96067
-83.795743,8,109.988603
-17.024583,8,109.999687
-88.7362,8,110.015455
-89.359665,8,110.032498
-17.599559,8,110.04289
-64.426728,8,110.056311
-29.951327,8,110.061326
-13.902771,8,110.077253
-20.60799,8,110.097666
-3.696108,8,110.107579
-36.020374,8,110.119581
-85.152217,8,110.126711
-96.265395,8,110.142566
1.499858,8,110.158623
-179.367219,8,110.158623
-9.105795,8,110.188878
-36.818803,8,110.202728
-62.293645,8,110.214726
-0.298592,8,110.222139
-7.945605,8,110.241418
-13.156836,8,110.25721
-41.576472,8,110.269145
-2.334285,8,110.28634
-27.392662,8,110.30891
-20.032754,8,110.321779
-46.212914,8,110.339638
-1.330848,8,110.361133
-0.800796,8,110.39199
-19.569573,8,110.424135
-117.274315,8,110.440861
-133.897014,8,110.453888
-5.668478,8,110.453888
-61.314887,8,110.469622
-125.846156,8,110.487724
-14.559098,8,110.511446
-65.701251,8,110.527539
-76.816917,8,110.542611
-11.204346,8,110.547603
-39.688086,8,110.575141
-10.903679,8,110.5899
-2.445089,8,110.62097
4.531735,8,110.637328
-25.361541,8,110.665672
7.576857,8,110.688492
-29.650418,8,110.705728
-30.346521,8,110.724994
-69.90972,8,110.740157
-45.32379,8,110.76679
-99.995895,8,110.786508
-26.656887,8,110.798294
-6.634607,8,110.818401
-15.726351,8,110.83248
-54.689789,8,110.850191
-61.350098,8,110.876188
-2.49693,8,110.876188
-76.165047,8,110.892265
-67.304433,8,110.908457
-82.026086,8,110.924622
-10.933187,8,110.94033
-43.534545,8,110.968283
-109.39798,8,110.985415
-129.56989,8,111.001221
-42.006263,8,111.017195
-181.846856,8,111.033333
-22.808974,8,111.049422
-90.606318,8,111.069594
-17.484171,8,111.071604
-31.246956,8,111.094498
-12.573278,8,111.110597
-20.485616,8,111.130736
-54.333435,8,111.142597
-9.957664,8,111.158222
-9.958905,8,111.175097
-30.461922,8,111.193087
4.957386,8,111.204088
2.242123,8,111.223804
-29.47879,8,111.235589
-74.941762,8,111.251201
-60.679567,8,111.271424
-7.589312,8,111.284367
-26.216827,8,111.285697
-12.500686,8,111.313416
-13.346096,8,111.319366
-22.39378,8,111.335458
-121.042685,8,111.355603
-28.246038,8,111.370539
-115.284955,8,111.381549
-0.814319,8,111.385935
-0.557066,8,111.402578
-84.051076,8,111.428325
0.859824,8,111.447395
-0.657106,8,111.459487
-21.263692,8,111.475411
-139.591042,8,111.493392
-51.103607,8,111.50652
-16.171953,8,111.525783
-3.628587,8,111.542995
-49.883253,8,111.561269
-1.833675,8,111.575983
3.70211,8,111.589753
2.977262,8,111.601248
-7.733254,8,111.601248
-24.386358,8,111.637196
-16.891544,8,111.662314
-25.731627,8,111.664316
-72.311574,8,111.682255
-0.443753,8,111.696084
-40.438612,8,111.711952
-35.892226,8,111.729009
-59.952732,8,111.735012
-74.722813,8,111.751067
-44.640957,8,111.766897
-99.852699,8,111.766897
-111.956463,8,111.782905
10.367875,8,111.799086
-71.478849,8,111.815175
-102.214895,8,111.8371
-88.795512,8,111.844099
-49.457863,8,111.869959
-90.474911,8,111.881687
-117.422822,8,111.896205
-17.134738,8,111.907876
-76.054549,8,111.921382
-3.384434,8,111.935879
-87.237687,8,111.945889
-55.620139,8,111.961069
0.709322,8,111.969973
-0.919061,8,111.985874
-32.165355,8,112.009277
-62.396569,8,112.017026
-18.970473,8,112.033237
-20.213091,8,112.045869
-145.253138,8,112.062091
-21.167075,8,112.063092
-9.488838,8,112.086226
-130.141056,8,112.09735
-176.349899,8,112.111482
-1.570528,8,112.129274
-37.424249,8,112.145198
-100.418269,8,112.156433
-19.146183,8,112.176246
-40.671581,8,112.192991
-14.324185,8,112.211045
-22.561031,8,112.224383
-155.884558,8,112.239259
-10.369964,8,112.250411
-0.930991,8,112.250411
-94.514107,8,112.279858
-46.475748,8,112.297076
-210.809402,8,112.302541
0.275416,8,112.319487
-49.794718,8,112.334625
11.337439,8,112.349104
-0.048442,8,112.369404
2.381291,8,112.380625
-91.611157,8,112.393607
-39.20345,8,112.411542
-6.174113,8,112.426997
-61.249649,8,112.440035
6.952212,8,112.449532
-22.086913,8,112.465959
-4.12482,8,112.476861
-32.77231,8,112.490864
-4.336964,8,112.503857
-48.524838,8,112.52074
2.819217,8,112.537854
-0.73669,8,112.537854
-2.839055,8,112.555933
-15.212009,8,112.582114
-23.458125,8,112.595211
-72.645155,8,112.609273
-68.055596,8,112.61963
-2.925285,8,112.626079
-65.215517,8,112.642043
-71.442918,8,112.658132
-6.73753,8,112.673857
-61.774316,8,112.696891
2.541261,8,112.71589
-3.173379,8,112.735742
-24.844938,8,112.751442
-60.951329,8,112.751442
-84.594014,8,112.769681
-4.453485,8,112.786314
-6.949615,8,112.799928
-108.966583,8,112.819121
-39.465347,8,112.829213
-24.214671,8,112.850634
3.838926,8,112.863137
-210.411674,8,112.881515
-86.270208,8,112.891467
-9.737798,8,112.912765
-21.831279,8,112.925769
-42.589947,8,112.940778
-62.456464,8,112.960012
-65.523336,8,112.968804
-125.507715,8,112.986012
-65.62641,8,113.006004
0.418598,8,113.024156
-11.717125,8,113.042071
2.560155,8,113.053827
-24.177623,8,113.06709
-118.530534,8,113.083906
-76.35298,8,113.114887
-25.213749,8,113.171383
-5.501877,8,113.190935
-18.630293,8,113.220708
-60.672604,8,113.240809
0.430017,8,114.10706
-3.708629,8,114.122009
-17.563463,8,114.129969
-5.747494,8,114.143728
-78.617129,8,114.153739
-15.141446,8,114.166713
-170.221244,8,114.183841
-26.779205,8,114.192875
0.14745,8,114.208825
-89.044514,8,114.219797
-8.653128,8,114.233974
-26.350374,8,114.246273
-16.638075,8,114.260662
-92.744358,8,114.271082
-64.278782,8,114.293975
-73.157567,8,114.307844
-115.411311,8,114.321988
-11.634459,8,114.332075
-9.877758,8,114.344154
-95.983402,8,114.353652
-53.320947,8,114.361845
-103.500019,8,114.385877
-8.31954,8,114.385877
-17.942013,8,114.404757
-15.293639,8,114.420712
-5.309244,8,114.437494
-137.38977,8,114.454963
-24.676039,8,114.464949
-0.53611,8,114.478942
-30.770167,8,114.489957
-95.743591,8,114.504033
-26.707619,8,114.522343
-51.984968,8,114.532357
-11.78069,8,114.552248
-232.300983,8,114.563346
-62.035935,8,114.563346
-111.794343,8,114.587878
-0.781892,8,114.587878
-21.668272,8,114.603792
-125.492958,8,114.619764
-82.54122,8,114.635772
4.539048,8,114.637776
-42.647754,8,114.659568
-61.281532,8,114.672571
2.516268,8,114.672571
-98.429931,8,114.688364
8.523109,8,114.70436
2.705498,8,114.722227
0.548957,8,114.740018
-20.978752,8,114.751805
1.040986,8,114.769742
-60.344005,8,114.781741
-2.165956,8,114.793416
-21.833053,8,114.805449
-15.178916,8,114.815216
-16.551367,8,114.828994
-63.750207,8,114.841036
-77.666433,8,114.844792
-71.365843,8,114.872368
0.699461,8,114.881499
-27.776624,8,114.897609
-63.725475,8,114.909383
-17.413573,8,114.919405
-52.535569,8,114.931182
-206.014801,8,114.940953
-21.611117,8,114.957087
-41.822843,8,114.971794
-1.370888,8,114.981807
-19.114612,8,114.995807
-2.033298,8,115.006923
-31.442121,8,115.019729
-5.296866,8,115.038809
-25.15059,8,115.038809
-116.51197,8,115.062908
6.004825,8,115.077675
-42.384369,8,115.08465
-28.996947,8,115.104763
-18.153477,8,115.110792
-58.639225,8,115.128673
-14.529743,8,115.131845
-15.581589,8,115.149863
-36.830773,8,115.166296
6.677564,8,115.183264
-116.223542,8,115.198888
-28.3067,8,115.211545
-17.294496,8,115.225225
-120.466238,8,115.240267
-61.827011,8,115.248295
-10.216077,8,115.260553
-5.55031,8,115.273856
-62.52009,8,115.287289
-117.629585,8,115.30638
-64.659045,8,115.316572
-96.157599,8,115.328573
1.81433,8,115.338045
6.987278,8,115.351623
0.873444,8,115.369115
-1.52129,8,115.384817
-5.908327,8,115.396915
-100.573625,8,115.411486
-2.421148,8,115.421483
-4.440068,8,115.437852
-11.862889,8,115.437852
2.324008,8,115.463067
-128.829784,8,115.47084
-218.600957,8,115.486467
-6.611753,8,115.499983
-77.372021,8,115.515551
-19.913742,8,115.532682
-69.360333,8,115.544683
-19.270024,8,115.562833
-9.329984,8,115.586323
-17.003865,8,115.597321
-18.376983,8,115.612945
-129.474215,8,115.625794
-96.765583,8,115.635826
4.479384,8,115.655892
2.539388,8,115.665659
-60.878621,8,115.68656
1.006452,8,115.691561
-73.007342,8,115.727373
-41.069116,8,115.747072
3.73736,8,115.751071
-54.353865,8,115.767169
-96.264941,8,115.767169
-23.724941,8,115.790483
-48.220148,8,115.798951
-5.016692,8,115.798951
-74.571806,8,115.820376
-45.467633,8,115.834799
-104.118351,8,115.846342
-22.678052,8,115.858388
-14.432101,8,115.86615
3.19619,8,115.887868
-70.004714,8,115.897497
-53.465091,8,115.909277
-104.133713,8,115.925321
-105.816188,8,115.925321
-130.737836,8,115.950316
-15.282524,8,115.961444
-8.666234,8,115.973559
-34.227507,8,115.986556
-29.711269,8,115.998556
-31.433781,8,116.012704
-11.008124,8,116.024364
2.425738,8,116.034668
-61.084282,8,116.053494
-6.456169,8,116.069685
-22.233633,8,116.082237
-42.524443,8,116.096006
-72.044378,8,116.109452
6.893582,8,116.126549
-24.316302,8,116.136307
-70.883038,8,116.148305
-46.141763,8,116.153333
-104.053933,8,116.167392
-16.866465,8,116.187313
-15.53583,8,116.18932
-93.908527,8,116.214999
-42.93263,8,116.222034
-54.592838,8,116.236403
-32.942167,8,116.246945
-28.165493,8,116.268138
-32.440967,8,116.283731
-47.519429,8,116.297727
-219.173612,8,116.312876
13.193964,8,116.329526
-157.995558,8,116.3402
-69.203581,8,116.35597
-22.060289,8,116.366001
-20.15287,8,116.381755
-129.228997,8,116.403101
1.328383,8,116.414743
-40.12345,8,116.420961
-72.101683,8,116.441674
-1.009955,8,116.456657
-81.82039,8,116.470647
-154.088874,8,116.4804
-62.525573,8,116.495842
-135.248311,8,116.506015
-77.515936,8,116.524245
-27.31685,8,116.537981
-23.27909,8,116.549637
-18.487234,8,116.568912
-21.657958,8,116.581654
-50.081032,8,116.594702
7.16276,8,116.6105
-8.853664,8,116.620246
-40.139445,8,116.636758
-15.63362,8,116.636758
-66.860155,8,116.662934
0.415282,8,116.676612
-108.242752,8,116.684598
-23.050223,8,116.700467
-25.255122,8,116.703205
-71.6985,8,116.725437
-15.494909,8,116.750248
-70.821473,8,116.759293
-57.86973,8,116.773075
-91.568166,8,116.783118
-3.691791,8,116.798918
-96.365956,8,116.813898
-17.051653,8,116.830417
-16.674145,8,116.836181
-45.755986,8,116.861158
-95.166771,8,116.873211
-18.045645,8,116.888386
-59.39598,8,116.902851
3.877,8,116.922677
-95.527267,8,116.93025
-40.061016,8,116.938734
-39.984768,8,116.97055
-25.502044,8,116.972559
-7.313734,8,116.998621
-22.389506,8,117.009447
-29.53695,8,117.024532
-7.008326,8,117.039048
-76.446914,8,117.048584
-5.39902,8,117.062637
6.725783,8,117.077893
-6.262268,8,117.091939
-93.166277,8,117.111505
-81.64483,8,117.121539
-41.448798,8,117.138522
-113.350872,8,117.148725
-136.190038,8,117.162766
-49.865961,8,117.18166
-27.128715,8,117.194247
-75.790682,8,117.20897
-6.4877,8,117.220057
-8.141674,8,117.233799
-4.515364,8,117.249067
-4.25288,8,117.261105
-22.825244,8,117.270756
-67.926378,8,117.294509
-108.795349,8,117.310978
-15.846349,8,117.319435
-142.596314,8,117.339242
-48.180615,8,117.357361
-114.636,8,117.369181
-13.0893,8,117.385685
-34.881535,8,117.406626
1.822237,8,117.420857
-146.576844,8,117.436938
-3.087485,8,117.436938
-97.073734,8,117.453099
-4.278899,8,117.485144
-47.889766,8,117.497141
-7.161354,8,117.516279
-75.670926,8,117.52772
-8.152088,8,117.538054
-28.844915,8,117.5554
-93.765632,8,117.558399
-44.28335,8,117.578367
-36.419856,8,117.588399
-56.291613,8,117.600186
-110.952055,8,117.611931
-25.617959,8,117.627147
-39.489606,8,117.636915
-60.498828,8,117.654932
-0.449075,8,117.668968
-85.388476,8,117.683717
-44.005679,8,117.686723
-1.530968,8,117.708948
-40.064683,8,117.72475
-1.716389,8,117.74273
-118.770424,8,117.763785
-81.145559,8,117.776813
-65.858423,8,117.797153
-59.89286,8,117.798153
-56.911518,8,117.835092
-25.14802,8,117.856116
-17.931377,8,117.873905
-38.345007,8,117.891126
-36.86248,8,117.905214
3.814136,8,117.922868
-30.722487,8,117.944357
-1.303133,8,117.956987
-73.896985,8,117.972917
-90.924949,8,117.988997
-64.861524,8,118.016128
-129.341065,8,118.031872
-17.555672,8,118.045228
-1.744161,8,118.072758
-85.417134,8,118.086491
-66.538687,8,118.106129
-0.803797,8,118.123129
-5.829171,8,118.136455
-185.162058,8,118.15227
-95.349155,8,118.169049
-33.602081,8,118.185071
-70.043051,8,118.200834
3.426778,8,118.213442
2.857836,8,118.231346
-2.660595,8,118.242345
-42.178649,8,118.257869
-42.715794,8,118.268993
-82.092245,8,118.286031
-75.560223,8,118.302645
-47.336271,8,118.302645
-68.343164,8,118.319554
-7.310619,8,118.343325
-67.856858,8,118.353132
-109.115854,8,118.369857
-39.559145,8,118.385073
-124.482676,8,118.386084
-145.207825,8,118.404522
-5.886497,8,118.420578
-25.290453,8,118.446048
-3.851448,8,118.454043
3.335353,8,118.470081
-31.67103,8,118.482126
-48.417666,8,118.487803
-35.666763,8,118.509704
-25.390661,8,118.519798
-32.989499,8,118.535792
-31.07244,8,118.548991
-106.511405,8,118.558992
-33.413761,8,118.56299
-36.118756,8,118.578761
-26.043578,8,118.594795
-48.287405,8,118.616584
-4.824439,8,118.62637
2.717496,8,118.64416
-29.354785,8,118.654191
-60.370289,8,118.669168
1.938474,8,118.682823
-30.565169,8,118.694861
-121.212947,8,118.712662
3.435222,8,118.723059
-73.689461,8,118.738114
-24.736044,8,118.753911
0.359148,8,118.767598
-24.652258,8,118.78836
-1.488993,8,118.799361
-52.23349,8,118.815117
-133.076302,8,118.833011
-7.120334,8,118.844771
-30.881464,8,118.860797
-68.036548,8,118.872569
-9.557945,8,118.889645
-105.332138,8,118.90431
-92.727893,8,118.91736
0.452704,8,118.93488
-10.421468,8,118.944894
-26.147012,8,118.958657
-13.111583,8,118.979557
-88.35138,8,118.990765
-80.440199,8,119.00693
-31.071962,8,119.01593
-136.726427,8,119.036827
-56.416941,8,119.050865
3.056154,8,119.062627
-3.641801,8,119.078129
-32.66523,8,119.087881
3.400236,8,119.103422
0.100938,8,119.116659
-143.629199,8,119.128895
-190.014592,8,119.152745
-24.871221,8,119.166535
1.158478,8,120.041477
-94.938267,8,120.054478
-19.33689,8,120.063478
-24.775498,8,120.07569
-2.42027,8,120.085887
-79.490074,8,120.098545
9.718608,8,120.110816
-26.449364,8,120.121518
-6.24918,8,120.135135
-39.568702,8,120.142609
-184.205553,8,120.158586
-4.264057,8,120.174337
-47.569447,8,120.20439
-61.931337,8,120.220086
-100.129587,8,120.235988
-118.617188,8,120.253707
-100.460277,8,120.270807
-3.384567,8,120.285716
-9.352401,8,120.304058
-14.363831,8,120.313059
1.884033,8,120.328747
-182.467111,8,120.335899
-4.969838,8,120.35687
1.621323,8,120.38103
-29.075859,8,120.385963
5.803989,8,120.415923
-19.078253,8,120.435979
-83.649984,8,120.44979
4.074651,8,120.464434
5.844675,8,120.472423
5.337049,8,120.487227
-100.320295,8,120.504566
-62.929881,8,120.504566
-20.65064,8,120.527245
-75.372136,8,120.536925
1.798078,8,120.550432
-7.590798,8,120.55244
-9.744986,8,120.56836
-1.528657,8,120.590969
-61.74127,8,120.605256
-55.738708,8,120.617752
0.778763,8,120.631548
-60.462659,8,120.641634
-10.897634,8,120.653265
3.772112,8,120.665019
1.434895,8,120.677349
-146.849885,8,120.68484
-76.289211,8,120.697555
-36.311503,8,120.715783
-148.892748,8,120.720336
-25.977718,8,120.737709
0.322276,8,120.748691
0.312469,8,120.756375
-25.030328,8,120.768393
-1.352294,8,120.776404
-60.762699,8,120.782151
-60.8356,8,120.799977
-1.807152,8,120.80973
-4.420497,8,120.825804
-22.134001,8,120.836393
-79.458373,8,120.847391
-56.846941,8,120.864012
-133.67985,8,120.874921
-5.352057,8,120.888171
6.895218,8,120.897172
-6.728785,8,120.912431
9.289029,8,120.933133
-21.943239,8,120.943694
-10.95686,8,120.95105
-182.685474,8,120.968906
5.29563,8,120.98066
-112.290475,8,120.994315
-13.085562,8,121.00407
-60.462632,8,121.023319
-105.281605,8,121.034999
-28.569921,8,121.050129
-150.839589,8,121.063129
-34.317825,8,121.073305
0.690477,8,121.086766
-2.56938,8,121.095433
-182.487234,8,121.109473
1.125571,8,121.120892
-33.12899,8,121.130064
-34.482462,8,121.145029
-15.285328,8,121.158734
-17.767247,8,121.158734
-42.845101,8,121.18801
-6.075778,8,121.18801
-5.191308,8,121.203782
-25.59682,8,121.222174
-102.993543,8,121.224169
-161.921488,8,121.247992
-18.704411,8,121.257486
-7.972089,8,121.275759
-5.388297,8,121.285912
-1.228368,8,121.298011
-31.146778,8,121.302746
-91.612989,8,121.31969
-70.706616,8,121.336123
-35.794135,8,121.352088
3.615926,8,121.352088
3.5267,8,121.36817
-45.270691,8,121.385914
-135.322962,8,121.401747
-146.10489,8,121.402558
-5.858511,8,121.426844
6.289441,8,121.442597
-69.754898,8,121.451448
4.089243,8,121.453454
-0.142614,8,121.47089
0.40932,8,121.493051
-84.41657,8,121.51006
-87.581853,8,121.521206
-20.013809,8,121.534549
-0.935747,8,121.545554
-35.932117,8,121.547565
-53.631104,8,121.563347
-15.082683,8,121.581349
-71.121901,8,121.595189
-104.954783,8,121.604054
-31.426321,8,121.620384
-148.01621,8,121.626382
-13.406374,8,121.642247
-59.053822,8,121.658032
-2.34815,8,121.672004
-224.7225,8,121.673842
-39.669349,8,121.703359
-44.225023,8,121.705467
-32.942981,8,121.727822
-17.665016,8,121.734793
0.15734,8,121.750605
-16.168392,8,121.766684
-9.377432,8,121.770263
-4.295415,8,121.78731
-46.967333,8,121.803937
-97.911752,8,121.817075
-3.966624,8,121.835395
-142.040855,8,121.844492
-44.530641,8,121.8607
-39.093145,8,121.8607
-139.433132,8,121.878906
-22.033373,8,121.903855
-32.167705,8,121.918308
-24.414296,8,121.93341
0.68983,8,121.944634
-29.223905,8,121.959623
-25.514499,8,121.972054
-46.65052,8,121.980052
5.601282,8,121.996393
-123.343982,8,122.00533
-0.522227,8,122.015558
-65.762186,8,122.031534
-23.90441,8,122.047623
6.653061,8,122.060806
-65.538017,8,122.069845
-79.925816,8,122.079594
-24.663332,8,122.097372
-75.424954,8,122.101116
-1.388966,8,122.111552
10.022605,8,122.127243
-3.184044,8,122.15238
-86.375825,8,122.17138
-97.225052,8,122.172477
-20.099729,8,122.188699
-57.606847,8,122.204648
-8.273622,8,122.204648
-65.380849,8,122.219886
-229.068922,8,122.242465
9.124087,8,122.259785
-37.937167,8,122.271793
-85.951798,8,122.284958
-1.239503,8,122.285764
1.317964,8,122.303871
-1.136205,8,122.319492
-64.916186,8,122.338156
-130.522176,8,122.355386
-17.935636,8,122.355386
5.837726,8,122.367904
-0.428111,8,122.385964
-90.658706,8,122.402753
-0.110762,8,122.418859
-18.226841,8,122.421386
-157.115013,8,122.437031
-11.487295,8,122.457147
-181.929754,8,122.467187
-52.157816,8,122.48873
-40.669458,8,122.509318
-2.976801,8,122.521571
-8.366161,8,122.538097
-11.844152,8,122.538565
-50.008701,8,122.571319
-11.303578,8,122.590431
-69.581025,8,122.594434
-3.773265,8,122.61252
-39.158422,8,122.626644
-142.760969,8,122.642804
-145.023101,8,122.675193
-91.699084,8,122.675193
-2.833737,8,122.709866
2.762146,8,122.720398
-38.60959,8,122.738083
-22.886122,8,122.755813
-6.317943,8,122.767933
-28.687387,8,122.80838
-21.133761,8,122.817524
-56.422506,8,122.843177
-7.547142,8,122.855706
-47.071735,8,122.865462
-83.945901,8,122.880186
-31.709288,8,122.890762
0.737639,8,122.906928
-27.540159,8,122.93234
-27.75277,8,122.944949
-38.424515,8,122.961221
-93.847454,8,122.978468
-21.745213,8,122.99602
-101.302923,8,123.017336
-79.307941,8,123.03279
-56.404575,8,123.04979
-137.324869,8,123.060791
-42.345684,8,123.07697
-38.478292,8,123.091422
-42.127525,8,123.108197
-69.261501,8,123.130436
-106.389392,8,123.141421
-9.312692,8,123.15755
-2.098589,8,123.173091
-15.303428,8,123.185108
-99.081403,8,123.188854
-24.377804,8,123.20483
-69.123509,8,123.21999
-20.593294,8,123.239153
-80.468688,8,123.251154
-34.721511,8,123.25816
-28.994736,8,123.274011
-38.329967,8,123.287761
-37.306756,8,123.307009
-74.412425,8,123.320777
-98.961254,8,123.33619
9.998494,8,123.33619
-115.060452,8,123.369028
-95.330131,8,123.369028
2.140704,8,123.385962
-62.128886,8,123.402695
1.91156,8,123.418958
-100.541159,8,123.421872
-29.414671,8,123.43771
-121.232487,8,123.455075
-21.467226,8,123.471095
-65.896643,8,123.488387
-96.450404,8,123.506764
6.724993,8,123.521021
-38.523313,8,123.536483
-22.097452,8,123.552673
-123.430306,8,123.563763
-49.989461,8,123.578772
-87.683854,8,123.584678
-20.539796,8,123.600735
-56.836149,8,123.619881
-40.118794,8,123.632498
-38.482438,8,123.632498
-8.119729,8,123.665915
-0.343375,8,123.673005
-42.56333,8,123.693432
-17.904992,8,123.704918
-34.417538,8,123.72084
-32.160682,8,123.72084
-33.925656,8,123.73882
-129.921795,8,123.752923
-28.443364,8,123.770075
-45.984265,8,123.782071
1.00066,8,123.795391
-93.59258,8,123.801399
-4.815028,8,123.824602
-1.263167,8,123.834337
4.241893,8,123.845418
-42.306887,8,123.861222
-6.032942,8,123.876322
-52.187685,8,123.890434
-10.643878,8,123.891434
-27.86882,8,123.907204
-13.956623,8,123.922601
-9.586338,8,123.93848
-15.78584,8,123.954326
-17.312964,8,123.971301
-11.774161,8,123.990392
-68.042875,8,124.005879
-1.259849,8,124.019801
-40.01587,8,124.033262
-85.021291,8,124.051697
-5.974537,8,124.053491
0.290435,8,124.082792
-55.578324,8,124.0938
-102.221593,8,124.107791
-28.443342,8,124.109806
-15.755875,8,124.125961
-27.672522,8,124.151089
-13.834808,8,124.157842
-7.450682,8,124.179275
-7.260367,8,124.18999
-6.796288,8,124.207024
-32.569386,8,124.220025
-15.135808,8,124.220025
-34.064547,8,124.246871
-74.571322,8,124.251895
-121.609665,8,124.272017
-22.240806,8,124.287761
-43.408688,8,124.287761
-1.680068,8,124.316173
-16.303506,8,124.328177
-61.023584,8,124.342537
-36.557437,8,124.358499
-22.965438,8,124.375926
-61.200139,8,124.392718
7.253557,8,124.402733
-21.56763,8,124.402733
-2.654518,8,124.420923
-23.426083,8,124.43799
-3.675295,8,124.453009
-14.773382,8,124.465042
-23.755833,8,124.468798
-147.719028,8,124.487395
5.87549,8,124.504342
-22.396039,8,124.529416
-38.929671,8,124.541408
-99.451736,8,124.556496
-44.414099,8,124.574675
-64.800009,8,124.586393
-24.798491,8,124.601919
-153.544475,8,124.612949
0.813037,8,124.626546
-17.489192,8,124.641542
-61.693997,8,124.652923
-40.798778,8,124.666684
-154.775629,8,124.678721
-73.52856,8,124.696513
-94.065088,8,124.714177
-75.713938,8,124.72797
-65.639277,8,124.741826
-97.160958,8,124.751042
0.563648,8,124.766792
-8.789683,8,124.782551
-93.069029,8,124.794595
0.327628,8,124.812551
-5.146447,8,124.824408
-32.257475,8,124.837843
-45.57946,8,124.852043
-17.773115,8,124.866937
-49.078537,8,124.891587
-19.076256,8,124.902294
-90.906441,8,124.923378
-45.569727,8,124.944179
-51.700567,8,124.956038
-20.854499,8,124.970037
-5.071619,8,124.982046
-24.129433,8,124.999244
-108.964329,8,125.016939
-89.915711,8,125.037104
-34.855285,8,125.061033
1.547551,8,125.076033
-32.83891,8,125.098795
-22.803794,8,125.123426
2.830699,8,125.142647
-32.409293,8,125.159167
-11.159308,8,125.168149
-116.962003,8,125.190264
-57.854668,8,125.201761
-3.271915,8,125.215494
-13.521016,8,125.247203
1.634859,8,125.25324
0.309054,8,125.2707
-5.591758,8,125.293654
-57.675244,8,125.303131
-17.715011,8,125.320036
-9.03802,8,125.338005
-85.144018,8,125.357373
-29.602766,8,125.373142
-130.015071,8,125.38437
-27.356402,8,125.400636
-85.641449,8,125.406722
-27.414423,8,125.421583
-110.804003,8,125.437716
-81.199912,8,125.459098
-17.527246,8,125.468859
-11.837423,8,125.48687
-34.500939,8,125.501759
-70.61177,8,125.516342
-15.624616,8,125.52206
-24.166986,8,125.53742
-25.387696,8,125.552857
-8.225176,8,125.578054
-23.530219,8,125.592229
-49.678636,8,125.60423
2.101402,8,125.619558
-105.859621,8,125.625557
-35.397446,8,125.643509
-37.047728,8,125.653699
-1.674033,8,125.653699
-119.521607,8,125.689611
-25.647222,8,125.698614
-117.77321,8,125.711715
-74.991335,8,125.726776
1.896574,8,125.727781
-61.547078,8,125.743902
-132.13556,8,125.759789
-43.517469,8,125.773286
-17.904416,8,125.786784
-113.181988,8,125.800804
-19.558603,8,125.806898
-51.189309,8,125.825849
-9.009008,8,125.841067
-19.950145,8,125.861094
3.240242,8,125.868778
-52.124847,8,125.877051
-31.234476,8,125.892848
5.848805,8,125.908813
-6.732678,8,125.908813
-50.701082,8,125.924618
-5.644534,8,125.946407
-128.519388,8,125.954513
-33.411759,8,125.970363
-166.811488,8,125.986374
-136.659622,8,125.986374
-14.383053,8,126.020298
-11.369365,8,126.022871
-22.472116,8,126.034489
0.725714,8,126.062693
-6.866254,8,126.072964
-120.777668,8,126.078963
0.790453,8,126.095041
-16.099359,8,126.114827
-198.236209,8,126.129049
-20.777079,8,126.141979
-14.225769,8,126.155997
-34.184272,8,126.166883
-26.964192,8,126.180679
-23.755191,8,126.201722
-7.075528,8,126.213234
-71.717785,8,126.222238
-28.003649,8,126.245152
0.262278,8,126.26093
-77.408025,8,126.27602
-33.103253,8,126.285911
-21.704856,8,126.302373
-51.218397,8,126.313002
3.729304,8,126.327932
-3.941413,8,126.346636
-118.935866,8,126.35964
-4.248859,8,126.380049
-62.351685,8,126.392591
1.062488,8,126.402446
2.010083,8,126.420914
-20.28139,8,126.434905
-25.419905,8,126.453716
-32.708881,8,126.46573
1.490579,8,126.481841
-223.012069,8,126.497842
-88.770589,8,126.504456
-78.260472,8,126.521272
-60.095842,8,126.538091
-2.782676,8,126.553416
-4.487563,8,126.575488
-6.496148,8,126.586636
-44.677616,8,126.601945
-5.889314,8,126.609993
-196.936498,8,126.627639
-102.629592,8,126.641418
-79.166453,8,126.653422
-18.908307,8,126.671189
-4.552604,8,126.672932
-1.334304,8,126.689087
5.296186,8,126.709528
-15.958619,8,126.726462
-0.549898,8,126.744351
-184.257737,8,126.751347
-163.497663,8,126.767463
-47.568828,8,126.787409
-212.889428,8,126.799378
-26.045443,8,126.811511
7.440464,8,126.820693
-43.681877,8,126.828692
8.093165,8,126.846503
-21.271114,8,126.857999
-58.90242,8,126.867552
-10.469097,8,126.875908
-3.938682,8,126.891871
-60.303307,8,126.91694
-8.246256,8,126.932838
3.004917,8,126.937843
-42.161231,8,126.953506
4.862561,8,126.971506
-65.408796,8,126.99129
-119.494187,8,127.001481
-22.976311,8,127.001481
-41.38602,8,127.028924
-11.443125,8,127.042161
-18.329184,8,127.055333
-40.628383,8,127.064447
-125.841171,8,127.082448
-12.416321,8,127.093448
-2.666152,8,127.112746
-51.628744,8,127.125921
-38.590384,8,127.143988
1.756663,8,127.165084
-177.893495,8,127.175712
-95.62979,8,127.192778
-132.138925,8,127.210241
-7.025244,8,127.222446
9.591615,8,127.236835
-88.499868,8,127.251464
-64.149224,8,127.267217
-9.277907,8,127.291395
-28.555806,8,127.308962
-113.871056,8,127.331818
5.279727,8,127.346318
-15.417993,8,127.362102
-22.517148,8,127.376002
-0.946376,8,127.401735
-22.231536,8,127.425654
-4.289756,8,127.440219
-94.311007,8,127.462863
-59.40065,8,127.483857
-2.03547,8,127.496316
-3.82683,8,127.528174
-21.372037,8,127.538195
-14.010451,8,127.572019
-61.351675,8,127.593118
-53.735481,8,127.60581
-33.981179,8,127.627305
-7.18136,8,127.641265
-20.939546,8,127.656973
-157.052766,8,127.692944
-1.237161,8,127.703943
-29.286727,8,127.71967
3.807292,8,127.735409
-7.111656,8,127.754127
-37.461796,8,127.770254
-33.203652,8,127.795758
-4.010219,8,127.813194
-8.070111,8,127.82749
-120.741128,8,127.843493
-9.551909,8,127.851403
-60.842708,8,127.867444
-44.536192,8,127.887411
-93.103321,8,127.899166
-51.729779,8,127.91747
-148.913272,8,127.92247
-14.063861,8,127.938209
2.810372,8,127.964152
-12.453659,8,127.969638
-30.933328,8,127.985589
-28.44093,8,128.001694
-4.613217,8,128.001694
-57.241461,8,128.031964
1.685379,8,128.031964
-8.697319,8,128.059827
-27.691403,8,128.074201
-5.928266,8,128.089396
5.568257,8,128.104542
-40.915846,8,128.114542
-2.513267,8,128.13082
-2.185414,8,128.154642
-36.107214,8,128.157661
-45.94428,8,128.174388
-61.029692,8,128.191607
-42.308437,8,128.205694
-55.04951,8,128.223391
-66.603631,8,128.223391
0.557474,8,128.249487
-7.217765,8,128.25048
-3.414784,8,128.270992
-49.197983,8,128.286326
-142.194066,8,128.30253
-37.808367,8,128.326058
-5.380877,8,128.336968
-1.906037,8,128.352417
-94.361072,8,128.367469
-133.450259,8,128.369055
-74.345638,8,128.385908
-111.065143,8,128.404178
-80.147666,8,128.420836
-27.15998,8,128.438055
-53.365007,8,128.448253
-18.020967,8,128.461846
-83.365532,8,128.471321
-4.3371,8,128.486865
-79.916236,8,128.505382
-18.02439,8,128.519166
-7.744789,8,128.521667
-71.290217,8,128.543003
-143.616747,8,128.556003
3.84643,8,128.569139
-15.409814,8,128.581134
-120.278429,8,128.594137
-4.445896,8,128.594137
-11.559074,8,128.626013
-109.238271,8,128.626013
4.503707,8,128.654026
-2.034479,8,128.672793
-50.277811,8,128.675589
-4.215426,8,128.690577
-2.715138,8,128.703844
-86.451321,8,128.719616
-2.913793,8,128.735502
-6.056956,8,128.753583
-13.690194,8,128.770957
-153.321543,8,128.781967
-31.530378,8,128.787233
-97.447093,8,128.797846
-11.531728,8,128.819613
-8.478399,8,128.839647
-9.763102,8,128.858447
-2.062539,8,128.868356
-1.669997,8,128.884208
-26.727217,8,128.887328
-138.074101,8,128.899946
-7.569939,8,128.915953
-40.468842,8,128.932045
-103.282241,8,128.947905
-239.484883,8,128.947905
-60.123374,8,128.970698
-105.875015,8,128.987438
-174.746744,8,129.001054
-18.576497,8,129.017082
-36.367039,8,129.017082
-99.52483,8,129.033039
-2.216575,8,129.053885
-19.614893,8,129.078646
-58.533609,8,129.093524
-31.297412,8,129.101526
-40.321456,8,129.117589
-41.071081,8,129.133687
-49.597455,8,129.145325
-7.883609,8,129.14933
-142.430328,8,129.173811
-9.113813,8,129.188348
-5.092915,8,129.215881
-86.486964,8,129.225946
-8.438987,8,129.23962
-0.668206,8,129.251244
-126.708551,8,129.271717
-110.890163,8,129.292105
-9.127546,8,129.302682
-100.142922,8,129.318484
-39.493311,8,129.319834
-110.356604,8,129.335974
-18.149584,8,129.352673
-2.664539,8,129.371102
-156.079323,8,129.3971
-35.11095,8,129.409501
-129.524512,8,129.426614
-67.418591,8,129.442837
-7.809644,8,129.453992
-71.766028,8,129.469779
-81.521696,8,129.479997
-50.244119,8,129.490425
-26.438565,8,129.515403
-7.358677,8,129.527872
-29.940303,8,129.54339
-23.229014,8,129.553165
-37.434784,8,129.57218
2.28232,8,129.594602
-99.885053,8,129.604812
-75.376698,8,129.622998
-58.352591,8,129.626
3.040759,8,129.648709
-31.871532,8,129.663058
2.045358,8,129.678216
-57.545958,8,129.695382
-12.258499,8,129.711274
-107.236644,8,129.73026
-55.751875,8,129.754073
-20.895503,8,129.766097
-62.372205,8,129.787965
-62.506351,8,129.805937
-10.683836,8,129.823561
8.863219,8,129.845842
-6.798516,8,129.861561
-55.696849,8,129.885467
-56.623064,8,129.90056
-26.750725,8,129.928999
-8.062002,8,129.962705
-64.294055,8,129.983996
-21.103887,8,130.005804
-16.163717,8,130.025944
5.230219,8,130.050979
-22.182732,8,130.085084
-16.660425,8,130.103721
-39.249819,8,130.125809
-61.362255,8,130.143894
-36.817415,8,130.166506
-11.633483,8,130.193726
1.044311,8,130.206468
-112.021137,8,130.23039
-47.063404,8,130.236199
-16.562633,8,130.266402
-51.857997,8,130.289764
-3.061241,8,130.305122
-3.55232,8,130.332091
-119.761436,8,130.348815
-49.209812,8,130.369964
0.891474,8,130.389211
-11.581765,8,130.40943
-28.727554,8,130.430278
-60.48115,8,130.448173
-21.451834,8,130.467363
-28.716961,8,130.486991
-72.80412,8,130.501868
-46.869344,8,130.526513
-14.405828,8,130.544519
-40.639747,8,130.569933
2.820275,8,130.594178
5.844087,8,130.610108
-4.392621,8,130.63512
-48.038037,8,130.65337
-95.634709,8,130.67294
-9.500986,8,130.690758
-157.182488,8,130.704556
-101.145337,8,130.724257
-4.764159,8,130.744298
-172.228619,8,130.765267
-32.277045,8,130.785637
-27.506182,8,130.800105
-34.971482,8,130.829451
-3.502616,8,130.854678
3.37024,8,130.870737
-58.536646,8,130.895238
-22.389586,8,130.911195
-0.560125,8,130.930841
-7.753944,8,130.946107
-10.91802,8,130.970052
-5.082528,8,130.987538
-101.097795,8,131.000542
-25.08287,8,131.017288
-27.078521,8,131.033288
-39.905267,8,131.049094
-54.366143,8,131.076308
-40.953001,8,131.091461
-19.835294,8,131.108699
-10.974345,8,131.12211
-82.764613,8,131.14147
7.439182,8,131.163726
-93.197037,8,131.172852
-43.632559,8,131.199313
-120.826901,8,131.215218
-122.839212,8,131.235034
-40.021829,8,131.253298
-3.910816,8,131.26885
-28.048594,8,131.310038
-6.013356,8,131.325217
-146.647861,8,131.344759
-42.813478,8,131.363824
-4.441174,8,131.381057
-6.134505,8,131.402896
-91.116552,8,131.421606
-6.508039,8,131.439494
-43.275157,8,131.455308
-55.85849,8,131.474845
-104.517431,8,131.497123
-115.496145,8,131.512109
-19.847452,8,131.537872
-100.275338,8,131.562995
-85.94391,8,131.57912
-38.545219,8,131.596201
-3.57711,8,131.609812
-31.187863,8,131.63026
-23.433814,8,131.650478
-25.824644,8,131.670013
-3.769457,8,131.688977
-43.513716,8,131.704363
-89.6182,8,131.720121
-106.039066,8,131.73783
-68.299148,8,131.765893
-19.021823,8,131.783003
2.770059,8,131.799131
-5.430107,8,131.824539
-28.03947,8,131.845358
-44.927836,8,131.865136
-0.66557,8,131.876555
-3.839723,8,131.892263
0.005694,8,131.913351
-5.960727,8,131.93553
-8.082835,8,131.950855
-129.921403,8,131.976227
-57.106758,8,132.043679
-19.47245,8,132.069544
-54.741896,8,132.094997
-138.270565,8,132.112725
-19.223793,8,132.132303
-19.260333,8,132.145108
-137.140417,8,132.163803
-128.73921,8,132.188435
-72.464851,8,132.204079
-86.037523,8,132.225727
-36.776103,8,132.243947
-0.868784,8,132.267035
-65.996655,8,132.29697
-6.421954,8,132.31355
-36.890158,8,132.340985
-72.587982,8,132.359249
-0.320063,8,132.390683
-72.223958,8,132.419297
-21.833916,8,132.436173
3.166332,8,132.458293
-43.765986,8,132.472247
8.540808,8,132.488646
-11.628067,8,132.529002
-1.379644,8,132.548582
-22.050095,8,132.56831
-14.498154,8,132.593382
-45.080029,8,132.617673
-25.914108,8,132.653802
-6.897625,8,132.670955
-13.946506,8,132.692165
1.29553,8,132.703283
-108.365025,8,132.72482
-7.168697,8,132.746665
-1.766979,8,132.766472
0.298258,8,132.788018
-44.145494,8,132.804073
-11.980828,8,132.828057
6.997827,8,132.847708
-134.406799,8,132.866538
-48.236763,8,132.890546
-29.872616,8,132.903897
-6.099751,8,132.917915
-65.755924,8,132.937992
-80.036041,8,132.950879
-120.414286,8,132.965862
-99.153045,8,132.981891
-91.264515,8,132.998556
-149.068356,8,133.017197
0.799927,8,133.029238
-6.353292,8,133.046485
-41.979596,8,133.059096
-45.836702,8,133.075854
-90.585776,8,133.099856
-64.428344,8,133.110853
-96.064997,8,133.126269
-3.036229,8,133.135505
-37.204915,8,133.142421
-19.093517,8,133.16836
-43.345253,8,133.180018
-121.721442,8,133.198054
-24.868667,8,133.205574
-51.875011,8,133.221693
-6.162968,8,133.239379
-0.668718,8,133.253038
-18.359369,8,133.274942
-33.982547,8,133.287673
-37.931986,8,133.303049
-137.723446,8,133.32317
-21.464159,8,133.336607
-156.121813,8,133.352309
5.863085,8,133.365884
-69.223419,8,133.380977
-123.582791,8,133.398272
-59.690645,8,133.411104
-0.942568,8,133.429668
-53.411077,8,133.441447
-28.010194,8,133.457215
-35.092675,8,133.47433
-46.726571,8,133.48835
-0.259826,8,133.504485
-6.888177,8,133.515486
3.255986,8,133.527311
-5.393621,8,133.550425
-48.790342,8,133.561967
-15.587859,8,133.575757
-6.246532,8,133.585531
-5.742541,8,133.60248
-71.76234,8,133.617565
-78.437129,8,133.628563
-2.282047,8,133.650675
0.621305,8,133.660201
3.508886,8,133.669435
-53.528548,8,133.6916
-45.459541,8,133.701379
2.887523,8,133.713144
-40.667816,8,133.719144
-10.282245,8,133.733193
-68.278131,8,133.759125
-13.773296,8,133.766894
-5.553348,8,133.78068
-97.050111,8,133.79413
-30.822601,8,133.810177
-6.203564,8,133.830198
-77.458797,8,133.842195
-7.792816,8,133.857448
-17.635023,8,133.862274
-0.8014,8,133.883641
-53.559181,8,133.89187
-286.126358,8,133.907553
-19.78448,8,133.923639
7.073837,8,133.93485
-17.938622,8,133.950106
5.440839,8,133.954111
-33.138943,8,133.978826
-74.490768,8,133.996608
-15.061573,8,134.007672
-54.520332,8,134.024012
-38.179986,8,134.038451
-2.524325,8,134.049466
-5.608774,8,134.063671
-84.931335,8,134.075877
4.240719,8,134.093615
-2.681472,8,134.1085
-5.844009,8,134.120262
-71.40634,8,134.137176
2.212802,8,134.149184
-7.93071,8,134.168298
-104.6788,8,134.19201
-42.349464,8,134.204058
-0.32866,8,134.227529
-88.222134,8,134.236799
-30.898888,8,134.260121
-90.273741,8,134.27639
3.672724,8,134.288394
-115.321068,8,134.307933
-16.249531,8,134.319797
-39.179748,8,134.336238
-59.520364,8,134.352232
-99.567235,8,134.365871
-87.021996,8,134.386223
-62.070082,8,134.396958
-7.52194,8,134.402516
-4.561926,8,134.421302
-4.502893,8,134.437772
-0.501798,8,134.459689
-3.571693,8,134.468919
-91.566001,8,134.486775
-87.9479,8,134.501909
-1.605321,8,134.513951
-84.365262,8,134.533459
-32.979691,8,134.537971
-2.867355,8,134.553299
7.921142,8,134.56941
-22.45265,8,134.591399
-30.138476,8,134.606562
-103.962131,8,134.617794
-146.64018,8,134.625892
-0.410558,8,134.649994
-37.593847,8,134.664723
-31.08072,8,134.680028
1.541199,8,134.692757
6.810808,8,134.708955
7.777074,8,134.726377
-61.02919,8,134.737997
-90.064251,8,134.764503
-11.617499,8,134.78382
-27.36645,8,134.80587
-3.778871,8,134.828873
-10.366905,8,134.844678
2.413389,8,134.874404
-38.316562,8,134.875913
-104.287186,8,134.901947
-46.91571,8,134.925103
-47.96692,8,134.937108
-5.774602,8,134.95382
-153.768139,8,134.966693
-69.579488,8,134.987459
1.725341,8,135.004984
-67.705188,8,135.022889
-2.589835,8,135.036864
-28.908315,8,135.046865
-4.599129,8,135.059648
-4.573135,8,135.067322
0.315064,8,135.091292
-135.113538,8,135.107053
-67.472136,8,135.118546
0.986867,8,135.134743
-92.461422,8,135.147925
1.799355,8,135.156925
-66.864176,8,135.172272
-106.234055,8,135.187211
-35.214511,8,135.213298
5.494821,8,135.231681
-97.243181,8,135.237004
-53.613766,8,135.260975
-76.787033,8,135.272272
-42.092459,8,135.286201
5.162028,8,135.302767
-33.11909,8,135.318768
-0.421324,8,135.320402
-0.269681,8,135.338348
5.744203,8,135.352367
-2.166136,8,135.371648
-4.620639,8,135.39614
-38.527852,8,135.418613
-14.336527,8,135.425523
9.691284,8,135.447947
-93.754082,8,135.46149
-50.500511,8,135.471279
-15.14593,8,135.487735
0.36452,8,135.498061
-109.223241,8,135.513624
-5.811912,8,135.535187
-57.2298,8,135.53779
-38.849774,8,135.566071
-18.231235,8,135.579075
-47.136184,8,135.579075
-24.418804,8,135.595072
-42.724155,8,135.611134
-93.027116,8,135.632482
-8.703689,8,135.642927
-142.026817,8,135.658697
-9.328899,8,135.67698
-63.552706,8,135.686979
-65.808034,8,135.701861
8.919802,8,135.71336
-2.040386,8,135.729187
-28.701361,8,135.753987
8.539934,8,135.765986
-3.588518,8,135.780909
-110.291276,8,135.792038
-6.710171,8,135.805792
-2.488022,8,135.817808
0.752059,8,135.831613
-13.983821,8,135.848804
-45.063372,8,135.860841
3.407951,8,135.874887
-208.95048,8,135.890689
-18.041091,8,135.901648
-91.674087,8,135.920897
-46.809047,8,135.932678
-19.110869,8,135.946098
-1.15691,8,135.965527
-115.726511,8,135.976243
-166.732268,8,135.992159
5.556689,8,136.003181
3.828711,8,136.016177
-19.964653,8,136.030762
-38.344066,8,136.038815
-187.468054,8,136.053907
6.539582,8,136.370815
-50.348526,8,136.395242
2.563801,8,136.418706
-39.866876,8,136.422143
-45.448723,8,136.437904
-58.800641,8,136.437904
-97.804053,8,136.454825
-37.166504,8,136.470848
4.010682,8,136.486701
-137.837716,8,136.487694
-33.969782,8,136.507267
-4.655819,8,136.522861
-11.5972,8,136.540913
-4.71497,8,136.547921
-45.56148,8,136.568033
-28.267973,8,136.578069
-59.4184,8,136.591852
6.558725,8,136.605631
-131.366206,8,136.617641
5.893287,8,136.632542
-22.319762,8,136.642739
-47.148,8,136.655739
2.714252,8,136.668425
-47.176808,8,136.678461
-59.954649,8,136.692253
-64.042311,8,136.702287
-77.661304,8,136.714069
2.248675,8,136.735918
3.401199,8,136.747959
-70.460234,8,136.761845
-49.936155,8,136.770352
-140.456046,8,136.788717
-2.955976,8,136.802302
-61.614896,8,136.813359
9.349775,8,136.826594
-98.541269,8,136.839386
-23.083644,8,136.854671
-18.9374,8,136.867898
-116.917195,8,136.875899
-15.739581,8,136.895606
6.279758,8,136.905639
-30.597118,8,136.919438
-135.076713,8,136.93235
-19.947857,8,136.946127
2.515163,8,136.959692
-153.838388,8,136.970854
-41.268402,8,136.98516
-1.793465,8,136.997203
-22.912397,8,137.011002
-29.170929,8,137.032411
-0.152397,8,137.044451
-86.256252,8,137.055395
-7.000953,8,137.083982
-5.475468,8,137.094986
-48.425542,8,137.108192
-107.852086,8,137.119195
-3.219235,8,137.13433
-86.674061,8,137.14133
-23.564024,8,137.167243
-80.069757,8,137.183032
-20.473396,8,137.194806
-129.325434,8,137.214614
7.495169,8,137.232038
-27.973208,8,137.237529
-11.5168,8,137.273777
-69.047638,8,137.286786
-95.645783,8,137.305102
-12.909625,8,137.319771
-43.651488,8,137.336163
-6.135068,8,137.353155
-47.765075,8,137.364155
-10.323857,8,137.386233
-54.455405,8,137.403112
-0.206191,8,137.413117
-116.548973,8,137.430035
-19.129515,8,137.437364
-36.611483,8,137.453017
-104.397129,8,137.479174
-107.813118,8,137.497308
-2.455858,8,137.518892
-12.517794,8,137.530888
-43.891211,8,137.546295
-33.464443,8,137.567595
-144.509296,8,137.579643
-3.68358,8,137.603892
4.4119,8,137.623144
-24.715214,8,137.640136
-45.449231,8,137.658296
-25.795494,8,137.668336
-4.937051,8,137.687845
-4.680301,8,137.706325
-90.123472,8,137.723868
-55.192868,8,137.7408
-30.594556,8,137.753829
-5.61563,8,137.768889
-102.32206,8,137.780925
-57.817252,8,137.796708
-51.466882,8,137.810999
-159.837398,8,137.826887
-58.704343,8,137.837237
-6.713746,8,137.853468
-4.450042,8,137.86647
4.304315,8,137.885068
-50.298561,8,137.897245
3.505051,8,137.911035
-59.629898,8,137.922817
-35.418797,8,137.943067
-58.570944,8,137.957772
-115.390074,8,137.965698
-22.227718,8,137.969754
-25.003299,8,137.989417
-74.140317,8,138.00303
-47.509092,8,138.005034
-69.411414,8,138.026068
-78.677242,8,138.044212
-9.339363,8,138.060849
-114.593682,8,138.070102
-96.518189,8,138.078644
-59.442691,8,138.094771
-73.1611,8,138.116543
-6.989441,8,138.127692
-32.500605,8,138.142798
-31.883725,8,138.154799
5.893538,8,138.167798
-66.124581,8,138.172803
-99.520612,8,138.190918
-37.749651,8,138.208725
-114.239215,8,138.228559
-15.817287,8,138.239574
-63.135553,8,138.255628
-141.203319,8,138.265663
-39.081394,8,138.282545
-153.184986,8,138.286378
2.019595,8,138.311273
-66.539629,8,138.319924
1.198009,8,138.319924
-70.637,8,138.336285
-177.621524,8,138.361872
-115.532355,8,138.377103
-131.897016,8,138.396867
-41.763621,8,138.409226
-85.565159,8,138.421042
-106.945467,8,138.438218
-66.183575,8,138.438218
-1.850587,8,138.455174
-217.579931,8,138.468888
-14.379842,8,138.496993
-38.192998,8,138.504453
-125.881411,8,138.521549
-19.674473,8,138.539845
-153.924036,8,138.550843
-11.429863,8,138.552854
-62.803983,8,138.584662
-163.680827,8,138.597095
-30.317256,8,138.615297
-88.878568,8,138.628397
-23.975972,8,138.641397
-1.847032,8,138.658038
-5.995597,8,138.658038
-179.244407,8,138.673237
1.682793,8,138.689436
-8.866769,8,138.71182
-41.19131,8,138.719707
-4.916604,8,138.737472
-4.020989,8,138.759539
-87.379881,8,138.771042
-42.14917,8,138.775699
-182.279111,8,138.791713
1.304227,8,138.807546
-115.699759,8,138.823395
-58.232044,8,138.839509
-4.201273,8,138.854302
-14.011641,8,138.855402
-116.167042,8,138.871338
-40.204592,8,138.889228
-17.213849,8,138.903691
-166.254888,8,138.919009
-12.659374,8,138.942719
-11.559942,8,138.953897
-2.131601,8,138.969524
-77.132934,8,138.969524
-17.45734,8,138.987524
-51.64297,8,138.999635
-47.607203,8,139.017481
0.845776,8,139.032531
-2.976603,8,139.042774
-8.713012,8,139.059788
-10.650072,8,139.075292
-54.253054,8,139.089059
-55.589347,8,139.107186
-55.734048,8,139.118175
-105.433705,8,139.133175
-85.387195,8,139.148171
-75.377127,8,139.157174
-9.135491,8,139.177336
5.459006,8,139.185086
-73.413721,8,139.202362
-17.718206,8,139.216403
-130.11426,8,139.226172
-79.997776,8,139.239778
-24.842742,8,139.25053
-7.186642,8,139.266137
-67.753313,8,139.288623
-97.642792,8,139.300807
-37.618812,8,139.31428
-10.162325,8,139.325227
6.084551,8,139.34116
-126.285086,8,139.354958
-19.687439,8,139.364992
-87.99116,8,139.388802
-2.302801,8,139.400837
-30.451336,8,139.415008
-67.045836,8,139.434352
-117.060449,8,139.448113
-77.823915,8,139.469541
-59.323418,8,139.482694
-76.884157,8,139.5073
-41.879425,8,139.524072
0.485609,8,139.53736
-10.128568,8,139.556627
4.377313,8,139.576337
-113.882672,8,139.592131
-92.286838,8,139.607923
-38.469679,8,139.62974
-28.43366,8,139.652769
3.051373,8,139.665892
1.571079,8,139.684388
-177.609608,8,139.713423
3.240118,8,139.726193
-47.516407,8,139.751071
-81.629907,8,139.764133
2.034479,8,139.781901
-25.338897,8,139.799415
0.189494,8,139.811471
-75.062938,8,139.830426
-5.704585,8,139.843184
-0.091908,8,139.86269
-13.684952,8,139.879291
0.416804,8,139.891308
1.008973,8,139.907371
-124.530884,8,139.925309
-121.481578,8,139.935321
-19.859763,8,139.939288
-166.387116,8,139.968666
-61.568589,8,139.984236
-33.956094,8,139.996872
-68.391785,8,140.012423
-37.527066,8,140.02646
-17.935364,8,140.038236
-9.064386,8,140.053835
-1.347206,8,140.070143
-152.952837,8,140.087411
-52.127619,8,140.107898
-38.936568,8,140.119089
-117.802258,8,140.134297
-160.725356,8,140.141297
-21.273972,8,140.157151
-68.144586,8,140.17495
-117.611791,8,140.183781
-41.000693,8,140.19909
-67.383428,8,140.211988
-48.800316,8,140.219988
-16.178305,8,140.237782
-52.633238,8,140.24581
-0.539022,8,140.258517
-82.39042,8,140.271089
-35.279612,8,140.286284
-36.508638,8,140.303191
-17.679447,8,140.323534
-25.945884,8,140.328538
-1.206902,8,140.346217
-36.619735,8,140.361947
4.110862,8,140.376198
-101.618274,8,140.386067
-145.792523,8,140.40672
-38.061223,8,140.419832
-11.359367,8,140.421613
-55.850247,8,140.454266
-17.542559,8,140.465365
-67.940423,8,140.472268
-114.011074,8,140.486865
-86.309156,8,140.508298
2.444351,8,140.528295
-21.259827,8,140.539297
-35.174361,8,140.5483
-54.642683,8,140.5483
-36.271402,8,140.57853
-184.466804,8,140.584291
7.470577,8,140.596389
-2.275522,8,140.622249
-15.679041,8,140.638407
-52.495592,8,140.651525
-65.392054,8,140.657535
-27.536264,8,140.67338
-44.410956,8,140.68917
-9.47574,8,140.69903
-40.533036,8,140.713386
-38.273463,8,140.727172
1.287149,8,140.741218
-37.043254,8,140.756044
-37.635021,8,140.766043
5.987811,8,140.779906
-71.843304,8,140.799643
-7.203069,8,140.811393
-41.835782,8,140.826031
-2.126794,8,140.835059
-4.166329,8,140.853754
-21.604294,8,140.868514
-55.68652,8,140.880279
-103.863193,8,140.894284
-18.745316,8,140.905385
-120.822112,8,140.918429
-90.600099,8,140.934425
5.784109,8,140.947157
-161.895826,8,140.969268
-76.152453,8,140.98037
-20.630257,8,140.995058
-62.450405,8,141.009536
-16.414375,8,141.02301
-58.195087,8,141.036796
-64.696687,8,141.047792
-18.313298,8,141.05389
-40.111584,8,141.078614
-30.435747,8,141.089771
-21.4931,8,141.104842
-39.445429,8,141.115843
-81.449695,8,141.13395
-112.94241,8,141.156964
-59.405303,8,141.162979
-135.333733,8,141.18883
-67.857263,8,141.204715
-30.350725,8,141.220723
-50.283407,8,141.236418
-79.885739,8,141.254063
11.155252,8,141.273787
-85.827604,8,142.188013
-6.762936,8,142.207895
-72.398972,8,142.221393
-40.61295,8,142.231143
-67.079108,8,142.238632
-123.220695,8,142.250607
-155.482124,8,142.270342
-8.872813,8,142.271403
-57.620233,8,142.297357
-15.872214,8,142.303157
-16.080021,8,142.319413
-103.528091,8,142.334672
-56.811517,8,142.336678
-41.844402,8,142.350757
-43.574034,8,142.366462
-0.427899,8,142.36963
2.305214,8,142.389462
6.422379,8,142.406651
-107.612199,8,142.42107
-6.839498,8,142.42107
-15.985708,8,142.442688
-130.371939,8,142.452923
4.745026,8,142.468565
-25.269307,8,142.484318
-106.135325,8,142.487899
4.99749,8,142.514521
3.823518,8,142.521678
9.023637,8,142.537771
-46.484204,8,142.564193
1.794863,8,142.584938
-57.68251,8,142.584938
2.41918,8,142.61586
-115.091978,8,142.62986
-13.488341,8,142.644861
-22.182187,8,142.656861
-33.807977,8,142.656861
-25.226718,8,142.683207
-81.816605,8,142.69662
-22.020287,8,142.707533
-24.909446,8,142.721528
-0.36253,8,142.732527
-55.435406,8,142.754401
-25.169416,8,142.770117
-28.287967,8,142.781191
-38.674543,8,142.796522
-4.860057,8,142.804538
-17.438168,8,142.818447
-40.889275,8,142.833437
1.692864,8,142.843423
-76.149537,8,142.860734
-26.451187,8,142.871736
-21.783003,8,142.884815
-50.91572,8,142.898185
-24.810393,8,142.907937
-65.725361,8,142.925308
-16.842084,8,142.937324
-43.436008,8,142.950603
-133.490231,8,142.968313
-149.360369,8,142.97799
-78.720385,8,142.993668
-159.968407,8,142.999415
-90.42391,8,143.01859
-14.361003,8,143.030605
-64.290994,8,143.042619
5.409738,8,143.055677
-21.231887,8,143.067394
-100.057123,8,143.083737
-50.518601,8,143.10114
-3.06404,8,143.11129
-19.852982,8,143.126938
1.388867,8,143.142099
-90.571233,8,143.15742
2.038041,8,143.174437
2.800301,8,143.183434
-17.935889,8,143.196938
-102.643803,8,143.207996
-55.263145,8,143.216486
-84.217277,8,143.232495
-17.857188,8,143.244214
2.666201,8,143.261993
-83.17382,8,143.276289
-49.383965,8,143.286409
-16.262272,8,143.303337
-43.235124,8,143.319771
1.206278,8,143.335597
-0.351428,8,143.335597
0.089857,8,143.351737
-42.272877,8,143.375731
-94.208514,8,143.389796
-20.421289,8,143.403823
-27.355055,8,143.405176
-9.412868,8,143.420878
-159.199379,8,143.448579
5.251259,8,143.460357
-18.439667,8,143.471503
-1.926433,8,143.490955
-72.414418,8,143.505586
0.302374,8,143.519888
-57.579009,8,143.521376
2.544505,8,143.537094
-33.938735,8,143.552849
-113.423327,8,143.570543
-17.275955,8,143.584667
-34.549364,8,143.604692
-10.105972,8,143.626766
-0.339371,8,143.640767
-89.258239,8,143.659041
-57.585456,8,143.679039
-37.953702,8,143.695041
-61.371467,8,143.719041
4.460887,8,143.734741
-39.85273,8,143.752414
-16.331643,8,143.766443
-10.795774,8,143.790676
-19.55243,8,143.806199
10.417972,8,143.817557
-77.818859,8,143.834108
-9.853679,8,143.853506
-93.072402,8,143.860109
2.274106,8,143.875903
-51.71523,8,143.892104
-32.552285,8,143.908098
-14.565437,8,143.926529
-49.803786,8,143.938529
0.149137,8,143.956123
-45.858513,8,143.958908
-0.463798,8,143.970012
-95.987925,8,143.985783
-45.860601,8,144.003678
-8.05169,8,144.023051
-62.409835,8,144.041749
-99.938065,8,144.047755
-5.28482,8,144.079992
-38.496105,8,144.079992
-74.785763,8,144.097917
-22.169964,8,144.120156
-29.018668,8,144.138451
-17.253795,8,144.157446
-4.012223,8,144.170649
-21.330781,8,144.192717
-13.568837,8,144.20641
-20.508369,8,144.223214
-5.975265,8,144.245996
-28.112986,8,144.260253
-28.078859,8,144.276987
-59.469665,8,144.294171
-15.825101,8,144.310269
-6.581587,8,144.327962
3.279456,8,144.343815
-100.166197,8,144.362966
-8.248039,8,144.375965
-38.512525,8,144.398181
-63.106412,8,144.422397
6.035596,8,144.422397
6.772448,8,144.455647
-83.85927,8,144.469723
-156.390305,8,144.486449
-28.117548,8,144.502096
-121.544387,8,144.504517
-19.604463,8,144.532327
-116.209931,8,144.537033
-58.671372,8,144.552814
-2.424816,8,144.568502
-84.405745,8,144.585654
-3.053448,8,144.598373
-75.217103,8,144.610525
-39.674644,8,144.631906
-34.344563,8,144.645618
0.291263,8,144.665311
-89.375197,8,144.680226
-191.589738,8,144.69147
-109.19471,8,144.704459
0.967626,8,144.704459
-139.592282,8,144.722297
-46.302188,8,144.740211
-109.844237,8,144.762675
-18.912443,8,144.777423
7.139841,8,144.794326
-35.257281,8,144.807328
-11.37015,8,144.830061
-24.772232,8,144.830061
-6.897882,8,144.861681
-21.546866,8,144.877512
-70.073607,8,144.893595
-103.295808,8,144.913472
-3.057193,8,144.922467
3.061339,8,144.938101
-94.595279,8,144.954098
-69.814127,8,144.969952
-1.21594,8,144.985875
-33.117831,8,145.001935
-101.83468,8,145.018049
-7.48078,8,145.032296
8.483268,8,145.050307
-94.072349,8,145.066293
-79.443953,8,145.080149
-13.457206,8,145.096343
-81.972873,8,145.112104
-11.590074,8,145.123314
-8.279965,8,145.138229
-11.725177,8,145.141229
-66.340961,8,145.16493
-62.274118,8,145.180037
-68.557749,8,145.194457
-54.90019,8,145.212871
-70.853596,8,145.224413
-60.059319,8,145.241313
-6.52118,8,145.257945
-7.874795,8,145.270006
-21.002418,8,145.288813
-11.672875,8,145.302135
-1.896882,8,145.31879
-22.400809,8,145.335506
-76.599876,8,145.335506
-70.041857,8,145.366993
-99.962618,8,145.379452
-93.579932,8,145.386421
6.014504,8,145.422377
-142.691764,8,145.437832
7.665231,8,145.453535
-27.978606,8,145.469627
-19.278082,8,145.487941
-5.396921,8,145.505071
-25.014064,8,145.505071
-52.044566,8,145.537264
-140.145464,8,145.540337
-15.040342,8,145.556314
-28.943277,8,145.572338
-62.591534,8,145.593509
-32.570535,8,145.612887
-18.10684,8,145.619653
-12.060744,8,145.64092
-80.150977,8,145.658865
-26.350096,8,145.66876
-20.408228,8,145.682959
6.266212,8,145.692067
-26.177242,8,145.704062
-2.016455,8,145.719986
-22.705136,8,145.730008
-35.359971,8,145.735759
-104.020587,8,145.76103
-102.063062,8,145.76603
-5.479057,8,145.791773
-8.576234,8,145.812912
-50.170185,8,145.827304
-98.904856,8,145.835259
4.299895,8,145.850123
-110.802713,8,145.866119
6.737387,8,145.881785
4.398348,8,145.89774
-54.024292,8,145.89774
-5.943512,8,145.913712
-49.317597,8,145.938807
-41.908594,8,145.950941
-87.096345,8,145.972193
-40.291077,8,145.988797
-3.712484,8,146.003292
-17.290866,8,146.016343
0.97409,8,146.031924
-41.043247,8,146.047129
-81.116505,8,146.062931
-32.371316,8,146.079029
-7.077686,8,146.09715
-4.003071,8,146.110327
-101.66618,8,146.129006
-85.181134,8,146.142215
-59.550213,8,146.158278
1.99449,8,146.181294
3.618756,8,146.192411
2.56965,8,146.204407
-112.740814,8,146.204407
-44.391034,8,146.236334
-160.207485,8,146.252214
-169.123947,8,146.258532
-56.487349,8,146.277187
-85.284838,8,146.289189
-93.065243,8,146.303206
-11.184875,8,146.321393
-3.642029,8,146.333366
-123.05043,8,146.354455
-25.553733,8,146.365951
-11.422253,8,146.381589
-85.96865,8,146.397383
-0.912894,8,146.410337
-35.813013,8,146.426886
-80.861522,8,146.438663
-32.96581,8,146.457668
-21.580742,8,146.471536
-62.536906,8,146.484541
-54.25225,8,146.501615
-21.4156,8,146.513613
-116.229762,8,146.531814
-78.702325,8,146.561021
-97.977657,8,146.579097
-79.665738,8,146.596648
-34.119833,8,146.610092
-12.564825,8,146.627187
-101.271533,8,146.642976
-15.920762,8,146.65869
-9.658694,8,146.676223
-87.719578,8,146.690787
-204.498278,8,146.708601
-2.916125,8,146.726001
-86.512902,8,146.738798
-26.172851,8,146.760084
-41.368327,8,146.775776
-72.617812,8,146.800656
-34.404389,8,146.817097
-77.494106,8,146.828879
-65.834888,8,146.844832
-49.043802,8,146.858478
3.950986,8,146.874725
-113.961841,8,146.893233
-29.582061,8,146.906432
-60.982799,8,146.920479
-11.42469,8,146.932059
-72.064703,8,146.947857
4.505779,8,146.967087
-1.489384,8,146.982788
-76.108593,8,147.000836
4.250557,8,147.014156
-142.129621,8,147.029339
-30.478402,8,147.044096
-68.774921,8,147.055553
-106.820163,8,147.069606
-25.343456,8,147.081389
-98.863098,8,147.094853
-28.604095,8,147.110646
-34.014968,8,147.124169
-67.679028,8,147.141316
-4.644163,8,147.156491
-98.847926,8,147.171106
-9.448803,8,147.184623
-29.530848,8,147.194674
-73.015557,8,147.211071
-3.473949,8,147.22407
-36.055641,8,147.239304
-44.150089,8,147.253526
-14.321398,8,147.263279
-28.942155,8,147.278563
-49.538708,8,147.291042
-21.693283,8,147.306397
-38.271625,8,147.325674
-40.92345,8,147.33928
-19.372944,8,147.351035
-22.185738,8,147.363595
-0.082865,8,147.378889
-129.265077,8,147.394842
4.009126,8,147.405179
-25.686131,8,147.41889
0.186781,8,147.430395
-9.352583,8,147.444159
-47.211759,8,147.462913
-10.191209,8,147.478268
-10.952938,8,147.497101
-100.094184,8,147.509466
-99.235637,8,147.521297
-24.928596,8,147.537927
-18.933003,8,147.548991
-60.805518,8,147.562991
-25.150553,8,147.562991
-92.951156,8,147.580946
-133.620284,8,147.594725
-10.098809,8,147.610919
-44.185215,8,147.626983
-100.440769,8,147.626983
-20.800704,8,147.642998
-47.450253,8,147.674165
-7.993162,8,147.687162
-121.065962,8,147.707275
-195.547935,8,147.709276
-22.063156,8,147.737213
-45.099501,8,147.757022
-25.256337,8,147.769057
-38.682411,8,147.7833
-63.785117,8,147.794363
-17.385725,8,147.81385
-11.678567,8,147.835613
-36.033616,8,147.850933
-90.894807,8,147.870168
-1.409185,8,147.886142
-2.547478,8,147.899991
4.882969,8,147.918221
-42.518811,8,147.933189
-66.499735,8,147.948926
-53.12028,8,147.952332
-63.059863,8,147.968056
-155.327964,8,147.983987
-71.822304,8,148.003217
-8.995897,8,148.015789
-85.454899,8,148.015789
-81.636212,8,148.047876
-15.138643,8,148.071638
-4.983339,8,148.082725
-7.863622,8,148.097637
1.96896,8,148.108637
2.866511,8,148.122387
-38.097063,8,148.131471
4.789026,8,148.142309
8.481675,8,148.158492
-139.162727,8,148.174546
-21.6568,8,148.190721
-79.127615,8,148.190721
-23.94699,8,148.215903
-84.584459,8,148.225661
-81.005108,8,148.235977
-113.21747,8,148.25607
-90.443281,8,148.273522
-101.979039,8,148.286948
-5.246374,8,148.308325
-112.609751,8,148.318424
-59.383592,8,148.328521
5.996813,8,148.34428
-67.084988,8,148.358396
1.873211,8,148.366144
-36.396894,8,148.386177
-99.976808,8,148.405367
-155.768811,8,148.421927
-41.724993,8,148.436605
-139.759245,8,148.437177
-23.341781,8,148.463567
-139.972112,8,148.482222
-83.559785,8,148.488242
-61.95376,8,148.505424
-71.344395,8,148.521493
-20.094376,8,148.521493
-16.407871,8,148.53687
-47.957928,8,148.554803
-54.490251,8,148.568819
-63.753352,8,148.585046
-32.350975,8,148.601263
-15.980197,8,148.617412
-20.380799,8,148.634793
-5.482541,8,148.641785
-151.039948,8,148.657778
-15.948284,8,148.657778
-44.113016,8,148.675543
-10.029308,8,148.696814
-74.337834,8,148.708819
-73.623593,8,148.722831
7.079583,8,148.733894
-30.748858,8,148.747137
-15.867838,8,148.751049
-55.688497,8,148.771022
-20.563678,8,148.783092
-3.398712,8,148.798858
-116.82378,8,148.816985
-18.644302,8,148.831114
-103.60454,8,148.846967
-12.024832,8,148.86023
-17.983528,8,148.874954
-100.985962,8,148.889722
4.549787,8,148.905746
-26.281917,8,148.923017
-5.923503,8,148.944173
-42.763825,8,148.959172
-30.148504,8,148.976171
-100.627801,8,148.99597
-81.82457,8,149.008265
-31.734883,8,149.028315
-97.165936,8,149.042142
4.030235,8,149.059772
-25.540499,8,149.076921
-131.502669,8,149.088909
-5.60696,8,149.094606
-12.571961,8,149.117826
-97.346143,8,149.139422
-27.452517,8,149.160877
-39.743063,8,149.176093
-25.390418,8,149.192213
-76.965386,8,149.20322
-5.898632,8,149.219367
-154.086859,8,149.231786
8.26273,8,149.247331
-62.86992,8,149.266214
-14.862469,8,149.281436
-26.396586,8,149.298188
-70.202183,8,149.313403
2.450168,8,149.328021
-7.709653,8,149.347803
4.885989,8,149.363153
4.473736,8,149.380102
-12.543139,8,149.389135
-12.954994,8,149.407191
-105.527997,8,149.42219
7.049591,8,149.42219
-4.884001,8,149.437862
1.414651,8,149.469653
-71.491974,8,149.469653
-46.885494,8,149.48824
-111.904396,8,149.511807
-22.097848,8,149.527138
-132.6227,8,149.546907
-12.129582,8,149.557975
-119.22652,8,149.576709
0.110936,8,149.588822
2.00661,8,149.602967
8.819468,8,149.618081
-46.802719,8,149.628226
1.960508,8,149.641726
-1.822905,8,149.653742
-30.8632,8,149.66724
-0.741207,8,149.684666
-37.307698,8,149.697168
2.597536,8,149.710953
8.300101,8,149.727906
-88.149043,8,149.734907
-108.164665,8,149.752662
-185.571862,8,149.766328
-3.575813,8,149.785736
-90.118665,8,149.795822
-73.077577,8,149.811637
-34.318182,8,149.825733
-16.448323,8,149.83771
-46.364328,8,149.851258
-93.345251,8,149.862791
-187.173244,8,149.876584
-83.021594,8,149.900364
-0.675648,8,149.912089
-3.763281,8,149.933234
-79.631255,8,149.944232
-81.003121,8,149.954232
-65.365826,8,149.970007
3.330666,8,149.981508
-5.098435,8,149.99689
-8.685031,8,150.011503
-39.031416,8,150.028347
-94.262558,8,150.044858
-6.681566,8,150.055858
-2.592026,8,150.075422
-63.834101,8,150.084958
-14.203025,8,150.10077
-69.517544,8,150.114447
-19.416312,8,150.1295
-31.967174,8,150.132244
-62.073259,8,150.150196
-56.899217,8,150.169011
-57.745507,8,150.183098
-199.377916,8,150.194098
-30.027131,8,150.209408
-1.173579,8,150.220522
-91.800828,8,150.240631
-50.353225,8,150.25981
0.918858,8,150.270719
-30.073266,8,150.286328
-84.931568,8,150.286328
-72.357738,8,150.312801
9.089581,8,150.324147
-81.875125,8,150.339944
-54.314365,8,150.351463
-9.864116,8,150.351463
-96.430904,8,150.369677
1.220957,8,150.386392
-1.405057,8,150.402755
-105.629274,8,150.422044
-8.92923,8,150.422044
-33.865973,8,150.450075
-20.379537,8,150.453915
-65.122184,8,150.473992
-22.21781,8,150.486259
-2.860313,8,150.496354
-21.006235,8,150.505204
-159.52139,8,150.521497
-65.211602,8,150.521497
-52.431594,8,150.536695
1.863905,8,150.56298
-122.840518,8,150.572932
-21.958589,8,150.595941
-88.887505,8,150.607945
-132.692319,8,150.618645
-89.150669,8,150.634012
-1.600853,8,150.634012
-54.495814,8,150.652659
-19.357749,8,150.678103
-17.819247,8,150.691751
-106.193808,8,150.702655
2.308162,8,150.717923
-18.093074,8,150.730002
5.567982,8,150.735001
-25.477173,8,150.75083
-106.752094,8,150.766971
-99.679227,8,150.772528
-22.26093,8,150.783047
-42.070515,8,150.808534
-31.263253,8,150.809533
-29.229048,8,150.831654
-26.039609,8,150.846939
-2.320954,8,150.860739
-21.842929,8,150.869051
-128.61321,8,150.887962
-6.955803,8,150.900724
-38.650981,8,150.913728
-81.575935,8,150.930071
-166.476996,8,150.937987
-35.424438,8,150.953759
-145.209634,8,150.953759
-136.991614,8,150.96985
-14.097735,8,150.985712
-55.937497,8,151.001797
-45.551264,8,151.023801
-18.458231,8,151.034709
-0.029042,8,151.04771
-25.284058,8,151.06335
-32.168256,8,151.074369
2.624108,8,151.087229
0.181268,8,151.109732
-7.328886,8,151.12865
-3.241244,8,151.135414
-117.535727,8,151.152461
-20.781368,8,151.166548
-9.239374,8,151.166548
7.985448,8,151.182673
-31.218347,8,151.212919
-19.943027,8,151.232885
-0.449294,8,151.248984
-107.066365,8,151.250985
-85.532919,8,151.276542
-93.318432,8,151.286379
-13.394316,8,151.305704
-11.689565,8,151.323759
-35.185223,8,151.34225
-63.411375,8,151.358015
-150.671624,8,151.373882
-3.117026,8,151.386623
-34.576548,8,151.40372
-116.012835,8,151.415576
-25.096438,8,151.432769
-4.555963,8,151.458285
-28.801183,8,151.471653
-36.692261,8,151.488062
-82.457854,8,151.505872
-102.768321,8,151.521901
-85.957267,8,151.553559
-31.915912,8,151.563653
7.051618,8,151.578826
-2.921943,8,151.578826
-24.709768,8,151.594856
-15.335833,8,151.620702
5.117066,8,151.639073
-16.666403,8,151.655743
-6.877175,8,151.666747
0.858995,8,151.681904
-28.182717,8,151.703856
-20.733106,8,151.703856
-2.772966,8,151.719712
-8.008678,8,151.7456
-8.614987,8,151.759643
2.533316,8,151.774622
-116.716016,8,151.785728
-21.539674,8,151.802721
-0.354043,8,151.815847
-56.089976,8,151.829998
-28.058515,8,151.84575
-47.695897,8,151.847759
-89.894272,8,151.861641
-18.30219,8,151.877503
-23.182649,8,151.902422
-36.561818,8,151.907527
-26.739352,8,151.92346
-15.994853,8,151.941233
-16.696887,8,151.957428
-48.19853,8,151.973997
-1.910576,8,151.992579
-53.78018,8,152.005475
-5.033863,8,152.016597
-23.091762,8,152.016597
2.477925,8,152.048493
-1.239831,8,152.066429
-7.851005,8,152.082508
0.592344,8,152.096349
-43.840177,8,152.098354
-13.779565,8,152.119601
-58.461556,8,152.125718
-17.845831,8,152.14141
-4.931335,8,152.154398
-97.911689,8,152.179264
-100.542129,8,152.194947
-29.8255,8,152.208652
-100.033329,8,152.217879
-104.914011,8,152.239888
-69.106182,8,152.255022
-97.960288,8,152.270237
-58.478102,8,152.284769
-20.799769,8,152.28633
-22.87871,8,152.308758
-6.332148,8,152.319975
-38.647561,8,152.335167
-55.294889,8,152.344164
4.027443,8,152.344164
-25.415171,8,152.378152
5.219059,8,152.387918
-75.484591,8,152.402327
-37.41524,8,152.420071
-85.449105,8,152.469295
-120.361455,8,152.493874
-4.475244,8,152.50487
-137.230219,8,152.518976
-38.309568,8,152.534269
-122.106737,8,152.545411
-2.59339,8,152.559519
-151.426858,8,152.570087
-45.050718,8,152.588955
-23.053071,8,152.602876
-22.085626,8,152.614372
-12.141415,8,152.631806
-11.453475,8,152.642036
-72.528007,8,152.657686
-149.219214,8,152.6719
-102.533666,8,152.681583
-88.802415,8,152.700878
-53.593935,8,152.711631
-4.684338,8,152.718631
-20.413283,8,152.73446
-13.93049,8,152.750175
-45.473499,8,152.765018
-33.666062,8,152.776263
7.521382,8,152.782166
-13.510674,8,152.814039
-46.933022,8,152.818049
-20.859933,8,152.83596
-5.650087,8,152.846188
-78.729986,8,152.866209
1.443014,8,152.88038
-35.436666,8,152.891376
-95.024963,8,152.891376
-78.880276,8,152.911503
-42.748407,8,152.92355
-30.147542,8,152.939306
-20.56105,8,152.95522
1.909789,8,152.979243
-17.983674,8,152.992143
-85.21192,8,153.001142
-105.504455,8,153.022486
4.188131,8,153.032516
-14.19177,8,153.048676
1.578827,8,153.048676
-24.17117,8,153.064443
-5.378523,8,153.080582
-14.333029,8,153.099932
-36.505184,8,153.109933
-1.357961,8,153.109933
-49.534563,8,153.140966
7.248815,8,153.162357
-62.616284,8,153.172527
-19.662113,8,153.188295
-22.530896,8,153.188295
-92.633357,8,153.203855
-81.475819,8,153.229922
-14.780605,8,153.243922
-103.929039,8,153.258922
-47.731587,8,153.269024
-22.243537,8,153.28316
5.419652,8,153.296329
-83.456203,8,153.307318
-83.658365,8,153.326496
-89.428944,8,153.336239
-28.365329,8,153.354614
-66.883787,8,153.368003
-3.542891,8,153.379744
-9.948437,8,153.396057
1.802943,8,153.404965
1.896523,8,153.421018
-199.954975,8,153.436826
0.353193,8,153.446862
-3.717719,8,153.465091
-79.362051,8,153.4767
-60.088123,8,153.490515
-193.113008,8,153.510845
-58.618495,8,153.52141
-169.87543,8,153.535688
-86.118864,8,153.54669
6.7144,8,153.561745
-42.881377,8,153.579295
7.046791,8,153.594808
-7.999664,8,153.613158
-41.206533,8,153.625202
-46.175524,8,153.640926
-43.319761,8,153.656908
-94.522655,8,153.674654
-100.487627,8,153.697548
-16.740783,8,153.712014
-106.207667,8,153.719766
-69.879502,8,153.748877
-6.572964,8,153.761765
-59.325813,8,153.778756
2.420722,8,153.795953
-41.860396,8,153.815768
-48.202225,8,153.831586
-33.700225,8,153.836101
-31.111536,8,153.860508
4.190837,8,153.873505
3.634397,8,153.893367
-24.264577,8,153.923346
-52.208793,8,153.923346
6.012162,8,153.939548
-19.097576,8,153.957435
-30.175897,8,153.977695
-4.310447,8,153.985606
-67.915213,8,154.006583
-52.198863,8,154.029276
1.369961,8,154.042673
-88.932053,8,154.060361
-143.974177,8,154.064108
-160.275339,8,154.087218
7.047476,8,154.104473
0.050965,8,154.110236
-21.433112,8,154.133518
-23.144553,8,154.142449
-76.149436,8,154.157766
-27.025329,8,154.17382
-13.142222,8,154.19103
-71.304734,8,154.204033
-118.184394,8,154.223746
-7.472574,8,154.235719
-36.976734,8,154.252357
-9.745196,8,154.264357
-15.391382,8,154.279963
4.51015,8,154.300241
3.758025,8,154.31115
-0.419977,8,154.325861
1.728549,8,154.339265
2.776752,8,154.35731
5.782997,8,154.369759
-43.505039,8,154.381758
-55.706382,8,154.396945
-72.47511,8,154.409502
-33.217473,8,154.424976
-24.214214,8,154.440773
-61.270191,8,154.454848
-7.913393,8,154.480568
-12.085599,8,154.495084
-19.015771,8,154.514898
-110.983438,8,154.531285
-188.760571,8,154.537832
-114.907606,8,154.562427
-25.100172,8,154.577283
-31.057668,8,154.603022
-36.711307,8,154.618993
-35.157695,8,154.632695
-5.342692,8,154.648795
3.723459,8,154.648795
-108.769134,8,154.664746
-18.94869,8,154.698918
-20.473967,8,154.712881
-44.437477,8,154.728818
-67.374728,8,154.751825
-169.728996,8,154.768909
-2.590651,8,154.787737
-63.701956,8,154.805892
-0.661297,8,154.823563
-25.012057,8,154.835398
-12.758807,8,154.850274
-58.950614,8,154.866172
-63.019108,8,154.881979
-43.50162,8,154.903944
3.488922,8,154.913747
-64.330815,8,154.931563
-39.86485,8,154.948763
-78.779056,8,154.953733
-130.475721,8,154.969438
-10.526404,8,154.969438
-58.411147,8,154.985379
-28.225703,8,155.001557
-127.721809,8,155.017576
-32.446002,8,155.033768
-7.148967,8,155.05304
4.873237,8,155.063086
5.039328,8,155.079035
-49.029355,8,155.096812
-116.966252,8,155.115888
-10.937762,8,155.131469
8.445205,8,155.149161
-29.386192,8,155.166921
-24.900092,8,155.172927
-134.160208,8,155.19497
-68.476133,8,155.204681
-3.461944,8,155.225781
-113.238673,8,155.238384
-26.428316,8,155.257131
-27.070125,8,155.278128
-20.749456,8,155.287096
-49.375343,8,155.303775
7.149723,8,155.322655
-5.291233,8,155.322655
-38.616645,8,155.353658
-37.147348,8,155.364754
-5.011562,8,155.380367
-52.016261,8,155.386305
-76.455089,8,155.405166
-49.91684,8,155.420984
2.594815,8,155.431745
-62.254642,8,155.447628
-23.287772,8,155.471099
-1.856513,8,155.486295
-8.030449,8,155.504976
-56.636565,8,155.516747
3.946517,8,155.521066
-0.476135,8,155.537199
0.292634,8,155.553263
-62.002467,8,155.573087
-115.760772,8,155.582316
-46.811258,8,155.59708
-46.498394,8,155.610321
7.044402,8,155.610321
-23.94591,8,155.636291
-120.866002,8,155.648077
-44.163904,8,155.658089
-57.392631,8,155.679161
-88.953845,8,155.691305
-2.901234,8,155.704408
-40.424944,8,155.704408
-68.878846,8,155.720107
-50.551897,8,155.743038
-10.200169,8,155.752031
-174.482119,8,155.770152
-72.002395,8,155.781163
-39.017301,8,155.803387
-74.256359,8,155.822249
-92.449422,8,155.832652
-76.166626,8,155.848145
-51.944649,8,155.861491
-82.461498,8,155.877275
-41.725534,8,155.892988
-17.382528,8,155.906119
-59.102434,8,155.917879
-97.063734,8,155.931728
2.214778,8,155.947771
-52.41889,8,155.963556
0.244311,8,155.977339
2.128504,8,156.001058
-16.576461,8,156.021301
-8.046358,8,156.040146
-20.98409,8,156.056108
-55.073202,8,156.067871
-14.546569,8,156.086337
-79.038506,8,156.100551
3.901566,8,156.122702
-68.055982,8,156.141403
-97.407822,8,156.156942
-17.086861,8,156.175742
-3.96757,8,156.188776
-67.125003,8,156.20471
-7.394378,8,156.234867
-76.857919,8,156.251089
-52.432034,8,156.274158
-82.511538,8,156.288883
-14.219009,8,156.307587
-1.783475,8,156.320032
-95.682186,8,156.3417
9.293666,8,156.363243
2.008944,8,156.369944
-1.650315,8,156.39412
-11.053046,8,156.410463
-44.331031,8,156.422987
-4.62703,8,156.444466
-30.745725,8,156.454499
-96.211149,8,156.476178
-37.036767,8,156.488418
-20.824427,8,156.507227
-6.113238,8,156.524863
-2.107894,8,156.53808
-63.541901,8,156.548077
-17.204545,8,156.56915
-96.210413,8,156.58415
-87.037315,8,156.601016
2.387462,8,156.612802
-21.719048,8,156.626592
-60.538009,8,156.647929
-15.660258,8,156.659599
0.929774,8,156.672821
-6.666679,8,156.684859
-57.238008,8,156.702222
-62.832716,8,156.718719
-21.182931,8,156.726489
-23.27573,8,156.747462
-44.017805,8,156.758683
-91.290604,8,156.772877
-21.786429,8,156.786649
-90.526119,8,156.804387
-19.629172,8,156.824193
-73.438932,8,156.839267
-25.218651,8,156.85467
-46.229093,8,156.869571
-6.358356,8,156.879181
-35.418156,8,156.895235
2.189713,8,156.905267
-39.381142,8,156.920939
-5.825386,8,156.941987
-28.177697,8,156.952859
-19.779853,8,156.967891
-39.669057,8,156.979537
-75.47339,8,156.983547
-59.766222,8,157.023315
-46.682013,8,157.03317
-48.651178,8,157.049665
-140.775744,8,157.061757
-36.385921,8,157.078757
-11.11074,8,157.094921
-104.861956,8,157.107553
-57.895774,8,157.124117
-37.544284,8,157.139766
-66.879872,8,157.155525
-59.247011,8,157.16754
-6.12495,8,157.175678
-117.858797,8,157.196648
-80.855301,8,157.20365
-43.442365,8,157.219611
5.6763,8,157.239642
-60.389752,8,157.251133
-77.576965,8,157.251133
3.055349,8,157.271345
-74.819239,8,157.292744
-5.459254,8,157.308067
-16.251772,8,157.31903
2.01652,8,157.320036
-4.602042,8,157.341644
-15.642702,8,157.354079
-89.148585,8,157.369918
-51.520476,8,157.395418
2.255234,8,157.411603
-4.013959,8,157.422602
-56.166886,8,157.43719
-39.853575,8,157.452605
-16.126096,8,157.464689
-36.663969,8,157.483164
-189.256016,8,157.495026
-36.555176,8,157.510285
-49.874573,8,157.52601
3.345919,8,157.535115
-14.879475,8,157.556846
-144.969869,8,157.5682
-149.833652,8,157.582762
-55.381281,8,157.604829
-48.4123,8,157.61625
1.249923,8,157.631254
-28.046069,8,157.641253
2.204572,8,157.656968
-0.326295,8,157.672626
-16.93977,8,157.682281
-74.205482,8,157.701282
-13.248564,8,157.712123
-4.952267,8,157.731788
-0.568571,8,157.753853
2.499125,8,157.766855
-18.90522,8,157.787963
-5.106013,8,157.804061
-213.38602,8,157.82006
1.550542,8,157.836263
-36.302272,8,157.846267
-37.929542,8,157.860277
-22.203223,8,157.874426
-16.87517,8,158.110951
4.935281,8,158.126767
-82.165485,8,158.142884
-43.91778,8,158.162645
-2.335068,8,158.175592
-16.84726,8,158.188679
-102.954538,8,158.204506
-190.116213,8,158.212257
5.795378,8,158.226015
-102.823753,8,158.239501
-3.713144,8,158.253643
-11.702183,8,158.268977
-52.848141,8,158.280701
-201.838323,8,158.294831
-106.431366,8,158.303926
-66.514756,8,158.318942
-105.558258,8,158.340492
-65.217542,8,158.356617
-47.443525,8,158.374367
6.980949,8,158.392957
-18.335378,8,158.411056
-240.323173,8,158.426721
-9.884183,8,158.439873
-15.982278,8,158.45967
4.142863,8,158.469449
4.264913,8,158.490165
-96.357378,8,158.508963
-91.435005,8,158.521395
2.453818,8,158.544327
1.107293,8,158.555328
-2.137166,8,158.580491
-96.461098,8,158.603387
-87.429944,8,158.615523
-35.512998,8,158.62558
3.576363,8,158.644998
-22.082139,8,158.675211
-2.077047,8,158.703204
-18.393777,8,158.716986
-89.349999,8,158.733946
-29.355205,8,158.742773
-16.281739,8,158.758523
-127.390503,8,158.777074
-8.534892,8,158.79308
-48.331593,8,158.811794
7.28933,8,158.823932
6.880335,8,158.839932
-31.281546,8,158.852563
4.124582,8,158.866969
-12.986682,8,158.880468
-53.980389,8,158.892827
-108.614037,8,158.912423
-24.358434,8,158.928544
-59.167656,8,158.944595
0.305439,8,158.965231
-1.261912,8,158.977426
-26.039406,8,158.991134
-6.858412,8,159.009658
-38.240268,8,159.0244
-18.211561,8,159.039085
-83.402669,8,159.051086
-79.213868,8,159.065086
-4.864904,8,159.07329
-15.35603,8,159.091962
-18.620817,8,159.103722
-164.959275,8,159.112952
-38.021305,8,159.130774
-73.230838,8,159.150658
-120.945757,8,159.162856
-34.422793,8,159.172857
-237.319444,8,159.187143
-30.231673,8,159.200899
-74.92558,8,159.208657
-97.032698,8,159.229095
-52.778646,8,159.244644
-84.730482,8,159.257722
-1.555847,8,159.27491
-115.810132,8,159.288911
-35.576871,8,159.299911
-113.536329,8,159.318363
-184.688824,8,159.330277
-111.141888,8,159.348617
-72.454781,8,159.36383
-29.139517,8,159.374562
-40.708446,8,159.390198
-73.911688,8,159.402213
5.766874,8,159.417114
-104.953118,8,159.432389
-34.822882,8,159.441881
1.937006,8,159.459382
-105.562434,8,159.469134
-97.239009,8,159.487045
-17.827732,8,159.506552
6.430594,8,159.518017
3.494388,8,159.529243
-8.139369,8,159.544317
-45.609621,8,159.558365
-5.910783,8,159.576261
-22.118664,8,159.589112
-46.502473,8,159.605116
-23.425648,8,159.615112
-57.093666,8,159.628422
-144.908891,8,159.642193
-115.40096,8,159.652062
-44.674395,8,159.670499
-78.095947,8,159.68365
-22.121393,8,159.699738
-71.004707,8,159.713497
-32.982073,8,159.725086
-13.561708,8,159.73887
-52.020186,8,159.750645
-46.982362,8,159.766093
4.598503,8,159.780113
-32.309634,8,159.791349
4.491829,8,159.808667
-71.271745,8,159.818863
-164.782867,8,159.83659
-78.518727,8,159.854622
1.907112,8,159.866142
5.325462,8,159.880182
-0.178281,8,159.891938
-19.436771,8,159.909394
-18.156756,8,159.922379
-120.981168,8,159.932865
-16.922576,8,159.94836
-77.440446,8,159.959045
-16.203777,8,159.971084
-64.154984,8,159.984982
-32.211832,8,159.984982
-78.200192,8,160.020663
-25.089614,8,160.031664
-24.842266,8,160.047633
-21.502533,8,160.060957
-87.722766,8,160.070969
-169.475744,8,160.086746
-40.841419,8,160.087331
-20.957754,8,160.11269
-24.045772,8,160.130475
-55.453041,8,160.141051
-16.08985,8,160.151083
-95.815699,8,160.151083
-95.104148,8,160.179315
-4.932752,8,160.200923
6.098558,8,160.216233
7.842061,8,160.235258
-9.892411,8,160.251079
-94.806581,8,160.267115
2.049286,8,160.27211
-77.405396,8,160.293656
-175.210641,8,160.309715
-32.536518,8,160.320021
-51.308484,8,160.340256
13.054217,8,160.344255
-134.84493,8,160.360158
-5.227221,8,160.386842
-63.696956,8,160.397869
-112.77007,8,160.404819
-144.822161,8,160.427792
-22.246689,8,160.438172
-145.635637,8,160.454244
-49.711069,8,160.467687
0.116234,8,160.483648
-33.752064,8,160.498088
-27.610243,8,160.509849
-24.368583,8,160.525187
-76.905246,8,160.535893
-47.424213,8,160.550264
-25.536192,8,160.574347
-0.647605,8,160.585384
-59.215116,8,160.599169
-43.137639,8,160.609205
-25.92191,8,160.627129
-152.862556,8,160.644056
-28.398689,8,160.654632
-120.920674,8,160.668616
-52.314786,8,160.680334
-45.416728,8,160.698535
-50.073078,8,160.711675
-67.351297,8,160.728494
5.308891,8,160.750604
-44.47772,8,160.766665
-138.464062,8,160.783677
-43.404565,8,160.801677
0.531577,8,160.813677
-104.483638,8,160.827848
3.601196,8,160.838848
-111.961565,8,160.854848
-76.839627,8,160.872847
-0.426003,8,160.88994
-24.334532,8,160.890941
-55.624843,8,160.909434
-4.158017,8,160.934788
-105.948334,8,160.95586
-121.611317,8,160.969878
-44.750677,8,160.988356
-159.044185,8,161.000365
-54.670638,8,161.00127
-12.372617,8,161.034991
-68.029237,8,161.048999
9.226447,8,161.065127
-37.874999,8,161.069141
-99.723207,8,161.098399
-74.440545,8,161.110351
-42.821112,8,161.126331
-67.506836,8,161.158502
-60.459863,8,161.172673
-15.123915,8,161.18905
-105.123593,8,161.20454
9.119982,8,161.20454
-75.391388,8,161.218156
1.323543,8,161.23786
-8.233627,8,161.254049
-74.529196,8,161.274045
10.337823,8,161.286753
-43.03564,8,161.286753
-7.251888,8,161.303645
-14.394948,8,161.324674
-18.356324,8,161.344737
-18.579714,8,161.344737
-12.269992,8,161.360512
-72.772956,8,161.385821
-11.178295,8,161.402472
-19.615168,8,161.405468
-17.577364,8,161.421777
-61.537266,8,161.439251
-44.875531,8,161.453358
-56.007527,8,161.471757
-59.965934,8,161.487888
-55.211504,8,161.489051
-25.39424,8,161.519147
-8.714949,8,161.523156
-42.504867,8,161.544949
7.554064,8,161.561103
7.67018,8,161.572336
-151.332733,8,161.58557
-14.723052,8,161.601566
-22.463521,8,161.615616
-125.217945,8,161.631417
-125.009261,8,161.641384
6.414397,8,161.656588
-16.873104,8,161.658591
-102.832414,8,161.685688
-1.813154,8,161.70988
4.909971,8,161.71888
-37.501026,8,161.734521
7.145819,8,161.746919
-19.79063,8,161.760464
-49.914646,8,161.776258
-90.335922,8,161.782019
-78.60676,8,161.79974
-48.031493,8,161.809659
-90.576938,8,161.829164
0.018833,8,161.84138
-74.482283,8,161.851597
1.794092,8,161.868217
4.517893,8,161.878677
-69.16051,8,161.892181
-59.535212,8,161.906045
-21.852144,8,161.916064
-13.072232,8,161.93383
-111.603512,8,161.945777
-46.28715,8,161.960777
-14.964263,8,161.974437
-54.592041,8,161.985479
-65.940927,8,162.001375
2.028347,8,162.010773
-14.805406,8,162.025166
-16.805677,8,162.048325
4.28546,8,162.058552
-42.620114,8,162.073986
-24.906421,8,162.084362
-126.677224,8,162.099099
-40.230989,8,162.112859
-107.011303,8,162.12435
10.292503,8,162.128357
-75.550847,8,162.148503
-98.357124,8,162.158064
-38.175276,8,162.183994
-99.549555,8,162.187994
-2.6548,8,162.203642
5.824316,8,162.222277
-3.866042,8,162.242024
-172.097404,8,162.260556
-62.309265,8,162.270092
-24.049138,8,162.288774
3.097879,8,162.300898
3.014297,8,162.321901
-76.527327,8,162.337045
1.077905,8,162.347094
-22.266752,8,162.365947
-19.386315,8,162.376992
-12.250758,8,162.386584
-3.004319,8,162.405035
-17.563121,8,162.422119
-3.02836,8,162.436151
-93.889889,8,162.445926
-5.576233,8,162.460642
-14.125581,8,162.471957
-22.88896,8,162.488548
-16.792785,8,162.504995
-28.775189,8,162.514622
4.790925,8,162.530672
0.546229,8,162.536823
-91.074489,8,162.561679
-74.630982,8,162.580764
-133.912887,8,162.595495
-9.738825,8,162.611912
5.782321,8,162.625061
-27.435647,8,162.638553
-195.056972,8,162.651794
-105.250561,8,162.663507
-25.801897,8,162.677265
-94.160782,8,162.686756
1.845172,8,162.702761
-121.376667,8,162.718863
-101.070049,8,162.718863
-1.145652,8,162.737576
-56.830148,8,162.769491
-1.316192,8,162.780624
-35.437904,8,162.785635
-7.93158,8,162.807919
-1.91326,8,162.826128
-28.344108,8,162.841374
-11.174199,8,162.851608
-4.640957,8,162.860615
-4.431544,8,162.876739
-88.977676,8,162.876739
-9.260033,8,162.894909
-81.594436,8,162.916427
-4.639289,8,162.938603
-67.694774,8,162.938603
-68.615995,8,162.954424
-10.049049,8,162.970484
2.575002,8,162.986226
-32.192148,8,163.004748
-3.064285,8,163.004748
-34.940647,8,163.018385
-27.066439,8,163.046351
-35.629877,8,163.063448
-36.282554,8,163.073476
-1.701752,8,163.09191
-70.447052,8,163.107828
-26.020248,8,163.127918
-54.514037,8,163.143932
-1.32799,8,163.159764
5.111847,8,163.171542
-122.722141,8,163.18524
-68.950151,8,163.202968
-5.640753,8,163.216948
-16.726974,8,163.237906
-2.456888,8,163.254115
2.534483,8,163.270853
-94.198114,8,163.289832
-7.119824,8,163.306204
-58.964718,8,163.330621
-155.077226,8,163.344162
-105.756927,8,163.368182
0.841183,8,163.383664
-18.085429,8,163.403102
-84.727549,8,163.421865
-50.97015,8,163.437173
-26.685336,8,163.452873
-85.21336,8,163.48213
-18.295989,8,163.488232
-44.703712,8,163.505153
-38.242026,8,163.521753
-27.485479,8,163.539046
3.168122,8,163.553349
-93.59479,8,163.576477
-79.482945,8,163.593654
-18.407661,8,163.604154
-57.352306,8,163.611539
-71.349459,8,163.631386
-25.677753,8,163.644889
-33.21864,8,163.658671
0.765741,8,163.671327
8.251041,8,163.686383
-128.254237,8,163.704393
-23.988876,8,163.704393
-176.276457,8,163.736099
4.244362,8,163.739992
-4.106788,8,163.751911
-39.906716,8,163.76792
-102.683686,8,163.783941
-42.54915,8,163.813035
-3.323406,8,163.825216
-79.572152,8,163.840103
-67.326403,8,163.855144
-82.516678,8,163.860198
-8.637493,8,163.876344
-76.674115,8,163.892424
4.462697,8,163.89443
-87.213369,8,163.924342
-26.050905,8,163.940063
-36.854654,8,163.955849
-55.400151,8,163.957857
-43.019573,8,163.973789
-17.464511,8,163.989699
-113.7435,8,164.00572
-122.792766,8,164.024913
5.444729,8,164.031906
-18.563864,8,164.047861
-120.767756,8,164.065571
-30.439003,8,164.065571
-53.64197,8,164.087332
-18.24625,8,164.097757
-86.302027,8,164.111833
6.59595,8,164.136995
-191.729718,8,164.14864
-36.073926,8,164.162691
-70.087951,8,164.17447
-1.729214,8,164.188257
3.357367,8,164.2023
-51.079202,8,164.212072
-40.511799,8,164.225951
-1.57575,8,164.234952
-54.390364,8,164.250944
-21.081032,8,164.27196
-51.221077,8,164.274519
-0.011863,8,164.299992
-0.740102,8,164.312601
-20.03548,8,164.330053
-1.60187,8,164.34607
2.926762,8,164.365074
-17.070712,8,164.385815
-64.996228,8,164.391226
-98.547321,8,164.405372
-128.27376,8,164.422241
-26.835839,8,164.448653
-21.970168,8,164.459382
-40.475622,8,164.472252
-40.260185,8,164.489029
-12.409596,8,164.50516
-12.859019,8,164.521733
-7.074099,8,164.537204
-0.170591,8,164.537204
4.159156,8,164.55925
-16.436679,8,164.563249
-58.703169,8,164.579282
-136.16019,8,164.599294
-41.286624,8,164.611047
-87.356985,8,164.627184
-33.013467,8,164.646507
-20.442461,8,164.658514
-113.904364,8,164.672506
-122.605068,8,164.672506
9.925879,8,164.693367
-3.999441,8,164.704388
4.595595,8,164.724861
-49.099124,8,164.736419
-13.837218,8,164.754282
-8.594144,8,164.771664
-96.996641,8,164.781671
-37.533748,8,164.797474
-97.948267,8,164.815246
-12.395138,8,164.831047
-7.755775,8,164.846009
-0.045201,8,164.861335
-75.318154,8,164.872322
6.831662,8,164.886234
-20.687875,8,164.897327
3.862999,8,164.913439
6.474055,8,164.920969
-87.978207,8,164.940844
-94.687736,8,164.952631
7.063102,8,164.963806
-26.120342,8,164.968713
-44.310234,8,164.984514
-8.523124,8,165.000683
-92.749631,8,165.016825
-117.060759,8,165.037988
6.945468,8,165.050614
-76.554241,8,165.066665
-77.466535,8,165.071353
-27.283942,8,165.09374
-68.133004,8,165.105745
-122.376997,8,165.110736
-94.124618,8,165.138031
-33.902075,8,165.147614
-38.680287,8,165.157851
-20.738442,8,165.173888
-57.660691,8,165.173888
-3.058821,8,165.199069
-3.422019,8,165.209918
-24.753792,8,165.219922
4.545463,8,165.22356
-58.256527,8,165.252137
-57.91745,8,165.267899
2.408569,8,165.279686
-1.008146,8,165.286831
0.353025,8,165.303671
-97.299885,8,165.323562
-124.038919,8,165.341661
-178.285873,8,165.355719
-25.291027,8,165.370989
-4.278609,8,165.382144
5.350773,8,165.397048
-14.421952,8,165.412146
-67.746999,8,165.423134
-8.158594,8,165.43705
6.542655,8,165.439137
-11.517943,8,165.460337
-59.80855,8,165.470942
3.102038,8,165.490605
-31.454819,8,165.506063
-158.459342,8,165.522292
-67.955012,8,165.540233
-109.354028,8,165.548249
-189.635736,8,165.569297
-15.83627,8,165.588142
-85.880937,8,165.596269
-12.508167,8,165.628376
-14.777818,8,165.644485
-28.124758,8,165.656607
-102.870095,8,165.67433
3.058767,8,165.690371
-0.913711,8,165.710479
1.853461,8,165.737883
-138.354364,8,165.749799
-27.975023,8,165.766798
-80.040642,8,165.784841
-1.877019,8,165.800789
-80.870511,8,165.82171
-0.366428,8,165.830772
-86.974035,8,165.848847
-81.825485,8,165.864982
-95.087383,8,165.875975
4.85595,8,165.891929
-40.278989,8,165.90783
-17.009318,8,165.937375
-32.743676,8,165.949473
-115.412861,8,165.965966
6.193554,8,165.980886
1.404155,8,165.991086
-21.732462,8,166.00888
7.782672,8,166.018371
-14.614173,8,166.036194
-11.597514,8,166.051985
6.394481,8,166.063742
-175.304446,8,166.081105
-38.839104,8,166.09221
-16.473064,8,166.09421
-19.473581,8,166.125893
-13.498306,8,166.142616
-19.040847,8,166.157681
-94.529508,8,166.157681
-118.614027,8,166.180889
-81.517119,8,166.194886
-56.636251,8,166.203886
-91.020763,8,166.203886
10.546259,8,166.219598
-105.564551,8,166.23783
6.196597,8,166.251448
-70.699687,8,166.27165
-135.75951,8,166.28697
-3.871981,8,166.305577
-6.305462,8,166.320272
8.250477,8,166.320272
-57.790335,8,166.338084
-32.307767,8,166.358171
9.704287,8,166.376747
1.807321,8,166.390746
2.428338,8,166.406901
7.433448,8,166.420076
4.371077,8,166.423173
-59.649216,8,166.45414
-75.599301,8,166.46949
4.574271,8,166.490275
-90.088668,8,166.50206
4.403935,8,166.516615
2.112628,8,166.528935
-34.882386,8,166.53194
-0.022942,8,166.558461
-0.31281,8,166.569699
-22.403432,8,166.583831
-62.495571,8,166.595844
-63.087023,8,166.601851
-53.210498,8,166.618045
-131.243593,8,166.635507
-16.370577,8,166.653929
2.985417,8,166.669216
-95.670942,8,166.683236
-38.127423,8,166.69906
-13.091833,8,166.710831
-14.624363,8,166.726182
-59.956916,8,166.73734
-104.511626,8,166.750341
-38.056698,8,166.766441
-1.758148,8,166.780608
2.76599,8,166.79651
7.26673,8,166.807874
1.644819,8,166.822517
-59.734764,8,166.843651
7.260655,8,166.854651
-112.390222,8,166.868832
-19.997457,8,166.882833
-0.516742,8,166.897113
-26.617744,8,166.911016
-98.345355,8,166.921042
-54.137833,8,166.934455
-38.464966,8,166.94615
-25.386239,8,166.960309
-29.825505,8,166.975253
-180.61922,8,166.990178
-3.256572,8,167.008942
-44.258528,8,167.018942
-29.113228,8,167.032591
-123.55968,8,167.04809
-1.184878,8,167.059855
-41.614154,8,167.073525
-14.329775,8,167.084286
-21.651929,8,167.101789
2.942251,8,167.11772
-87.855812,8,167.127414
0.997732,8,167.141104
3.278916,8,167.152861
-28.073369,8,167.170192
-8.016855,8,167.187613
-1.596026,8,167.201052
-24.939727,8,167.217361
-5.47556,8,167.227187
-62.285379,8,167.242517
-90.421649,8,167.25857
-0.866053,8,167.269202
-56.643229,8,167.285038
-23.464982,8,167.296038
-124.991966,8,167.310782
-36.811257,8,167.331079
-10.315285,8,167.34312
-25.590097,8,167.360637
0.489417,8,167.372554
-144.192851,8,167.386829
-80.058814,8,167.402103
-44.003813,8,167.412762
-18.177694,8,167.430437
-47.152302,8,167.441195
-20.610518,8,167.455879
-107.712045,8,167.471533
-22.212149,8,167.480116
-39.8336,8,167.494951
-37.20654,8,167.506154
-21.682436,8,167.520273
-4.299083,8,167.544355
-21.909116,8,167.556046
-62.697143,8,167.570979
-28.601729,8,167.581013
-9.373938,8,167.596063
-28.844869,8,167.611155
-21.047868,8,167.621151
-41.746339,8,167.634564
6.071009,8,167.648099
-18.526614,8,167.657842
-73.22519,8,167.675866
-126.723035,8,167.687365
-10.394562,8,167.705427
-55.404552,8,167.705427
-22.375264,8,167.749457
0.897837,8,167.784224
0.660639,8,167.796268
-187.051256,8,167.808052
-41.776009,8,167.814075
7.703233,8,167.841306
-29.060172,8,167.858407
-74.408594,8,167.875407
-211.968953,8,167.895767
-43.736913,8,167.911875
-26.482699,8,167.930888
-133.057435,8,167.952065
-50.420107,8,167.95756
-68.110223,8,167.972276
8.361621,8,168.001769
-80.17153,8,168.021437
-7.725958,8,168.041264
-30.854204,8,168.054265
-68.186721,8,168.072668
-15.522081,8,168.083668
-99.06276,8,168.106157
-63.907671,8,168.117193
-1.990239,8,168.1405
2.566895,8,168.163972
-114.012168,8,168.172682
-13.361939,8,168.182125
-36.388149,8,168.219906
-79.512087,8,168.231749
-76.000323,8,168.249576
-16.589027,8,168.259201
3.478438,8,168.275323
0.839827,8,168.296685
-6.76915,8,168.303803
-55.725008,8,168.32021
-6.863786,8,168.336008
-25.293148,8,168.355957
-92.069716,8,168.378031
-29.214307,8,168.390032
-96.888302,8,168.406183
-123.389396,8,168.421255
-115.384935,8,168.437285
-120.304533,8,168.452981
-17.301295,8,168.452981
-94.510658,8,168.481844
-112.69473,8,168.495257
0.921261,8,168.511606
-89.536344,8,168.534636
-188.040213,8,168.54633
-13.921754,8,168.567932
-5.602501,8,168.578924
-65.666099,8,168.595006
-0.090545,8,168.610894
-9.340305,8,168.622592
-57.40495,8,168.641721
-52.448409,8,168.653484
-82.162757,8,168.667275
-99.847857,8,168.685209
-7.919944,8,168.695657
-30.214544,8,168.711543
-10.459517,8,168.723313
-84.998647,8,168.73709
-38.963238,8,168.754002
-5.363542,8,168.768909
-25.70997,8,168.782205
-121.551508,8,168.782205
-5.235855,8,168.812281
-133.652511,8,168.813279
-2.46491,8,168.835208
-106.977383,8,168.850865
-75.334712,8,168.863038
-53.825984,8,168.880908
-56.575483,8,168.894908
-3.716445,8,168.905907
-101.123983,8,168.923094
-1.052602,8,168.932707
-7.491052,8,168.939096
-49.10021,8,168.965001
-91.550886,8,168.978447
-0.171029,8,168.985938
11.471573,8,169.005658
2.471358,8,169.020058
-2.287197,8,169.032057
-115.035766,8,169.032057
-23.109906,8,169.058494
-62.182886,8,169.069987
-31.550593,8,169.090822
-44.828381,8,169.115523
-48.059682,8,169.130942
-29.957587,8,169.14802
6.158846,8,169.157855
-24.930531,8,169.173947
-121.329567,8,169.190979
-148.97646,8,169.200737
-7.109667,8,169.212644
-26.32554,8,169.223691
-60.194997,8,169.236763
-46.269362,8,169.25076
-2.24529,8,169.261818
-5.522847,8,169.27217
-78.331782,8,169.288525
-177.686788,8,169.303713
-166.928426,8,169.320396
-5.126254,8,169.339783
-22.946962,8,169.35486
-14.888254,8,169.366054
-15.862827,8,169.38105
-97.716841,8,169.39619
-159.420757,8,169.412134
-47.597348,8,169.427096
-74.130022,8,169.438589
-24.741126,8,169.452085
-29.638032,8,169.471641
-48.437146,8,169.484239
-18.7649,8,169.497164
-3.233854,8,169.511423
0.163682,8,169.524316
-25.649329,8,169.537362
-109.365567,8,169.548936
-137.791895,8,169.562975
-19.939574,8,169.573931
-10.029665,8,169.587938
-23.4783,8,169.602992
-36.378336,8,169.614769
-30.419199,8,169.63406
-112.032252,8,169.647269
-81.635083,8,169.663101
-26.227448,8,169.6768
-79.359754,8,169.685693
-142.377561,8,169.700801
-45.724458,8,169.712296
-46.423027,8,169.716044
-19.8917,8,169.744323
-8.921454,8,169.754077
-141.503549,8,169.765832
-114.210594,8,169.779824
-196.923608,8,169.794137
-84.990804,8,169.812656
-156.473847,8,169.81416
-1.916413,8,169.841925
-69.998613,8,169.851706
-169.268946,8,169.867756
-7.081061,8,169.882712
-23.972573,8,169.893791
-7.254161,8,169.90888
-0.702314,8,169.919865
-150.107395,8,169.922879
-49.855243,8,169.952166
-23.155738,8,169.960757
-87.688441,8,169.986444
2.056234,8,169.998631
-13.155636,8,170.014838
-89.590384,8,170.030133
-19.491071,8,170.037966
-79.858574,8,170.058916
-4.239285,8,170.064474
-42.401446,8,170.084671
-39.986301,8,170.108556
-2.264721,8,170.125541
6.181344,8,170.142935
-138.639681,8,170.159563
-41.529073,8,170.177761
-5.75556,8,170.198555
-82.621456,8,170.209213
0.375564,8,170.224591
-27.625725,8,170.232602
-69.279326,8,170.248688
-26.327669,8,170.267579
-57.277475,8,170.28086
-75.257059,8,170.297655
-16.917663,8,170.311989
-14.610461,8,170.329271
-78.371131,8,170.344388
-12.478283,8,170.357471
-45.943248,8,170.387633
-15.709387,8,170.401707
-104.324592,8,170.405888
-12.884176,8,170.43839
-37.620984,8,170.452493
-24.662393,8,170.469859
-42.890817,8,170.485394
3.664711,8,170.514354
-2.94542,8,170.534585
-1.981094,8,170.55025
-4.648088,8,170.573164
-29.045311,8,170.587925
-4.294983,8,170.61487
-14.522551,8,170.626634
-18.307868,8,170.652071
-52.605532,8,170.672183
-3.117904,8,170.68317
-1.875383,8,170.69693
0.72039,8,170.717943
-52.282207,8,170.731812
-38.221767,8,170.748565
8.332336,8,170.760461
-15.341514,8,170.777386
-17.206058,8,170.793228
-2.288889,8,170.806275
-83.057329,8,170.831822
-11.509867,8,170.843866
-3.185649,8,170.859658
-33.808124,8,170.875646
-20.754278,8,170.886647
-32.644051,8,170.901858
5.926901,8,170.912861
4.316989,8,170.938019
7.24593,8,170.955128
-73.479339,8,170.967128
-16.105446,8,170.982275
-188.415938,8,170.993273
-45.427341,8,171.010927
-19.600955,8,171.030988
-20.326511,8,171.044338
-80.985718,8,171.060627
-32.625633,8,171.068578
-52.00352,8,171.087399
-100.901002,8,171.102388
-185.609068,8,171.113275
-6.060721,8,171.129699
-44.877169,8,171.139791
2.295497,8,171.157785
-92.048609,8,171.17349
-31.094361,8,171.17349
0.348554,8,171.201552
-36.164297,8,171.213458
-3.044595,8,171.220965
-50.125582,8,171.24617
-25.782368,8,171.260798
-54.353874,8,171.270084
-52.021492,8,171.286959
-7.445591,8,171.302665
-17.426022,8,171.317349
-72.32134,8,171.328529
-32.119108,8,171.328529
-42.328637,8,171.352216
-34.740461,8,171.375475
-90.168082,8,171.401695
-258.450184,8,171.41707
-75.967381,8,171.436479
-110.29884,8,171.45078
-1.764478,8,171.474313
0.01698,8,171.493886
-7.389873,8,171.506025
0.661894,8,171.530392
-7.499971,8,171.544539
-17.291455,8,171.563537
-126.323795,8,171.587397
-54.077951,8,171.595155
-82.744724,8,171.617734
-28.912777,8,171.627137
-1.344865,8,171.653305
-91.741695,8,171.667952
-119.853503,8,171.680974
-89.280659,8,171.697459
-9.735857,8,171.703982
-35.915092,8,171.727797
-62.920817,8,171.742782
-26.818017,8,171.755133
-3.811437,8,171.771369
-15.692843,8,171.783363
-111.753983,8,171.798187
-39.805127,8,171.823124
-147.314113,8,171.833649
-3.549483,8,171.849298
-3.24982,8,171.860522
-7.196719,8,171.87552
-11.041109,8,171.890709
-20.926098,8,171.902466
-6.281315,8,171.917779
-1.312527,8,171.931537
-60.576246,8,171.944671
-37.116732,8,171.961056
-15.795234,8,171.975171
-43.742492,8,171.993979
-29.609515,8,172.005642
-20.70933,8,172.016896
-7.579635,8,172.034939
-75.515891,8,172.048259
-6.045941,8,172.064041
-80.09038,8,172.076074
-51.635702,8,172.091049
-89.685889,8,172.104695
-142.998417,8,172.11469
-107.357911,8,172.129019
-50.606809,8,172.145458
-58.790543,8,172.156895
-41.549224,8,172.172626
-116.009377,8,172.187654
-86.502031,8,172.202874
-17.625622,8,172.219697
-64.984901,8,172.235503
-7.013112,8,172.251171
-39.788359,8,172.275006
-13.102696,8,172.294198
-56.205377,8,172.306198
-2.872845,8,172.320371
-4.067922,8,172.336189
-5.099486,8,172.35214
-42.939046,8,172.37546
5.984099,8,172.391954
-104.399223,8,172.414739
-95.906372,8,172.438958
-101.322877,8,172.456051
-18.123421,8,172.474973
-5.882939,8,172.503295
-21.034044,8,172.530457
-5.88796,8,172.553883
-108.702223,8,172.574125
-91.49594,8,172.599512
-50.704535,8,172.62252
10.10289,8,172.649827
-172.143754,8,172.685239
-4.153266,8,172.705532
-160.029578,8,172.727439
-3.242835,8,172.74227
-92.70513,8,172.758957
-95.612298,8,172.778216
-36.526977,8,172.793431
-27.700391,8,172.807242
3.692137,8,172.831847
-3.599524,8,172.860488
-21.419862,8,172.887313
-24.906601,8,172.905531
-199.544953,8,172.936778
-8.662572,8,172.95428
-14.117913,8,172.979319
-9.157997,8,173.001119
-71.578411,8,173.001119
-64.614074,8,173.033012
-31.359574,8,173.047055
6.93393,8,173.062987
-25.857869,8,173.082661
-5.473638,8,173.094628
-68.007265,8,173.117847
0.837802,8,173.125517
-6.649701,8,173.1528
-32.832632,8,173.172881
-90.806013,8,173.172881
-24.380761,8,173.206489
-70.831596,8,173.216242
-91.954261,8,173.220248
6.015896,8,173.236077
-41.779866,8,173.252044
-88.014587,8,173.277023
-2.959689,8,173.288105
0.455253,8,173.303824
-28.648583,8,173.320493
-17.299001,8,173.338001
4.321871,8,173.353743
-25.536824,8,173.37055
-14.833867,8,173.385593
-2.573585,8,173.40106
-145.681535,8,173.404993
-19.40869,8,173.422346
-5.546958,8,173.438131
-33.047854,8,173.457224
-11.587726,8,173.472319
-62.247707,8,173.48341
-15.688574,8,173.498319
-101.094007,8,173.511803
-29.81382,8,173.522124
-36.297611,8,173.552991
5.325211,8,173.552991
-45.548187,8,173.571225
-2.045026,8,173.590488
-0.895371,8,173.602077
-7.635021,8,173.620781
-44.976472,8,173.631371
-11.242727,8,173.649062
-22.81969,8,173.663254
4.864307,8,173.679004
2.235599,8,173.697341
-12.410155,8,173.704341
-75.534195,8,173.720404
-30.457406,8,173.736249
-5.197813,8,173.752288
-65.98972,8,173.771497
-53.39985,8,173.771497
4.490054,8,173.784469
-25.300039,8,173.809907
-27.363929,8,173.821393
-3.041203,8,173.83828
-71.368799,8,173.847931
3.962773,8,173.869397
-71.833845,8,173.871193
-66.961971,8,173.896473
-66.884861,8,173.915631
-15.396394,8,173.927807
-0.14107,8,173.941813
-132.316217,8,173.952724
-113.704107,8,173.969854
-155.30224,8,173.98303
-23.225096,8,173.994027
3.807042,8,174.010114
-5.639478,8,174.022409
-68.323944,8,174.032417
-74.676127,8,174.048651
1.870518,8,174.064726
1.833734,8,174.082604
-4.796404,8,174.096746
-72.971966,8,174.112332
8.767279,8,174.128357
-54.37147,8,174.140564
-114.968048,8,174.141565
2.213223,8,174.16527
-74.933163,8,174.181053
-45.308616,8,174.19788
-48.151525,8,174.204672
-36.173224,8,174.220627
-56.397753,8,174.220627
-34.222828,8,174.247705
-39.615145,8,174.270299
-91.872529,8,174.280982
-37.614298,8,174.29644
-60.924967,8,174.312598
3.648249,8,174.328068
-24.067638,8,174.34272
-11.148152,8,174.354757
-9.809887,8,174.369307
-37.048822,8,174.379331
1.881357,8,174.395486
-101.88519,8,174.411733
-25.782772,8,174.426907
7.251101,8,174.445157
0.647944,8,174.457725
-158.021035,8,174.472515
-4.923077,8,174.489016
-11.908112,8,174.499065
-43.061083,8,174.517374
4.513002,8,174.522319
-49.992496,8,174.546499
-33.799885,8,174.56562
-33.598631,8,174.577645
-0.484826,8,174.593737
-28.684882,8,174.604102
-135.472795,8,174.619144
-12.361198,8,174.642833
-14.566684,8,174.650543
0.825053,8,174.66445
-18.762694,8,174.687496
-3.88198,8,174.70417
-48.524509,8,174.717899
-70.681321,8,174.738216
-38.93183,8,174.751757
-61.367248,8,174.772573
1.583878,8,174.788513
-91.670207,8,174.802274
-33.719008,8,174.814403
-19.775063,8,174.830195
-26.881985,8,174.844261
-26.259113,8,174.859764
-101.464522,8,174.874915
12.47277,8,174.875915
-44.707693,8,174.904812
6.216145,8,174.915845
-94.333778,8,174.931175
-8.093825,8,174.937965
-133.632336,8,174.961035
2.001154,8,174.97604
-10.066373,8,174.986025
-1.302113,8,175.003633
5.492746,8,175.020875
-93.853712,8,175.035331
-79.951797,8,175.053328
-145.179455,8,175.067255
-20.195562,8,175.082267
-39.473563,8,175.094174
-72.204365,8,175.104919
-43.101504,8,175.13833
-73.580059,8,175.150331
-105.357577,8,175.152342
-31.767556,8,175.18417
-199.28789,8,175.195048
-93.262421,8,175.223927
-33.533023,8,175.235722
6.48406,8,175.251238
-124.743589,8,175.263076
-50.243658,8,175.281127
-59.730262,8,175.297167
-7.480183,8,175.309306
-90.900154,8,175.328646
-19.078145,8,175.344479
7.70868,8,175.352235
4.116732,8,175.370251
-45.933135,8,175.387018
3.829074,8,175.404344
-19.111298,8,175.427526
7.508192,8,175.445537
5.62556,8,175.462603
-11.343101,8,175.478606
5.401036,8,175.497664
-76.15572,8,175.514687
-3.140519,8,175.526879
-22.528313,8,175.531871
-94.079953,8,175.548054
-19.555683,8,175.563803
-124.543835,8,175.579792
-54.33648,8,175.59574
-105.666142,8,175.611921
-31.531873,8,175.638095
-11.668256,8,175.641102
-48.222226,8,175.672696
-32.085,8,175.672696
-101.059634,8,175.704392
-44.037858,8,175.714408
-38.696773,8,175.720511
1.290636,8,175.745769
-89.847577,8,175.758767
-121.292391,8,175.765782
-21.287046,8,175.794094
-3.738228,8,175.797559
-17.340057,8,175.830621
-2.142904,8,175.842713
-5.395306,8,175.858706
-3.791289,8,175.860712
-8.931823,8,175.87859
-229.874267,8,175.902633
-19.86992,8,175.902633
1.632689,8,175.92086
-22.643527,8,175.935005
-68.192688,8,175.954251
-112.60184,8,175.973773
-62.155337,8,175.990047
-8.540442,8,176.013108
-18.823197,8,176.024855
-11.808476,8,176.03767
-124.633358,8,176.05181
-22.905014,8,176.05181
-96.95343,8,176.083769
-22.973877,8,176.085775
-61.653323,8,176.099707
-64.355608,8,176.127919
7.722263,8,176.139472
-29.569374,8,176.157186
4.885423,8,176.171536
-1.423631,8,176.188436
-71.337861,8,176.209168
2.300466,8,176.224678
-72.411611,8,176.246577
-41.189291,8,176.260614
2.819144,8,176.27751
-107.990454,8,176.293385
-67.422174,8,176.306974
-5.13171,8,176.324492
-20.629205,8,176.337424
1.700695,8,176.35324
-53.377881,8,176.373232
-26.220331,8,176.386343
-26.28487,8,176.406122
-11.070868,8,176.406122
-73.028503,8,176.422392
-16.66512,8,176.440446
-25.157654,8,176.454463
-4.840714,8,176.470278
-103.670771,8,176.470278
-55.021773,8,176.501275
-15.946986,8,176.506069
-34.99792,8,176.523718
-20.359469,8,176.537837
2.167492,8,176.558235
-50.515295,8,176.576695
0.482696,8,176.589859
-63.926178,8,176.601483
-9.584642,8,176.619644
-67.026016,8,176.633532
-49.529637,8,176.649541
-74.529919,8,176.651547
-81.475808,8,176.67091
-19.739522,8,176.683553
1.720382,8,176.703846
-38.37558,8,176.719624
-13.224814,8,176.719624
-27.580673,8,176.738206
-46.609651,8,176.758676
8.738617,8,176.770094
-109.478817,8,176.800012
-48.872196,8,176.81325
-26.126694,8,176.8217
-13.658559,8,176.838257
-7.988083,8,176.845379
-140.822717,8,176.861338
-37.890019,8,176.877393
1.648539,8,176.888238
-45.635859,8,176.910528
-59.329883,8,176.921624
2.985559,8,176.938418
-20.155058,8,176.954152
-188.238421,8,176.969874
-0.680256,8,176.969874
-0.346212,8,176.99709
0.116114,8,177.015314
-44.231022,8,177.029567
-86.166972,8,177.037613
-82.863401,8,177.054715
-0.116593,8,177.054715
-36.622324,8,177.078926
-13.840467,8,177.09349
-28.939931,8,177.102389
4.319634,8,177.120839
-0.445129,8,177.139337
-90.198017,8,177.148315
-28.754068,8,177.164061
-84.058366,8,177.180126
5.222799,8,177.188193
-161.383323,8,177.196315
5.781666,8,177.214348
-14.002,8,177.235269
-15.540177,8,177.238286
2.914666,8,177.262122
-80.189482,8,177.272059
4.066686,8,177.284465
6.663981,8,177.30436
-66.683206,8,177.316101
-26.184927,8,177.327396
-39.791485,8,177.347029
0.648708,8,177.361548
0.349505,8,177.37659
-25.805328,8,177.388275
-116.789798,8,177.402728
-40.906597,8,177.412677
5.395163,8,177.427435
-16.770107,8,177.44276
-66.223244,8,177.456903
-51.502384,8,177.476904
-15.709736,8,177.489124
-108.378526,8,177.505222
-13.568683,8,177.52044
1.165438,8,177.528016
-16.66593,8,177.546323
-53.442446,8,177.559941
-7.242243,8,177.579676
-36.057375,8,177.587873
-46.6086,8,177.615077
1.164891,8,177.631506
1.912747,8,177.635813
-99.945928,8,177.657305
-27.431461,8,177.690903
-100.802678,8,177.706699
-116.369288,8,177.723847
-52.175492,8,177.735847
-20.590979,8,177.753039
-67.560546,8,177.768994
-54.508608,8,177.78809
-52.064321,8,177.805135
-24.650399,8,177.821169
-11.597954,8,177.842389
-7.068295,8,177.8574
3.597726,8,177.874534
-54.21947,8,177.899172
-23.825213,8,177.910844
-5.560891,8,177.927125
-9.420149,8,177.94726
-105.195363,8,177.960329
-106.470144,8,177.977785
4.986479,8,177.9909
-19.385336,8,178.013016
6.878524,8,178.029204
-15.240372,8,178.042207
-48.401353,8,178.056791
11.850361,8,178.068856
-31.841497,8,178.086365
-27.633085,8,178.104419
-30.746649,8,178.123621
-35.297456,8,178.1415
-4.710859,8,178.153817
-14.79936,8,178.169253
-95.581051,8,178.184757
-4.298775,8,178.195258
3.635627,8,178.210782
-15.65963,8,178.225632
0.67906,8,178.240665
-86.775365,8,178.254455
-17.488214,8,178.266241
0.791528,8,178.286136
-85.387668,8,178.298117
-18.000102,8,178.311146
-8.270017,8,178.33073
-4.530863,8,178.343498
-78.423743,8,178.358551
-112.452259,8,178.370286
-67.12149,8,178.385002
-6.29545,8,178.399633
-60.980726,8,178.411184
-24.484197,8,178.426983
-5.796994,8,178.439014
-166.360377,8,178.452777
-0.493607,8,178.471875
2.562495,8,178.473398
4.668209,8,178.499126
-69.62915,8,178.510347
-1.757907,8,178.522207
-38.109007,8,178.53759
-9.480851,8,178.53759
-76.160489,8,178.565626
-42.300613,8,178.57338
-19.805092,8,178.58461
-19.304397,8,178.597741
-66.293442,8,178.607235
-2.435932,8,178.624184
-44.779553,8,178.626205
-34.370148,8,178.647878
-6.561844,8,178.664257
-24.692403,8,178.677874
-62.342351,8,178.693552
-13.795903,8,178.705092
-98.194757,8,178.719271
-22.753932,8,178.733288
-112.880675,8,178.744067
-88.559619,8,178.757065
-23.04149,8,178.768891
-39.161993,8,178.789544
-41.601353,8,178.807801
-25.418795,8,178.820856
3.178057,8,178.837765
-3.454369,8,178.849843
-50.81325,8,178.868159
-54.487237,8,178.883954
-25.072454,8,178.899372
10.589438,8,178.915159
4.016706,8,178.9269
-51.29327,8,178.9436
-81.837476,8,178.9536
-22.938686,8,178.9536
-19.135609,8,178.987519
-65.910689,8,178.996678
-57.307996,8,179.015314
-60.823465,8,179.035598
-23.552729,8,179.047598
-113.313854,8,179.061598
-91.379978,8,179.073772
-100.054622,8,179.089007
-45.649172,8,179.101006
-19.890793,8,179.115578
-73.084452,8,179.133085
-13.698816,8,179.146598
-52.263869,8,179.162244
6.640391,8,179.182653
-85.251228,8,179.196578
-131.133191,8,179.212174
-202.105859,8,179.222716
-2.010129,8,179.242767
-4.505313,8,179.258181
-119.765434,8,179.269357
-11.435315,8,179.28449
-97.369055,8,179.298104
-7.281703,8,179.306988
-13.11064,8,179.333318
-97.75357,8,179.348324
-40.910635,8,179.372489
-14.010167,8,179.375515
-78.85858,8,179.389124
-68.621529,8,179.419331
-35.816923,8,179.423174
-45.15242,8,179.448113
-37.211025,8,179.459142
-24.27733,8,179.477008
-68.266041,8,179.493222
-5.544188,8,179.504364
-131.603637,8,179.519463
-22.776071,8,179.521966
3.576326,8,179.539452
-80.268821,8,179.555427
3.125376,8,179.569542
-42.143955,8,179.587702
-44.488039,8,179.601433
-14.759359,8,179.621423
-58.611444,8,179.633535
-13.973178,8,179.633535
-71.530319,8,179.649662
-16.077706,8,179.667454
-14.244534,8,179.681581
-98.959502,8,179.704751
-14.082876,8,179.719328
-179.307375,8,179.738589
-18.439026,8,179.752523
-60.28685,8,179.77099
-26.02311,8,179.791849
-21.919951,8,179.797851
-71.271572,8,179.81849
7.16253,8,179.830114
-22.296051,8,179.830114
-6.047744,8,179.854326
-2.720637,8,179.862456
-22.228444,8,179.878557
-150.136469,8,179.898487
5.10511,8,179.907487
-2.247063,8,179.937983
-220.104824,8,179.955441
-117.072649,8,179.971314
-44.028826,8,179.990311
-36.773022,8,180.016553
4.07102,8,180.034708
-23.988718,8,180.04887
-24.009788,8,180.071834
-27.381192,8,180.097228
-9.46603,8,180.12248
9.887731,8,180.146105
-19.384845,8,180.157784
0.565576,8,180.179491
-36.84032,8,180.190965
-83.516992,8,180.212156
8.77506,8,180.22914
-27.667912,8,180.242323
-7.919923,8,180.260947
-9.19885,8,180.270315
0.268022,8,180.286915
-2.265152,8,180.303922
-0.840256,8,180.303922
0.360551,8,180.320381
-53.296919,8,180.338195
-33.064134,8,180.354314
6.365004,8,180.370743
-26.131272,8,180.390401
-0.188626,8,180.405889
-2.366242,8,180.421577
-101.175256,8,180.437694
-37.713648,8,180.453576
-4.287727,8,180.455583
-73.378781,8,180.471604
-36.839055,8,180.488661
-13.139123,8,180.513041
-17.322893,8,180.5282
-46.389633,8,180.539205
-25.926795,8,180.548114
-32.341061,8,180.564084
6.640495,8,180.580145
-2.936052,8,180.596369
-47.095074,8,180.612407
0.157829,8,180.614413
0.420983,8,180.638329
-38.986456,8,180.65477
-30.306101,8,180.656779
-11.981161,8,180.672786
-13.235473,8,180.68858
-10.423845,8,180.690583
-77.112162,8,180.720666
-3.535537,8,180.738395
-49.087346,8,180.738395
2.820966,8,180.765538
-63.393046,8,180.771212
-29.087514,8,180.792506
-112.146063,8,180.806167
10.328302,8,180.817184
-55.322746,8,180.835259
-22.29658,8,180.835259
-24.93564,8,180.863529
-6.093732,8,180.875552
-48.993447,8,180.875552
-121.420461,8,180.908671
-61.892186,8,180.920995
-18.704479,8,180.94043
-93.403012,8,180.949323
-45.174969,8,180.965509
4.181856,8,180.986908
-41.141445,8,180.997907
-48.483553,8,181.013968
-7.452349,8,181.032122
-58.057203,8,181.04427
-0.399956,8,181.054566
-166.334268,8,181.070276
-29.21726,8,181.086348
-4.359638,8,181.10584
-106.907564,8,181.121905
-46.57432,8,181.142285
4.470009,8,181.154349
-96.8145,8,181.170294
-6.283852,8,181.18697
-5.596264,8,181.19839
-49.252717,8,181.216158
-8.638889,8,181.227918
-76.949491,8,181.241676
-15.224595,8,181.257804
-23.887601,8,181.267323
-4.430697,8,181.284555
-99.915994,8,181.297229
-36.654745,8,181.316235
-93.951357,8,181.33067
-4.549679,8,181.3408
0.558151,8,181.352602
-42.384443,8,181.352602
2.264036,8,181.37026
7.140052,8,181.399217
-58.970457,8,181.407235
3.952596,8,181.421818
-33.977377,8,181.421818
-22.81696,8,181.447872
2.050153,8,181.463972
-4.957342,8,181.480478
-47.64203,8,181.488828
-6.349165,8,181.504399
2.019796,8,181.519582
0.152037,8,181.532772
-23.079995,8,181.54277
-26.659239,8,181.555955
-27.999728,8,181.564953
-79.246586,8,181.577954
-96.346442,8,181.592956
7.030808,8,181.604347
-22.344855,8,181.626842
-26.017126,8,181.637848
-7.851963,8,181.64068
10.39347,8,181.656621
-51.392023,8,181.672263
-34.807067,8,181.690072
-8.928274,8,181.70407
-42.040462,8,181.726002
-4.562505,8,181.742192
-45.150078,8,181.751196
-62.063071,8,181.766732
-19.669625,8,181.768735
-60.085225,8,181.792302
-1.394397,8,181.814361
-114.785975,8,181.821448
-32.735418,8,181.841328
0.023386,8,181.852325
-34.822762,8,181.866548
-3.510951,8,181.882637
1.916728,8,181.893545
-66.0434,8,181.894545
-102.955834,8,181.922847
-76.029271,8,181.935422
-113.242458,8,181.951252
4.061206,8,181.961823
-9.300427,8,181.979593
-28.486238,8,181.990993
-19.488751,8,182.007951
-110.998726,8,182.025892
-43.75034,8,182.038374
-3.963148,8,182.053026
-22.583523,8,182.063027
-74.637332,8,182.078199
3.203839,8,182.09224
-18.569387,8,182.104013
-49.970694,8,182.118157
-5.622262,8,182.134054
-35.283166,8,182.146139
-19.657093,8,182.16806
-65.302738,8,182.180665
-28.258551,8,182.194711
-30.641104,8,182.204485
-85.546492,8,182.218528
-25.306154,8,182.232313
-53.300377,8,182.247551
-5.878331,8,182.261528
-55.319121,8,182.275528
-15.307003,8,182.293262
-97.175235,8,182.3081
-73.759462,8,182.320482
-2.610178,8,182.33819
8.031063,8,182.353792
-73.327409,8,182.373117
3.138435,8,182.389471
-45.569483,8,182.40047
4.746078,8,182.416211
-14.7935,8,182.428228
-97.779332,8,182.445737
2.973626,8,182.462147
-55.433399,8,182.480816
-60.959581,8,182.500299
-2.667431,8,182.513364
-103.885788,8,182.540497
-3.095675,8,182.563539
-149.868175,8,182.588141
-140.428151,8,182.611122
-31.489082,8,182.626864
-127.469921,8,182.642926
-168.244762,8,182.657165
-30.146758,8,182.669965
-55.366947,8,182.686756
-2.007534,8,182.703637
5.212994,8,182.718088
-36.615062,8,182.733498
-7.777643,8,182.74529
-94.536032,8,182.766186
-3.315959,8,182.778595
-62.669036,8,182.792136
-60.280816,8,182.811127
-8.480226,8,182.822769
-31.64066,8,182.836006
-67.039906,8,182.849227
-91.79659,8,182.862911
4.373907,8,182.876926
-22.738909,8,182.888092
-2.777989,8,182.908263
-13.067472,8,182.919936
-56.719921,8,182.935927
-13.126343,8,182.952819
1.017176,8,182.964074
7.010499,8,182.981876
-100.026093,8,182.993442
-37.568046,8,183.010899
5.295771,8,183.03099
-4.725743,8,183.042195
-42.503732,8,183.055195
-97.036183,8,183.068224
-72.438312,8,183.084866
-5.919643,8,183.098913
-75.017539,8,183.110699
-75.379267,8,183.132718
-48.244328,8,183.141735
2.699021,8,183.157887
-1.639314,8,183.174034
-140.817234,8,183.186073
-23.297152,8,183.19183
-91.181751,8,183.211481
1.178497,8,183.22324
-62.958334,8,183.244461
-5.836871,8,183.256272
-8.588714,8,183.272245
-8.168915,8,183.272547
-128.532211,8,183.298282
-173.861888,8,183.317973
-68.516458,8,183.329381
-93.334946,8,183.344544
-40.635391,8,183.358653
4.163821,8,183.370211
3.986555,8,183.387074
-68.161616,8,183.395832
-9.322347,8,183.410814
-0.612714,8,183.422438
-115.624231,8,183.43769
-20.801152,8,183.451682
-3.857864,8,183.461457
5.12614,8,183.489605
-28.645139,8,183.489605
-7.225238,8,183.506299
0.539934,8,183.521717
-49.21898,8,183.543099
-75.262442,8,183.557399
-115.153454,8,183.568718
0.499507,8,183.57873
1.833828,8,183.594785
-65.752994,8,183.610674
4.540827,8,183.626483
-19.344066,8,183.626483
-53.88837,8,183.644472
-75.996996,8,183.668012
-89.52762,8,183.678579
-5.735331,8,183.688473
2.402632,8,183.70325
-67.383366,8,183.718015
-5.919209,8,183.720024
-103.303813,8,183.744297
-20.442578,8,183.75809
-87.348078,8,183.76999
-77.316415,8,183.780987
-3.101616,8,183.79599
-104.56873,8,183.801198
-179.222849,8,183.825577
-52.461544,8,183.837076
-17.297876,8,183.84965
4.562974,8,183.863172
-3.284798,8,183.871184
-106.012298,8,183.876932
-76.71434,8,183.896842
-67.936558,8,183.910415
-26.682082,8,183.925917
3.724055,8,183.927657
-94.246638,8,183.938233
-57.424062,8,183.954682
-4.541638,8,183.976873
-22.736778,8,183.995673
-77.169789,8,184.005745
-31.520065,8,184.020995
-93.111614,8,184.032008
1.089308,8,184.050439
-38.935167,8,184.063434
-107.557575,8,184.063434
-92.704893,8,184.0792
-86.269604,8,184.094874
-25.127167,8,184.11585
0.601563,8,184.129508
-78.142861,8,184.142004
-19.145188,8,184.157972
-25.67696,8,184.174
2.293374,8,184.188564
-98.033572,8,184.200423
-68.114934,8,184.200423
-16.63951,8,184.22706
-67.643484,8,184.237817
-110.39632,8,184.255144
-8.184263,8,184.267046
-15.11325,8,184.276463
-83.9053,8,184.292796
-16.003458,8,184.303436
5.622005,8,184.322718
-56.063337,8,184.342499
-0.435655,8,184.356428
-25.261891,8,184.367929
-88.652837,8,184.380716
-10.4617,8,184.393337
-14.419329,8,184.408373
-104.556667,8,184.416124
-94.812353,8,184.432448
-175.190775,8,184.444448
-17.719904,8,184.461413
7.371198,8,184.478568
-62.266332,8,184.489136
-160.354188,8,184.510146
-82.184774,8,184.522273
-20.650525,8,184.535743
-96.309213,8,184.550822
-113.960733,8,184.562825
-101.587427,8,184.581012
-3.515275,8,184.591012
-99.850518,8,184.605376
-26.491193,8,184.620614
6.822783,8,184.630103
-112.36937,8,184.646113
-110.222263,8,184.657113
-11.441136,8,184.682605
-17.421325,8,184.704636
-106.639443,8,184.718207
-33.777904,8,184.738005
-5.771909,8,184.750007
-20.118087,8,184.766003
-28.752258,8,184.785654
-30.63363,8,184.797464
-123.598363,8,184.813251
-41.387401,8,184.824775
-9.691007,8,184.844846
-155.545789,8,184.864582
-30.116007,8,184.875583
-73.840048,8,184.902065
-113.266768,8,184.9132
-79.578001,8,184.930662
2.173516,8,184.956136
-5.548466,8,184.976902
-28.574669,8,184.996879
-81.359178,8,185.015281
-30.226215,8,185.033982
-59.657397,8,185.059065
-88.410802,8,185.076867
-293.870774,8,185.093882
-39.379399,8,185.107495
-60.696189,8,185.128867
-2.410472,8,185.149588
-141.674247,8,185.157628
-38.677965,8,185.177427
-87.301725,8,185.1918
-84.282476,8,185.207443
-98.535802,8,185.223042
5.925005,8,185.23483
-1.576446,8,185.252599
-3.626256,8,185.2662
-105.287842,8,185.282583
-36.540819,8,185.301063
-5.936707,8,185.313521
4.925927,8,185.335497
-59.868864,8,185.346323
-68.921186,8,185.366831
-9.059364,8,185.370435
-24.635783,8,185.394423
-25.562741,8,185.410653
-12.594003,8,185.422655
-12.855085,8,185.437118
-8.65068,8,185.450636
-92.720623,8,185.467511
-16.29565,8,185.481753
-155.375935,8,185.492888
5.684537,8,185.508811
1.614509,8,185.529664
-50.147125,8,185.54086
2.448706,8,185.555861
0.511752,8,185.56686
-43.345045,8,185.584866
-10.006134,8,185.599073
-13.047004,8,185.610075
-130.01555,8,185.62429
-2.963617,8,185.63529
-96.134119,8,185.649889
-27.707693,8,185.663431
-81.559412,8,185.676838
5.623102,8,185.694866
5.077395,8,185.707965
-113.833226,8,185.720006
-10.113741,8,185.73789
-21.136274,8,185.746888
-97.703137,8,185.75838
-2.047385,8,185.767892
-90.972974,8,185.778933
-71.177935,8,185.795073
-30.739497,8,185.806679
-13.261676,8,185.822068
-80.115255,8,185.829817
-57.075311,8,185.846346
-48.707417,8,185.864062
0.996901,8,185.877725
-112.43957,8,185.895528
-34.837618,8,185.906661
0.586648,8,185.920156
-42.728487,8,185.934642
-68.691199,8,185.944396
-85.781171,8,185.959911
-24.861473,8,185.968562
-13.181894,8,185.985188
-20.861167,8,186.001239
-98.107235,8,186.012964
-10.193444,8,186.026616
-82.301093,8,186.026616
-84.230024,8,186.054691
-189.731406,8,186.071848
-2.971521,8,186.082032
-91.888836,8,186.096032
-21.503265,8,186.110032
-17.667933,8,186.125423
-31.481957,8,186.140445
-6.848974,8,186.141453
-3.887618,8,186.167848
-56.460436,8,186.177604
3.927839,8,186.195114
-110.370807,8,186.204865
4.974318,8,186.228529
-2.132617,8,186.23654
-26.922111,8,186.252528
-42.129129,8,186.269482
-58.374214,8,186.281563
-0.614218,8,186.293224
7.079319,8,186.304074
-45.921566,8,186.304074
-12.558531,8,186.32059
1.39723,8,186.337315
-40.412868,8,186.351411
-5.251738,8,186.370893
4.937005,8,186.386262
-17.587038,8,186.402476
-20.918352,8,186.407529
0.570776,8,186.421653
-30.889386,8,186.443042
4.987559,8,186.452791
-53.052658,8,186.470972
-0.312886,8,186.486238
-10.565822,8,186.489745
-41.994613,8,186.514296
0.873048,8,186.522055
-45.029825,8,186.538187
-37.840541,8,186.554267
-15.89214,8,186.572261
-0.786875,8,186.587992
-59.99545,8,186.602833
-50.225365,8,186.617392
-1.854545,8,186.632385
-76.02336,8,186.636104
-17.80422,8,186.65127
-29.647908,8,186.667027
-7.913562,8,186.667027
-8.652563,8,186.68301
-74.049032,8,186.698831
-5.077266,8,186.726751
-5.381454,8,186.734748
-48.148137,8,186.751924
3.74064,8,186.765422
-55.575558,8,186.765422
-49.716779,8,186.781249
-28.281734,8,186.805088
-2.245534,8,186.813217
-54.418262,8,186.83471
-56.361773,8,186.844708
-91.901962,8,186.860554
8.009006,8,186.871025
4.488487,8,186.886163
-17.213178,8,186.906323
4.797863,8,186.921413
-68.11913,8,186.935257
-14.852505,8,186.947779
-124.772791,8,186.961853
-0.50215,8,186.977358
3.006781,8,186.989492
-2.752395,8,187.000857
-103.387762,8,187.000857
-2.713246,8,187.036741
-45.127859,8,187.050739
-20.999372,8,187.065741
-176.570655,8,187.085429
9.226933,8,187.101162
-98.264952,8,187.119598
-64.821445,8,187.148053
-9.80416,8,187.161054
-37.303287,8,187.179024
11.594667,8,187.189028
-8.92533,8,187.206965
3.217708,8,187.224712
-39.552152,8,187.244661
-16.372761,8,187.259693
-73.112363,8,187.278179
-36.926848,8,187.287251
-124.122453,8,187.311668
-2.165523,8,187.321024
-74.650748,8,187.336259
-91.167109,8,187.361974
0.007971,8,187.37482
-78.451581,8,187.403602
-10.853664,8,187.406375
-73.134881,8,187.422605
-30.753124,8,187.440567
-122.239534,8,187.454679
-19.471719,8,187.480654
-48.504305,8,187.493772
-0.988997,8,187.507419
-21.101522,8,187.523562
-73.287317,8,187.538734
-86.207741,8,187.558685
-36.237367,8,187.570468
-44.68683,8,187.586265
-109.894864,8,187.586265
-24.744673,8,187.615548
2.215207,8,187.631631
-8.710221,8,187.641703
-113.296123,8,187.65453
-16.541006,8,187.670722
-8.431982,8,187.68588
-3.570712,8,187.708548
-11.031844,8,187.721422
-6.077842,8,187.736541
-0.203975,8,187.736541
-76.854956,8,187.750622
-13.815699,8,187.766492
-73.768726,8,187.787881
-21.627005,8,187.80268
2.170929,8,187.812769
-26.679884,8,187.82974
-96.699839,8,187.846287
-59.66972,8,187.858378
-12.772808,8,187.861387
-19.186464,8,187.877378
-86.726877,8,187.893453
-47.893569,8,187.917592
-45.850138,8,187.924592
-15.396182,8,187.940426
-64.701218,8,187.956247
-41.589935,8,187.971889
-68.925709,8,187.987133
-29.059188,8,187.987133
10.822499,8,188.013143
-49.450646,8,188.025105
-4.862905,8,188.044211
-134.154128,8,188.069067
-48.371445,8,188.08769
1.230812,8,188.10725
-6.126185,8,188.117264
-42.805026,8,188.132349
-14.265594,8,188.150491
-43.639523,8,188.161194
-8.343843,8,188.172609
-3.641419,8,188.188726
-13.166717,8,188.205268
-78.240166,8,188.220719
-15.2238,8,188.231724
-81.879603,8,188.250195
-37.237416,8,188.254587
-177.331903,8,188.272281
-92.968279,8,188.287106
-74.959887,8,188.304155
-112.183276,8,188.304155
-22.185302,8,188.320914
-3.533294,8,188.336586
-44.002482,8,188.352546
-50.282612,8,188.370464
-117.637324,8,188.389527
-111.546126,8,188.391529
-0.882536,8,188.405533
-188.889353,8,188.422368
-82.201833,8,188.440725
6.637739,8,188.453424
-88.716697,8,188.469431
-79.742996,8,188.488607
-77.647844,8,188.505657
-2.614665,8,188.505657
-12.525651,8,188.524347
-83.999215,8,188.544779
-5.094046,8,188.56011
-57.529219,8,188.563104
-12.132683,8,188.582421
-95.907841,8,188.5992
-17.408392,8,188.611042
-2.112132,8,188.628884
-14.738512,8,188.649301
-6.592238,8,188.659508
-111.693072,8,188.672505
-38.965406,8,188.678164
3.613076,8,188.688313
-42.187784,8,188.717556
-29.934957,8,188.721379
-133.610307,8,188.743742
-40.248818,8,188.753125
-99.952889,8,188.768251
-4.780916,8,188.783162
3.710703,8,188.794505
-24.20457,8,188.811265
4.694132,8,188.826784
-1.710115,8,188.842594
-18.482702,8,188.857244
-11.492217,8,188.867998
-77.810076,8,188.882801
-9.492767,8,188.891801
-22.260905,8,188.907544
-5.128594,8,188.919042
-128.009939,8,188.939265
5.017121,8,188.958584
-28.436475,8,188.968078
4.955772,8,188.984476
-20.302202,8,189.000583
-22.384973,8,189.010192
4.106424,8,189.02395
-42.868712,8,189.038514
-69.131842,8,189.051542
-29.281304,8,189.066555
-40.786111,8,189.078599
0.46047,8,189.092258
-23.27362,8,189.101841
-43.01096,8,189.117236
4.484338,8,189.13838
-199.978983,8,189.153574
-27.170156,8,189.173661
-189.091824,8,189.186663
-25.52581,8,189.205188
-20.829367,8,189.219189
-35.169576,8,189.219189
-14.046642,8,189.246734
-4.975113,8,189.260242
-8.145956,8,189.276067
-29.102468,8,189.291628
-139.080762,8,189.303405
-20.655658,8,189.322502
-39.581858,8,189.332154
-76.542195,8,189.350745
4.314109,8,189.372276
-2.077965,8,189.387752
-137.802012,8,189.408767
-57.756161,8,189.423347
-64.375297,8,189.43842
-14.072121,8,189.456479
-22.080778,8,189.475684
-42.397974,8,189.490035
-16.048641,8,189.506167
-42.101505,8,189.535844
-52.690683,8,189.563987
-3.073507,8,189.586795
-67.717043,8,189.603849
-4.813828,8,189.621945
-9.242442,8,189.642536
-39.573833,8,189.665151
2.639183,8,189.681472
-2.115327,8,189.704088
-36.475545,8,189.724037
-0.85456,8,189.744695
-24.305254,8,189.766789
-108.976382,8,189.77575
-99.13245,8,189.813729
-44.598767,8,189.819433
-63.824023,8,189.836482
-60.934895,8,189.852371
-16.576597,8,189.875772
-23.209785,8,189.893451
-4.161193,8,189.907535
-75.779298,8,189.92564
-4.970875,8,189.93965
-95.327536,8,189.958962
-138.516028,8,189.976146
-16.72652,8,189.988414
-45.433246,8,190.004613
-6.344984,8,190.017341
-85.214965,8,190.033554
-31.235257,8,190.049573
-11.685449,8,190.067562
-39.956608,8,190.091927
-30.875544,8,190.094927
-27.213383,8,190.111097
-68.749173,8,190.129237
-6.790825,8,190.152464
-40.92828,8,190.168715
-7.073974,8,190.183702
-96.720447,8,190.195003
-114.207359,8,190.209898
-18.870134,8,190.22428
5.81281,8,190.235895
-6.012014,8,190.262257
0.255647,8,190.273846
-30.772177,8,190.28866
-26.121748,8,190.28866
-49.469031,8,190.313108
-103.367073,8,190.332416
-193.371524,8,190.343523
-4.448979,8,190.352527
3.948153,8,190.370372
-110.549958,8,190.387817
-0.197283,8,190.406245
-22.811696,8,190.419745
5.980609,8,190.422336
-33.655081,8,190.443105
-17.73182,8,190.459204
-37.632217,8,190.461209
-3.975253,8,190.489485
-72.139616,8,190.504045
-0.996232,8,190.516139
5.814283,8,190.532311
-73.912009,8,190.537211
8.375559,8,190.553085
-2.046656,8,190.568774
-31.456671,8,190.590142
-2.337785,8,190.600793
-61.302252,8,190.621126
-38.598408,8,190.633947
-141.472162,8,190.647949
-21.82308,8,190.659112
-247.127467,8,190.673119
-2.871963,8,190.673119
-1.694455,8,190.688876
-72.684941,8,190.704633
-80.163009,8,190.726029
-63.419578,8,190.738549
8.538752,8,190.750963
-3.566782,8,190.750963
-64.837876,8,190.76704
0.577641,8,190.783232
6.676968,8,190.799036
0.357108,8,190.816988
-21.201846,8,190.834143
-146.072553,8,190.845139
-44.381271,8,190.860509
-71.272372,8,190.874098
-70.450686,8,190.886091
-71.636692,8,190.906792
-39.207032,8,190.927841
-24.358935,8,190.941359
-26.33946,8,190.957274
-25.706981,8,190.972112
-4.928505,8,190.985377
-91.586825,8,190.985377
-2.820302,8,191.004558
1.537248,8,191.017179
-18.664641,8,191.033348
-32.138305,8,191.057625
-27.237418,8,191.063626
-0.718262,8,191.079789
-33.660777,8,191.079789
-78.594015,8,191.112063
-7.345464,8,191.114069
-20.594776,8,191.14161
-42.306293,8,191.153789
-1.643561,8,191.168789
-8.316061,8,191.182977
-22.002183,8,191.193412
-31.60113,8,191.207447
-66.495656,8,191.217471
-92.405732,8,191.23277
-75.215069,8,191.254701
-18.781612,8,191.270833
-8.429661,8,191.287462
-32.294801,8,191.30587
2.991819,8,191.320729
3.428324,8,191.336045
-163.93934,8,191.348088
-3.621587,8,191.367109
-37.547713,8,191.37938
-21.254009,8,191.39438
-2.907573,8,191.409097
-23.886409,8,191.420754
5.868988,8,191.434321
-16.562749,8,191.445851
-10.97819,8,191.460918
-46.266079,8,191.484999
4.178949,8,191.497373
-96.090714,8,191.511669
-46.085106,8,191.522613
-107.90534,8,191.540654
9.432152,8,191.554675
0.01901,8,191.566714
-107.724619,8,191.582392
-2.831853,8,191.597556
-36.083725,8,191.610556
-198.828597,8,191.62635
-132.573668,8,191.636383
-70.177496,8,191.6562
-28.796465,8,191.66798
-128.726981,8,191.681759
1.978541,8,191.699597
-100.345228,8,191.711692
-22.752251,8,191.719692
-26.550212,8,191.735775
-27.49055,8,191.751466
-131.147782,8,191.767205
-12.760891,8,191.778928
-4.301357,8,191.792553
-9.557626,8,191.806672
-38.740692,8,191.825593
-0.239259,8,191.844356
-0.698426,8,191.858376
-19.809571,8,191.877923
-2.8298,8,191.889957
-66.356637,8,191.910315
-67.947911,8,191.930149
-91.315573,8,191.943853
7.539173,8,191.957483
2.279981,8,191.968741
-3.749886,8,191.984754
-139.160094,8,192.006728
-35.136009,8,192.022683
-40.178593,8,192.042826
-4.385129,8,192.056933
-10.190447,8,192.077077
-12.230083,8,192.10077
-13.470356,8,192.118627
-12.075296,8,192.144068
-48.180248,8,192.158948
-88.791205,8,192.174124
-12.435814,8,192.194241
-163.926096,8,192.206308
-30.54142,8,192.219951
-90.179197,8,192.241652
-29.800501,8,192.259559
-86.799422,8,192.277191
-110.127718,8,192.287062
-0.694681,8,192.309066
-5.996371,8,192.320359
-110.552379,8,192.337204
-58.152006,8,192.356901
-105.529921,8,192.370038
-49.351024,8,192.38578
-18.190935,8,192.396692
-2.391617,8,192.412323
4.786641,8,192.428012
-14.740179,8,192.440634
-1.853958,8,192.460359
1.406097,8,192.475917
-2.052282,8,192.492211
1.194504,8,192.505575
2.287694,8,192.5196
-64.260745,8,192.534309
-40.851293,8,192.544678
-17.047876,8,192.560475
2.243364,8,192.575815
8.319909,8,192.58998
-155.503534,8,192.601473
-34.470507,8,192.615741
-5.964127,8,192.631827
-34.584207,8,192.649386
-5.881942,8,192.6651
-20.654232,8,192.681479
-11.692689,8,192.69449
-29.124926,8,192.71249
5.25573,8,192.726075
-1.795864,8,192.738571
-3.681373,8,192.752328
-11.954649,8,192.76546
-1.440837,8,192.779339
-82.367769,8,192.794339
-61.596549,8,192.809029
1.067577,8,192.828835
-159.202922,8,192.836853
-58.767219,8,192.844916
0.421172,8,192.860709
-51.825679,8,192.876863
-4.607405,8,192.896081
-21.165241,8,192.907083
-125.160584,8,192.907083
2.262141,8,192.938935
-62.250535,8,192.950691
-10.402173,8,192.954968
-49.160106,8,192.977188
-50.645602,8,192.991537
-63.635765,8,193.009536
-116.39677,8,193.016539
-76.899443,8,193.031018
-7.762543,8,193.046545
-78.321896,8,193.06122
-62.495267,8,193.076281
-6.047762,8,193.086059
-100.101599,8,193.102963
-1.214764,8,193.113963
-102.409395,8,193.125963
-86.845226,8,193.141638
-3.603468,8,193.151174
-130.800371,8,193.173264
-6.350852,8,193.184822
-7.631617,8,193.198862
-109.98131,8,193.214197
-84.262382,8,193.225286
-24.689637,8,193.235286
-97.133049,8,193.235286
-71.279486,8,193.264656
1.913772,8,193.278234
1.38495,8,193.287314
-70.297638,8,193.304256
0.141357,8,193.318024
3.12624,8,193.335501
-78.629275,8,193.356394
-102.649117,8,193.36815
-73.141457,8,193.387261
-136.394057,8,193.399634
-1.963525,8,193.416558
-40.463437,8,193.431168
-118.109566,8,193.443204
-12.762182,8,193.458528
-113.372461,8,193.466537
-7.24019,8,193.483764
4.24669,8,193.500288
-103.839725,8,193.511435
-111.92659,8,193.529068
-44.205937,8,193.541653
-88.455249,8,193.553625
-28.586969,8,193.569386
-4.036778,8,193.569386
-56.13717,8,193.60159
-26.099672,8,193.613068
-52.340111,8,193.629334
-21.509254,8,193.644836
-72.267618,8,193.655796
0.861852,8,193.670263
-38.783169,8,193.680296
-88.972088,8,193.697818
-2.559593,8,193.720965
-8.884552,8,193.721725
4.231516,8,193.746095
-18.543525,8,193.755729
-26.84231,8,193.767743
-91.376807,8,193.782946
-51.433378,8,193.79096
8.233119,8,193.804194
-27.068431,8,193.818167
-1.083023,8,193.830083
-14.900098,8,193.8425
2.869728,8,193.854017
-8.099851,8,193.872901
-40.841547,8,193.881562
-91.879235,8,193.895792
-62.436072,8,193.909556
-13.033946,8,193.919046
-71.994274,8,193.936624
-25.516244,8,193.946247
-64.30069,8,193.954257
-95.418719,8,193.975182
2.594953,8,193.985182
-23.881697,8,194.001285
-42.041068,8,194.013382
-5.299669,8,194.028164
-16.657557,8,194.050819
-25.608417,8,194.060739
-98.181769,8,194.073334
-49.440945,8,194.080562
2.87195,8,194.094448
0.271113,8,194.110256
0.707547,8,194.110256
-64.751638,8,194.128765
-147.692203,8,194.150993
-77.110909,8,194.156849
-73.129419,8,194.180972
-8.61907,8,194.191979
-5.937083,8,194.209996
-133.113255,8,194.220002
-62.676462,8,194.234235
-65.6063,8,194.253257
-4.140708,8,194.26456
-88.12236,8,194.272522
-127.856921,8,194.291489
2.206299,8,194.310546
-108.392504,8,194.320709
-51.62982,8,194.336743
4.886489,8,194.360806
-0.812296,8,194.376802
5.47661,8,194.389807
-82.839697,8,194.425393
7.173293,8,194.441171
-1.880204,8,194.459216
-81.927627,8,194.476997
-127.65552,8,194.489519
-124.137733,8,194.506433
-14.677285,8,194.521728
-35.993442,8,194.538378
-50.174211,8,194.555508
-38.474326,8,194.572959
-112.485527,8,194.585954
-27.104728,8,194.611803
-4.113064,8,194.641605
-36.267933,8,194.641605
-84.679827,8,194.671368
-6.469628,8,194.673133
-140.147017,8,194.691114
-1.436719,8,194.704743
-54.075317,8,194.730711
-99.229207,8,194.746588
-114.182629,8,194.76334
4.391616,8,194.774364
-102.898344,8,194.78934
-34.612722,8,194.805095
-0.88838,8,194.818958
-59.14996,8,194.838782
0.325189,8,194.850568
-17.888171,8,194.866334
-79.182483,8,194.87809
-79.451289,8,194.891589
-31.002328,8,194.905219
-60.489621,8,194.919234
-83.271206,8,194.934946
-15.132278,8,194.94585
-32.638912,8,194.96092
-23.185149,8,194.973498
-22.173936,8,194.985539
-87.865316,8,195.003417
-0.239998,8,195.014647
3.154173,8,195.032425
-112.928102,8,195.048133
-59.782779,8,195.059533
-1.735725,8,195.075497
3.738184,8,195.086717
1.668104,8,195.100794
-106.671093,8,195.115466
-127.38088,8,195.120039
-170.103293,8,195.142807
-5.238728,8,195.151331
-33.903779,8,195.167065
-12.350456,8,195.184714
-21.524283,8,195.19873
-111.170432,8,195.212241
-1.311182,8,195.22374
-21.88178,8,195.237822
4.556536,8,195.254943
1.492744,8,195.264943
-24.187055,8,195.278117
2.284469,8,195.290205
-107.803242,8,195.304188
-11.377987,8,195.320759
1.774815,8,195.320759
-108.232286,8,195.350718
-184.8154,8,195.369727
-105.555985,8,195.388448
-30.094073,8,195.405643
-123.299189,8,195.41666
-124.070453,8,195.433949
-63.737856,8,195.445734
-17.309611,8,195.459529
-61.775281,8,195.480883
-2.688944,8,195.491555
2.255481,8,195.508358
-85.299351,8,195.520407
-79.465573,8,195.538269
3.355581,8,195.559528
-69.873372,8,195.569539
-6.110665,8,195.589106
-3.364638,8,195.60086
2.328116,8,195.616398
3.311386,8,195.631128
-13.271827,8,195.642627
-20.645556,8,195.653329
-90.905706,8,195.668547
-47.300347,8,195.684244
-57.339131,8,195.698278
-2.566447,8,195.712454
5.774705,8,195.730368
-164.795218,8,195.7416
-110.33627,8,195.755494
-3.388242,8,195.766401
-65.70192,8,195.779164
1.611878,8,195.794223
8.451509,8,195.801992
-139.235956,8,195.824165
10.302047,8,195.839292
-0.186557,8,195.848734
-241.989017,8,195.864289
-40.511557,8,195.874315
8.602921,8,195.88879
-17.610811,8,195.907824
-62.948277,8,195.921426
0.591084,8,195.939321
-6.31975,8,195.950542
6.281795,8,195.964892
5.467782,8,195.977434
-33.034418,8,195.987467
-33.38702,8,196.001519
-33.567669,8,196.0133
-94.727347,8,196.027346
-5.400107,8,196.043553
1.681019,8,196.055092
-66.228193,8,196.071724
-13.114677,8,196.084519
-91.698255,8,196.13823
3.072557,8,196.158005
-150.620888,8,196.169006
-21.091047,8,196.185002
-27.471881,8,196.186004
-17.577249,8,196.201921
-44.228041,8,196.217556
-25.496459,8,196.233661
-37.889924,8,196.233661
-57.332981,8,196.262625
-92.05827,8,196.27674
-33.653258,8,196.296023
-94.40946,8,196.307046
-42.411353,8,196.320707
-4.070351,8,196.331809
-83.697726,8,196.346084
-99.408055,8,196.364299
-111.72171,8,196.375301
1.44635,8,196.389503
1.271643,8,196.40063
-91.598608,8,196.415279
4.741398,8,196.428475
-16.233613,8,196.442389
-2.749622,8,196.463315
-38.950621,8,196.479158
-19.481938,8,196.494205
-32.689253,8,196.505908
0.500396,8,196.518499
-207.200476,8,196.532416
-35.605761,8,196.543652
-21.7989,8,196.560061
-2.887335,8,196.577107
-23.787707,8,196.591352
-104.023154,8,196.605355
-25.393549,8,196.616355
-41.212459,8,196.635434
-13.738766,8,196.657044
-35.538533,8,196.669716
-82.830286,8,196.690998
-11.757036,8,196.708091
-80.472731,8,196.725208
1.593573,8,196.741318
-39.370353,8,196.750319
2.207915,8,196.766378
-107.437716,8,196.777758
-14.070955,8,196.79373
0.151643,8,196.809417
0.878114,8,196.830732
-135.530312,8,196.85485
-37.077339,8,196.866358
-19.874853,8,196.889397
-102.746984,8,196.902005
-111.933452,8,196.915451
-75.922943,8,196.938217
9.237712,8,196.951531
4.445946,8,196.968829
-16.850721,8,196.984256
-22.929701,8,197.000027
-80.585314,8,197.017813
-34.67633,8,197.027827
4.553892,8,197.04756
-31.98102,8,197.063403
3.171479,8,197.078982
-26.92799,8,197.091771
-43.088801,8,197.10279
-5.306591,8,197.118551
-49.209358,8,197.138619
-1.41643,8,197.15679
-79.231487,8,197.15679
-30.499706,8,197.184049
-151.733858,8,197.205182
-91.344961,8,197.222255
1.447414,8,197.233254
-8.076859,8,197.264762
-54.392136,8,197.270665
-0.14367,8,197.292815
-39.381083,8,197.304324
-119.135473,8,197.316667
-27.503681,8,197.320879
-126.439809,8,197.336642
-28.395875,8,197.359819
-36.230136,8,197.378991
-42.880444,8,197.390596
-29.810349,8,197.406185
-42.075996,8,197.417523
7.248473,8,197.435631
3.009158,8,197.460689
-32.183875,8,197.473547
-184.567579,8,197.493737
-92.852815,8,197.506225
-30.182316,8,197.520778
-10.01035,8,197.537085
-87.166329,8,197.549737
3.311959,8,197.56469
-25.21513,8,197.578262
6.547396,8,197.593425
-55.682725,8,197.61241
1.383391,8,197.623125
-200.489502,8,197.642253
-72.410905,8,197.655643
-74.874173,8,197.670792
-75.282785,8,197.686972
-27.753882,8,197.697971
-29.71374,8,197.715802
-18.363685,8,197.726056
-7.224291,8,197.738302
-28.164242,8,197.755402
-69.229328,8,197.7664
-3.135913,8,197.781759
-56.732286,8,197.786277
-109.589926,8,197.807806
-12.354791,8,197.831132
-62.67352,8,197.841888
-74.158133,8,197.856932
-29.411099,8,197.866706
5.655245,8,197.882301
-39.570565,8,197.896824
-78.071532,8,197.906859
-88.768787,8,197.920843
-39.603261,8,197.933084
-18.177061,8,197.948868
-19.016463,8,197.963247
-101.084744,8,197.970274
8.731751,8,197.98577
-45.896779,8,198.004731
-77.922828,8,198.018745
-3.532566,8,198.030723
-46.380269,8,198.043683
-9.895526,8,198.047433
-0.260882,8,198.06847
-14.488531,8,198.07147
-0.287726,8,198.087213
-18.247244,8,198.107326
-22.739828,8,198.11919
-65.66788,8,198.11919
-2.10694,8,198.149935
-27.044797,8,198.175372
-65.190203,8,198.187153
-3.256749,8,198.202042
-42.246093,8,198.216299
-49.090522,8,198.234193
-80.79037,8,198.249344
-42.558859,8,198.265501
-80.3236,8,198.281377
-138.568809,8,198.293722
4.454204,8,198.309108
-19.603695,8,198.324815
-54.212693,8,198.338815
2.928523,8,198.359023
-62.424198,8,198.373294
-38.124017,8,198.387543
-12.03812,8,198.406199
2.913524,8,198.416241
3.297856,8,198.431564
-99.551797,8,198.44359
-16.454675,8,198.459094
-10.048215,8,198.472545
1.24491,8,198.48714
-42.386336,8,198.489259
5.26799,8,198.505463
-58.820378,8,198.522613
5.625237,8,198.537649
-16.406553,8,198.559848
1.953092,8,198.575187
-85.16312,8,198.579191
-34.942408,8,198.595022
-123.87353,8,198.611078
-16.029427,8,198.629237
-43.534179,8,198.645626
-103.590722,8,198.654778
1.836254,8,198.67199
2.06541,8,198.686339
-61.973689,8,198.688327
-53.471597,8,198.717675
-6.193686,8,198.728545
-101.008593,8,198.735509
-78.767504,8,198.760872
2.445486,8,198.771072
6.016499,8,198.786065
-34.764531,8,198.795066
-3.103115,8,198.809556
-123.066841,8,198.827992
-203.431916,8,198.83943
-9.310052,8,198.855224
-14.664478,8,198.865256
7.432773,8,198.879046
-75.696595,8,198.898315
-103.23191,8,198.90999
-112.129155,8,198.924473
-20.528324,8,198.935353
-14.897453,8,198.950587
-14.183574,8,198.966586
3.902737,8,198.976339
-96.953203,8,198.990098
11.218942,8,198.997853
-27.664871,8,199.015574
-91.532247,8,199.029644
-44.831265,8,199.041764
-106.551787,8,199.064845
-114.216655,8,199.076619
-46.752408,8,199.094394
0.232008,8,199.110179
-17.593499,8,199.121294
-2.1726,8,199.140731
-19.185627,8,199.153899
7.620102,8,199.174218
-93.880204,8,199.190012
-75.883949,8,199.202044
-25.518929,8,199.217831
-106.175367,8,199.22972
-0.992573,8,199.252006
-75.895381,8,199.281135
-2.488945,8,199.293246
-16.287031,8,199.310246
-12.011027,8,199.324481
-124.088294,8,199.340477
9.063584,8,199.355827
-22.602003,8,199.365979
-38.460556,8,199.385079
-41.974154,8,199.395794
-25.149901,8,199.406027
-28.130151,8,199.427022
-66.860169,8,199.439651
-88.276892,8,199.453638
-99.552768,8,199.468058
-47.292666,8,199.472408
-79.837586,8,199.50904
1.314176,8,199.525185
-114.404311,8,199.546769
-77.295202,8,199.551783
5.363022,8,199.567706
-35.242531,8,199.589394
-18.327363,8,199.606388
-6.086944,8,199.619145
-48.131968,8,199.631289
3.331524,8,199.649716
-10.882691,8,199.671529
-63.808877,8,199.685767
-58.634913,8,199.709415
-34.940674,8,199.721519
-18.407707,8,199.737439
-4.390218,8,199.737439
-3.001471,8,199.7535
-63.715667,8,199.778663
-16.392983,8,199.78268
-0.607377,8,199.803606
-78.852542,8,199.8169
-5.22299,8,199.838509
-0.815891,8,199.859474
-16.887991,8,199.870104
-70.429071,8,199.886143
-47.199077,8,199.889088
-50.702327,8,199.902131
-8.173546,8,199.918037
-108.520932,8,199.938197
2.380566,8,199.95543
-2.089447,8,199.967562
-3.139168,8,199.98482
-65.621412,8,199.999066
-21.855767,8,200.005347
-27.437361,8,200.016964
-72.462876,8,200.032763
-126.308451,8,200.054878
-5.835611,8,200.072154
-107.310951,8,200.084579
-8.890304,8,200.098667
-1.601005,8,200.110667
-43.845196,8,200.110667
-73.574826,8,200.137824
-5.154299,8,200.150844
-194.898012,8,200.163721
-2.63245,8,200.173217
-72.33387,8,200.188945
1.084101,8,200.208987
-114.618503,8,200.217986
-9.36946,8,200.219987
-57.439259,8,200.236099
-82.730635,8,200.252263
-65.045748,8,200.270381
-6.942082,8,200.282382
-63.001136,8,200.295773
-10.338344,8,200.311274
-29.30807,8,200.320789
-91.156375,8,200.336875
-1.39054,8,200.336875
-5.878988,8,200.364638
-152.980452,8,200.388172
-69.577263,8,200.400336
-28.14233,8,200.416732
-137.484171,8,200.422496
-41.563625,8,200.437875
-4.675956,8,200.453713
7.38571,8,200.453713
-56.63123,8,200.472328
-52.701415,8,200.494629
-95.278889,8,200.511614
7.73124,8,200.526557
-46.798529,8,200.537899
-0.668696,8,200.556566
-79.050048,8,200.56632
-97.595192,8,200.583719
-78.698946,8,200.597476
-53.207219,8,200.611494
-135.126775,8,200.625269
-98.789515,8,200.635022
4.038234,8,200.651137
-90.698279,8,200.664896
-19.398634,8,200.672385
-8.045694,8,200.688282
-32.241706,8,200.700761
-15.403003,8,200.716173
-125.658932,8,200.741022
-22.373292,8,200.750021
-175.952601,8,200.763239
-66.257159,8,200.773236
-51.732778,8,200.782236
4.578176,8,200.797932
-110.638796,8,200.813708
-21.005753,8,200.838714
-72.566836,8,200.840718
-13.53209,8,200.866508
-13.785594,8,200.881471
-20.354283,8,200.886376
-87.315458,8,200.905087
-73.052886,8,200.926367
-57.636846,8,200.943857
-157.616282,8,200.952765
-70.562743,8,200.952765
-87.500609,8,200.978211
-1.092115,8,200.988695
-85.637288,8,200.996136
-105.390255,8,201.016321
-40.707348,8,201.026359
6.76223,8,201.038029
-73.008536,8,201.054865
-1.362481,8,201.075286
2.74774,8,201.079232
-100.78225,8,201.095188
-42.739077,8,201.110884
-48.0841,8,201.13316
-38.163472,8,201.146919
0.86836,8,201.167876
3.532671,8,201.178875
-42.43078,8,201.191457
-1.73467,8,201.205137
-56.816244,8,201.22224
10.447641,8,201.23787
-17.529941,8,201.247903
-91.841201,8,201.270913
-7.858921,8,201.273493
-26.496851,8,201.296528
12.358298,8,201.304245
-90.629756,8,201.320748
-13.211633,8,201.333283
-15.004355,8,201.344539
-24.630479,8,201.36106
-109.374069,8,201.380895
-9.132466,8,201.397197
-67.001609,8,201.413198
-1.620766,8,201.422196
-22.637517,8,201.440866
-63.978496,8,201.464695
-119.870854,8,201.481501
-119.793999,8,201.48976
-27.610826,8,201.510009
-5.953612,8,201.522897
-25.062484,8,201.538869
-172.526849,8,201.554855
-19.330646,8,201.574413
-31.077281,8,201.594768
-40.93387,8,201.615613
-36.499957,8,201.625611
-7.006441,8,201.649571
-44.779223,8,201.669202
-3.427136,8,201.688007
-49.516402,8,201.700559
-2.208622,8,201.732659
-4.72351,8,201.74679
-16.180488,8,201.762853
-32.880006,8,201.774037
1.196409,8,201.789038
-0.907512,8,201.803124
-97.663776,8,201.819217
-38.153698,8,201.835391
-28.31293,8,201.844396
-3.431927,8,201.86231
-103.368017,8,201.876193
-41.386192,8,201.892344
-82.974589,8,201.908557
-9.732764,8,201.92151
0.048879,8,201.941886
-25.95003,8,201.954782
-25.260225,8,201.970241
-184.387693,8,201.986283
-103.240965,8,201.997487
-6.318176,8,202.002979
-4.578959,8,202.018471
-20.300464,8,202.040725
-61.20317,8,202.063674
-14.995106,8,202.063674
-69.267078,8,202.088098
-12.394795,8,202.097443
-0.673335,8,202.117193
-12.101806,8,202.135679
2.669215,8,202.143192
-39.46111,8,202.167098
-72.77192,8,202.173098
-0.595461,8,202.189036
-117.215209,8,202.204705
-91.075879,8,202.204705
-117.285271,8,202.232366
-57.774154,8,202.244524
-1.289118,8,202.267019
-6.052394,8,202.282007
-26.498047,8,202.293273
2.921017,8,202.307414
-21.579761,8,202.313427
-32.727187,8,202.320981
-59.490616,8,202.342744
2.379801,8,202.354602
-0.382186,8,202.373519
-39.469351,8,202.388702
-54.426751,8,202.400459
-58.70219,8,202.418775
-55.377642,8,202.430866
-56.399071,8,202.445001
-143.784381,8,202.460238
-67.651013,8,202.469993
-77.486084,8,202.491979
3.609055,8,202.503053
-96.545252,8,202.519706
7.946807,8,202.53541
2.341668,8,202.544835
3.957441,8,202.560598
-121.109058,8,202.572366
-135.633754,8,202.58757
8.252874,8,202.609821
-94.345368,8,202.619498
9.054966,8,202.633519
-85.45964,8,202.645282
-192.465476,8,202.661073
-2.725543,8,202.674855
-3.493418,8,202.684882
8.919843,8,202.700847
-46.55007,8,202.714844
12.431138,8,202.729932
-89.793691,8,202.743711
-48.425978,8,202.75374
-36.294188,8,202.773516
-24.272131,8,202.783267
3.428994,8,202.800186
-1.082625,8,202.817371
-82.871749,8,202.828371
-115.443152,8,202.843248
-66.389552,8,202.854226
5.702236,8,202.869249
-79.641998,8,202.882914
-21.303436,8,202.894736
-1.02924,8,203.018534
-8.443166,8,203.031449
-44.91746,8,203.048895
-29.185956,8,203.066655
-77.770663,8,203.077401
-4.765183,8,203.090045
-25.021748,8,203.101491
-8.556667,8,203.114989
-217.783626,8,203.117495
-45.359939,8,203.139978
-50.807375,8,203.157086
-46.231398,8,203.157086
-32.401231,8,203.176314
2.011957,8,203.188989
-0.632699,8,203.206884
-72.492042,8,203.220856
3.349571,8,203.236538
-25.152225,8,203.256896
10.572829,8,203.266893
-22.91519,8,203.279431
-81.8029,8,203.287252
-82.756782,8,203.287252
-116.988538,8,203.305798
-26.085441,8,203.33008
-109.069681,8,203.339994
-11.173539,8,203.352129
-97.23509,8,203.361131
-46.413549,8,203.376223
-121.260003,8,203.388145
-123.009213,8,203.406815
1.566051,8,203.425123
-78.433267,8,203.435156
-18.058298,8,203.448231
-111.976026,8,203.463739
-65.830346,8,203.475626
-39.801993,8,203.489076
-136.222689,8,203.505649
0.521118,8,203.520958
7.071133,8,203.522954
-3.28245,8,203.541105
-53.036833,8,203.555007
-0.077504,8,203.577498
7.883614,8,203.593477
-34.088068,8,203.603097
-7.972257,8,203.618201
-0.35473,8,203.634018
-41.022265,8,203.636021
-43.385529,8,203.651723
-6.197689,8,203.67364
-16.377198,8,203.689985
-6.074837,8,203.703891
-164.367447,8,203.703891
-25.24912,8,203.735696
-53.052965,8,203.751891
-58.610485,8,203.767796
-13.730381,8,203.769804
-1.820227,8,203.794329
-29.538233,8,203.80997
4.268179,8,203.82625
-54.236963,8,203.829252
-74.775429,8,203.861857
-0.485105,8,203.861857
-95.786576,8,203.877721
-3.864837,8,203.912127
12.16609,8,203.923232
-111.522802,8,203.939094
-3.542516,8,203.955006
2.975903,8,203.972815
-128.903289,8,203.98961
-3.496517,8,204.013384
-2.799036,8,204.032388
-93.509229,8,204.048084
-37.264521,8,204.069213
-112.800563,8,204.088276
-133.553658,8,204.10463
3.194101,8,204.122459
-65.908618,8,204.135647
-41.974027,8,204.151677
1.274441,8,204.171366
0.323606,8,204.187742
-10.829976,8,204.203578
-58.556689,8,204.203578
-206.088662,8,204.219501
-7.896978,8,204.248791
-24.35206,8,204.250789
-56.371476,8,204.308216
-202.260592,8,204.318216
3.128691,8,204.333647
-103.454687,8,204.348816
-48.161757,8,204.35972
-54.517905,8,204.377544
-5.545113,8,204.387565
-2.819804,8,204.405866
1.657999,8,204.421825
-5.054513,8,204.422754
-3.567751,8,204.445581
12.879033,8,204.456425
9.238244,8,204.470968
-3.435064,8,204.484831
-1.77906,8,204.498601
-37.46153,8,204.510791
3.268566,8,204.522878
-19.14612,8,204.536865
-70.42091,8,204.557642
-36.722434,8,204.568348
-136.250904,8,204.583663
-104.690439,8,204.595827
-170.582032,8,204.612562
5.363178,8,204.626308
-17.793116,8,204.635308
-99.763216,8,204.649992
-110.279913,8,204.661749
-19.684928,8,204.6755
-124.281374,8,204.690773
-12.331326,8,204.700806
-2.280696,8,204.719104
7.037313,8,204.73317
-50.327329,8,204.747246
-17.738477,8,204.763912
-61.451377,8,204.774913
-149.71227,8,204.789671
-10.078721,8,204.797698
-17.21131,8,204.814903
12.87572,8,204.832702
-21.858788,8,204.84395
-2.537507,8,204.859167
-2.059514,8,204.870336
4.08391,8,204.887339
-29.435698,8,204.907253
-77.193015,8,204.917265
-113.402937,8,204.933029
-5.250904,8,204.948152
-81.042924,8,204.961748
-2.267617,8,204.977001
-2.538341,8,204.987183
1.807612,8,205.002685
-16.406013,8,205.014441
-80.29794,8,205.028051
-4.646138,8,205.041548
-80.941398,8,205.052781
-87.655322,8,205.074337
-4.12733,8,205.083827
-66.272191,8,205.100605
-6.406674,8,205.114268
-11.743147,8,205.125647
-80.502601,8,205.140084
-32.828467,8,205.151247
-18.907309,8,205.16638
-31.448629,8,205.183367
6.35025,8,205.195508
-18.42351,8,205.203078
-18.486411,8,205.218529
-121.663347,8,205.23483
-1.167302,8,205.254856
-3.995128,8,205.256596
1.8298,8,205.277952
-161.533785,8,205.297241
5.143249,8,205.315235
8.23064,8,205.330235
-172.168406,8,205.341235
-31.622425,8,205.356308
-89.797322,8,205.364318
-28.954395,8,205.377134
0.008446,8,205.393027
7.056064,8,205.403678
-27.545997,8,205.423431
-269.547633,8,205.423431
-23.647214,8,205.448699
-19.027024,8,205.462715
2.482928,8,205.474304
-5.146689,8,205.488925
-78.216831,8,205.488925
-32.021882,8,205.519767
-110.099193,8,205.532767
-96.85403,8,205.532767
-92.416312,8,205.548896
-70.597256,8,205.564966
-79.957536,8,205.580957
-6.750094,8,205.603121
4.100902,8,205.620932
1.466411,8,205.636854
-47.120891,8,205.641955
-238.010317,8,205.657815
-19.479294,8,205.6717
-59.916505,8,205.687864
-59.143057,8,205.707628
6.680469,8,205.719618
2.643503,8,205.742551
-19.980504,8,205.750652
-59.226169,8,205.776603
-23.282651,8,205.798185
2.487002,8,205.812292
-42.553604,8,205.828457
-57.0391,8,205.848481
-34.381465,8,205.860481
1.500824,8,205.873799
-6.225573,8,205.885841
6.61288,8,205.899727
-4.81823,8,205.914864
-7.274497,8,205.927278
-117.970783,8,205.944972
-56.474381,8,205.954977
3.531759,8,205.969977
-59.042736,8,205.990827
-6.86617,8,206.001601
-43.055154,8,206.015619
-131.187467,8,206.027373
-164.241523,8,206.044562
-11.832167,8,206.058248
3.484458,8,206.071911
-114.185827,8,206.086327
-53.28319,8,206.097841
5.401619,8,206.111619
-95.415436,8,206.128513
6.22881,8,206.139932
-35.723774,8,206.169999
-14.848166,8,206.182152
-15.929799,8,206.201748
-70.393685,8,206.218438
-29.146051,8,206.232256
-64.578432,8,206.252169
-10.942498,8,206.264168
-105.591168,8,206.289903
-60.903869,8,206.308624
-5.952604,8,206.320999
-28.92775,8,206.336827
0.142449,8,206.353974
-136.950327,8,206.372715
-17.841921,8,206.395838
-10.115718,8,206.410857
1.172238,8,206.427556
-25.980586,8,206.441105
-47.477396,8,206.463265
-17.95519,8,206.486382
-5.202426,8,206.505683
-1.263121,8,206.522535
-15.351403,8,206.536148
2.41067,8,206.541915
-7.261478,8,206.570068
-5.554081,8,206.581956
-104.11145,8,206.602456
-20.46207,8,206.619104
-53.914535,8,206.625751
1.308572,8,206.650748
-41.227127,8,206.663151
-6.056549,8,206.679701
-107.025936,8,206.69179
-42.444215,8,206.707202
6.372461,8,206.727189
-47.754027,8,206.738687
6.078501,8,206.754595
-38.192351,8,206.765568
-12.366044,8,206.783736
-103.453726,8,206.805279
-58.375784,8,206.817068
-0.502382,8,206.831387
-4.444631,8,206.84557
-19.800085,8,206.860567
-29.78843,8,206.874039
4.900127,8,206.886075
-22.156255,8,206.899843
-47.613592,8,206.907593
-91.508167,8,206.926954
-164.762531,8,206.944951
-7.757875,8,206.953955
0.635629,8,206.975705
-69.251792,8,206.985732
-141.538268,8,207.001616
-195.039436,8,207.017527
-37.933985,8,207.029022
-93.607097,8,207.044272
3.037371,8,207.058983
2.584097,8,207.072773
-144.867445,8,207.086801
-63.202878,8,207.098359
-82.466522,8,207.111856
-117.758599,8,207.113858
-9.933406,8,207.125978
-27.631873,8,207.155406
-0.043045,8,207.171185
-12.791284,8,207.186558
3.715651,8,207.197045
-83.194093,8,207.213331
9.527275,8,207.226878
1.704632,8,207.238787
10.043266,8,207.253188
1.39192,8,207.264555
1.696503,8,207.282877
-0.629856,8,207.301162
-64.230406,8,207.314463
-71.688843,8,207.321263
-14.930877,8,207.338966
-69.172336,8,207.367127
1.024956,8,207.391233
-36.696852,8,207.405071
-28.432247,8,207.422996
5.196749,8,207.422996
-3.482535,8,207.453651
-31.45804,8,207.470027
3.356212,8,207.472256
6.735176,8,207.498583
-121.422233,8,207.516053
-33.253208,8,207.530819
-15.585893,8,207.550484
-1.402296,8,207.564245
-22.595582,8,207.578005
-39.733898,8,207.587758
-122.599768,8,207.603996
-46.803072,8,207.6197
-128.40261,8,207.633791
-15.018306,8,207.647227
8.308355,8,207.659266
-39.424925,8,207.673045
-14.122771,8,207.688196
-37.881439,8,207.702327
-56.46771,8,207.727659
-3.150541,8,207.738947
-115.315093,8,207.753118
-32.490109,8,207.779916
-38.875267,8,207.796527
-70.705944,8,207.81853
-18.75682,8,207.833435
1.367566,8,207.856368
-16.043555,8,207.874323
-75.410751,8,207.88707
-5.306499,8,207.902591
-3.289705,8,207.916186
-8.424303,8,207.931769
-10.260792,8,207.956971
6.783524,8,207.969009
-35.674257,8,207.985814
-140.630105,8,207.99803
-15.862523,8,208.01327
-93.282438,8,208.030549
-67.559938,8,208.042241
-7.146822,8,208.061165
-4.930214,8,208.073543
-44.926924,8,208.087218
-89.196555,8,208.103267
-44.4502,8,208.115044
-2.082513,8,208.133938
-127.720625,8,208.145992
-117.131595,8,208.165564
-72.974006,8,208.17929
-89.365558,8,208.190745
-66.299628,8,208.204789
-108.768251,8,208.214787
-49.350969,8,208.231612
2.254095,8,208.270923
-53.972323,8,208.289786
-2.67694,8,208.309362
-91.244201,8,208.324904
-74.800789,8,208.34453
-33.36675,8,208.366534
-43.981405,8,208.379896
-31.531392,8,208.399907
-16.417443,8,208.411754
-4.191439,8,208.428348
-89.821719,8,208.444633
-2.725681,8,208.458363
-6.735833,8,208.472685
-21.323988,8,208.490025
0.662822,8,208.519096
3.771288,8,208.537905
-25.43197,8,208.558414
-63.922037,8,208.586705
-26.411922,8,208.608525
-10.344292,8,208.626261
-127.846941,8,208.643928
-17.440127,8,208.658921
-6.550532,8,208.677919
6.274416,8,208.68792
-26.366932,8,208.713579
-18.887494,8,208.731359
-4.260063,8,208.746552
-104.719326,8,208.766373
-86.780845,8,208.783201
-30.436694,8,208.804511
4.877304,8,208.83227
-126.513876,8,208.84431
-49.593536,8,208.866202
-38.677292,8,208.883373
3.149706,8,208.908376
-80.586617,8,208.931255
0.973408,8,208.939761
-9.371762,8,208.955893
-23.53573,8,208.972942
-54.81627,8,208.992849
-8.467073,8,209.008858
-34.829603,8,209.018862
-55.156218,8,209.038108
-38.091732,8,209.051802
-45.609177,8,209.067692
-5.381134,8,209.085773
-80.121689,8,209.099839
-11.104422,8,209.117989
1.695621,8,209.126475
-10.865331,8,209.148372
-6.107461,8,209.162008
-30.510552,8,209.172021
-5.735941,8,209.183778
-17.726123,8,209.195278
-68.997704,8,209.210388
-44.270478,8,209.230387
-8.377118,8,209.242906
1.052868,8,209.254875
-6.034453,8,209.270237
-97.820128,8,209.288443
-119.770475,8,209.304514
-12.49662,8,209.304514
-0.495266,8,209.320966
-7.972936,8,209.338287
-105.366333,8,209.357315
-124.570491,8,209.377695
-36.979972,8,209.393457
-19.551026,8,209.420234
8.186813,8,209.437233
-45.980804,8,209.439231
-16.125988,8,209.471135
9.795111,8,209.489808
-17.173595,8,209.506493
-24.926724,8,209.523008
-5.659091,8,209.54189
-15.288725,8,209.547888
-120.269538,8,209.563853
-6.065821,8,209.585765
-4.861859,8,209.603466
-63.882623,8,209.619254
-24.785993,8,209.638086
-10.742698,8,209.651969
-35.333644,8,209.65697
-7.167594,8,209.678993
1.140224,8,209.690749
-2.285048,8,209.713128
-102.867381,8,209.724629
-36.43703,8,209.737504
-102.894072,8,209.7495
-24.293418,8,209.763499
-6.806761,8,209.7665
3.113623,8,209.782538
-85.123738,8,209.815783
-41.8971,8,209.822806
2.781648,8,209.84068
-67.813902,8,209.854681
3.877432,8,209.872354
-74.244935,8,209.888355
-60.058398,8,209.901511
-13.863653,8,209.922369
-115.216905,8,209.938944
4.400084,8,209.949944
-18.625432,8,209.957136
-20.813632,8,209.976671
-4.532058,8,209.992445
-28.497436,8,210.011984
-16.101838,8,210.027772
-36.22975,8,210.041479
-71.199801,8,210.053246
-3.235803,8,210.069043
-9.940614,8,210.085038
-59.272023,8,210.097034
-83.303486,8,210.112677
-123.521237,8,210.1267
-3.746096,8,210.140187
-120.644472,8,210.154213
-76.339917,8,210.154213
-52.89738,8,210.189795
-153.34786,8,210.200792
-37.943936,8,210.215388
-41.220324,8,210.229245
-24.900004,8,210.245303
-8.657629,8,210.25941
-57.715737,8,210.271554
2.523537,8,210.285529
-55.10018,8,210.30064
7.321247,8,210.31164
-3.214182,8,210.326994
-92.040002,8,210.33653
-54.584051,8,210.350099
-109.349096,8,210.371495
-70.237813,8,210.381265
-114.755948,8,210.389179
-79.843317,8,210.389179
-7.622262,8,210.406012
5.997158,8,210.429739
2.482414,8,210.438797
-97.619181,8,210.455053
-4.0493,8,210.455053
-46.819326,8,210.487569
-17.14948,8,210.502338
-4.234318,8,210.514338
-45.861611,8,210.532524
-99.685933,8,210.543166
0.237796,8,210.554749
-1.59224,8,210.575118
-80.027926,8,210.592404
-30.08601,8,210.611828
-33.829754,8,210.611828
-4.354783,8,210.641761
-4.833499,8,210.657645
-20.567947,8,210.673329
-42.811346,8,210.689173
-45.790725,8,210.707688
-219.305506,8,210.728476
-101.257857,8,210.750658
-24.558252,8,210.750658
-128.706478,8,210.766564
-16.504642,8,210.786545
-6.629304,8,210.80869
-55.806095,8,210.824453
-81.824223,8,210.837406
-4.323466,8,210.852406
-36.837785,8,210.86396
-46.012941,8,210.886104
-116.790711,8,210.913178
-4.097555,8,210.934931
7.358964,8,210.967817
2.824957,8,210.988184
-16.179173,8,211.008415
-15.360965,8,211.031279
-3.215227,8,211.043929
-47.457483,8,211.062359
-12.325652,8,211.079132
-124.627626,8,211.100711
-53.265105,8,211.131798
-24.986868,8,211.142717
-39.203028,8,211.170785
-56.463858,8,211.186786
-145.083137,8,211.210487
0.200558,8,211.243754
-12.926186,8,211.259133
4.599911,8,211.277399
-29.146795,8,211.290751
-105.566965,8,211.304726
1.536767,8,211.323186
-47.683661,8,211.337953
-54.791617,8,211.361653
-140.22151,8,211.374126
-102.167126,8,211.391309
-35.664787,8,211.408691
-61.449983,8,211.42169
-13.662905,8,211.443129
-46.849222,8,211.455848
1.654054,8,211.474867
-61.15402,8,211.493582
-119.106384,8,211.5037
-66.43472,8,211.516697
-69.665937,8,211.533391
-32.023292,8,211.548018
-2.365833,8,211.560944
-236.805279,8,211.568695
-2.748915,8,211.586574
-8.440012,8,211.600124
-0.853907,8,211.616066
-94.462114,8,211.626257
-17.124652,8,211.646381
-154.079211,8,211.65846
-7.008771,8,211.674248
-12.925511,8,211.688974
-34.173847,8,211.705928
-24.353449,8,211.717681
-13.738873,8,211.732601
-126.39683,8,211.735601
-95.197764,8,211.75935
-54.126728,8,211.775111
-6.233568,8,211.786882
-131.607893,8,211.814549
-33.709031,8,211.827666
-8.391856,8,211.844666
-36.213788,8,211.860567
-47.867655,8,211.876383
-46.915091,8,211.895458
-138.957955,8,211.914843
1.887888,8,211.93925
-158.508824,8,211.954386
-80.100835,8,211.974209
-92.23285,8,211.986073
-131.630789,8,212.001873
-45.834597,8,212.025417
-10.485306,8,212.053179
-112.272813,8,212.066178
-38.562023,8,212.086412
-7.472772,8,212.098644
-31.850048,8,212.115326
-43.448458,8,212.133454
-18.164018,8,212.149256
-13.519289,8,212.159114
-6.358104,8,212.178558
-194.056281,8,212.195975
-49.074292,8,212.212073
-81.209015,8,212.22273
-21.335315,8,212.242096
-24.492444,8,212.259138
-9.721044,8,212.274534
-3.860379,8,212.290297
-136.179762,8,212.301794
-50.57413,8,212.317299
-21.454135,8,212.329072
-73.710923,8,212.34411
-47.783781,8,212.357894
-79.440688,8,212.373044
-46.511731,8,212.388194
-39.646493,8,212.391191
-5.293621,8,212.405703
-82.153654,8,212.42494
-115.250921,8,212.447472
-28.200926,8,212.494772
-102.315194,8,212.505829
-6.324543,8,212.520063
-27.557494,8,212.534642
-119.751194,8,212.544176
-23.983833,8,212.557959
-21.002287,8,212.571695
-3.030104,8,212.58917
-169.603192,8,212.603967
-3.373723,8,212.615008
-2.358954,8,212.6322
-72.473012,8,212.64412
-15.354448,8,212.659519
-64.305748,8,212.675566
-52.041863,8,212.683663
-24.614029,8,212.703365
-110.583653,8,212.714039
-26.405423,8,212.727728
-40.307987,8,212.741774
-9.56668,8,212.75155
-79.952648,8,212.76734
-92.969688,8,212.777373
-121.059955,8,212.795389
-17.392641,8,212.817055
-3.27898,8,212.828823
-67.574052,8,212.842866
-73.601229,8,212.852626
-44.587744,8,212.867865
-81.159104,8,212.881362
-44.439674,8,212.891113
-5.046326,8,212.909251
-6.429516,8,212.91963
-103.274077,8,212.934875
-31.866716,8,212.949068
-76.856819,8,212.961162
-85.872106,8,212.979167
3.933903,8,212.987338
-64.744902,8,213.005235
-39.653264,8,213.02275
1.721548,8,213.034535
-49.676328,8,213.048186
-94.829604,8,213.058217
-7.805785,8,213.071997
-97.617287,8,213.086753
-37.051667,8,213.096763
-126.908533,8,213.112734
1.848892,8,213.123652
-7.874336,8,213.138548
3.769268,8,213.154979
2.000677,8,213.169101
4.334252,8,213.182081
-78.026399,8,213.190288
0.074103,8,213.201935
-43.700299,8,213.217737
-9.54941,8,213.226832
-2.416198,8,213.234969
-25.33622,8,213.251002
-4.773961,8,213.253006
0.392205,8,213.272577
0.002545,8,213.287738
-80.011451,8,213.304898
-32.520395,8,213.319929
-26.631059,8,213.332479
2.823301,8,213.345547
-41.495218,8,213.359203
-21.851941,8,213.375471
-5.567126,8,213.38647
-81.118654,8,213.400386
-5.18939,8,213.416978
-2.710298,8,213.422871
-1.158013,8,213.450736
-9.036059,8,213.463739
-22.69055,8,213.488353
-7.194758,8,213.509392
2.621713,8,213.522134
-61.635442,8,213.539275
-34.319265,8,213.547275
-38.319129,8,213.572388
-18.009925,8,213.596827
2.4323,8,213.608858
-8.029215,8,213.629305
-51.620939,8,213.643185
-78.413821,8,213.659001
-69.005124,8,213.673395
-67.878173,8,213.694531
-90.075013,8,213.71641
10.525171,8,213.734545
-77.84679,8,213.752577
0.652637,8,213.766576
-33.885207,8,213.780193
-17.633163,8,213.796251
-17.56128,8,213.810022
-5.4852,8,213.823786
-114.643432,8,213.841024
3.718339,8,213.852669
-17.748431,8,213.868808
-25.548316,8,213.87945
7.441735,8,213.895161
-138.685377,8,213.920115
-56.210903,8,213.929763
-147.217797,8,213.945793
-25.155317,8,213.957482
-114.247797,8,213.97289
-37.308539,8,213.984649
-51.39924,8,214.000571
-13.529474,8,214.024767
-26.024918,8,214.036529
-38.521266,8,214.051613
-1.042106,8,214.068608
-34.991385,8,214.079612
-82.62953,8,214.096639
-81.823372,8,214.110734
-36.711006,8,214.126514
-21.116796,8,214.142696
-33.967199,8,214.155246
-22.234715,8,214.174493
-106.685281,8,214.186491
-78.856033,8,214.201219
-33.895734,8,214.203792
-73.825522,8,214.229906
-137.153296,8,214.235126
-18.47731,8,214.259617
-6.536692,8,214.271769
-182.930214,8,214.288803
-88.116696,8,214.300938
-41.123318,8,214.312938
-9.785751,8,214.329333
-13.758128,8,214.3371
-135.755612,8,214.361887
-56.621675,8,214.373543
-11.283044,8,214.387666
-38.005309,8,214.400124
-54.754592,8,214.414228
0.666989,8,214.429004
-52.085915,8,214.440044
-43.967643,8,214.457855
-62.776846,8,214.473955
-2.584999,8,214.491127
-76.324079,8,214.50613
-20.717187,8,214.517383
-17.7138,8,214.53236
-4.960366,8,214.544025
-20.21545,8,214.557524
-47.554178,8,214.570926
-17.436566,8,214.582963
-85.225024,8,214.600478
-28.147902,8,214.61049
10.501944,8,214.629297
-57.553985,8,214.641296
-16.200708,8,214.659174
-93.404839,8,214.670931
-18.880482,8,214.682491
-73.39561,8,214.701766
-7.279859,8,214.716842
-27.714139,8,214.728469
-95.285701,8,214.74547
-18.641411,8,214.755618
-104.026796,8,214.771669
-111.913592,8,214.78509
9.697094,8,214.799126
-8.961684,8,214.81887
-136.439082,8,214.828172
-119.773456,8,214.84586
1.954062,8,214.859642
2.160214,8,214.871671
-14.939743,8,214.885458
-16.870003,8,214.896773
6.668782,8,214.912816
-22.803049,8,214.928495
0.988839,8,214.939607
-64.321232,8,214.953604
-160.705544,8,214.963718
5.87257,8,214.977989
-9.229504,8,214.997215
-2.336318,8,215.007555
4.905467,8,215.02688
8.95984,8,215.036591
-1.219144,8,215.052409
-24.257559,8,215.066408
-91.031825,8,215.07741
-3.527689,8,215.091357
-20.828845,8,215.10085
-35.991,8,215.116565
-107.449236,8,215.1342
-69.033937,8,215.142018
1.084628,8,215.158163
-37.993046,8,215.171134
-45.224261,8,215.187315
0.507391,8,215.200633
5.684667,8,215.213089
-1.618229,8,215.22908
-135.321472,8,215.244128
4.704959,8,215.25957
-54.910546,8,215.271512
-4.120899,8,215.286766
-18.124874,8,215.297796
-42.497174,8,215.304713
4.414181,8,215.322803
-157.032149,8,215.337724
10.03133,8,215.351647
-19.784071,8,215.371492
-3.837875,8,215.371492
-113.56723,8,215.400217
-113.763554,8,215.407227
-24.884881,8,215.422922
0.027886,8,215.44032
-108.814297,8,215.44032
-40.666821,8,215.470243
-99.066101,8,215.470243
-77.250012,8,215.500416
-74.617386,8,215.520072
-75.392773,8,215.531538
-0.356647,8,215.545152
-53.404342,8,215.558835
1.124277,8,215.573488
-12.378841,8,215.589853
-43.359287,8,215.599628
-86.189325,8,215.615266
-67.398997,8,215.62539
-34.003418,8,215.637138
-19.721266,8,215.650765
0.32673,8,215.662416
-15.383556,8,215.679126
-82.887376,8,215.695907
-50.978492,8,215.707346
-2.985101,8,215.722345
-13.973331,8,215.732345
9.538672,8,215.747171
-30.089026,8,215.765872
-60.785886,8,215.783458
-35.259136,8,215.808751
-15.069493,8,215.824525
5.483679,8,215.841409
7.956448,8,215.86024
2.375577,8,215.869996
-15.866289,8,215.891838
-34.792742,8,215.903857
-68.247646,8,215.919558
-51.220319,8,215.938685
-26.514418,8,215.953673
-16.519305,8,215.974772
-69.1358,8,215.985002
-15.939087,8,216.014429
-51.456778,8,216.026799
-89.671918,8,216.026799
-84.074762,8,216.059114
-4.470265,8,216.072367
-64.322151,8,216.092232
2.298855,8,216.11252
-29.736586,8,216.126524
-71.51234,8,216.152407
-113.584704,8,216.158162
-92.048604,8,216.182051
-200.006777,8,216.199755
-35.167249,8,216.205521
-73.746429,8,216.221515
-62.466988,8,216.237266
-50.363117,8,216.258416
-53.944971,8,216.272579
-34.470152,8,216.281593
0.854898,8,216.303287
-65.101537,8,216.315241
-117.16324,8,216.321301
-85.210619,8,216.349137
6.80753,8,216.359368
1.308716,8,216.3735
-36.252102,8,216.387465
4.504274,8,216.400112
-24.061983,8,216.406129
-0.49396,8,216.428238
-76.462689,8,216.443477
2.621765,8,216.458792
-9.014093,8,216.477243
-27.020049,8,216.496351
-86.092081,8,216.508562
4.919344,8,216.523562
-34.370427,8,216.535748
-104.117412,8,216.54778
-16.649331,8,216.563675
-36.374594,8,216.579746
-128.253744,8,216.596614
-27.171919,8,216.618739
-30.119414,8,216.646372
-2.445984,8,216.666191
-163.469929,8,216.680167
-10.421942,8,216.691989
-0.346661,8,216.711072
8.649642,8,216.720048
-78.954554,8,216.735831
0.214045,8,216.751846
-29.627601,8,216.764735
-52.549364,8,216.76774
-51.193876,8,216.790752
-30.276467,8,216.804495
-49.354344,8,216.814824
-19.703582,8,216.82859
1.583346,8,216.838212
-60.460259,8,216.85319
-4.109504,8,216.8716
-17.908917,8,216.882179
-11.807301,8,216.897682
-92.058328,8,216.909444
-23.858044,8,216.927065
-260.834063,8,216.940567
-40.475965,8,216.952059
-67.219988,8,216.953804
-165.507322,8,216.971772
-36.268617,8,216.990437
-10.094379,8,217.00169
-49.08108,8,217.019786
-3.444827,8,217.039837
-13.301271,8,217.047838
-134.126038,8,217.047838
-97.821176,8,217.07574
-7.79082,8,217.085493
-20.161241,8,217.099256
-42.424999,8,217.103261
-42.476363,8,217.128133
-63.262857,8,217.141382
3.29581,8,217.154958
-0.665397,8,217.168993
-19.20554,8,217.180412
-92.560273,8,217.194448
-25.073719,8,217.213818
-8.893714,8,217.228319
-118.875542,8,217.242293
-0.789333,8,217.251291
4.863699,8,217.268492
-72.960971,8,217.283219
-21.739788,8,217.292938
0.632462,8,217.308798
0.273676,8,217.320146
-21.653086,8,217.340935
-26.581466,8,217.35569
4.646002,8,217.368687
-36.822894,8,217.38688
-67.470522,8,217.397746
-9.175538,8,217.413079
-26.033168,8,217.427732
-19.767198,8,217.440419
-1.251369,8,217.456953
3.138547,8,217.466966
-42.196017,8,217.472793
8.090355,8,217.489533
-95.166044,8,217.506392
-4.201256,8,217.523134
-84.521928,8,217.533725
9.12188,8,217.547266
-21.893205,8,217.56662
-3.681663,8,217.5816
-8.751462,8,217.600106
-106.041906,8,217.609881
-40.840446,8,217.625684
-60.706007,8,217.639887
-12.65423,8,217.647887
-8.03484,8,217.663748
-72.460386,8,217.674581
0.672466,8,217.690074
8.740562,8,217.70222
2.937057,8,217.713268
-103.0651,8,217.732618
-1.737333,8,217.7431
-106.832385,8,217.757147
-11.750731,8,217.774576
-303.893704,8,217.788001
-71.536796,8,217.803469
2.813734,8,217.813504
5.589831,8,217.829187
-193.293612,8,217.842542
-40.705318,8,217.852551
-8.971226,8,217.868342
1.707669,8,217.879299
6.716407,8,217.898126
-9.638085,8,217.918019
7.021502,8,217.928051
-2.960209,8,217.943098
-61.123743,8,217.952874
-50.342001,8,217.968133
-52.690461,8,217.982307
-6.205865,8,217.993735
-79.618238,8,218.011209
-15.638418,8,218.018209
-34.599496,8,218.035271
-76.118432,8,218.049473
-14.044717,8,218.060472
-61.942253,8,218.078649
-143.068746,8,218.089836
4.406443,8,218.102563
-21.995426,8,218.121911
-154.041074,8,218.135456
-56.552673,8,218.160227
-51.417637,8,218.172405
-34.029745,8,218.193961
2.987777,8,218.209532
-5.707587,8,218.227111
2.020505,8,218.249175
-1.689673,8,218.262491
-40.334437,8,218.282952
2.528253,8,218.307464
6.693947,8,218.319043
-66.366328,8,218.344079
-8.295119,8,218.360921
5.585817,8,218.382503
4.733385,8,218.403325
-35.408767,8,218.4224
0.185956,8,218.437537
-104.358386,8,218.462791
-44.869462,8,218.47331
-72.673464,8,218.504225
-39.226462,8,218.509267
-17.718839,8,218.542435
-60.977406,8,218.554587
0.878338,8,218.563711
-80.64729,8,218.581492
-100.31329,8,218.595475
-10.20676,8,218.611479
-29.524831,8,218.632685
-22.371942,8,218.64167
-1.747087,8,218.657495
-65.733458,8,218.673501
-116.887299,8,218.689132
-0.307834,8,218.704933
-79.912708,8,218.720828
-2.450838,8,218.741129
-14.863659,8,218.751144
-28.690411,8,218.767299
-1.952081,8,218.772362
-228.753443,8,218.78548
2.810222,8,218.802932
-4.646494,8,218.81769
-52.743878,8,218.838091
-68.96681,8,218.849095
-28.921267,8,218.860097
-28.747773,8,218.875822
-70.156285,8,218.875822
-1.315655,8,218.909707
-136.849538,8,218.922371
11.839018,8,218.937157
-60.504766,8,218.952329
-29.35148,8,218.961949
10.259572,8,218.972725
-45.393604,8,218.985887
-42.30063,8,218.988343
-0.570938,8,219.005564
-4.900848,8,219.020185
6.403923,8,219.038374
4.536568,8,219.055145
5.757172,8,219.06949
-127.3324,8,219.079497
-67.872857,8,219.095558
-81.549423,8,219.111625
-18.831279,8,219.111625
-106.856106,8,219.143577
-0.41021,8,219.159394
7.946531,8,219.171143
-46.312543,8,219.185336
-36.119115,8,219.194988
-111.396931,8,219.210184
-2.588108,8,219.223682
-0.550095,8,219.235441
-10.275174,8,219.253478
-18.010765,8,219.272143
-79.884273,8,219.286935
2.212248,8,219.29803
-9.678922,8,219.304775
3.705788,8,219.321087
-21.467225,8,219.336309
4.206533,8,219.356364
-26.850134,8,219.371085
-135.742617,8,219.371085
-134.13266,8,219.398121
-61.473609,8,219.407124
-69.968548,8,219.425407
-120.919099,8,219.438759
-65.03485,8,219.457985
-55.520113,8,219.474723
-41.021361,8,219.485713
-0.441007,8,219.500802
-17.722275,8,219.515668
-83.626811,8,219.526998
-40.827005,8,219.541009
-70.827026,8,219.551258
-13.299331,8,219.56335
-32.679374,8,219.579409
-1.135232,8,219.589103
3.00087,8,219.612281
-88.959902,8,219.622192
-1.727732,8,219.626273
3.405956,8,219.644202
-0.114423,8,219.66017
3.034451,8,219.674275
-12.806157,8,219.674275
-2.999882,8,219.692195
-14.730355,8,219.706003
-2.931061,8,219.729326
-42.863609,8,219.743068
-45.693396,8,219.75304
-52.501163,8,219.75304
7.708802,8,219.782291
-12.353971,8,219.788312
4.430245,8,219.813793
-88.131262,8,219.813793
-99.735834,8,219.839794
3.591761,8,219.846899
-31.971243,8,219.860776
-58.601605,8,219.874379
-8.23735,8,219.876383
-12.238603,8,219.892181
-98.976454,8,219.917686
-57.598954,8,219.929678
-109.130138,8,219.947696
-25.813133,8,219.953588
-0.450069,8,219.972038
-77.553194,8,219.988273
-24.279675,8,219.999344
-31.804847,8,220.013563
-60.890213,8,220.025565
-42.386559,8,220.041157
-96.569817,8,220.057012
-67.645277,8,220.063201
-88.322797,8,220.078958
-49.421384,8,220.078958
-34.17858,8,220.105162
-25.464556,8,220.132201
-18.65656,8,220.13656
0.686302,8,220.153775
6.760406,8,220.163953
-14.720129,8,220.172957
4.668488,8,220.188679
-5.507935,8,220.202441
-225.996905,8,220.220395
-0.849078,8,220.232117
-48.266772,8,220.240139
-5.847886,8,220.264853
-40.160923,8,220.276987
-107.725794,8,220.287752
-182.830362,8,220.30468
-0.760906,8,220.321335
-57.213341,8,220.337358
-90.165551,8,220.337358
-11.836231,8,220.364753
-60.285006,8,220.37781
-45.659884,8,220.388099
-114.361958,8,220.409716
-1.353365,8,220.421328
-140.660789,8,220.438473
-77.082959,8,220.45049
-105.776474,8,220.454237
-155.000328,8,220.487677
-8.230318,8,220.50067
-10.434062,8,220.504979
-7.408052,8,220.528203
-31.288911,8,220.54329
-20.615119,8,220.560292
2.756118,8,220.574477
-5.425672,8,220.594478
-11.493265,8,220.608583
-6.115924,8,220.618947
-0.74488,8,220.642455
-98.699231,8,220.656907
-64.738234,8,220.685772
-4.323667,8,220.705939
-1.272109,8,220.719064
-5.55153,8,220.73473
-7.214196,8,220.750479
-21.169388,8,220.770224
-11.303229,8,220.784878
-49.094252,8,220.806786
-72.429408,8,220.823409
4.493385,8,220.837475
-11.867914,8,220.858935
-29.900906,8,220.872623
-30.683246,8,220.89183
-61.368613,8,220.920748
-14.499915,8,220.931975
-55.271649,8,220.948215
-5.223762,8,220.959847
-129.889896,8,220.976324
-40.788309,8,220.990741
-62.341252,8,221.0015
-136.181476,8,221.022586
-91.922077,8,221.033783
4.475905,8,221.049987
-127.612358,8,221.064988
-68.999719,8,221.078984
-1.602571,8,221.096635
1.322094,8,221.1075
7.696093,8,221.120996
-3.358422,8,221.139666
-20.318486,8,221.150665
-1.717728,8,221.156664
4.420622,8,221.176493
-35.931514,8,221.192541
-98.325477,8,221.208051
-33.611029,8,221.219833
6.222588,8,221.233875
-0.015264,8,221.235622
2.557576,8,221.264724
-101.409579,8,221.28389
-14.546644,8,221.287907
-3.418229,8,221.304606
-143.024669,8,221.321054
-115.575004,8,221.321054
-133.038606,8,221.336239
-43.92297,8,221.36465
-19.845844,8,221.380274
-46.46908,8,221.390287
-117.220903,8,221.405017
-1.472796,8,221.417926
-14.133247,8,221.429867
-1.16501,8,221.447632
-16.703786,8,221.461422
-48.73555,8,221.4795
4.7046,8,221.496212
-57.782436,8,221.506569
-69.242407,8,221.523173
7.497088,8,221.523173
-67.777368,8,221.537993
11.604971,8,221.55373
-53.722043,8,221.57568
-5.091461,8,221.594
-31.380385,8,221.606001
-58.265854,8,221.619996
9.020796,8,221.63603
3.120548,8,221.63603
0.013523,8,221.666416
-111.479846,8,221.672405
-58.219115,8,221.688215
-106.782669,8,221.704098
-93.455466,8,221.720045
-2.5386,8,221.720045
-73.207294,8,221.737993
6.168384,8,221.754217
-210.596126,8,221.774564
-29.350683,8,221.782555
-61.485153,8,221.798578
-170.342303,8,221.814449
4.183817,8,221.830443
5.539963,8,221.84608
-11.077848,8,221.857129
-30.167946,8,221.871906
-36.779638,8,221.882833
3.238803,8,221.891834
-40.208272,8,221.907633
-156.419326,8,221.907633
-83.574003,8,221.923376
-39.684321,8,221.939137
-50.333985,8,221.955035
-15.440731,8,221.980315
-42.438255,8,221.99304
-80.373496,8,222.001045
3.346309,8,222.017176
-57.584499,8,222.033341
-45.687798,8,222.049208
4.214993,8,222.049208
-34.903811,8,222.065227
11.13902,8,222.08255
-107.184814,8,222.094549
-55.08633,8,222.10862
10.874526,8,222.120522
-61.182312,8,222.143382
-71.674163,8,222.154245
-17.661244,8,222.169355
-30.893423,8,222.169355
-51.682162,8,222.188347
-76.725656,8,222.206795
5.433197,8,222.217705
-14.479679,8,222.219795
-65.735986,8,222.235917
0.994868,8,222.254137
5.721246,8,222.273136
-32.245719,8,222.288007
-78.584435,8,222.304846
-92.717097,8,222.321055
-15.478915,8,222.321055
-32.358544,8,222.33917
-69.36137,8,222.353304
7.200194,8,222.371229
-165.595875,8,222.387744
-40.878504,8,222.403561
-43.365616,8,222.406032
-65.835599,8,222.42323
8.331287,8,222.441024
-53.15247,8,222.460219
3.076941,8,222.470739
-5.741928,8,222.490154
-75.47735,8,222.506708
-42.156398,8,222.52596
-112.441171,8,222.538507
-103.39862,8,222.548121
1.472108,8,222.566093
-15.766709,8,222.571911
-35.785745,8,222.58002
-58.999578,8,222.608454
-1.571135,8,222.618775
2.517088,8,222.634125
-24.021868,8,222.645067
-46.95755,8,222.66005
-14.829744,8,222.672619
-6.150905,8,222.687742
-1.163317,8,222.703524
-16.616597,8,222.719424
6.986733,8,222.735481
-126.094216,8,222.749776
-3.646298,8,222.755792
-132.465995,8,222.766908
-3.446894,8,222.782761
-146.413378,8,222.798512
-57.502124,8,222.81667
-3.992516,8,222.826667
0.454214,8,222.848034
-82.834598,8,222.859025
-31.200827,8,222.871896
-136.109852,8,222.88766
-24.191079,8,222.901419
-89.11789,8,222.907269
-120.425289,8,222.927052
-51.315788,8,222.938814
3.206392,8,222.954587
-62.08632,8,222.965668
5.851513,8,222.985499
0.681549,8,222.997044
-13.840418,8,223.017168
-13.121031,8,223.038523
-91.556256,8,223.05025
3.655197,8,223.066992
-44.297468,8,223.077992
-58.378758,8,223.09424
-125.12064,8,223.114791
0.470649,8,223.129022
-13.941245,8,223.147842
-17.733983,8,223.159517
-58.134693,8,223.178822
-17.59022,8,223.195822
-80.461544,8,223.207127
-8.976003,8,223.231562
2.227141,8,223.24429
1.767108,8,223.263751
-31.077309,8,223.28145
6.863768,8,223.288297
-11.231025,8,223.306888
-24.887126,8,223.321344
-3.784763,8,223.337429
-159.275851,8,223.353278
-73.938826,8,223.371078
-0.055479,8,223.387019
-20.655868,8,223.387868
-49.23511,8,223.40655
-116.651666,8,223.42389
-74.607509,8,223.438673
-1.030032,8,223.456786
-37.616959,8,223.470777
-20.056454,8,223.492942
-50.684189,8,223.508258
1.589366,8,223.516266
-52.2542,8,223.523177
-10.066983,8,223.545871
-2.730164,8,223.553622
-68.983564,8,223.569775
-99.849007,8,223.585917
-23.662715,8,223.611604
3.418674,8,223.623604
-7.957408,8,223.625615
-23.921074,8,223.641351
0.159373,8,223.657353
-6.1301,8,223.672518
-76.936693,8,223.688414
1.816308,8,223.703691
-6.983192,8,223.705617
-38.663018,8,223.728686
-51.534057,8,223.742967
-8.957826,8,223.751962
4.667479,8,223.76985
-10.097238,8,223.789018
-49.314046,8,223.798508
-53.123319,8,223.811538
-34.270376,8,223.822784
-40.959167,8,223.837026
5.297842,8,223.845122
-1.75053,8,223.862918
-61.516821,8,223.874941
-74.576446,8,223.884023
9.829822,8,223.894786
-35.487903,8,223.908524
-58.832497,8,223.924534
5.735402,8,223.948687
-158.367493,8,223.953599
-58.123942,8,223.969537
-21.420778,8,223.985667
-80.638582,8,223.985667
0.803373,8,224.017723
-18.700925,8,224.022543
7.716016,8,224.033665
-63.200593,8,224.06113
2.335088,8,224.072465
-14.000765,8,224.086474
-52.079771,8,224.097647
-28.340888,8,224.110642
-15.647372,8,224.126469
-62.108024,8,224.14229
6.460158,8,224.157271
-9.432241,8,224.161287
-63.334264,8,224.174261
-183.29978,8,224.190136
-40.894065,8,224.207968
1.582029,8,224.227706
-23.949017,8,224.238938
-50.070289,8,224.255598
-9.897375,8,224.271591
-29.939316,8,224.282588
-40.372498,8,224.29321
-18.624274,8,224.304931
-143.009052,8,224.329428
-121.093867,8,224.350677
-32.944285,8,224.362717
-15.082194,8,224.381703
-0.948205,8,224.392639
-26.321448,8,224.409587
-64.561684,8,224.422848
-10.178259,8,224.4364
-19.9557,8,224.452205
-7.202047,8,224.470979
-89.290158,8,224.487197
-153.875581,8,224.506239
-54.067912,8,224.519625
-3.786425,8,224.522896
-83.582519,8,224.546229
-41.988318,8,224.553455
-8.84907,8,224.581
-22.521405,8,224.592898
3.14344,8,224.608811
-60.085563,8,224.619921
2.851495,8,224.635582
-18.210928,8,224.649619
-50.885513,8,224.663706
-11.857594,8,224.687636
-50.156965,8,224.698635
-25.971356,8,224.713794
-5.797594,8,224.729348
-78.187561,8,224.739106
-24.183258,8,224.755169
-17.310148,8,224.755169
-23.208718,8,224.781642
1.445037,8,224.800368
-99.658999,8,224.807831
5.85204,8,224.825562
-78.223945,8,224.835308
-144.795212,8,224.844623
-26.305251,8,224.862856
-6.982717,8,224.876433
-103.090625,8,224.892589
-5.238375,8,224.908776
-3.479652,8,224.908776
-97.191109,8,224.937729
-66.824273,8,224.938728
-82.920306,8,224.954623
-0.430916,8,224.970589
-68.016212,8,224.989257
9.253769,8,225.002372
-5.253735,8,225.019363
-40.249655,8,225.039336
-46.003547,8,225.04735
-22.792559,8,225.063444
-211.736559,8,225.079625
-29.387722,8,225.079625
-105.949741,8,225.095676
-41.366827,8,225.113793
-22.776684,8,225.13492
-91.049899,8,225.149074
-1.554118,8,225.156981
-17.856729,8,225.172743
-7.968738,8,225.180533
4.353494,8,225.190291
-56.864877,8,225.204069
-1.058175,8,225.204069
-105.935145,8,225.219859
-188.25802,8,225.245927
-37.529382,8,225.258909
6.831831,8,225.2714
-34.308991,8,225.273612
-123.848744,8,225.291584
-121.540975,8,225.313393
-5.131152,8,225.328852
-130.492332,8,225.336771
-18.647781,8,225.36099
-34.957793,8,225.375912
-43.852299,8,225.392565
-57.23416,8,225.40729
-1.937223,8,225.423674
4.517256,8,225.440535
-137.018689,8,225.45656
-7.519472,8,225.473615
-75.907326,8,225.489748
-14.491709,8,225.508441
-76.188244,8,225.523379
-54.744316,8,225.549183
0.322059,8,225.563836
-7.909898,8,225.586448
-108.121546,8,225.60259
-6.425622,8,225.618609
-8.938929,8,225.643375
-100.593786,8,225.657794
-3.653911,8,225.668851
-27.317383,8,225.688106
-21.007559,8,225.703985
-118.452837,8,225.720158
-7.324214,8,225.734353
-38.817843,8,225.736093
-33.163718,8,225.752218
-24.297581,8,225.768102
-46.2941,8,225.796479
-140.369082,8,225.810956
-10.936534,8,225.825881
-53.546963,8,225.839503
-16.685237,8,225.851512
-153.590413,8,225.853505
-21.041979,8,225.877688
-2.686061,8,225.882689
-36.162304,8,225.898542
-126.782985,8,225.91894
7.929946,8,225.930207
-29.970196,8,225.948301
-31.573894,8,225.962371
-75.532982,8,225.978225
-30.63802,8,225.995563
0.839674,8,226.005303
1.907373,8,226.018423
-71.400469,8,226.03218
-5.436637,8,226.054477
7.340743,8,226.05854
-2.225208,8,226.080589
-75.749994,8,226.093776
-86.635149,8,226.108782
-57.602017,8,226.126564
0.099787,8,226.138728
-13.824226,8,226.154043
-28.191442,8,226.157822
-22.245782,8,226.183236
-17.988228,8,226.197284
-11.646747,8,226.210458
1.674175,8,226.223139
0.003367,8,226.237651
-12.263804,8,226.252556
-118.784716,8,226.268567
4.9985,8,226.279369
-6.820767,8,226.290932
-52.716494,8,226.303564
-3.325458,8,226.315681
-20.961558,8,226.328682
-82.864833,8,226.337971
-15.156419,8,226.364966
-0.679426,8,226.376964
-194.347091,8,226.388736
-50.830126,8,226.406552
-14.29074,8,226.424925
-73.472399,8,226.440715
-55.475016,8,226.453612
-28.115025,8,226.472724
-39.388719,8,226.489708
-18.818949,8,226.506837
-43.959929,8,226.522994
4.872407,8,226.538261
0.791883,8,226.554362
-44.123168,8,226.570174
-23.257078,8,226.592515
-17.822702,8,226.606046
-25.568337,8,226.615803
3.841798,8,226.627826
-18.343436,8,226.641798
-14.953886,8,226.649415
-87.474073,8,226.663713
-69.183078,8,226.673468
-40.057532,8,226.685239
-1.434187,8,226.705115
-99.225376,8,226.719082
7.496618,8,226.732863
-1.187957,8,226.745801
-172.42119,8,226.759835
-101.151405,8,226.774509
-75.428531,8,226.784544
-100.618954,8,226.800936
-9.85232,8,226.814035
-130.811629,8,226.827732
-10.497032,8,226.842979
-22.566758,8,226.85398
-22.320006,8,226.871464
-44.899019,8,226.883858
-30.489396,8,226.898402
-14.933854,8,226.916678
-8.17942,8,226.927589
-84.808149,8,226.941603
-57.489537,8,226.948603
-6.551447,8,226.966575
-43.122623,8,226.980377
-9.491311,8,226.980377
-103.878288,8,227.005304
-88.288105,8,227.011838
-91.481986,8,227.027631
-118.121238,8,227.043807
-57.324521,8,227.059977
0.310941,8,227.076141
-3.908252,8,227.089262
-40.136398,8,227.091869
11.852806,8,227.117932
4.530994,8,227.123823
-63.527516,8,227.150109
3.939962,8,227.161275
2.967402,8,227.173575
-209.628884,8,227.188483
-51.051346,8,227.188483
-23.544398,8,227.211047
-149.269433,8,227.224499
-39.290442,8,227.238162
-42.342348,8,227.254103
0.812196,8,227.272015
-27.103127,8,227.287056
7.734521,8,227.298054
-5.048482,8,227.30501
-22.170761,8,227.321298
-41.211008,8,227.321298
-31.668281,8,227.338051
-26.01866,8,227.354185
2.752755,8,227.37101
-26.079564,8,227.401084
-2.551545,8,227.407086
-128.658754,8,227.426941
-149.466553,8,227.435908
-14.375023,8,227.448561
-92.725264,8,227.453444
-36.131991,8,227.473095
-64.810873,8,227.4887
-96.863576,8,227.489848
-37.332687,8,227.512373
0.377175,8,227.523297
0.348103,8,227.538532
-20.911024,8,227.554251
-0.222155,8,227.554251
3.90349,8,227.570165
5.865215,8,227.586128
-29.877134,8,227.602336
-0.073578,8,227.619512
-88.117951,8,227.629555
2.145963,8,227.64163
0.337432,8,227.659775
-6.034324,8,227.659775
-109.441107,8,227.688931
-60.717688,8,227.68994
-10.585284,8,227.70524
-31.73125,8,227.741722
3.370478,8,227.753299
4.529097,8,227.769202
-61.064296,8,227.769202
3.512486,8,227.796744
-53.271245,8,227.817035
-0.960721,8,227.81895
-29.370958,8,227.833167
0.481899,8,227.851152
-69.488677,8,227.865025
7.656095,8,227.886999
0.739447,8,227.89894
-58.053557,8,227.925186
-29.289344,8,227.9368
-16.352995,8,227.959108
-122.181362,8,227.982334
-40.704463,8,227.994903
-64.945603,8,228.010449
-28.482986,8,228.028244
-6.324407,8,228.04317
-102.002454,8,228.057816
-3.686827,8,228.069052
-67.856079,8,228.08138
-105.531745,8,228.091397
3.475248,8,228.103163
-5.664057,8,228.123778
-3.765662,8,228.140932
-93.197896,8,228.157135
1.703634,8,228.168561
-22.004956,8,228.183838
5.044009,8,228.198859
-0.336444,8,228.21044
-6.123354,8,228.224882
-57.331075,8,228.239885
-34.194678,8,228.255863
-19.908994,8,228.269042
-94.100179,8,228.28388
-65.413516,8,228.302298
-43.288971,8,228.313786
-9.432982,8,228.328409
7.170076,8,228.342425
-193.240427,8,228.357691
-31.399681,8,228.373877
-41.665137,8,228.383621
-85.001486,8,228.400168
-32.950389,8,228.413737
-28.887308,8,228.426065
-78.410175,8,228.442088
-0.446945,8,228.453322
-20.57623,8,228.46893
-6.130081,8,228.49867
-11.218272,8,228.507192
-25.243912,8,228.53187
-1.310557,8,228.546876
-67.999167,8,228.564936
-14.678028,8,228.578623
-77.18819,8,228.594348
-13.074704,8,228.609975
-13.7753,8,228.622441
-20.911175,8,228.639241
4.015227,8,228.653448
-82.67298,8,228.665665
-29.685518,8,228.684789
-137.056841,8,228.699279
-3.061338,8,228.716551
1.738027,8,228.731939
-5.917961,8,228.74398
0.736156,8,228.759604
-76.181466,8,228.767633
-76.687771,8,228.785568
-61.816755,8,228.797585
-10.192386,8,228.817708
4.860298,8,228.829593
-41.112113,8,228.841325
-39.820374,8,228.857346
-73.922679,8,228.876917
-49.873697,8,228.876917
-73.931147,8,228.901954
-8.579848,8,228.906954
-140.432729,8,228.928768
-10.034013,8,228.938262
-30.829225,8,228.957448
-112.95849,8,228.965448
-97.655245,8,228.981336
-111.740079,8,228.99775
-43.049557,8,229.01265
-8.895695,8,229.024767
-16.802835,8,229.041728
8.629606,8,229.05383
8.594754,8,229.069965
4.943509,8,229.085941
-41.863768,8,229.095704
-148.687848,8,229.105721
-23.157348,8,229.119745
0.431011,8,229.133706
4.463512,8,229.153194
5.643995,8,229.163178
-43.891866,8,229.179205
-142.69917,8,229.190965
-148.502138,8,229.208759
-14.593514,8,229.228668
2.681239,8,229.237838
-31.174642,8,229.255643
-9.814345,8,229.267399
-19.280622,8,229.28332
-69.308403,8,229.297415
-4.082605,8,229.309744
-14.954391,8,229.324721
-5.725093,8,229.334407
9.736507,8,229.350299
-28.075806,8,229.368088
2.951702,8,229.377851
5.560982,8,229.397526
-0.483042,8,229.409459
-35.24228,8,229.424459
-70.207144,8,229.439456
2.188881,8,229.449086
-33.443059,8,229.462844
-23.669836,8,229.475654
5.385224,8,229.489794
-24.002866,8,229.506364
-6.540074,8,229.51895
3.150271,8,229.533472
6.914155,8,229.546536
5.546448,8,229.561042
-11.774944,8,229.578652
2.795121,8,229.592438
-38.673129,8,229.608179
-96.299859,8,229.619955
3.354677,8,229.63505
-118.082453,8,229.646046
-17.574369,8,229.659085
0.000898,8,229.673085
-54.390986,8,229.682615
-73.125589,8,229.702684
-109.258823,8,229.704435
-84.902645,8,229.727706
-33.482555,8,229.74738
-69.945689,8,229.750379
-9.00796,8,229.773722
0.64094,8,229.781754
7.402344,8,229.795177
-11.031094,8,229.813139
-35.863475,8,229.813139
0.448056,8,229.834803
6.23285,8,229.848781
-17.626491,8,229.859782
-17.659296,8,229.859782
-4.281583,8,229.885608
-11.446348,8,229.900589
0.237745,8,229.9066
-26.981218,8,229.922265
-110.801619,8,229.938297
-22.243017,8,229.960463
-9.167718,8,229.9739
-15.856843,8,229.989219
-2.171142,8,229.997229
-36.393017,8,230.012471
-37.500245,8,230.021962
1.192263,8,230.0386
-88.648968,8,230.055355
-29.991953,8,230.074831
-85.676254,8,230.098514
-43.948586,8,230.113714
-17.810248,8,230.139558
-65.508056,8,230.152608
-94.14565,8,230.165755
-1.592541,8,230.184014
-24.445387,8,230.198019
2.486381,8,230.215822
-7.019241,8,230.233124
-121.36419,8,230.254152
-0.122377,8,230.275334
-95.351813,8,230.28802
0.853659,8,230.304988
-24.514975,8,230.325704
-30.941128,8,230.337476
-84.972661,8,230.359044
-19.549086,8,230.372973
-62.280697,8,230.393414
-0.747394,8,230.413057
-0.635059,8,230.427976
-70.071828,8,230.444034
-4.8309,8,230.453814
-119.577721,8,230.476697
-9.345039,8,230.491718
-7.290091,8,230.503829
-15.502582,8,230.523547
-48.294616,8,230.536862
3.036384,8,230.552344
-94.465706,8,230.571292
-43.235437,8,230.584931
-8.987466,8,230.607166
-1.228914,8,230.619166
-64.759183,8,230.635835
-31.960263,8,230.637625
-122.018547,8,230.652951
1.194911,8,230.670778
-29.254294,8,230.684912
-81.693102,8,230.705983
-18.172751,8,230.721905
-136.064096,8,230.73599
2.510468,8,230.73599
-9.445034,8,230.751791
-44.065145,8,230.767834
-145.78841,8,230.783573
-12.456385,8,230.799765
-6.283799,8,230.817825
7.10181,8,230.83161
-58.34775,8,230.847414
-99.796332,8,230.863485
7.225972,8,230.863485
2.979928,8,230.881521
-28.42809,8,230.89541
-37.485263,8,230.91145
-87.811653,8,230.938494
-79.438508,8,230.938494
1.1688,8,230.954211
-57.861557,8,230.970179
1.267804,8,230.989221
-111.499083,8,231.002341
-17.149201,8,231.002341
-117.082094,8,231.018322
2.337855,8,231.043306
-34.941746,8,231.057956
-119.184571,8,231.074385
-100.257957,8,231.090546
1.292514,8,231.10672
-24.509012,8,231.10672
-26.495298,8,231.121945
-60.425112,8,231.149164
-7.946446,8,231.16417
-52.514786,8,231.179179
-6.571005,8,231.192197
-31.713922,8,231.204197
-14.956463,8,231.229287
-91.000409,8,231.247623
-2.435369,8,231.272359
-66.076589,8,231.283041
-118.06832,8,231.299647
-109.212979,8,231.315063
3.931919,8,231.325833
-100.735696,8,231.340892
-25.283899,8,231.350921
-73.536131,8,231.366708
-0.275777,8,231.375594
-28.638884,8,231.396482
-83.343167,8,231.406246
-69.731022,8,231.422434
-22.352925,8,231.422743
-20.736098,8,231.455967
-24.154611,8,231.466975
-26.947711,8,231.472768
-76.717202,8,231.496762
-23.11315,8,231.511703
-137.815032,8,231.526475
-175.25853,8,231.538491
-21.256036,8,231.554507
-6.574717,8,231.563803
-24.428154,8,231.576545
-4.781267,8,231.592316
-7.052568,8,231.604184
-55.813495,8,231.625785
-82.394816,8,231.637182
-45.681518,8,231.652283
-12.727766,8,231.667148
-7.53171,8,231.678643
-16.239199,8,231.69277
-23.156312,8,231.703754
-78.812646,8,231.719859
-26.372069,8,231.735653
-1.893131,8,231.735653
-109.110175,8,231.751761
1.18604,8,231.773758
-99.737453,8,231.788089
-70.467694,8,231.798098
-138.958186,8,231.814074
-31.855905,8,231.833941
-34.5492,8,231.8459
-31.784289,8,231.862024
1.260828,8,231.876361
-185.916733,8,231.876361
-139.637919,8,231.900529
-10.14819,8,231.90753
-22.839677,8,231.923526
-17.626022,8,231.939281
-8.916638,8,231.955297
-2.274566,8,231.97109
-3.553287,8,231.97109
-11.089124,8,231.999458
-23.016016,8,232.01425
-24.347426,8,232.024076
-14.654301,8,232.037313
-109.645226,8,232.051879
-17.027974,8,232.063425
-42.914851,8,232.079457
-49.071657,8,232.079457
-94.968758,8,232.095395
-51.393801,8,232.117685
-22.946625,8,232.125669
-6.051948,8,232.141729
-3.051818,8,232.159766
0.832663,8,232.172502
-1.078321,8,232.172502
-17.778203,8,232.202474
1.698096,8,232.220248
-10.902244,8,232.230447
-79.94823,8,232.237306
0.804657,8,232.2512
-65.853665,8,232.255886
-63.658779,8,232.273266
-74.144244,8,232.292071
-39.427168,8,232.305043
-119.770884,8,232.326395
-12.404461,8,232.341625
3.245092,8,232.344613
-43.429975,8,232.360447
-23.354994,8,232.386256
-134.933877,8,232.38815
-130.081859,8,232.406823
-53.582848,8,232.423127
-21.6784,8,232.440434
-75.859803,8,232.454121
-83.918748,8,232.471489
-74.286547,8,232.487176
-155.525906,8,232.512146
-109.064078,8,232.523766
-56.542201,8,232.541329
-113.32065,8,232.553091
-2.205917,8,232.576178
-24.412484,8,232.595394
-22.667711,8,232.611732
-83.359872,8,232.635453
-62.142058,8,232.651716
-23.034482,8,232.671486
-153.455995,8,232.689414
-92.088389,8,232.689414
-12.856659,8,232.730403
-38.017395,8,232.743393
-117.149496,8,232.761375
1.34336,8,232.767376
-67.88598,8,232.792583
-47.546011,8,232.808986
-18.217505,8,232.829803
-1.979515,8,232.84493
-130.506836,8,232.862947
5.015585,8,232.874943
7.802608,8,232.891284
-109.132392,8,232.893288
0.299581,8,232.927377
5.328879,8,232.94847
-80.666799,8,232.960024
-36.74678,8,232.978179
-60.3905,8,232.989936
-153.671207,8,233.000973
-50.911277,8,233.020327
-5.367168,8,233.03184
-53.266233,8,233.047585
1.211753,8,233.063428
-28.127448,8,233.078711
-275.693324,8,233.086994
7.678039,8,233.105088
-5.824074,8,233.118849
-7.12027,8,233.140723
5.067455,8,233.150474
5.201394,8,233.172316
-59.78604,8,233.183216
-83.50045,8,233.196294
-57.181683,8,233.205421
3.940132,8,233.219421
-12.649708,8,233.234514
8.784021,8,233.244307
-8.49654,8,233.261903
-28.355303,8,233.272428
-16.979138,8,233.290118
9.442106,8,233.312
5.154292,8,233.32148
-14.111292,8,233.336298
-96.775233,8,233.336298
-10.548655,8,233.361777
-25.082007,8,233.371395
-21.537937,8,233.387979
-116.485364,8,233.408966
5.067975,8,233.417964
-125.408396,8,233.422961
-64.680722,8,233.443105
-26.41239,8,233.455208
4.747825,8,233.473156
-19.174374,8,233.489803
-176.396017,8,233.506401
4.950748,8,233.521672
-6.163553,8,233.531673
-24.162231,8,233.531673
-143.31746,8,233.547862
-121.790903,8,233.564081
3.589728,8,233.579993
-53.325035,8,233.595742
-50.613074,8,233.613692
-99.124036,8,233.624684
4.085143,8,233.638926
-55.225873,8,233.656489
-22.700245,8,233.669357
-17.491415,8,233.681953
-2.955351,8,233.69366
-23.918865,8,233.709433
4.70524,8,233.721901
-9.491731,8,233.733396
-38.579537,8,233.748373
4.416506,8,233.755422
-6.404292,8,233.773867
-37.541277,8,233.787569
1.532165,8,233.801701
-65.508463,8,233.819688
-175.938306,8,233.835806
-40.331406,8,233.851791
-58.094013,8,233.851791
-99.439765,8,233.872664
4.024216,8,233.883809
-5.846074,8,233.899785
-31.134688,8,233.915831
-140.25416,8,233.931586
-63.184464,8,233.939387
-9.484151,8,233.956122
-63.961572,8,233.969736
-39.150888,8,233.969736
-6.874374,8,234.001466
-50.253356,8,234.001466
-81.625072,8,234.024917
-26.829727,8,234.035149
-9.68473,8,234.046908
-88.28067,8,234.063896
-28.9542,8,234.074838
-102.199163,8,234.088987
-120.752132,8,234.09902
-19.186207,8,234.114388
-125.163174,8,234.129223
0.379937,8,234.141138
5.383539,8,234.164345
-94.622757,8,234.172346
2.186654,8,234.192444
-39.920564,8,234.20391
-27.331287,8,234.20391
-20.742466,8,234.235883
-22.014021,8,234.249883
-36.107005,8,234.267905
-150.776431,8,234.288112
0.864434,8,234.288112
10.380302,8,234.31726
-27.507912,8,234.33063
-83.328804,8,234.347064
-49.85512,8,234.359541
-28.574382,8,234.385969
-24.914823,8,234.403677
2.798801,8,234.413125
-25.429423,8,234.431691
-6.572348,8,234.446035
-121.992255,8,234.446035
1.364946,8,234.461917
-0.365091,8,234.490314
-40.961066,8,234.505858
-61.902274,8,234.521452
-35.708999,8,234.522766
-80.191502,8,234.549663
-40.266506,8,234.553679
-48.004028,8,234.574735
-122.855241,8,234.593574
-9.971069,8,234.605863
-14.428555,8,234.609858
-84.106023,8,234.631604
-51.365954,8,234.641357
-12.782874,8,234.65737
-11.871871,8,234.675747
-34.848537,8,234.70065
-20.97858,8,234.71549
-156.077134,8,234.734688
-103.988269,8,234.755358
-85.178685,8,234.766799
-51.655771,8,234.778555
7.439187,8,234.797912
-5.478852,8,234.818457
5.030189,8,234.829361
-93.412214,8,234.849358
-42.375992,8,234.869773
-2.58921,8,234.883031
1.678291,8,234.912659
-90.751992,8,234.929605
-96.519597,8,234.94485
-8.079924,8,234.965955
-18.624361,8,234.978025
-58.724541,8,235.00593
2.759693,8,235.029581
-62.103995,8,235.043578
-54.37548,8,235.066027
2.092614,8,235.08249
-32.321245,8,235.101872
-14.178157,8,235.120419
-175.920368,8,235.141644
1.345316,8,235.172345
-28.203186,8,235.193037
-149.200376,8,235.213805
7.758662,8,235.254348
6.867964,8,235.272347
-8.178243,8,235.293834
-3.816551,8,235.31039
-77.201628,8,235.327103
-30.348355,8,235.354768
-18.098156,8,235.360484
-31.307141,8,235.38585
-58.778509,8,235.399536
-73.595553,8,235.409914
-22.636647,8,235.426623
-36.73347,8,235.443313
-13.288797,8,235.471842
-155.715165,8,235.48284
2.25169,8,235.493292
-81.811917,8,235.516639
3.136015,8,235.526025
-22.534982,8,235.543256
-90.678753,8,235.559724
1.724146,8,235.580556
-5.476551,8,235.597157
-71.854897,8,235.612696
6.487229,8,235.630581
-26.145572,8,235.648799
-0.070396,8,235.670616
-49.89233,8,235.691431
9.032226,8,235.696436
-8.910969,8,235.723251
-41.865797,8,235.729636
12.414377,8,235.749271
-128.847675,8,235.769893
-39.963352,8,235.785905
-27.991478,8,235.797999
-17.267731,8,235.814365
-50.047376,8,235.831294
-2.423304,8,235.84883
-9.821188,8,235.866469
-13.39463,8,235.892124
-26.18927,8,235.909125
-3.011979,8,235.926173
-34.588939,8,235.944953
-92.279128,8,235.957759
-97.149765,8,235.975528
-30.089117,8,235.987143
-43.256965,8,236.006265
0.546354,8,236.027049
-5.351953,8,236.039125
-9.409943,8,236.055691
-78.135036,8,236.068898
2.978756,8,236.085848
-105.330105,8,236.110246
-2.636884,8,236.127315
-63.470569,8,236.146194
-41.445865,8,236.160469
-18.708642,8,236.176888
-80.775518,8,236.194602
-116.628495,8,236.206875
-10.3936,8,236.226873
-54.992444,8,236.243871
-35.078939,8,236.264874
-53.010397,8,236.284067
-28.132153,8,236.297975
1.723344,8,236.323385
-11.268207,8,236.337029
0.557082,8,236.360724
5.987041,8,236.38027
-5.013445,8,236.396313
-37.202556,8,236.41355
-0.774532,8,236.426843
-64.386373,8,236.442846
-3.264019,8,236.461887
-53.474757,8,236.474748
-86.638521,8,236.490544
10.556474,8,236.50223
-55.929737,8,236.518526
-33.508644,8,236.538749
-72.711898,8,236.550702
0.987609,8,236.567096
-9.851571,8,236.582165
10.39218,8,236.598031
1.06788,8,236.613148
-137.300537,8,236.625078
-23.062564,8,236.640663
-45.341251,8,236.651628
-106.333123,8,236.666404
-66.493651,8,236.683064
-43.924372,8,236.698395
1.917553,8,236.718119
-0.154494,8,236.732564
2.432457,8,236.754092
-166.408729,8,236.772618
-135.478548,8,236.788226
-63.562875,8,236.808491
-3.90644,8,236.820601
-93.501431,8,236.836621
-20.206852,8,236.851747
-5.122659,8,236.863832
2.659893,8,236.879667
-31.374549,8,236.891661
-30.926343,8,236.915032
-33.610798,8,236.934985
-134.460331,8,236.94725
-72.97572,8,236.962487
-69.285959,8,236.9734
-2.246309,8,236.988496
-44.812152,8,237.003701
-35.326589,8,237.015485
-216.011083,8,237.033614
-196.761698,8,237.045408
-89.776245,8,237.060441
-140.035557,8,237.076126
-91.839409,8,237.086618
5.451286,8,237.104892
-107.979998,8,237.117894
-134.452633,8,237.134647
-40.665845,8,237.161302
-88.369526,8,237.175405
-85.196789,8,237.194091
-0.49173,8,237.2075
-34.565845,8,237.230416
-75.192509,8,237.25561
-37.145853,8,237.268609
-66.441319,8,237.285631
-47.667484,8,237.299076
-20.557249,8,237.316025
10.029084,8,237.343851
3.523992,8,237.357358
-46.960196,8,237.377355
-23.120643,8,237.388673
-65.29864,8,237.40647
-50.778676,8,237.427531
-22.335746,8,237.447591
-95.885866,8,237.469369
-18.924858,8,237.489055
-49.16826,8,237.511476
-8.864666,8,237.531816
-19.808192,8,237.545887
-25.809782,8,237.57633
-8.851381,8,237.59931
-22.710388,8,237.62282
2.857934,8,237.646121
-2.919208,8,237.663736
2.559373,8,237.684293
-20.737157,8,237.702375
-19.804656,8,237.721568
-31.037696,8,237.736183
6.236616,8,237.751024
4.027,8,237.768005
-0.980501,8,237.778782
-28.751893,8,237.794493
-127.58948,8,237.820572
-125.970255,8,237.832197
3.045759,8,237.848041
-1.648289,8,237.860021
-207.134019,8,237.874022
-28.575799,8,237.88596
-19.625366,8,237.898107
-125.80933,8,237.914434
-21.504101,8,237.930531
4.63615,8,237.946799
-7.993051,8,237.962767
-145.032878,8,237.978152
-81.305269,8,237.998747
-25.616153,8,238.009859
3.059673,8,238.023677
-40.681073,8,238.043183
-5.208535,8,238.056036
-178.958851,8,238.070413
-50.199947,8,238.083014
-12.098017,8,238.100375
4.468406,8,238.119305
3.119891,8,238.133692
-3.418513,8,238.152548
-63.249932,8,238.166347
-69.474144,8,238.184691
-46.706045,8,238.208231
-43.696122,8,238.224082
-8.53298,8,238.238348
-84.185357,8,238.25093
-71.900456,8,238.271914
-108.942546,8,238.294927
-51.848703,8,238.305932
-25.629995,8,238.319928
-6.516578,8,238.331911
-1.32363,8,238.347799
-12.388179,8,238.36379
-6.273235,8,238.379012
-48.5791,8,238.398579
-0.369202,8,238.410579
-79.183634,8,238.424303
-155.502433,8,238.440276
-83.457252,8,238.451644
-18.228092,8,238.466719
-1.853318,8,238.477132
-31.306316,8,238.494105
5.253234,8,238.506847
1.023414,8,238.51897
-8.528679,8,238.536331
-18.250105,8,238.550601
-30.429079,8,238.568403
-40.432472,8,238.595125
-89.386173,8,238.617707
-1.883051,8,238.642644
-7.958578,8,238.657371
-56.869197,8,238.681348
-172.149843,8,238.708784
2.411086,8,238.727232
-37.39867,8,238.751719
-110.511475,8,238.769872
-223.676045,8,238.792918
-15.105783,8,238.818384
-35.76334,8,238.837232
11.293651,8,238.870059
-17.986717,8,238.886065
-26.080207,8,238.905467
-50.487111,8,238.923414
-7.141315,8,238.942156
-3.595269,8,238.96182
-2.683206,8,238.974181
-71.612807,8,238.993218
-41.140767,8,239.014736
-70.708999,8,239.036151
-11.986897,8,239.066938
-150.303655,8,239.087034
-21.939775,8,239.110651
-31.33563,8,239.156402
-42.512165,8,239.179384
-29.947449,8,239.200326
-6.209591,8,239.215376
8.875097,8,239.233865
-131.082754,8,239.252183
-31.577807,8,239.266829
-59.08546,8,239.288826
4.005811,8,239.30083
-209.503071,8,239.318834
-93.221808,8,239.337157
-2.55989,8,239.351116
-175.193344,8,239.376975
-113.108365,8,239.390173
-75.755461,8,239.412175
-52.216008,8,239.42849
-90.277157,8,239.444211
-4.163765,8,239.464792
5.864426,8,239.480504
-168.57468,8,239.505183
-59.560819,8,239.532263
-81.644784,8,239.545164
-11.853041,8,239.565881
-25.866718,8,239.582447
-210.345208,8,239.604425
3.171466,8,239.636202
-97.227137,8,239.652044
-0.574509,8,239.670524
-5.894359,8,239.68499
3.068702,8,239.705858
-69.819143,8,239.729857
-74.615049,8,239.751997
-17.939426,8,239.776402
-81.888231,8,239.791145
-38.442705,8,239.813444
-73.081128,8,239.835451
-103.858308,8,239.855848
-45.229191,8,239.884202
-24.481369,8,239.901413
2.492646,8,239.922487
-22.721229,8,239.944163
4.332101,8,239.964264
-2.082807,8,239.990165
-3.644476,8,240.009674
-44.241821,8,240.038145
6.513471,8,240.062141
-19.480889,8,240.085288
-3.969547,8,240.112133
4.271034,8,240.130239
-18.150545,8,240.154872
-45.129663,8,240.448908
0.700921,8,240.478698
-20.091064,8,240.524583
-75.429358,8,240.547383
-77.26079,8,240.583636
-106.435027,8,240.61729
-57.144666,8,240.653105
-146.921604,8,240.685629
-20.653009,8,240.705935
-6.023745,8,240.732364
-46.113241,8,240.759902
-123.911473,8,240.780538
-54.976186,8,240.810961
-24.320819,8,240.824923
-1.869311,8,240.839429
-108.395083,8,240.873122
-39.713112,8,240.892174
-101.064482,8,240.922876
-5.549337,8,240.943367
-62.89626,8,240.973564
-15.426305,8,240.993191
-1.418836,8,241.00419
-37.247127,8,241.022449
-35.9067,8,241.038877
-100.333778,8,241.054046
1.621491,8,241.078335
-1.348901,8,241.091766
0.478014,8,241.110972
-25.689207,8,241.121161
0.493179,8,241.141317
6.724975,8,241.157984
-32.557886,8,241.172649
-1.102391,8,241.192543
-63.307381,8,241.208928
-11.111434,8,241.230432
7.700214,8,241.241083
-62.851299,8,241.258047
-81.819558,8,241.272096
-23.372704,8,241.302185
-100.809372,8,241.32054
-3.848887,8,241.335421
-15.428226,8,241.350851
1.492745,8,241.367341
-19.939876,8,241.379745
-107.797859,8,241.39878
-55.278295,8,241.421615
-6.748961,8,241.439065
-5.390872,8,241.460039
-135.311166,8,241.474655
-120.897455,8,241.496895
-76.010548,8,241.528944
-20.596799,8,241.565649
-7.937168,8,241.590182
-84.243686,8,241.592904
-127.590541,8,241.619955
-8.727227,8,241.639765
1.649347,8,241.654984
-15.830883,8,241.674819
-68.022972,8,241.686807
-10.320587,8,241.703031
-2.084066,8,241.71899
-148.766898,8,241.731499
-108.528541,8,241.755422
-8.735371,8,241.77139
-28.819105,8,241.788077
-22.126614,8,241.805327
-49.684941,8,241.817964
-23.519425,8,241.833742
-122.130886,8,241.848776
-77.460689,8,241.864278
-24.567233,8,241.882537
-7.953058,8,241.894609
-61.822085,8,241.91004
-44.637956,8,241.921573
-28.738062,8,241.94249
-52.581764,8,241.970559
4.983376,8,241.983775
-39.361153,8,242.002918
-115.55614,8,242.015029
-5.340052,8,242.035178
0.561551,8,242.052165
-19.092305,8,242.065314
-75.511663,8,242.088911
-175.489795,8,242.102001
-90.496607,8,242.119565
-115.803292,8,242.137178
-46.163229,8,242.138389
-37.680266,8,242.16121
-73.590537,8,242.171642
0.075942,8,242.205354
-96.477868,8,242.231207
-88.768001,8,242.238184
-76.040836,8,242.272204
-61.13692,8,242.28859
3.678615,8,242.316738
-88.199637,8,242.338477
-37.637884,8,242.350675
-55.521804,8,242.371899
-6.597455,8,242.3884
-17.645052,8,242.405518
-93.454239,8,242.439165
-48.668312,8,242.455808
-66.201361,8,242.480963
-1.769677,8,242.499809
-76.065309,8,242.528783
-43.137416,8,242.558725
-22.492033,8,242.578803
-31.43207,8,242.603835
-24.906584,8,242.619036
-121.994713,8,242.650013
-93.290179,8,242.675592
-154.483518,8,242.697133
-38.644423,8,242.722422
-21.625111,8,242.737761
-17.30602,8,242.759455
-87.10326,8,242.776323
-35.109566,8,242.787885
-10.096523,8,242.80444
-51.179289,8,242.814972
-111.149758,8,242.822069
-99.561207,8,242.843237
-17.049375,8,242.865382
-131.266159,8,242.885139
-22.368944,8,242.897204
-131.030393,8,242.915201
0.391571,8,242.935204
-122.866257,8,242.955933
-4.399829,8,242.983251
-38.488657,8,242.997633
-16.385295,8,243.018881
-26.998119,8,243.04062
-26.141806,8,243.054419
-2.912036,8,243.07799
-170.889018,8,243.094891
-68.109109,8,243.114056
-12.560087,8,243.135689
-24.518452,8,243.154076
-4.759568,8,243.181794
-9.233684,8,243.196661
-6.486144,8,243.215505
-16.482733,8,243.233424
-109.717916,8,243.246744
-157.762477,8,243.261652
-31.253614,8,243.281522
-78.361085,8,243.307678
-5.541751,8,243.324606
-78.32751,8,243.340685
-69.396339,8,243.363514
2.659325,8,243.382767
-148.060796,8,243.407886
-7.728222,8,243.434207
-1.670689,8,243.454354
2.244542,8,243.475564
-127.423748,8,243.498157
3.228507,8,243.528455
-88.704511,8,243.548429
-34.994125,8,243.563978
-9.619234,8,243.584612
-115.806837,8,243.600774
-18.063037,8,243.626469
-5.007717,8,243.648993
-62.277544,8,243.659759
-15.160243,8,243.699501
-5.946253,8,243.717769
-114.128383,8,243.746319
-117.223078,8,243.764674
-44.529529,8,243.778367
2.000712,8,243.797373
-26.97454,8,243.811456
-42.494375,8,243.834958
-17.842401,8,243.861079
-85.433734,8,243.87566
-60.761639,8,243.895276
-1.948067,8,243.908921
-79.519878,8,243.926993
-57.876899,8,243.960804
-96.204969,8,243.974698
-36.80392,8,243.99586
-52.730297,8,244.010852
-11.888875,8,244.029777
1.040746,8,244.047513
-20.654473,8,244.066936
-17.77143,8,244.085764
-159.814338,8,244.100914
-8.777118,8,244.118929
3.499991,8,244.141167
-103.235605,8,244.161304
-85.503843,8,244.189193
-1.871838,8,244.205051
-15.204542,8,244.225326
-29.0287,8,244.244291
-54.343501,8,244.257964
-2.136208,8,244.277294
-50.787293,8,244.293544
1.696667,8,244.315986
-4.178871,8,244.336646
2.866534,8,244.351511
3.234261,8,244.373479
-9.461773,8,244.391938
-77.883544,8,244.416582
7.114138,8,244.442743
-143.341385,8,244.456919
-45.798436,8,244.475699
-102.890756,8,244.489381
-31.452759,8,244.508084
-16.884194,8,244.526182
1.663133,8,244.542504
-3.112138,8,244.560402
5.446621,8,244.571589
-27.455243,8,244.5857
-38.192549,8,244.602345
-59.586534,8,244.619108
-31.062595,8,244.643378
-58.266696,8,244.662327
-9.417611,8,244.683735
-32.557473,8,244.708845
-19.702222,8,244.722769
-47.227762,8,244.749615
-62.142883,8,244.772435
-42.476615,8,244.793938
-193.866704,8,244.821569
-1.680933,8,244.847368
-18.487208,8,244.872579
-1.747061,8,244.889187
-53.559381,8,244.908864
-13.252253,8,244.934538
-43.48123,8,244.957887
-34.542375,8,244.9735
2.838148,8,244.992261
-84.260456,8,245.010891
-22.067822,8,245.030529
-14.764454,8,245.049139
-68.155454,8,245.079492
-2.487965,8,245.094629
-25.907758,8,245.11798
-14.999286,8,245.140387
-95.085253,8,245.15587
-13.217981,8,245.18576
-85.135117,8,245.223717
-83.860592,8,245.242713
-39.72067,8,245.260964
1.130426,8,245.27564
-61.433658,8,245.299063
-27.530165,8,245.313432
-9.856151,8,245.3316
-35.381684,8,245.349361
-58.65306,8,245.362937
-27.081358,8,245.381723
-31.884109,8,245.402276
-10.463414,8,245.424722
-83.926656,8,245.454087
-6.134242,8,245.471213
-28.521371,8,245.490747
-37.469778,8,245.509856
-31.33394,8,245.525931
-0.088453,8,245.553342
-87.824626,8,245.568805
-121.407545,8,245.620435
-70.640339,8,245.640318
3.594387,8,245.658369
-6.653846,8,245.677672
-8.553347,8,245.696796
-78.652362,8,245.718054
-16.762723,8,245.72531
-24.395027,8,245.752098
-20.798365,8,245.767804
-9.222586,8,245.77976
-2.595022,8,245.796496
-54.381333,8,245.804491
0.790146,8,245.822337
-6.723613,8,245.836461
1.706954,8,245.839117
-59.825309,8,245.868396
-16.95421,8,245.868396
4.320849,8,245.88427
-24.376263,8,245.916305
-37.775103,8,245.93278
-65.774381,8,245.947695
-5.611913,8,245.959516
-31.856447,8,245.975019
-62.065574,8,245.985137
-69.114598,8,246.00088
4.095658,8,246.019101
-5.071688,8,246.033057
-79.791822,8,246.048794
-21.725532,8,246.063195
-4.756391,8,246.072654
-47.897993,8,246.092425
-67.329016,8,246.110448
-44.348974,8,246.112442
-19.938227,8,246.128424
-20.643067,8,246.146517
-3.623676,8,246.160629
-6.946782,8,246.176799
-3.804752,8,246.178805
-138.734774,8,246.210781
-79.119491,8,246.224524
-111.999426,8,246.240517
-128.758873,8,246.250274
-100.587787,8,246.256399
-117.188864,8,246.274192
-38.94479,8,246.295405
-24.223909,8,246.314101
-40.934803,8,246.319587
-74.095297,8,246.335742
9.283202,8,246.351862
-65.733874,8,246.351862
-96.15454,8,246.367624
-16.163171,8,246.390868
-140.648872,8,246.404913
-55.049046,8,246.420704
-76.774756,8,246.430801
-0.666774,8,246.450998
-101.324678,8,246.462015
-15.616013,8,246.463022
5.151856,8,246.478958
-37.561835,8,246.494801
-22.092634,8,246.510897
-54.177778,8,246.526835
-3.505005,8,246.544962
0.844886,8,246.558973
-18.501239,8,246.558973
-64.345128,8,246.574996
3.109993,8,246.590962
-62.781773,8,246.607046
-140.290792,8,246.635224
-2.265737,8,246.63897
-3.696078,8,246.662709
-21.102417,8,246.670482
-57.013624,8,246.686574
-19.475134,8,246.686574
-4.856813,8,246.702549
-49.829421,8,246.725951
-46.666324,8,246.737439
-103.075579,8,246.756634
-73.335365,8,246.773174
-31.927449,8,246.785218
-3.849213,8,246.805034
-102.007917,8,246.816826
-50.365468,8,246.832072
-4.184449,8,246.847671
-165.826244,8,246.859713
10.10891,8,246.875502
-22.801054,8,246.887213
-75.45231,8,246.902913
0.207287,8,246.906892
-9.960943,8,246.922567
-20.067951,8,246.942312
-29.741663,8,246.950066
-58.447566,8,246.965833
-80.284928,8,246.98828
-255.795817,8,247.000725
-102.786973,8,247.020844
-102.792679,8,247.030879
0.244256,8,247.046676
-97.977697,8,247.060967
-24.984828,8,247.070505
-91.662342,8,247.086298
-2.114241,8,247.100181
6.053106,8,247.115835
-31.088355,8,247.135821
7.839575,8,247.150127
-33.812056,8,247.175499
6.892132,8,247.197506
-21.741753,8,247.214764
-25.107953,8,247.23187
-44.29016,8,247.244752
-26.05063,8,247.261854
-15.831525,8,247.27505
-54.065615,8,247.294219
-7.440801,8,247.319672
-14.670216,8,247.338392
2.344494,8,247.356079
-111.329249,8,247.369979
-18.562393,8,247.390329
-74.581067,8,247.420705
-67.170013,8,247.435811
4.140934,8,247.459709
-49.210359,8,247.47325
-85.462861,8,247.491637
-9.375619,8,247.508095
-31.536493,8,247.523382
0.491383,8,247.537381
2.002601,8,247.552846
-38.144675,8,247.566355
-85.538035,8,247.581856
-3.075924,8,247.597883
0.218086,8,247.617735
-10.217002,8,247.630264
7.572395,8,247.6515
-20.920593,8,247.666495
-34.427847,8,247.679988
1.084463,8,247.701591
3.348696,8,247.713172
-121.45795,8,247.72894
-26.760214,8,247.737926
-76.744399,8,247.758556
-2.659122,8,247.769579
-6.493859,8,247.785374
-30.641491,8,247.803481
-54.198809,8,247.823156
-37.354909,8,247.835218
-79.67734,8,247.851009
-61.918678,8,247.863504
2.679181,8,247.86902
-28.497094,8,247.886922
-2.867108,8,247.904334
-116.090646,8,247.949577
-7.529926,8,247.963336
-84.469022,8,247.975163
-69.817609,8,247.988547
-178.234052,8,248.00059
-2.106901,8,248.018473
-11.903856,8,248.030103
-89.376892,8,248.043607
-92.38018,8,248.053837
-6.923229,8,248.075035
-111.808309,8,248.10041
-42.905209,8,248.115194
-2.767061,8,248.139178
-86.750424,8,248.161404
-26.780291,8,248.172483
-87.994504,8,248.196105
-94.289957,8,248.20573
-17.322976,8,248.222521
0.345941,8,248.242287
-9.041099,8,248.255652
-7.289305,8,248.272838
-82.375189,8,248.288895
-11.278338,8,248.320752
4.410378,8,248.33837
6.746783,8,248.339717
-117.170716,8,248.357392
-6.05924,8,248.379759
-101.389938,8,248.394667
-29.347479,8,248.405768
0.785921,8,248.423034
-112.797913,8,248.438855
-149.638041,8,248.451844
-0.605734,8,248.46779
-65.72459,8,248.483759
-35.569495,8,248.499715
-8.960238,8,248.505555
-36.832391,8,248.515862
-21.311179,8,248.533807
-67.608513,8,248.547688
-69.442066,8,248.563447
-41.354758,8,248.579275
4.463494,8,248.594925
-51.226248,8,248.612918
-94.306333,8,248.626894
-0.041393,8,248.642856
-101.550932,8,248.658957
-17.401555,8,248.677823
-28.375548,8,248.697268
-1.664868,8,248.711192
-196.135337,8,248.722029
-0.017819,8,248.73902
-65.383247,8,248.756107
-27.205705,8,248.773335
-3.531812,8,248.797527
3.00866,8,248.809282
-76.593565,8,248.83241
-42.537111,8,248.845172
-0.493663,8,248.860278
1.661964,8,248.880801
-0.569478,8,248.898772
-54.395738,8,248.922892
1.23121,8,248.943279
-4.173265,8,248.969398
-37.469131,8,248.991653
-57.389502,8,249.007247
0.385918,8,249.03564
-57.475322,8,249.050635
-43.092734,8,249.07055
-105.839484,8,249.097064
-70.790887,8,249.110626
-146.868947,8,249.128095
-3.484523,8,249.146147
-97.259789,8,249.192496
-127.052065,8,249.222739
-62.075237,8,249.25062
1.345962,8,249.273838
4.79437,8,249.292341
5.039522,8,249.32025
-62.449659,8,249.338256
-20.726659,8,249.352004
-18.351293,8,249.370107
-7.035677,8,249.386666
-2.830437,8,249.403222
1.807577,8,249.416253
5.06011,8,249.431689
-82.260642,8,249.454044
-92.703681,8,249.46725
-117.360534,8,249.483308
0.046259,8,249.4991
-50.125717,8,249.510639
-31.248278,8,249.528412
6.323033,8,249.542424
-42.942199,8,249.558205
2.673451,8,249.581924
11.348398,8,249.595387
-37.491402,8,249.611529
-7.188982,8,249.631077
-101.398828,8,249.657756
3.125902,8,249.682032
-30.157694,8,249.69964
-149.484203,8,249.715415
-86.103465,8,249.728758
-18.42428,8,249.751993
-23.644831,8,249.772972
-58.972776,8,249.789562
-86.293549,8,249.809123
-42.307045,8,249.827241
-159.692383,8,249.841255
-128.207949,8,249.873302
-18.550523,8,249.873302
4.505265,8,249.904719
-14.807786,8,249.923021
-104.507253,8,249.93657
1.738807,8,249.96742
-26.555106,8,249.984168
-108.809433,8,250.000113
-38.964781,8,250.000113
-176.196671,8,250.020041
-43.624701,8,250.049374
-82.539991,8,250.063175
-45.446831,8,250.077228
-2.180428,8,250.09302
-205.463527,8,250.108412
-55.110279,8,250.114434
-50.322144,8,250.136201
-61.813622,8,250.150409
-0.808633,8,250.162174
-167.615349,8,250.177415
-82.421881,8,250.198182
-29.660997,8,250.209428
-181.462938,8,250.227222
-78.983214,8,250.240988
-95.83155,8,250.258508
-28.33826,8,250.27229
-22.17969,8,250.280301
-108.608578,8,250.295545
11.448247,8,250.310014
-16.732017,8,250.325258
-0.352868,8,250.341398
-52.520666,8,250.350887
-4.024019,8,250.366656
-234.598901,8,250.378027
-10.89242,8,250.393796
-6.523971,8,250.411902
-86.922317,8,250.42541
12.170994,8,250.42541
-159.46974,8,250.44108
-105.813675,8,250.467498
-125.34645,8,250.484025
-100.598198,8,250.493374
-9.755003,8,250.511116
-34.139039,8,250.523803
-40.382275,8,250.543983
-173.283522,8,250.560649
10.825479,8,250.573788
-15.578215,8,250.591872
-142.516382,8,250.60915
-90.36131,8,250.627618
-123.284205,8,250.650249
3.94114,8,250.665111
-1.773611,8,250.684968
-69.267006,8,250.699702
-22.046476,8,250.722785
-6.109487,8,250.741527
-41.679751,8,250.759197
-118.895377,8,250.777775
-66.93378,8,250.790691
-77.781583,8,250.808342
-29.488841,8,250.821253
-37.626955,8,250.840025
-131.594007,8,250.855082
-4.823375,8,250.867115
-83.141354,8,250.884661
-22.68276,8,250.884661
-71.655141,8,250.90064
-93.207708,8,250.916711
-43.363304,8,250.932555
-0.980636,8,250.948491
-44.898775,8,250.964609
-3.955165,8,250.97637
-4.096963,8,250.996466
-29.37035,8,251.010345
-66.764872,8,251.024389
-54.215583,8,251.040178
-1.587771,8,251.049949
-12.723179,8,251.063726
-23.947275,8,251.077597
-35.351153,8,251.096821
1.805992,8,251.110733
-9.036336,8,251.125396
-2.841164,8,251.14245
-122.187265,8,251.155099
-20.192912,8,251.170434
-17.752402,8,251.192333
-37.672598,8,251.207047
-4.283291,8,251.222955
1.226526,8,251.2286
-110.372688,8,251.250897
-33.61323,8,251.261842
-43.760398,8,251.277388
2.703168,8,251.296401
-30.03441,8,251.308754
12.422491,8,251.329106
-26.665741,8,251.34642
-2.50607,8,251.359179
-78.640094,8,251.370939
3.634258,8,251.388928
-12.328651,8,251.399987
-10.126724,8,251.425561
-91.102524,8,251.437578
3.534548,8,251.447129
-17.161362,8,251.462787
-13.005429,8,251.464791
-16.606438,8,251.492574
-53.322078,8,251.504592
-8.352929,8,251.51034
-12.561298,8,251.530282
-10.513356,8,251.54908
-107.25591,8,251.568279
-34.656277,8,251.580677
-59.478406,8,251.596951
-84.267238,8,251.608158
-78.420171,8,251.623131
-176.023727,8,251.63818
-25.013668,8,251.648215
-45.41577,8,251.654021
-17.570399,8,251.66775
5.837658,8,251.685465
-4.377711,8,251.701534
-1.200232,8,251.717436
-5.541955,8,251.736029
-48.787124,8,251.749293
-60.564657,8,251.772357
-156.226221,8,251.788524
-78.987329,8,251.799617
-69.26415,8,251.804161
-21.14136,8,251.821374
-3.669401,8,251.839505
4.252806,8,251.850997
-29.560697,8,251.863925
7.856434,8,251.879951
-2.738799,8,251.885959
-0.803644,8,251.904081
-42.796003,8,251.926972
-18.485309,8,251.928974
-31.545654,8,251.945542
-11.805796,8,251.960358
-49.800971,8,251.976351
-68.868576,8,251.994346
-2.652477,8,252.010508
-37.022466,8,252.038031
5.096576,8,252.049794
-37.49536,8,252.071285
-108.80533,8,252.091081
4.509857,8,252.102855
-118.483662,8,252.129659
2.419728,8,252.141762
9.741581,8,252.158344
-229.954014,8,252.16999
-44.754761,8,252.184489
-5.392969,8,252.203393
-68.246312,8,252.21573
-22.899362,8,252.232767
-0.92153,8,252.250061
-5.250136,8,252.262351
-21.962895,8,252.278115
-71.020273,8,252.289872
7.835201,8,252.305377
-23.900649,8,252.330384
-36.760312,8,252.341141
4.981602,8,252.354516
-5.035059,8,252.364415
-64.467982,8,252.376183
-17.548487,8,252.39056
-85.14635,8,252.403946
-126.740276,8,252.423372
7.852905,8,252.436399
-68.207557,8,252.454013
-23.205044,8,252.468544
-18.008709,8,252.480448
-10.238505,8,252.503038
-124.675138,8,252.517381
-5.053264,8,252.534896
-103.655754,8,252.555077
-1.346213,8,252.566967
-11.208172,8,252.585483
-12.148907,8,252.598166
-56.875323,8,252.613711
-50.605089,8,252.627275
-155.285819,8,252.639575
-88.975299,8,252.651571
-215.254654,8,252.665682
-5.688403,8,252.684444
-47.670234,8,252.704435
-104.774143,8,252.716451
-66.17656,8,252.731873
-96.077387,8,252.741318
-0.050863,8,252.756821
-39.566852,8,252.776596
-60.570252,8,252.786049
-29.245467,8,252.802097
-5.946118,8,252.811874
-63.136897,8,252.827058
-93.272089,8,252.841105
-62.882209,8,252.852888
-5.309704,8,252.870683
-65.937387,8,252.884243
-4.820651,8,252.898001
1.065541,8,252.913938
-96.039484,8,252.924505
-141.390217,8,252.939548
-35.247462,8,252.949582
-24.288959,8,252.953336
-46.537667,8,252.978592
-1.752968,8,252.991855
-109.105106,8,253.007182
2.581439,8,253.018181
-26.688372,8,253.020751
2.902933,8,253.051739
-1.614097,8,253.061563
-36.979125,8,253.077348
-10.86883,8,253.089121
-76.569225,8,253.101276
-43.241706,8,253.117835
-4.419081,8,253.134576
-26.171028,8,253.148545
1.52941,8,253.159222
-3.148837,8,253.174204
-0.374899,8,253.187445
-19.406644,8,253.197199
-2.845059,8,253.219833
2.359841,8,253.232517
-42.234294,8,253.246212
0.030843,8,253.260611
-91.608275,8,253.270143
-111.482933,8,253.285559
-141.011379,8,253.295886
-144.414144,8,253.311126
-11.970225,8,253.324625
-88.44156,8,253.338126
5.859385,8,253.351362
-20.652221,8,253.365248
-2.710664,8,253.382766
-70.987749,8,253.405343
-28.978202,8,253.417387
7.698356,8,253.433184
-89.366207,8,253.446687
-25.305904,8,253.462709
-35.241278,8,253.475587
-79.39592,8,253.485604
-41.854155,8,253.501366
-2.231025,8,253.511379
7.687574,8,253.515125
-138.143636,8,253.541555
-63.630564,8,253.557572
2.619379,8,253.576878
-122.852592,8,253.585633
-26.94021,8,253.600958
-6.275769,8,253.615623
-1.333621,8,253.626379
-34.583168,8,253.64014
-20.62601,8,253.651895
2.603283,8,253.668535
-121.209296,8,253.681997
-33.070128,8,253.689517
-55.399097,8,253.709881
-75.537506,8,253.720865
-23.139323,8,253.735494
-92.739463,8,253.754133
-4.681933,8,253.768874
-5.760772,8,253.784678
-86.663794,8,253.795456
0.62426,8,253.810252
-5.056483,8,253.822603
-51.479868,8,253.822603
-17.695627,8,253.840238
-28.199742,8,253.854262
-44.0469,8,253.867995
-13.380951,8,253.883938
-121.833603,8,253.899977
-58.853852,8,253.921726
-23.990551,8,253.933827
-4.229838,8,253.947626
-99.320649,8,253.963427
1.078696,8,253.973461
-95.91039,8,253.992633
-231.451343,8,254.002646
-62.326295,8,254.013932
-2.588982,8,254.029256
4.597173,8,254.040755
-59.699675,8,254.054843
6.938641,8,254.065599
-107.565107,8,254.078571
-67.567379,8,254.100199
-31.24787,8,254.111954
-63.949311,8,254.129697
-30.401422,8,254.13973
-39.749476,8,254.153514
3.14856,8,254.167292
-78.169441,8,254.177827
-205.333308,8,254.191345
-29.796017,8,254.206584
-36.842434,8,254.216337
-60.837553,8,254.234046
0.74188,8,254.237793
-59.190645,8,254.261992
-42.132022,8,254.269639
-17.888152,8,254.293215
-31.314873,8,254.311002
-5.605663,8,254.324063
-30.123674,8,254.339107
-154.73258,8,254.350118
-40.421037,8,254.362286
-16.121241,8,254.376182
-144.664866,8,254.393867
-121.617132,8,254.403635
-18.908822,8,254.42578
-35.539853,8,254.445528
3.300226,8,254.468718
-24.962618,8,254.489633
-4.729054,8,254.506214
-53.647616,8,254.522818
-164.411937,8,254.549019
-70.890902,8,254.576792
-130.365741,8,254.586807
-26.484952,8,254.60294
-75.960946,8,254.614304
-43.344946,8,254.626265
-4.564208,8,254.653974
-7.924854,8,254.666527
-49.926426,8,254.673808
-2.98136,8,254.689467
-83.290393,8,254.707362
-3.725476,8,254.723212
-25.328064,8,254.802663
-71.68897,8,254.818694
-21.935456,8,254.832902
10.339913,8,254.85101
-123.501114,8,254.872486
0.890885,8,254.881101
-33.782555,8,254.897128
-3.731679,8,254.897128
-13.302478,8,254.919318
-22.127611,8,254.931383
-270.396045,8,254.94551
-80.501302,8,254.969216
-14.32585,8,254.979487
-91.878933,8,254.993619
0.395307,8,255.009742
-56.246464,8,255.022573
3.618719,8,255.037429
1.72068,8,255.040158
-12.222252,8,255.060648
-79.34019,8,255.077345
1.58734,8,255.096442
-65.20659,8,255.113734
-103.336732,8,255.127553
-104.424873,8,255.140579
3.484028,8,255.160493
1.299897,8,255.173009
-86.090498,8,255.18845
-5.056727,8,255.198141
-36.706134,8,255.218787
3.531658,8,255.233625
-100.855858,8,255.243927
-18.570608,8,255.259082
-134.962542,8,255.271766
-87.477972,8,255.288504
-21.275833,8,255.310103
-44.037816,8,255.324811
-10.674299,8,255.341645
-4.188422,8,255.351645
9.955607,8,255.367351
-94.932898,8,255.371355
-72.507806,8,255.387076
-12.475068,8,255.402823
-71.517996,8,255.402823
-2.529454,8,255.432773
-3.201357,8,255.453892
-11.229037,8,255.47189
0.498146,8,255.494011
-23.747503,8,255.502768
-42.821906,8,255.516006
10.495837,8,255.528025
-53.603897,8,255.528025
0.292138,8,255.559919
-23.165161,8,255.569465
-134.972442,8,255.583155
-69.550297,8,255.596189
4.924555,8,255.606421
-11.974353,8,255.617989
-67.417561,8,255.628004
-9.67211,8,255.637505
-18.782616,8,255.665198
-7.22872,8,255.67686
2.869803,8,255.692805
-76.292655,8,255.703806
-49.048254,8,255.704184
-86.340754,8,255.719722
-12.240887,8,255.735853
-23.332981,8,255.751961
-88.1261,8,255.768155
-20.098701,8,255.784019
-6.939415,8,255.80025
-49.491129,8,255.80025
-10.440451,8,255.835578
-75.045689,8,255.848313
-2.990544,8,255.863665
-3.203379,8,255.882453
0.365938,8,255.892538
0.794937,8,255.909347
-1.589672,8,255.920857
-55.68448,8,255.937497
-47.184251,8,255.944158
4.126007,8,255.964821
3.780609,8,255.982179
-61.47692,8,255.998024
-199.711536,8,256.015636
-102.880533,8,256.036345
-92.634488,8,256.051764
-49.412488,8,256.066151
-30.319766,8,256.077353
-58.212082,8,256.093906
-5.498324,8,256.139079
-2.877329,8,256.149346
-6.079214,8,256.167205
-14.231927,8,256.177833
-109.187993,8,256.192736
-5.460489,8,256.204722
-2.187385,8,256.204722
-77.262512,8,256.232697
-7.304375,8,256.243207
-2.785846,8,256.258445
-0.221106,8,256.272205
3.081828,8,256.280214
-1.455244,8,256.295197
-11.64501,8,256.303952
-0.027216,8,256.315183
-27.005508,8,256.332944
-45.125011,8,256.336949
-113.080519,8,256.346939
-167.548256,8,256.362714
-18.165098,8,256.378676
-53.398194,8,256.402538
-171.549097,8,256.410385
-24.435707,8,256.428525
8.415224,8,256.439847
-16.221675,8,256.460414
-22.839057,8,256.476037
-16.35364,8,256.487035
-21.51516,8,256.502552
-122.601459,8,256.512202
4.532978,8,256.526402
-3.835123,8,256.541663
2.100624,8,256.552659
0.030783,8,256.566973
7.332214,8,256.582862
-27.805517,8,256.598741
-86.717962,8,256.61485
-50.391366,8,256.61485
-83.199128,8,256.631011
2.99931,8,256.631011
-18.105578,8,256.666877
-18.652086,8,256.683035
-22.64284,8,256.696872
-0.739201,8,256.71123
2.929005,8,256.724638
-26.487785,8,256.736678
-57.757573,8,256.764171
4.680216,8,256.784519
1.041823,8,256.799914
-83.638596,8,256.813229
-162.24721,8,256.82917
-10.246404,8,256.846965
-104.784092,8,256.858998
3.814292,8,256.880529
-5.968757,8,256.894314
-18.665043,8,256.910103
6.60194,8,256.925897
5.295527,8,256.937936
-21.215861,8,256.963285
-53.123427,8,256.977295
2.258248,8,256.998439
-5.564894,8,257.015971
-136.897345,8,257.027414
-115.136334,8,257.050946
-82.68245,8,257.064348
-20.698182,8,257.081374
3.498422,8,257.105207
-22.166559,8,257.117626
-89.685735,8,257.13941
-18.149362,8,257.158044
-30.663666,8,257.181889
-51.374376,8,257.237625
-107.80079,8,257.251635
-36.714156,8,257.269461
-49.072327,8,257.282011
4.212559,8,257.30185
7.990223,8,257.317893
-161.094113,8,257.329669
2.343114,8,257.348593
-66.504715,8,257.360609
12.567117,8,257.376391
-232.727996,8,257.392188
4.04682,8,257.407454
-13.380367,8,257.425449
-100.613274,8,257.430975
-18.427894,8,257.456019
-66.897119,8,257.471703
-104.774564,8,257.483722
-7.818484,8,257.499526
-38.393214,8,257.512744
-8.973234,8,257.530885
-78.390626,8,257.548962
-68.491057,8,257.566202
-36.755822,8,257.580939
-74.391014,8,257.593209
-76.645373,8,257.602703
-94.167478,8,257.618744
-103.2101,8,257.634653
-2.176507,8,257.652852
-26.527011,8,257.652852
-41.179969,8,257.682782
-140.744206,8,257.698742
-32.252233,8,257.698742
1.581823,8,257.72682
6.81858,8,257.737551
-92.108707,8,257.752776
7.742973,8,257.754203
-17.115853,8,257.769866
-4.213454,8,257.785638
-57.106629,8,257.805652
-8.832354,8,257.819687
-13.099531,8,257.83356
-53.130512,8,257.851598
-3.649358,8,257.86572
4.703843,8,257.86572
-7.256055,8,257.881856
-62.662448,8,257.902013
-3.746027,8,257.913536
-0.365342,8,257.929453
-141.414013,8,257.929453
5.975304,8,257.947579
-21.494092,8,257.977781
0.616979,8,257.992696
-62.067093,8,258.008457
-7.517919,8,258.019463
-7.081713,8,258.034577
-118.019701,8,258.051752
-31.076961,8,258.063549
-2.039149,8,258.079662
4.09503,8,258.090675
-38.009464,8,258.11064
-6.747447,8,258.126009
-3.189626,8,258.137504
-115.142586,8,258.158313
-99.28359,8,258.169329
2.243589,8,258.18425
-40.184643,8,258.189474
-6.88862,8,258.205133
-1.262018,8,258.220947
0.085247,8,258.236992
-14.575896,8,258.253209
-1.904389,8,258.267285
1.243681,8,258.267285
-17.150364,8,258.283366
-29.12201,8,258.301141
-113.375839,8,258.325325
-180.320324,8,258.34412
-158.707792,8,258.358093
-8.97412,8,258.371721
-50.393212,8,258.38276
-68.679515,8,258.39856
-36.208828,8,258.413692
-34.085798,8,258.42825
-109.043651,8,258.444284
-35.155636,8,258.456396
-21.200931,8,258.471942
-0.634989,8,258.487587
1.494492,8,258.498544
8.495877,8,258.518056
-36.237956,8,258.532758
-69.820182,8,258.547623
-4.365964,8,258.562538
-91.946259,8,258.572858
-131.396021,8,258.58654
-63.235799,8,258.597722
-40.72631,8,258.613696
-79.120813,8,258.6317
-29.810735,8,258.643682
-104.751554,8,258.66039
-119.093216,8,258.673905
-84.541953,8,258.689444
0.887319,8,258.710783
-87.767419,8,258.722945
-68.282261,8,258.741882
-2.933955,8,258.753882
5.733022,8,258.76942
-1.550789,8,258.783005
-80.498335,8,258.794544
-33.170235,8,258.810089
-28.136351,8,258.817839
-63.672814,8,258.837544
-8.847826,8,258.863674
-30.120214,8,258.873833
-54.137491,8,258.896829
-2.761093,8,258.910688
0.181313,8,258.922943
10.156196,8,258.943925
1.374035,8,258.961578
-12.93933,8,258.977355
-8.041212,8,258.991515
-24.042823,8,259.009599
-175.31189,8,259.025798
-89.690828,8,259.03958
-32.080315,8,259.057524
-135.147881,8,259.076866
-0.360236,8,259.100301
-130.488096,8,259.124983
-33.872566,8,259.13856
-15.373461,8,259.156159
-4.671,8,259.169497
-48.265226,8,259.182358
-3.671462,8,259.210485
-25.39848,8,259.221485
-194.124043,8,259.240022
-148.650893,8,259.252059
-152.506309,8,259.268852
-47.586291,8,259.284358
-57.861338,8,259.304185
-106.17457,8,259.322509
-41.484068,8,259.331992
-36.730755,8,259.359663
-21.429373,8,259.373593
-104.158095,8,259.389141
-64.322308,8,259.407022
-52.679963,8,259.422272
-27.999187,8,259.439528
-107.87972,8,259.458667
-101.963091,8,259.470872
8.833257,8,259.488806
-61.71278,8,259.495294
-6.707233,8,259.504654
5.293587,8,259.544085
-28.975293,8,259.560617
-4.919556,8,259.57728
-130.854214,8,259.599037
-133.101588,8,259.617329
-112.341595,8,259.636018
-16.440836,8,259.643914
-1.799585,8,259.667176
-28.930209,8,259.682077
-9.974831,8,259.698175
1.664072,8,259.720154
5.375339,8,259.732234
1.342001,8,259.759258
2.281897,8,259.767342
-0.068282,8,259.787501
1.026424,8,259.799416
-39.856969,8,259.817303
7.875586,8,259.831062
-17.631625,8,259.831062
0.433798,8,259.860804
-127.659963,8,259.878522
-59.450484,8,259.878522
-2.857753,8,259.905959
-16.055195,8,259.909962
-43.153601,8,259.930999
-26.465362,8,259.955853
-6.587578,8,259.957618
-3.626822,8,259.978364
-102.462684,8,259.991388
-4.675042,8,260.013853
2.012951,8,260.029332
-8.233161,8,260.040765
-156.653327,8,260.054199
-44.735768,8,260.056347
-97.099212,8,260.073481
-10.272357,8,260.085607
-3.894984,8,260.105871
-10.412176,8,260.133789
-23.150511,8,260.145866
-2.358603,8,260.158657
-135.622981,8,260.171804
-5.981509,8,260.171804
-35.336843,8,260.185854
-142.054628,8,260.20757
-27.622206,8,260.226354
7.226681,8,260.233343
-47.905693,8,260.248578
-69.559996,8,260.262338
-3.322849,8,260.266081
4.766713,8,260.279892
-15.944335,8,260.30975
-11.736673,8,260.317105
-65.055212,8,260.337239
-144.746256,8,260.349716
-5.097241,8,260.359489
-12.758862,8,260.375402
-6.715746,8,260.375402
-54.798828,8,260.391506
-4.341099,8,260.413644
10.626955,8,260.431413
0.569978,8,260.445438
-58.298295,8,260.457197
-173.263866,8,260.474995
-29.757882,8,260.486751
-15.535755,8,260.499988
-38.832594,8,260.514744
-7.272807,8,260.524497
-2.081787,8,260.542863
3.585933,8,260.554386
-87.189991,8,260.568179
-112.745449,8,260.581678
-13.576262,8,260.587694
-10.659625,8,260.605717
-80.37074,8,260.616947
-13.063581,8,260.630185
-35.789739,8,260.654941
0.076504,8,260.667822
-35.630056,8,260.681616
-135.322934,8,260.691389
-56.385442,8,260.707181
-81.858492,8,260.719422
-28.007198,8,260.729603
-150.580229,8,260.743525
-165.216952,8,260.757047
-23.70457,8,260.770805
-1.923354,8,260.78846
-16.418688,8,260.798489
-113.585656,8,260.81646
-6.106449,8,260.828357
-54.45034,8,260.841593
-73.876338,8,260.85535
-1.357059,8,260.865582
-73.165694,8,260.881102
-77.776123,8,260.881102
-119.973618,8,260.908676
-75.287913,8,260.922174
-91.683125,8,260.932665
-35.049874,8,260.946165
-97.340199,8,260.954174
-3.527442,8,260.960252
1.058316,8,260.992343
-60.455021,8,260.992343
-10.612479,8,261.017766
-105.797405,8,261.028139
-77.471418,8,261.043096
-40.829622,8,261.056333
-11.454635,8,261.067968
-69.742787,8,261.080945
-37.542829,8,261.095443
-128.611276,8,261.107458
7.456306,8,261.119428
-173.312038,8,261.135367
-12.06868,8,261.153829
-0.253668,8,261.164123
-47.759112,8,261.180176
-84.810084,8,261.197974
-3.788402,8,261.207889
-57.690031,8,261.223652
-140.758259,8,261.233147
-89.064745,8,261.249164
-110.128078,8,261.262662
-111.234666,8,261.272424
-37.509695,8,261.285659
-164.194458,8,261.295672
-7.791151,8,261.310959
-96.560665,8,261.329842
-64.057225,8,261.342225
-71.645192,8,261.357402
-74.373226,8,261.368131
-6.759371,8,261.38496
-23.63413,8,261.39965
-28.839229,8,261.416739
-89.905981,8,261.441495
-38.368595,8,261.460632
5.467117,8,261.477477
-69.44995,8,261.494109
-16.498702,8,261.510805
-86.40353,8,261.539539
1.649092,8,261.551545
-5.499127,8,261.570982
-52.203153,8,261.587729
-12.437703,8,261.599795
-1.236013,8,261.616125
-1.655904,8,261.633707
-7.822742,8,261.654545
-36.423055,8,261.682342
-10.025133,8,261.705076
-1.641173,8,261.725075
-2.481078,8,261.746072
-148.741799,8,261.771953
-14.813143,8,261.798775
-49.734423,8,261.816744
-25.841853,8,261.834597
3.591956,8,261.852578
-1.330115,8,261.870513
-156.361322,8,261.888257
-94.790948,8,261.900759
-38.561066,8,261.917608
-92.120979,8,261.929525
-60.511827,8,261.946635
-11.57257,8,261.967703
-73.224107,8,261.979596
-141.229909,8,261.999846
-61.313385,8,262.013626
-135.744313,8,262.029728
-124.533939,8,262.045708
-31.664394,8,262.062054
-2.652257,8,262.077621
-26.976364,8,262.089842
-27.180825,8,262.106362
0.99243,8,262.121853
-39.37264,8,262.13462
1.215945,8,262.151564
-22.248729,8,262.167681
-86.191747,8,262.186917
-79.841215,8,262.209494
-31.510957,8,262.221002
-24.563798,8,262.234538
-45.575821,8,262.245953
-5.456494,8,262.259991
6.088155,8,262.278834
4.741018,8,262.290175
1.580396,8,262.303932
-28.977998,8,262.315167
-2.27117,8,262.330255
-81.587637,8,262.344959
-2.451411,8,262.354973
-76.251744,8,262.372213
8.539938,8,262.386159
4.396359,8,262.399272
-89.642281,8,262.413287
-11.960929,8,262.423317
-46.293262,8,262.437359
-9.175859,8,262.449134
-50.488844,8,262.464609
0.554358,8,262.478647
-41.550023,8,262.492159
1.755098,8,262.504343
-68.384286,8,262.514355
3.941856,8,262.529859
-6.895803,8,262.547364
-54.765787,8,262.55912
-8.027954,8,262.574504
-95.013596,8,262.584996
-1.041201,8,262.598969
-88.138907,8,262.614945
-19.525436,8,262.626959
-25.783583,8,262.640716
-10.768266,8,262.650475
-22.366638,8,262.664917
-16.770489,8,262.677835
-6.799199,8,262.697153
0.60207,8,262.719368
-98.340795,8,262.731409
4.67323,8,262.744999
-127.717227,8,262.758499
-57.078402,8,262.768252
-56.357045,8,262.783497
11.186992,8,262.785498
-10.774604,8,262.805043
-20.841508,8,262.819591
-44.959945,8,262.833393
-0.718285,8,262.849077
-109.999331,8,262.849077
-52.613103,8,262.875537
-74.860977,8,262.894616
5.372955,8,262.905804
-31.545254,8,262.911551
-3.576897,8,262.93355
-69.138273,8,262.943432
-58.526058,8,262.959498
-79.092286,8,262.963211
-8.945896,8,262.975507
-46.551527,8,262.995704
-33.816122,8,263.007337
-156.974366,8,263.021369
-26.059298,8,263.035567
0.369007,8,263.057027
-18.74233,8,263.057027
-4.459815,8,263.083048
-42.040718,8,263.086803
3.849045,8,263.102816
-128.974981,8,263.11871
-88.447414,8,263.11871
-131.704111,8,263.14092
-41.944882,8,263.165312
-4.863171,8,263.177465
-14.231531,8,263.194218
3.422093,8,263.207873
-12.916705,8,263.224987
-44.382598,8,263.244107
-24.937119,8,263.260361
-5.280021,8,263.275828
3.574367,8,263.289996
-2.116607,8,263.304255
7.294728,8,263.318846
-25.536357,8,263.33213
-105.948994,8,263.343977
-48.650592,8,263.35526
-11.763501,8,263.372904
-28.515188,8,263.394017
-3.365398,8,263.405467
-73.528333,8,263.424948
1.495922,8,263.431382
-35.256733,8,263.445346
-33.157406,8,263.470986
-30.704437,8,263.483148
-122.744761,8,263.498802
-39.022025,8,263.513055
-19.523289,8,263.528906
1.645201,8,263.536661
-91.028304,8,263.552349
5.010692,8,263.552349
-28.869563,8,263.568355
-37.825599,8,263.588326
-13.90119,8,263.612268
-54.777692,8,263.62561
-136.328496,8,263.637844
-159.641504,8,263.650167
1.642916,8,263.666279
1.281849,8,263.680016
-1.470956,8,263.690031
-175.400049,8,263.70356
-40.127793,8,263.711176
-48.02885,8,263.737133
-96.365784,8,263.74283
4.445687,8,263.758555
-57.481941,8,263.78044
-10.387845,8,263.798852
-60.571983,8,263.814668
2.897159,8,263.831156
-82.203934,8,263.846828
-169.501545,8,263.865077
-21.307528,8,263.879124
-44.244971,8,263.899302
-40.730887,8,263.916537
-80.105857,8,263.930297
-0.549673,8,263.951857
0.536661,8,263.970903
3.466097,8,263.994825
-51.918192,8,264.022552
-49.353614,8,264.04009
-1.566448,8,264.05886
-34.091014,8,264.077176
5.460719,8,264.092943
-15.616659,8,264.111194
-2.111212,8,264.127678
-33.654787,8,264.148976
-12.771109,8,264.164619
-8.132876,8,264.186886
-71.172204,8,264.214362
-25.426138,8,264.230127
6.190346,8,264.241888
-61.132062,8,264.255795
10.576228,8,264.271816
-79.843193,8,264.29795
-62.825922,8,264.307733
-80.686183,8,264.321493
2.023782,8,264.332994
-42.579608,8,264.346491
-39.790848,8,264.362254
6.599856,8,264.371093
6.615653,8,264.384176
-77.938633,8,264.398224
1.569593,8,264.414296
-1.490469,8,264.430454
-96.73715,8,264.446637
-14.829499,8,264.462487
-111.955016,8,264.462487
-23.828016,8,264.480624
-35.850856,8,264.496751
-15.651004,8,264.520718
-39.971738,8,264.5361
-6.976159,8,264.545854
-78.786016,8,264.557562
-155.211726,8,264.569769
-75.760507,8,264.582051
-67.999899,8,264.602614
-85.744678,8,264.615504
-18.971461,8,264.633268
-46.085382,8,264.647038
-163.754709,8,264.654063
-114.709212,8,264.675694
1.490719,8,264.68573
-170.287166,8,264.695765
-108.684267,8,264.711659
3.36677,8,264.721414
-19.712113,8,264.740746
-48.999335,8,264.748772
-41.801606,8,264.764435
-13.479794,8,264.785964
-100.393822,8,264.797198
2.114065,8,264.810985
-17.953191,8,264.822647
-73.126092,8,264.836333
-126.212476,8,264.854387
-88.587776,8,264.866105
6.253697,8,264.879888
-33.559896,8,264.889659
-70.949202,8,264.9049
-0.185697,8,264.919667
5.216881,8,264.934664
6.602907,8,264.954528
4.252078,8,264.967778
-14.381226,8,264.984271
7.675514,8,264.998668
-63.562207,8,265.008069
-17.343979,8,265.023569
-4.375331,8,265.033062
-150.383083,8,265.046297
5.564323,8,265.060052
-1.730593,8,265.075444
-30.038687,8,265.09079
-71.27844,8,265.100788
-82.889954,8,265.113867
6.239086,8,265.134791
-0.110259,8,265.144546
-23.486713,8,265.160266
-75.897203,8,265.174325
-21.215506,8,265.189829
1.136291,8,265.203327
-24.366716,8,265.215334
-46.769822,8,265.230215
-17.615679,8,265.241116
-20.24265,8,265.254911
-89.002539,8,265.272367
-14.579123,8,265.283864
-11.918204,8,265.304462
-19.628528,8,265.3166
-35.531142,8,265.321008
-56.345801,8,265.336463
-31.19653,8,265.352681
-109.503585,8,265.368654
-38.365326,8,265.368654
-108.220442,8,265.399229
-42.24766,8,265.414638
-54.798603,8,265.421023
-7.263649,8,265.436785
-72.619808,8,265.436785
-91.286548,8,265.452802
-47.930809,8,265.468814
-26.31956,8,265.484763
-39.490371,8,265.500869
6.24994,8,265.516937
-25.321956,8,265.53585
-65.706262,8,265.548846
-84.43994,8,265.550856
5.861192,8,265.564928
-153.560191,8,265.581029
-28.161186,8,265.597161
-30.641958,8,265.608243
-6.963877,8,265.621008
-16.855348,8,265.634819
-44.63252,8,265.644771
-5.036987,8,265.658255
-29.298025,8,265.675849
-0.884736,8,265.675849
-100.252441,8,265.689678
-42.025872,8,265.712533
6.526962,8,265.729293
-50.27179,8,265.738295
-102.390198,8,265.738295
5.662668,8,265.767208
4.443914,8,265.779785
5.953782,8,265.79886
-10.254599,8,265.822415
-11.858204,8,265.837641
-44.564225,8,265.856238
-40.49276,8,265.868144
-20.449743,8,265.883958
-39.341372,8,265.900074
5.156606,8,265.914388
-7.079605,8,265.931131
-75.968133,8,265.944161
-12.976077,8,265.965592
-116.189505,8,265.981036
-16.203502,8,265.993702
-107.172537,8,266.014251
-64.910902,8,266.027046
-105.238369,8,266.042011
-122.544715,8,266.055012
-29.780045,8,266.068443
-13.442826,8,266.086237
-37.297653,8,266.096261
-25.410848,8,266.11176
-19.025249,8,266.126606
-67.569989,8,266.137602
-78.993645,8,266.153105
-24.40687,8,266.162598
-18.367179,8,266.1748
-123.55767,8,266.200207
-26.652508,8,266.209964
-51.312637,8,266.221982
-114.794507,8,266.221982
-95.908925,8,266.248788
-151.399344,8,266.264706
-79.471519,8,266.275404
-5.908538,8,266.289439
2.738286,8,266.305223
-130.790032,8,266.323345
-15.73832,8,266.339821
-2.875857,8,266.351821
-6.529324,8,266.37151
-6.972764,8,266.384701
-6.101448,8,266.400678
-51.277861,8,266.416789
-30.931325,8,266.432232
-18.442174,8,266.448021
-21.387193,8,266.460539
1.172916,8,266.478306
-178.970763,8,266.493776
-21.788669,8,266.50812
-41.080926,8,266.531289
-58.374152,8,266.546309
-134.746115,8,266.563356
-14.736009,8,266.588936
3.004794,8,266.601046
-103.512283,8,266.616843
-77.618781,8,266.62888
-86.759729,8,266.64833
-20.878137,8,266.66658
-84.597475,8,266.668587
-29.300305,8,266.679848
-14.01132,8,266.697675
-12.230787,8,266.711786
-37.86475,8,266.736174
-42.455055,8,266.755462
-27.822539,8,266.775973
-23.192179,8,266.78043
-147.112139,8,266.794161
-8.281625,8,266.821081
-118.87712,8,266.833701
-59.672451,8,266.845397
-21.290396,8,266.861735
-17.901966,8,266.877647
0.978175,8,266.891754
-135.190066,8,266.91094
-43.770093,8,266.927575
-48.797444,8,266.939799
-9.652066,8,266.956641
-22.358222,8,266.977582
-39.890775,8,266.991742
-17.651605,8,267.008465
-133.614076,8,267.010949
-6.189646,8,267.034263
-0.028803,8,267.044371
2.938082,8,267.06083
-38.350418,8,267.077075
-28.652547,8,267.091863
-14.7468,8,267.104825
-6.963887,8,267.120104
-85.724576,8,267.121017
-67.650968,8,267.148979
1.611039,8,267.156746
-123.347504,8,267.176724
-149.416792,8,267.192517
0.693894,8,267.206561
-111.33393,8,267.216197
-2.491092,8,267.216197
-73.898277,8,267.234252
-3.110797,8,267.248314
-29.449945,8,267.266464
-0.428059,8,267.280507
-24.634506,8,267.280507
0.316616,8,267.299624
-63.75801,8,267.330121
-46.837564,8,267.340209
-32.465979,8,267.34384
2.968713,8,267.361425
-143.717976,8,267.37552
-72.725743,8,267.395689
5.906765,8,267.405432
-44.157028,8,267.419591
-116.610324,8,267.434096
-14.88809,8,267.448795
-170.696868,8,267.46492
-24.596783,8,267.476345
-39.062103,8,267.494247
-39.706607,8,267.504847
-223.345039,8,267.524045
-44.258021,8,267.542845
-103.77765,8,267.555429
-34.15818,8,267.571003
-91.019691,8,267.577523
-59.668535,8,267.594208
-110.867765,8,267.610802
-14.455275,8,267.622998
-21.583757,8,267.638638
-209.060554,8,267.644154
-64.07152,8,267.673044
-69.778309,8,267.697799
-19.531304,8,267.716589
-86.717541,8,267.732589
-150.737925,8,267.743585
-55.599608,8,267.755585
-97.092174,8,267.775109
-122.009398,8,267.787344
-113.162689,8,267.804296
-111.196525,8,267.816207
-17.333856,8,267.833253
-25.060541,8,267.851053
-280.42262,8,267.863328
-31.133291,8,267.88888
-37.223795,8,267.902813
-64.232495,8,267.918324
-17.005449,8,267.933563
-95.628169,8,267.945209
4.875082,8,267.958688
-67.984756,8,267.970727
-6.840619,8,267.986524
2.656578,8,268.006
-8.959654,8,268.01757
-65.678497,8,268.032207
4.909073,8,268.044286
0.247945,8,268.060901
-56.180859,8,268.082803
-101.692343,8,268.094476
4.613208,8,268.113905
-47.189849,8,268.127512
-3.458821,8,268.141973
-113.413433,8,268.159278
-87.958508,8,268.171963
-116.940594,8,268.178419
-19.496756,8,268.195388
-23.844042,8,268.210617
-16.271366,8,268.2275
-44.984643,8,268.242728
-42.483741,8,268.260931
-59.836702,8,268.277084
-128.115977,8,268.292727
-42.365202,8,268.309426
-72.144914,8,268.32201
6.594409,8,268.339889
-138.202562,8,268.351888
-141.352147,8,268.365745
-120.657749,8,268.380797
2.840195,8,268.392589
-140.849803,8,268.402468
-17.872265,8,268.41821
-66.284803,8,268.43176
-23.733148,8,268.455588
-85.731532,8,268.467353
-110.101962,8,268.481134
-86.799556,8,268.493178
-63.829219,8,268.506968
-21.684907,8,268.520757
-28.078255,8,268.528528
-38.552792,8,268.544232
-119.697669,8,268.555916
-15.868266,8,268.565939
-89.810884,8,268.58163
-39.836835,8,268.593405
-39.314389,8,268.624924
-201.366648,8,268.634938
-51.079889,8,268.656811
-16.74752,8,268.677133
-60.286431,8,268.687829
-163.77583,8,268.702881
3.663497,8,268.702881
-95.453849,8,268.722631
-103.761995,8,268.73468
-3.28193,8,268.750716
-35.454819,8,268.766585
-66.949962,8,268.782621
-21.712798,8,268.814378
-64.275986,8,268.835995
-0.26683,8,268.837833
-79.109007,8,268.853211
-6.677948,8,268.872562
7.048471,8,268.885232
-49.209658,8,268.903339
-20.240643,8,268.92258
-117.016218,8,268.953024
-76.808274,8,268.971525
2.692153,8,268.990409
-30.057079,8,268.996558
-2.770592,8,269.028379
0.739778,8,269.048295
-1.560491,8,269.060201
-178.168185,8,269.07869
-0.322134,8,269.094214
-38.777721,8,269.105456
-10.556112,8,269.12296
-1.459323,8,269.138724
-34.543442,8,269.188321
-20.461793,8,269.210085
-101.489873,8,269.223263
-48.344365,8,269.235007
-23.401265,8,269.252747
1.767129,8,269.264504
-90.156123,8,269.288299
2.618501,8,269.300839
-17.130592,8,269.31608
-78.55701,8,269.327843
3.912082,8,269.347609
-0.270188,8,269.363194
-8.5226,8,269.375232
-37.55831,8,269.391027
-7.950509,8,269.402514
-32.301235,8,269.417835
-25.764258,8,269.431528
-18.033284,8,269.441837
-19.543727,8,269.463003
-4.619676,8,269.474621
-11.596267,8,269.490665
-200.357069,8,269.506051
-48.90922,8,269.516086
-130.635018,8,269.531884
-11.7478,8,269.543249
-17.546433,8,269.553012
-17.217503,8,269.573394
-0.550343,8,269.585162
-117.497108,8,269.60017
-24.932349,8,269.610361
-7.436887,8,269.630194
-21.734222,8,269.651633
-28.159058,8,269.660986
-2.497888,8,269.677503
-128.655708,8,269.694193
-17.519087,8,269.710946
-10.921249,8,269.727611
-90.494353,8,269.741776
-43.702559,8,269.758839
-13.857867,8,269.771073
-23.121452,8,269.79198
3.71475,8,269.807505
-114.901683,8,269.818492
-141.051195,8,269.841096
-11.296312,8,269.853093
0.730504,8,269.866739
-33.437552,8,269.881411
-11.723852,8,269.894946
-72.431806,8,269.910343
-4.306451,8,269.924383
-61.041669,8,269.941872
-29.333644,8,269.957634
-113.012263,8,269.965384
9.146467,8,269.981263
-66.168262,8,269.994648
7.259537,8,270.012147
-12.85933,8,270.033855
-43.314899,8,270.04361
-15.621346,8,270.05937
-5.635974,8,270.070863
-22.31482,8,270.084244
-35.938696,8,270.100004
-8.248544,8,270.114021
5.360426,8,270.12898
-122.76662,8,270.138566
-211.432595,8,270.150043
-18.37002,8,270.163761
-54.75841,8,270.173238
-6.847963,8,270.191461
1.931348,8,270.20296
-33.568119,8,270.216699
-7.355436,8,270.236206
-19.934868,8,270.245959
-44.010553,8,270.261195
-40.86577,8,270.271276
-51.600307,8,270.286515
-1.682981,8,270.300012
-28.809849,8,270.311998
-2.889694,8,270.327172
-184.330623,8,270.34416
3.232751,8,270.354883
-53.150803,8,270.377595
-129.960528,8,270.390811
-2.165435,8,270.408483
-24.241526,8,270.421032
-135.319165,8,270.438802
-45.513413,8,270.459514
-26.574877,8,270.472185
-89.253732,8,270.489812
-1.456062,8,270.494196
-0.241572,8,270.518745
-27.006643,8,270.527503
-21.597038,8,270.544166
-81.309668,8,270.566849
7.329524,8,270.581792
-40.338166,8,270.587704
-131.728387,8,270.611784
-22.999387,8,270.621784
-10.357687,8,270.636661
-46.396762,8,270.647827
-6.400544,8,270.663488
-43.226075,8,270.683618
-109.719302,8,270.696744
-101.250807,8,270.711528
-41.806131,8,270.723703
-19.186614,8,270.739573
-1.30543,8,270.759873
-212.470441,8,270.770883
-128.65755,8,270.791003
-105.801608,8,270.802628
-102.669717,8,270.818489
2.191988,8,270.833884
-15.066611,8,270.845709
-97.82784,8,270.861764
8.739465,8,270.872027
-1.346185,8,270.891081
0.053174,8,270.904489
-1.164705,8,270.917203
-5.861958,8,270.935714
3.468058,8,270.948841
-6.653996,8,270.967686
-157.376163,8,270.984538
-93.77122,8,271.001781
-66.517235,8,271.021117
-107.512832,8,271.035674
-88.129527,8,271.053229
0.053119,8,271.070574
-16.652353,8,271.082606
-46.354017,8,271.100692
-75.936432,8,271.121553
-5.798989,8,271.144725
5.830729,8,271.172198
-22.929986,8,271.189869
-53.710958,8,271.207605
-17.314733,8,271.226526
-8.93533,8,271.251478
-156.834253,8,271.268619
-125.373353,8,271.286208
0.453492,8,271.305162
-17.632704,8,271.330534
-13.883275,8,271.356191
-35.587625,8,271.381151
-22.030891,8,271.39779
2.141312,8,271.418881
-98.295015,8,271.418881
-20.203267,8,271.450928
-83.065312,8,271.46669
-23.892546,8,271.481035
-28.258201,8,271.497752
-5.817454,8,271.509436
-62.754853,8,271.525691
-67.476823,8,271.545063
-0.930804,8,271.555773
-85.93199,8,271.573358
-33.269,8,271.584691
-26.120037,8,271.606155
-38.178803,8,271.626372
-9.047052,8,271.637819
-51.025349,8,271.651583
-38.620149,8,271.667104
-8.373278,8,271.682657
-109.496227,8,271.696278
-110.946924,8,271.707506
-3.518591,8,271.723242
-143.489796,8,271.732592
-2.186828,8,271.746727
-59.470147,8,271.760879
-9.260626,8,271.776539
-45.82049,8,271.796792
-96.920279,8,271.807373
-113.196622,8,271.823202
-140.008641,8,271.838812
-61.534247,8,271.8499
-13.947915,8,271.863163
1.858984,8,271.871081
-134.324489,8,271.890107
-36.09026,8,271.903225
-34.5697,8,271.903225
-1.167227,8,271.919245
-108.521725,8,271.937145
-64.269168,8,271.958576
-39.62739,8,271.985726
-66.514919,8,272.000061
-47.344038,8,272.014458
-24.875086,8,272.021653
-24.569217,8,272.040694
-59.682564,8,272.062281
-48.887608,8,272.076202
-189.184691,8,272.096471
1.69711,8,272.10966
-118.774184,8,272.127701
-34.905145,8,272.146287
-71.458083,8,272.158515
-98.51087,8,272.177762
-22.916906,8,272.192014
-65.497237,8,272.21069
-63.147301,8,272.221599
-6.005171,8,272.221599
-76.562806,8,272.237503
-21.419874,8,272.253473
0.915763,8,272.269479
-92.454499,8,272.287756
-40.268828,8,272.301796
3.060658,8,272.301796
-122.461235,8,272.319959
-43.989792,8,272.336115
7.754569,8,272.349796
-70.176309,8,272.367885
-27.244559,8,272.381845
-3.252924,8,272.397854
-66.590232,8,272.413939
-97.366066,8,272.413939
-78.569977,8,272.440059
-68.257852,8,272.456238
-18.649047,8,272.466005
-2.476098,8,272.477778
-28.34252,8,272.477778
-0.913092,8,272.507662
2.815958,8,272.525519
-56.954229,8,272.525519
-36.187866,8,272.556991
-48.142885,8,272.57099
-34.403784,8,272.582615
6.653861,8,272.592637
3.936081,8,272.609605
-13.857609,8,272.624398
-99.438479,8,272.637805
-0.516663,8,272.650204
4.287626,8,272.662193
3.07876,8,272.679651
-5.569065,8,272.694357
-11.372164,8,272.710925
-26.194714,8,272.729669
-5.346926,8,272.744322
-68.111527,8,272.758627
-92.556541,8,272.777565
-115.226326,8,272.794056
-35.902374,8,272.806191
-113.773951,8,272.820187
-14.455173,8,272.821191
-65.253939,8,272.837371
-8.4693,8,272.85323
-12.738627,8,272.869365
2.84289,8,272.889315
3.272206,8,272.900612
7.549079,8,272.906353
-24.718213,8,272.929663
-0.791824,8,272.939157
-0.334379,8,272.953396
-40.906781,8,272.963407
2.358767,8,272.976999
-84.462328,8,272.992768
-69.56209,8,273.006791
-3.916183,8,273.010536
-108.772573,8,273.034547
-27.138761,8,273.05005
-38.604904,8,273.068018
5.022668,8,273.074057
-70.300061,8,273.090161
-65.066738,8,273.105855
-78.629818,8,273.123626
-11.307478,8,273.139888
-30.727847,8,273.150888
-32.776656,8,273.164726
-146.414508,8,273.175503
1.274017,8,273.189003
-90.765887,8,273.201025
-6.0204,8,273.213322
-68.867973,8,273.233098
-103.645406,8,273.245139
-46.789266,8,273.258904
-48.996833,8,273.274684
-51.77729,8,273.286988
-38.928047,8,273.300926
-73.622394,8,273.311812
-63.799656,8,273.329615
5.764004,8,273.345132
-46.987551,8,273.356895
-107.309085,8,273.372674
-37.786316,8,273.382425
-27.858543,8,273.400418
-84.192669,8,273.422071
-91.710051,8,273.443911
5.734607,8,273.46346
-65.973476,8,273.481382
2.254961,8,273.503888
-18.399643,8,273.524795
6.187063,8,273.549519
-50.845653,8,273.571999
-93.746509,8,273.587792
2.011279,8,273.607955
-21.018676,8,273.624259
-90.145659,8,273.638306
-24.894591,8,273.677988
-22.63323,8,273.694423
-6.636377,8,273.718137
-22.86378,8,273.739805
-156.698901,8,273.752339
-4.081855,8,273.776397
3.445864,8,273.793288
-2.214458,8,273.816421
-104.641955,8,273.835999
-106.30699,8,273.85032
-99.631054,8,273.873116
-17.5868,8,273.893932
-5.959971,8,273.913752
-53.280876,8,273.938392
-117.435185,8,273.953187
-22.88468,8,273.969131
-40.480143,8,273.985141
-24.153243,8,274.000968
-36.402553,8,274.029378
-38.216223,8,274.043062
2.928889,8,274.059304
-63.789409,8,274.070841
2.132046,8,274.08809
-86.120878,8,274.108586
-3.828744,8,274.128468
-70.941847,8,274.154176
-29.302988,8,274.167867
-4.696879,8,274.183933
-84.200864,8,274.199356
-16.472264,8,274.212863
2.207594,8,274.23252
-117.044629,8,274.244975
0.484637,8,274.260571
-11.643035,8,274.276634
-46.790317,8,274.288424
-21.850727,8,274.302211
-68.345145,8,274.314246
-192.140039,8,274.330037
-16.163199,8,274.353785
-37.646554,8,274.365022
-98.717287,8,274.382689
-74.916968,8,274.393896
-3.590907,8,274.408624
-70.362318,8,274.423675
-6.692634,8,274.43371
6.512085,8,274.447498
-41.144095,8,274.462129
-1.379109,8,274.47718
-3.921074,8,274.490951
-55.711172,8,274.506717
-70.202381,8,274.522696
-67.196974,8,274.535832
-62.772921,8,274.551628
-7.771422,8,274.568233
-68.896662,8,274.577271
-11.238736,8,274.596361
-24.749059,8,274.609557
-30.872791,8,274.627521
4.315796,8,274.646986
5.23682,8,274.660644
0.497594,8,274.684708
-134.5889,8,274.69769
-62.787845,8,274.716837
-21.748608,8,274.7427
-80.916713,8,274.75675
-18.449264,8,274.776828
-21.692497,8,274.790815
-138.474378,8,274.807658
9.123541,8,274.825171
-71.785774,8,274.837835
-111.499497,8,274.853818
5.436008,8,274.866175
-21.573709,8,274.882249
-78.15614,8,274.901853
-18.555829,8,274.913688
-49.135951,8,274.934088
3.567672,8,274.94601
2.799087,8,274.954521
-87.108439,8,274.976408
-36.15052,8,274.985413
-116.394187,8,275.003736
4.924326,8,275.01566
-66.217888,8,275.031386
-92.91697,8,275.037808
-51.091105,8,275.057306
4.890018,8,275.072448
-51.399615,8,275.084477
-15.586668,8,275.084477
-15.147036,8,275.123693
-20.595948,8,275.132187
-101.776545,8,275.14815
4.72004,8,275.160569
-3.226209,8,275.164073
-35.437703,8,275.189034
-33.720698,8,275.198285
-78.779158,8,275.212029
0.014984,8,275.224045
-30.662084,8,275.233798
-0.925828,8,275.243923
-0.667239,8,275.259749
2.386501,8,275.277545
-71.357931,8,275.297105
0.811386,8,275.312608
4.649903,8,275.326365
-137.711221,8,275.339597
-4.857205,8,275.353094
-97.832171,8,275.364516
0.622415,8,275.378274
-111.991198,8,275.391142
-1.061606,8,275.403181
-31.446443,8,275.416959
-32.833806,8,275.426993
10.518215,8,275.445558
-28.75953,8,275.465976
-67.514857,8,275.476011
6.454949,8,275.489384
-70.105025,8,275.501424
-136.831807,8,275.514732
-19.850144,8,275.52844
-1.84575,8,275.538466
-49.800025,8,275.55301
-20.186932,8,275.566556
-95.695998,8,275.581942
-15.713402,8,275.597985
-119.183235,8,275.609755
-36.519711,8,275.619516
-9.197388,8,275.639371
-35.618012,8,275.655295
-16.785673,8,275.669694
-8.161683,8,275.682692
-3.277588,8,275.698453
-37.039897,8,275.714278
-29.641684,8,275.729964
-68.191113,8,275.75669
-46.304101,8,275.761764
-54.053067,8,275.78521
-89.765018,8,275.795226
-30.902457,8,275.808988
-106.1835,8,275.831804
-27.290218,8,275.844931
-5.105862,8,275.862887
-47.697839,8,275.876813
-91.586491,8,275.900138
-30.510211,8,275.916733
-42.960743,8,275.921223
-1.01942,8,275.936663
-6.444768,8,275.960562
-132.468249,8,275.973492
-129.736829,8,275.98766
-35.914181,8,276.012345
-1.413056,8,276.033255
-125.751108,8,276.048818
-47.669157,8,276.066689
-12.729277,8,276.085688
-25.90393,8,276.113839
-0.482548,8,276.140887
-24.09647,8,276.161556
-61.75189,8,276.171246
0.567256,8,276.204163
5.208776,8,276.212161
-46.623393,8,276.245415
-72.183724,8,276.25905
-33.362788,8,276.274372
-37.973027,8,276.290169
-46.726203,8,276.306097
-147.997172,8,276.322057
-49.861641,8,276.3353
5.905987,8,276.353357
-0.619816,8,276.369292
1.072447,8,276.385385
-40.772177,8,276.403153
-91.798196,8,276.416217
-8.236923,8,276.434124
1.980789,8,276.448006
3.691231,8,276.466701
-5.596125,8,276.486307
-2.051552,8,276.499663
-127.101231,8,276.516852
-52.386287,8,276.532254
-29.231748,8,276.543453
-69.256413,8,276.559218
-146.545318,8,276.578028
-29.057743,8,276.595104
-18.463197,8,276.609811
-7.150726,8,276.618811
-5.242918,8,276.631275
-261.648945,8,276.641292
-86.277699,8,276.6547
-39.996994,8,276.679547
4.844121,8,276.689515
-72.532187,8,276.70559
-8.470331,8,276.721619
-12.704149,8,276.738041
-83.465829,8,276.738506
-2.024248,8,276.755558
-133.384115,8,276.77427
4.659925,8,276.789021
-57.322995,8,276.805011
-156.405189,8,276.821576
6.27663,8,276.838281
-107.165943,8,276.857289
-65.657758,8,276.874066
-27.234924,8,276.88835
-102.966203,8,276.904869
-99.487504,8,276.921674
2.215557,8,276.941003
-16.437108,8,276.955842
-38.1811,8,276.972545
2.026331,8,276.988244
-100.277222,8,277.004927
-52.202951,8,277.029846
-27.382701,8,277.044208
-28.351012,8,277.061253
-45.932593,8,277.082518
4.372703,8,277.096791
-185.708946,8,277.114035
-120.344944,8,277.126584
-79.302331,8,277.150012
10.757323,8,277.173457
-61.72826,8,277.194773
4.327736,8,277.213898
-31.510077,8,277.226432
-53.740192,8,277.242329
3.066052,8,277.26268
11.224513,8,277.274595
-23.132736,8,277.29521
-54.675296,8,277.307151
-49.614142,8,277.320169
-21.752494,8,277.33202
-5.13357,8,277.347965
-28.396712,8,277.367214
-18.518123,8,277.378994
5.131517,8,277.393042
-92.942791,8,277.40899
6.809526,8,277.419023
-106.992781,8,277.420532
-2.394114,8,277.436414
-2.818206,8,277.452161
12.98104,8,277.483885
-18.744156,8,277.497443
-192.021285,8,277.513468
-1.391785,8,277.522967
-64.143264,8,277.534987
-20.871829,8,277.54648
-38.689644,8,277.558522
-1.293672,8,277.570304
-34.055273,8,277.585761
-53.880126,8,277.601497
-51.187099,8,277.616928
11.665356,8,277.626961
2.901715,8,277.646558
-10.685409,8,277.658595
-28.486213,8,277.674618
-10.498466,8,277.697515
-65.133469,8,277.709799
-120.636128,8,277.725601
9.159085,8,277.736601
-11.636046,8,277.750654
10.582171,8,277.76597
-30.847855,8,277.777545
-30.124289,8,277.792013
-45.977226,8,277.806755
-43.694267,8,277.818757
-97.280748,8,277.837811
-49.390813,8,277.839821
-39.221912,8,277.853451
-33.57757,8,277.876265
-44.633621,8,277.891975
-4.529293,8,277.907605
-5.16957,8,277.924372
-46.46621,8,277.941464
-0.425669,8,277.956638
-6.115675,8,277.976176
-28.24948,8,277.993851
5.213341,8,278.007112
-45.522772,8,278.027791
-3.83059,8,278.055537
-124.789628,8,278.075197
-75.255705,8,278.094327
-83.456601,8,278.110566
1.544441,8,278.127556
-1.324406,8,278.141872
-132.456629,8,278.162971
-5.046345,8,278.207367
-62.715041,8,278.225688
-26.164785,8,278.24289
-146.598571,8,278.260556
-42.164082,8,278.28797
-3.471686,8,278.31206
-74.608275,8,278.32737
-3.594144,8,278.346228
-118.70231,8,278.366533
6.773954,8,278.395306
4.319346,8,278.419867
3.988753,8,278.427343
-19.654338,8,278.45664
-11.573135,8,278.474214
3.484636,8,278.493914
-27.70077,8,278.521902
-8.067825,8,278.542181
3.468979,8,278.567974
7.607174,8,278.583605
-25.824827,8,278.599541
-25.995715,8,278.625927
-8.452716,8,278.641227
-24.916229,8,278.661043
-45.286452,8,278.672816
-5.449277,8,278.691356
-14.641438,8,278.708388
-39.433833,8,278.7214
7.429288,8,278.740188
-0.90925,8,278.753291
-54.501673,8,278.770201
-82.883921,8,278.789721
-4.509486,8,278.801852
-2.282043,8,278.819655
-21.216803,8,278.831586
-23.539807,8,278.851102
-6.543488,8,278.866129
-1.876396,8,278.877148
-96.37417,8,278.891934
-6.74815,8,278.904432
-12.75973,8,278.918189
-141.050165,8,278.933725
-8.699699,8,278.947883
-74.948113,8,278.963695
-5.707613,8,278.97912
-16.231783,8,278.993219
-8.858914,8,279.005955
1.855537,8,279.014954
-123.66295,8,279.027442
-111.831869,8,279.036954
3.12917,8,279.050521
2.712559,8,279.071248
-13.79227,8,279.084415
-45.935802,8,279.100107
-75.314211,8,279.120227
-22.838985,8,279.141608
-97.4075,8,279.163346
-17.641363,8,279.17944
-109.906282,8,279.195215
-115.404287,8,279.195215
-48.712327,8,279.211217
1.33635,8,279.22695
-155.363175,8,279.244195
-42.761279,8,279.258042
-58.214908,8,279.280006
-23.14405,8,279.28986
-159.635164,8,279.30766
-17.346358,8,279.321674
5.263734,8,279.341883
0.655702,8,279.349894
-21.063022,8,279.364876
-5.664564,8,279.371628
-38.029222,8,279.385439
3.546853,8,279.41025
-33.425901,8,279.420746
-57.748658,8,279.433319
-58.090489,8,279.447207
-19.168026,8,279.460731
-84.532574,8,279.477396
-113.141324,8,279.492943
-141.60799,8,279.505105
-95.046368,8,279.527845
-13.181102,8,279.546
-10.576007,8,279.561557
-205.761149,8,279.572598
-99.959174,8,279.588878
-99.558607,8,279.608625
-43.761497,8,279.621305
-6.115593,8,279.637877
-123.423072,8,279.642115
-38.142426,8,279.661011
-75.64361,8,279.683695
-36.784054,8,279.694287
-30.213903,8,279.716684
-27.453515,8,279.734934
-53.634506,8,279.752094
-40.695506,8,279.768593
-54.288055,8,279.781294
-19.609988,8,279.794472
2.910681,8,279.809721
-94.217783,8,279.825383
-29.310071,8,279.844514
-8.946218,8,279.856724
-38.486372,8,279.871105
-34.886352,8,279.882733
-41.222598,8,279.897103
-12.134295,8,279.913324
-0.968839,8,279.927382
-149.92906,8,279.943986
-92.539282,8,279.957724
-65.226831,8,279.960733
-2.286727,8,279.97735
-44.469985,8,279.994076
-83.321473,8,280.010883
-86.530036,8,280.022362
-30.558,8,280.027455
-128.935941,8,280.044073
-56.667854,8,280.060769
-8.363605,8,280.077486
5.003922,8,280.094167
-21.458323,8,280.110684
-174.879258,8,280.125362
-30.156667,8,280.127454
3.23706,8,280.139754
-14.337941,8,280.157091
7.425134,8,280.174041
-13.270279,8,280.197118
-86.96037,8,280.208846
-57.654104,8,280.221673
-30.534356,8,280.223677
-63.88861,8,280.248318
-0.191708,8,280.26806
-52.29923,8,280.272082
-3.771836,8,280.29924
-25.74321,8,280.310588
0.376209,8,280.328901
-49.508375,8,280.343425
-22.010316,8,280.358763
-79.961213,8,280.372083
-56.8569,8,280.372083
-6.119266,8,280.407595
4.160096,8,280.423257
-20.19211,8,280.440015
-22.890389,8,280.460361
-18.401194,8,280.474246
-27.365327,8,280.491906
-32.220669,8,280.510583
-84.165619,8,280.52534
-123.919627,8,280.542104
-69.728091,8,280.554616
-0.604155,8,280.573248
-10.084698,8,280.589935
-33.47083,8,280.594338
-20.591805,8,280.612455
-1.826738,8,280.627753
-25.052011,8,280.644421
1.546002,8,280.661249
-176.397757,8,280.677797
5.434549,8,280.69524
10.087744,8,280.710885
-36.150092,8,280.733752
-54.197171,8,280.756668
-33.311361,8,280.762707
9.744955,8,280.777437
-32.636116,8,280.796502
-8.205508,8,280.812952
-25.277343,8,280.827458
-48.464173,8,280.840064
-6.042111,8,280.860827
5.390457,8,280.877411
-17.858918,8,280.894067
-75.043669,8,280.910652
-1.098733,8,280.93319
-166.436609,8,280.943768
-70.852557,8,280.967021
-52.414697,8,280.99108
-112.982447,8,281.010718
-39.396542,8,281.022681
-11.665121,8,281.041891
-9.524128,8,281.055874
-196.208416,8,281.072551
-2.009254,8,281.089049
-81.037189,8,281.105594
-96.308553,8,281.126622
1.979017,8,281.139411
-146.118052,8,281.156163
4.865986,8,281.172369
-59.644427,8,281.190131
-26.686088,8,281.205704
-130.118619,8,281.222626
-54.665833,8,281.231642
-19.138663,8,281.255363
-1.917012,8,281.255704
-30.171718,8,281.2872
-213.591699,8,281.299603
-76.455742,8,281.320557
3.561788,8,281.334582
-28.532096,8,281.334582
-3.483418,8,281.350803
-39.917579,8,281.366862
-54.243688,8,281.382615
-41.760105,8,281.405753
-81.315453,8,281.42321
8.658382,8,281.438858
-94.056859,8,281.450947
-1.913216,8,281.471249
-67.381907,8,281.493224
-46.980997,8,281.505033
-106.686088,8,281.518259
-35.022678,8,281.534819
-139.429108,8,281.540723
-30.393079,8,281.568792
-38.20961,8,281.579781
-137.54224,8,281.58781
-0.224499,8,281.60583
-19.013082,8,281.623942
-48.118361,8,281.639528
-33.327274,8,281.655777
-205.007264,8,281.67204
-72.732035,8,281.688579
-2.615837,8,281.704717
2.913432,8,281.705032
-5.6833,8,281.721817
-151.781428,8,281.738546
-123.463322,8,281.755177
-48.702901,8,281.773003
-75.416295,8,281.787852
7.376821,8,281.796479
-25.653701,8,281.806422
-36.174143,8,281.821722
-37.91936,8,281.837923
-76.842116,8,281.857059
1.762656,8,281.871819
-105.392033,8,281.888274
1.035023,8,281.904622
-67.762195,8,281.9204
-31.976373,8,281.92173
-52.896589,8,281.938937
-52.61525,8,281.955276
3.418769,8,281.971707
-4.190778,8,281.988242
-138.041769,8,282.005367
-1.769729,8,282.005367
-23.218282,8,282.037982
-95.200531,8,282.054124
-6.204778,8,282.072309
-19.12457,8,282.099259
3.108124,8,282.112933
-41.168813,8,282.12013
-3.43487,8,282.136163
-88.431066,8,282.167572
-39.956418,8,282.191883
-2.539594,8,282.208682
-19.279064,8,282.224897
-120.976769,8,282.238973
-126.541413,8,282.255702
-3.301301,8,282.273887
-73.760464,8,282.289103
-13.830641,8,282.307662
-40.932292,8,282.323631
-66.78794,8,282.34217
-43.929539,8,282.362449
-83.325146,8,282.376714
-5.172635,8,282.396375
3.645169,8,282.408138
-20.59731,8,282.425921
-79.47865,8,282.4433
-98.65921,8,282.457704
-41.390541,8,282.478263
-23.785411,8,282.490469
-157.073564,8,282.507106
-36.927955,8,282.523498
5.081463,8,282.540745
-5.252216,8,282.557226
-165.898311,8,282.557226
-44.430595,8,282.573781
-32.287162,8,282.59053
-131.289087,8,282.606673
-27.069406,8,282.623719
-6.192474,8,282.640239
-61.125687,8,282.657318
4.404988,8,282.68211
-126.474832,8,282.690522
3.232731,8,282.710933
-90.230621,8,282.721269
-48.578838,8,282.736546
-6.441913,8,282.737842
-30.400517,8,282.766995
-10.85801,8,282.773669
-178.790278,8,282.790282
-106.517934,8,282.807018
2.001629,8,282.823839
-16.205868,8,282.823839
-140.613018,8,282.855928
-74.666442,8,282.872104
-5.956825,8,282.888717
-101.471466,8,282.890353
-23.492229,8,282.906897
-48.38147,8,282.923449
-52.137534,8,282.940868
-92.874563,8,282.940868
-36.956856,8,282.957195
-6.068238,8,282.978913
-86.96829,8,282.995302
-15.472296,8,283.006757
-169.123175,8,283.023743
-29.498913,8,283.040539
-11.226584,8,283.056937
-40.982178,8,283.085448
-77.996608,8,283.097335
-23.628947,8,283.121394
-52.109593,8,283.148943
-149.248438,8,283.164853
-74.998798,8,283.193895
-50.600961,8,283.204826
-166.715552,8,283.233498
-61.354574,8,283.255097
-3.542842,8,283.269041
-6.795119,8,283.301991
-28.292751,8,283.325201
-119.17515,8,283.346671
-32.692461,8,283.36507
-37.040112,8,283.381769
-155.040018,8,283.404615
0.017643,8,283.417351
-0.677492,8,283.437905
-60.528933,8,283.462019
-3.483614,8,283.477014
-3.42331,8,283.481031
4.446333,8,283.499533
-19.663183,8,283.532483
-172.081147,8,283.557082
-152.863012,8,283.569445
2.343092,8,283.589146
-112.030198,8,283.590455
-70.043899,8,283.607087
-53.430074,8,283.623398
-42.324621,8,283.643543
-20.18494,8,283.672444
-38.73708,8,283.687986
-71.871809,8,283.70845
-49.966931,8,283.727936
-19.743453,8,283.7448
-124.407511,8,283.774305
-56.043932,8,283.791028
-105.481355,8,283.810688
-14.031391,8,283.827839
-36.945461,8,283.844846
-13.076065,8,283.865322
-119.778276,8,283.88792
-20.095049,8,283.907701
-72.544666,8,283.927977
-124.635498,8,283.944607
-114.974772,8,283.969177
-68.781302,8,283.978043
-122.592247,8,284.008627
-66.893229,8,284.033501
-16.203147,8,284.052711
-125.390446,8,284.06993
-164.150381,8,284.083803
-13.788353,8,284.099053
-75.108249,8,284.119268
0.18978,8,284.131876
-96.032039,8,284.148734
-161.73597,8,284.160811
-114.476827,8,284.176345
4.201467,8,284.192081
-46.713601,8,284.203604
-98.583951,8,284.227506
-121.965967,8,284.239169
-27.084863,8,284.253751
-46.79999,8,284.268687
-142.558474,8,284.280009
-90.206698,8,284.294157
-65.575522,8,284.305786
-58.891699,8,284.318309
-17.681253,8,284.336612
0.792808,8,284.347322
-30.795922,8,284.361232
8.134204,8,284.370768
-42.676896,8,284.388415
-110.6093,8,284.406291
-13.764709,8,284.421865
-138.641662,8,284.442874
-119.377606,8,284.457006
-33.33477,8,284.471438
-6.431611,8,284.474058
-6.108588,8,284.490926
-85.791045,8,284.510175
-125.251737,8,284.523595
-1.496972,8,284.54308
-11.236313,8,284.561609
-3.316166,8,284.576308
-63.95049,8,284.59962
1.502295,8,284.61172
-72.986455,8,284.628759
-111.104459,8,284.647818
-42.580594,8,284.659582
-1.323156,8,284.683854
-23.302458,8,284.690332
-89.568843,8,284.707215
-26.685386,8,284.728928
-18.351845,8,284.740552
-2.834784,8,284.740552
-171.9816,8,284.757287
6.204025,8,284.773791
-89.43068,8,284.807075
-24.223826,8,284.807075
-118.913287,8,284.823619
-0.325355,8,284.840292
-34.206876,8,284.856993
-202.987051,8,284.873015
-2.142941,8,284.87502
-34.28218,8,284.891131
-5.306613,8,284.907261
-10.422043,8,284.92353
-85.096308,8,284.940663
-73.702046,8,284.956665
-24.470135,8,284.972631
-24.886216,8,284.988321
-79.642735,8,285.00911
-90.399867,8,285.022607
-39.655455,8,285.036681
8.649098,8,285.057759
-65.10486,8,285.07235
-0.931378,8,285.088945
-4.763053,8,285.109584
-56.5498,8,285.132572
-125.768928,8,285.148891
-36.298354,8,285.160891
7.018619,8,285.181067
-62.963326,8,285.22221
-139.211745,8,285.243996
-7.617304,8,285.264284
-56.493719,8,285.274731
-10.221407,8,285.290913
-114.334305,8,285.308026
-139.098293,8,285.321348
-77.785683,8,285.338965
-45.126597,8,285.342668
-41.869273,8,285.372736
1.617153,8,285.393882
-106.053874,8,285.407917
-87.648698,8,285.426672
-21.646974,8,285.437678
-77.911752,8,285.455637
-52.26306,8,285.473599
-69.427528,8,285.485722
-15.862865,8,285.503854
-23.481515,8,285.503854
-69.101493,8,285.533513
-6.06917,8,285.533513
5.105105,8,285.55145
-29.313767,8,285.56518
0.069757,8,285.590435
-38.337337,8,285.612679
-80.650089,8,285.64449
-24.694097,8,285.658311
-2.100883,8,285.681973
-2.460736,8,285.70234
-43.672729,8,285.720705
-91.277536,8,285.74884
10.355429,8,285.76201
-89.672453,8,285.784045
-22.557507,8,285.798975
-29.660868,8,285.822453
-12.560253,8,285.845692
-4.073351,8,285.866897
-42.9795,8,285.897141
11.016128,8,285.921475
-48.119645,8,285.936935
-48.339198,8,285.940523
-9.669727,8,285.957286
-30.663154,8,285.973039
-39.385391,8,285.990273
-157.005351,8,286.013772
-80.347846,8,286.023315
-1.814674,8,286.042412
-11.995505,8,286.065117
-16.995262,8,286.079447
-71.518977,8,286.098078
-117.503202,8,286.125656
-63.057673,8,286.143053
-28.475852,8,286.162722
-0.577894,8,286.175385
-46.578953,8,286.192657
-71.908261,8,286.208976
2.362194,8,286.221393
-78.900908,8,286.240037
-69.346424,8,286.261032
1.252537,8,286.281472
-29.849288,8,286.300155
-93.156949,8,286.312994
-11.298088,8,286.334886
-26.156943,8,286.354903
-3.227696,8,286.373461
-150.187316,8,286.392051
0.358048,8,286.415055
-115.090001,8,286.435438
-32.08844,8,286.448136
-37.205903,8,286.463721
-11.748011,8,286.519428
-5.614813,8,286.55008
-7.85873,8,286.591949
-49.706525,8,286.616857
-235.735291,8,286.642518
-1.317654,8,286.678034
-26.436571,8,286.70556
-46.28296,8,286.734946
-39.535384,8,286.753823
-116.833851,8,286.777527
-57.456241,8,286.799646
0.918261,8,286.81652
-130.696407,8,286.849446
-92.434457,8,286.87062
-31.099738,8,286.891879
-37.004873,8,286.923484
-116.307748,8,286.954922
-2.464393,8,286.984072
-21.638866,8,287.000732
-4.873883,8,287.021093
-156.849259,8,287.054754
-102.589968,8,287.066759
-84.089967,8,287.086442
-7.714035,8,287.10087
-38.849512,8,287.123413
-117.926092,8,287.144414
-11.3808,8,287.163412
-26.898155,8,287.185442
-19.586777,8,287.20007
-37.419756,8,287.218716
-5.085522,8,287.242874
-40.322049,8,287.256867
-47.639566,8,287.281255
-171.597553,8,287.295933
-65.289337,8,287.313477
-18.867162,8,287.334061
2.821533,8,287.348836
5.331667,8,287.367768
-1.410678,8,287.38628
-118.945256,8,287.405762
-66.526809,8,287.424409
-68.171605,8,287.439252
-75.381669,8,287.465803
-74.548801,8,287.487803
-38.966032,8,287.50515
-10.56945,8,287.523377
-168.113215,8,287.540056
-100.040679,8,287.560731
-41.030569,8,287.573516
-0.172486,8,287.591314
-133.788437,8,287.612894
-87.231159,8,287.625441
-10.689612,8,287.64505
-10.252219,8,287.660939
-99.719371,8,287.680563
-124.049557,8,287.704267
-130.46871,8,287.722454
-5.454742,8,287.742153
-76.805029,8,287.755792
0.775717,8,287.77404
-38.354169,8,287.792094
-125.409539,8,287.805471
-28.526309,8,287.828393
-19.371881,8,287.842114
-8.481655,8,287.86074
-84.102041,8,287.878418
-87.368463,8,287.893141
-27.1576,8,287.916794
-90.52706,8,287.944095
-95.514886,8,287.971415
-55.588385,8,287.999952
-33.869397,8,288.015951
-40.853359,8,288.042515
-75.219634,8,288.062448
-1.672058,8,288.086966
-65.787476,8,288.112552
-24.222952,8,288.1349
-36.297757,8,288.166069
-160.899659,8,288.171076
-14.510946,8,288.204582
-5.473384,8,288.229686
-41.447969,8,288.239418
-57.719372,8,288.249454
-82.27007,8,288.281756
-43.698584,8,288.30158
-3.092551,8,288.326931
-20.860073,8,288.330931
-82.263369,8,288.360708
-73.389829,8,288.378718
-10.880593,8,288.402114
-26.112567,8,288.418464
0.035854,8,288.424584
-33.046698,8,288.452278
-9.864682,8,288.466593
-4.911923,8,288.484768
-13.422554,8,288.509037
-112.225671,8,288.526942
-20.555982,8,288.542942
-54.473996,8,288.559065
-95.109071,8,288.577077
-50.901443,8,288.606871
-92.199059,8,288.627407
-68.101119,8,288.656816
-63.57427,8,288.677462
-25.345948,8,288.697455
-118.451298,8,288.729487
0.280437,8,288.743155
-62.44202,8,288.766808
0.98491,8,288.781107
5.004768,8,288.803024
-28.001379,8,288.828468
-62.227948,8,288.846195
-41.356992,8,288.867812
-27.179921,8,288.883305
-23.611796,8,288.907915
3.015246,8,288.933552
-95.961572,8,288.951574
-225.09492,8,288.979548
-129.75119,8,288.996997
2.839651,8,289.02435
0.336084,8,289.05291
-29.295379,8,289.068785
-3.636897,8,289.092933
-68.753305,8,289.108876
-111.878413,8,289.129881
-18.924562,8,289.156589
-83.921679,8,289.174238
-58.995899,8,289.198819
-74.116935,8,289.214211
1.899505,8,289.235213
-8.033507,8,289.265238
-57.128784,8,289.282939
-2.75478,8,289.305096
-35.957335,8,289.318668
-5.784717,8,289.339893
-73.453652,8,289.362798
5.760333,8,289.380474
-90.419146,8,289.398305
-81.112623,8,289.413589
-43.788212,8,289.434467
-0.700446,8,289.458964
-92.749682,8,289.485146
-85.811725,8,289.513544
-4.892996,8,289.531543
-1.77834,8,289.552917
1.129548,8,289.579548
-5.598817,8,289.594774
-29.188079,8,289.609937
6.557272,8,289.623718
-119.433369,8,289.641343
2.769497,8,289.661564
2.154873,8,289.676791
-69.088179,8,289.699445
-0.522624,8,289.713057
-60.755514,8,289.733349
-53.24659,8,289.759264
-2.848822,8,289.772265
-55.214902,8,289.796852
-59.537507,8,289.812313
-92.498454,8,289.83108
2.263469,8,289.847651
-117.978852,8,289.860946
-160.083106,8,289.880683
-110.563496,8,289.891979
-25.590826,8,289.915598
-75.830219,8,289.933017
-32.387219,8,289.942727
-12.84972,8,289.972216
1.038775,8,289.98653
-7.172424,8,290.005169
-14.441058,8,290.03292
-28.526528,8,290.048938
-13.515109,8,290.070176
-100.977021,8,290.082958
-6.476779,8,290.09914
-21.114,8,290.117138
-18.020827,8,290.130837
-83.385527,8,290.152316
-65.002974,8,290.168204
3.783834,8,290.191068
-101.209587,8,290.212725
4.135913,8,290.224751
-13.534704,8,290.243299
-22.178382,8,290.260569
-17.385315,8,290.279126
12.877082,8,290.29567
-64.059764,8,290.30626
-1.815962,8,290.322242
-8.100121,8,290.32277
-9.167246,8,290.347906
-4.132244,8,290.353656
7.382907,8,290.380162
-28.834118,8,290.592867
-57.203011,8,290.617041
6.228821,8,290.642042
-26.499001,8,290.669628
-54.472244,8,290.699937
-4.080028,8,290.729501
-87.007135,8,290.750502
-16.644414,8,290.779229
-23.18425,8,290.809616
-83.583125,8,290.824494
-120.126925,8,290.846894
-123.96615,8,290.864818
-198.562308,8,290.892289
-70.991465,8,290.926093
-27.370512,8,290.944174
-49.690654,8,290.967179
0.386266,8,290.989623
-6.396432,8,291.012823
-5.684338,8,291.044215
-50.480191,8,291.063026
0.353024,8,291.083748
-8.797114,8,291.095152
-9.376515,8,291.118665
-39.320948,8,291.144684
4.017834,8,291.159317
-195.023289,8,291.179127
-2.0323,8,291.194869
-33.850257,8,291.204313
-17.526325,8,291.228433
-47.312535,8,291.236185
2.190823,8,291.258363
-31.344917,8,291.270572
-102.587696,8,291.286581
-100.30987,8,291.303538
0.958751,8,291.316183
7.346628,8,291.322521
-79.830925,8,291.346605
-62.367852,8,291.354354
-49.511231,8,291.373174
-32.059634,8,291.389289
-32.418784,8,291.407555
-2.278293,8,291.424305
-124.180527,8,291.424305
-131.000331,8,291.440073
-127.045876,8,291.463613
-24.184246,8,291.471623
-52.865776,8,291.493691
-17.468256,8,291.507884
-24.352458,8,291.525195
-60.604008,8,291.536928
-17.171889,8,291.549762
-58.130063,8,291.564029
-70.21962,8,291.581968
-58.842634,8,291.59451
-131.369939,8,291.609304
-25.240461,8,291.621359
-112.039499,8,291.625339
-122.572257,8,291.647702
6.909184,8,291.66231
2.141323,8,291.674225
3.37965,8,291.693249
-116.88372,8,291.71284
-14.422997,8,291.730464
-59.953698,8,291.750299
-112.323966,8,291.756349
-34.022994,8,291.781666
-12.464671,8,291.795294
-15.783266,8,291.818238
-39.593775,8,291.834285
-74.971549,8,291.848289
-12.54405,8,291.866314
-44.120555,8,291.880549
-3.105326,8,291.902411
4.788325,8,291.927837
-28.059704,8,291.946191
-153.407725,8,291.969779
7.829752,8,291.98628
-91.648364,8,292.005827
-88.24114,8,292.026175
-4.819613,8,292.042476
-83.917039,8,292.059473
-44.830614,8,292.064475
1.45914,8,292.084165
-97.120737,8,292.099343
-87.143837,8,292.109867
-9.36916,8,292.130384
-47.238994,8,292.147479
-28.762403,8,292.164031
-2.568253,8,292.190205
-43.373434,8,292.195839
6.837827,8,292.226057
-98.564049,8,292.244073
-141.694118,8,292.258657
-59.317355,8,292.275543
-50.6894,8,292.286145
-100.250669,8,292.305293
-72.766282,8,292.31746
-55.956271,8,292.332328
-99.28159,8,292.345122
-47.945166,8,292.355883
-48.376998,8,292.382307
-107.7085,8,292.397364
-58.255987,8,292.410952
-159.668117,8,292.427424
-13.786029,8,292.439356
-62.104238,8,292.456045
-32.990049,8,292.472646
-39.970867,8,292.489389
0.331028,8,292.50349
-11.08959,8,292.516408
-44.156707,8,292.533611
-45.446421,8,292.546606
-118.329779,8,292.563865
4.266931,8,292.59403
-13.803939,8,292.60907
-54.860751,8,292.627449
-159.82235,8,292.643591
-122.987493,8,292.66337
-4.846121,8,292.687185
-113.206594,8,292.702561
2.20117,8,292.722711
-33.010856,8,292.737079
-39.106876,8,292.756085
-7.100295,8,292.775556
-10.710562,8,292.797176
-4.740952,8,292.819144
-148.419139,8,292.836153
-117.57694,8,292.854858
-17.34544,8,292.869958
-29.232179,8,292.883821
-43.245909,8,292.909556
-48.40158,8,292.923588
7.042627,8,292.94219
-85.906035,8,292.96273
0.183447,8,292.977516
-6.23678,8,292.998278
-68.714575,8,293.01731
0.751175,8,293.043535
-64.749278,8,293.068058
-0.836065,8,293.082354
-23.797579,8,293.099465
-41.980186,8,293.11933
-32.347521,8,293.14031
-7.680205,8,293.162811
-23.944147,8,293.180047
3.605886,8,293.200227
-21.879458,8,293.2155
-18.432541,8,293.250447
-1.406382,8,293.275376
-5.07026,8,293.293198
-87.281177,8,293.328635
-57.758313,8,293.349338
-0.210362,8,293.375193
-2.799534,8,293.396593
-24.252484,8,293.420014
-10.345429,8,293.448693
-106.232981,8,293.468341
-77.512847,8,293.49676
-18.226562,8,293.523561
-7.938165,8,293.546611
-116.696433,8,293.578781
-67.230826,8,293.593656
-47.343359,8,293.612422
-69.220886,8,293.636679
-20.360178,8,293.65316
-0.358479,8,293.677826
-28.468551,8,293.692229
-72.199846,8,293.708859
-93.680509,8,293.727286
-17.938579,8,293.740917
-19.434265,8,293.765509
-85.920982,8,293.785169
-135.359496,8,293.806136
-23.074504,8,293.824126
-65.944135,8,293.837126
-8.5527,8,293.858466
-117.825742,8,293.87052
2.501761,8,293.887638
-99.899049,8,293.911081
-3.761569,8,293.925091
1.361384,8,293.942389
-120.080491,8,293.954973
6.535031,8,293.972089
-16.785203,8,293.98596
-36.710374,8,293.999239
-69.750967,8,294.01633
-61.547202,8,294.028467
-70.848293,8,294.045423
-22.573627,8,294.065879
-12.552322,8,294.07775
-85.371913,8,294.09392
-123.662079,8,294.106007
-99.384038,8,294.127389
-95.907762,8,294.1472
-4.063471,8,294.162384
-41.34582,8,294.178749
-29.82889,8,294.191041
2.387915,8,294.211616
4.184991,8,294.238003
-113.962242,8,294.256325
-29.967308,8,294.281989
-17.175994,8,294.299742
-10.984424,8,294.317243
4.797988,8,294.336013
-37.506295,8,294.348918
-33.655272,8,294.364373
-35.411472,8,294.37672
-30.778704,8,294.393312
-73.135139,8,294.410996
2.197716,8,294.422731
-128.910203,8,294.442334
-89.269457,8,294.454241
-22.43328,8,294.471336
-41.229062,8,294.492206
-42.31813,8,294.503881
-102.287652,8,294.519202
-21.325415,8,294.530949
-3.469073,8,294.546996
1.880123,8,294.56583
-80.220337,8,294.577837
-0.245102,8,294.595349
-36.099107,8,294.609987
-9.418843,8,294.627632
-51.697851,8,294.642589
-23.797248,8,294.655545
-1.793641,8,294.680544
-159.617389,8,294.691544
-42.947555,8,294.707821
-29.02293,8,294.72603
-11.052686,8,294.738245
2.963414,8,294.753911
-35.306152,8,294.765222
-112.828366,8,294.775961
-5.154429,8,294.797743
-38.042132,8,294.809929
-32.415053,8,294.825602
-88.212448,8,294.836601
-182.957965,8,294.851669
-2.64589,8,294.876
-36.38269,8,294.891416
-148.970297,8,294.913561
-11.794608,8,294.926724
-95.276006,8,294.942976
7.283606,8,294.957484
-59.004969,8,294.971545
-15.430248,8,294.989223
-8.244282,8,294.989223
-186.618764,8,295.027748
-5.781529,8,295.043573
-67.639992,8,295.058213
1.730332,8,295.082512
-24.100269,8,295.097496
-60.527641,8,295.116674
0.860025,8,295.139323
7.026864,8,295.153066
4.23807,8,295.172675
1.49875,8,295.185771
-14.303211,8,295.200911
-8.025299,8,295.217105
-51.703642,8,295.227109
-31.849451,8,295.246798
11.283851,8,295.257433
-20.900401,8,295.277875
-52.449,8,295.29954
-19.495859,8,295.312865
-41.810628,8,295.329205
-16.419233,8,295.347428
-48.3233,8,295.36597
-32.842384,8,295.38368
-57.935233,8,295.39726
-44.466806,8,295.415909
-15.230529,8,295.426581
8.354209,8,295.441576
-21.354056,8,295.46048
7.825822,8,295.471487
1.77346,8,295.49462
-46.049472,8,295.507094
-41.14455,8,295.523539
1.96389,8,295.540204
-21.215271,8,295.553295
-44.286119,8,295.568953
-34.782722,8,295.586863
-17.329906,8,295.605863
-15.116299,8,295.62386
-16.092529,8,295.635861
-2.691022,8,295.659863
-55.467853,8,295.674594
-150.386038,8,295.696241
2.155638,8,295.720812
-43.853142,8,295.735087
5.991116,8,295.753172
-135.552131,8,295.769335
-14.261569,8,295.80024
-1.755553,8,295.820624
-166.021003,8,295.835032
-59.539409,8,295.853231
-121.334214,8,295.866625
-67.319163,8,295.885628
1.546894,8,295.91293
-4.696459,8,295.930607
-4.229658,8,295.957946
-22.692487,8,295.978941
-19.977845,8,296.003427
-1.118312,8,296.030703
-42.068135,8,296.044362
-91.148714,8,296.063005
7.213679,8,296.078666
-10.222588,8,296.096657
-152.568844,8,296.119066
-8.633516,8,296.133632
-63.569882,8,296.150252
2.288874,8,296.162661
6.15434,8,296.178034
-130.860145,8,296.200025
-3.431133,8,296.212205
4.068811,8,296.228251
-59.7132,8,296.244049
-17.415606,8,296.261875
-1.349114,8,296.283297
1.635155,8,296.296296
-18.255025,8,296.315296
-10.075367,8,296.334044
-61.92335,8,296.358864
10.230704,8,296.382579
-72.252032,8,296.403094
-77.4001,8,296.429711
-6.604198,8,296.443269
5.920262,8,296.463935
-11.513981,8,296.48173
-46.669426,8,296.496447
-34.236185,8,296.51613
-21.635429,8,296.533132
-43.491127,8,296.551687
-22.058057,8,296.569577
-5.980883,8,296.586996
-131.568686,8,296.604022
-130.766817,8,296.616996
-1.053268,8,296.636
3.009599,8,296.656443
-8.230505,8,296.669433
-73.128246,8,296.691702
-61.848576,8,296.705958
-46.640081,8,296.724597
-79.931643,8,296.741671
-91.593421,8,296.754947
-55.1172,8,296.772573
-52.148248,8,296.786568
-1.012915,8,296.809049
-49.477984,8,296.827664
-15.446307,8,296.840663
-16.333969,8,296.863575
-15.494569,8,296.877221
5.036586,8,296.893553
-18.74105,8,296.917018
-6.981647,8,296.930583
-67.197791,8,296.953265
-4.220393,8,296.967348
-37.744237,8,296.987634
-8.347291,8,297.003395
7.796398,8,297.021563
-8.785371,8,297.040247
-85.251774,8,297.054247
2.902579,8,297.072602
-44.642963,8,297.095599
1.633469,8,297.1086
6.114056,8,297.130603
-91.632664,8,297.144679
-53.957997,8,297.164062
-33.183185,8,297.18258
-98.887242,8,297.195579
6.186323,8,297.213928
-76.625128,8,297.227582
-33.738282,8,297.250297
-0.953509,8,297.26787
-5.318139,8,297.281922
8.779548,8,297.311486
-14.326451,8,297.331809
-1.486893,8,297.356451
-38.144713,8,297.375601
-78.400004,8,297.389241
8.055278,8,297.408238
-17.637821,8,297.420238
-30.718019,8,297.438835
-31.984275,8,297.460368
-26.083155,8,297.477608
-90.089299,8,297.496604
9.141359,8,297.510602
-4.237952,8,297.532125
-21.187086,8,297.557946
-140.57192,8,297.568948
-210.281553,8,297.586661
-30.629103,8,297.599278
-91.967439,8,297.615884
-10.02677,8,297.634881
-55.655926,8,297.648277
-37.458554,8,297.669935
-6.599778,8,297.682613
-34.140514,8,297.700497
-33.531362,8,297.718942
3.403147,8,297.73194
2.746055,8,297.755125
2.290188,8,297.768371
-1.855012,8,297.79127
-31.564093,8,297.808958
-65.766015,8,297.822637
-125.604674,8,297.84263
-67.69599,8,297.855117
-134.186623,8,297.872681
-58.641405,8,297.894237
3.736521,8,297.907955
-57.073068,8,297.925623
-257.369422,8,297.93836
2.852135,8,297.956989
-180.773342,8,297.97968
-67.442998,8,297.992259
2.205049,8,298.016047
-17.169635,8,298.031707
-62.250747,8,298.054272
-21.107643,8,298.07181
-15.796451,8,298.085815
4.63287,8,298.103331
-46.905589,8,298.128147
-143.184446,8,298.14815
-117.831074,8,298.170147
3.392776,8,298.185146
-18.251882,8,298.21208
-4.353996,8,298.232664
-74.240801,8,298.25326
-69.580845,8,298.275952
-2.079083,8,298.295314
-157.511364,8,298.325648
-5.930594,8,298.342262
-32.141207,8,298.414972
-1.232434,8,298.441368
-21.119111,8,298.457999
-66.223118,8,298.478568
-25.021857,8,298.491562
-54.325494,8,298.507982
-12.248315,8,298.53072
-44.454734,8,298.547294
-14.897918,8,298.567606
-39.241049,8,298.583186
-162.235969,8,298.60232
-47.673801,8,298.620314
-95.738645,8,298.635315
-225.479969,8,298.658331
-21.264054,8,298.672321
-90.187109,8,298.691916
-10.651019,8,298.710989
-65.313523,8,298.727621
0.037344,8,298.752276
-25.454239,8,298.769982
-71.844149,8,298.788325
-24.163359,8,298.806936
-91.859344,8,298.820027
-1.327676,8,298.837023
-15.189684,8,298.850395
4.074488,8,298.872632
-83.215986,8,298.89135
-25.454573,8,298.904949
-90.4706,8,298.921588
-89.652088,8,298.934695
-7.605555,8,298.952689
-3.675681,8,298.981668
-64.071016,8,298.995332
-107.52896,8,299.019397
-152.962772,8,299.036159
-18.723741,8,299.061922
-99.871219,8,299.076661
-4.052678,8,299.093864
-1.72107,8,299.112418
-10.533271,8,299.128758
1.876323,8,299.146756
-159.595189,8,299.164756
-0.828922,8,299.178697
-29.55798,8,299.204987
-50.533091,8,299.220081
-95.87003,8,299.237707
-18.602641,8,299.254356
1.995589,8,299.268355
-7.947674,8,299.290971
-37.297082,8,299.31017
0.580022,8,299.330634
-57.423954,8,299.350173
-23.534028,8,299.365286
-90.485976,8,299.386288
-30.391906,8,299.400034
-1.872454,8,299.418001
-3.564177,8,299.450399
5.982785,8,299.464062
-83.51379,8,299.48306
-41.773088,8,299.496566
-24.847066,8,299.514088
-29.34466,8,299.54043
-12.445017,8,299.55342
-68.583642,8,299.57088
-11.104687,8,299.588165
-68.812374,8,299.605166
-2.882096,8,299.625165
-86.635816,8,299.644166
-2.489651,8,299.670964
4.673419,8,299.690326
-10.003443,8,299.708973
-69.998329,8,299.729724
-4.8452,8,299.744382
3.25067,8,299.767769
-118.826169,8,299.782337
4.478919,8,299.802294
-39.606557,8,299.822834
-1.058202,8,299.837833
-146.848994,8,299.860765
-0.311279,8,299.87817
-13.007108,8,299.903401
6.904371,8,299.928952
-96.959543,8,299.94363
-0.348662,8,299.962184
0.663482,8,299.981854
-72.957613,8,300.000463
-45.372288,8,300.018474
-89.105043,8,300.035378
9.716465,8,300.066356
1.435857,8,300.251733
-15.083803,8,300.275869
11.538455,8,300.330469
-0.322235,8,300.350193
-101.081955,8,300.375627
-2.560249,8,300.391253
6.461405,8,300.4133
-146.769211,8,300.4337
-9.034317,8,300.449387
-19.674749,8,300.479662
-50.921985,8,300.503305
2.315669,8,300.53527
-21.874668,8,300.567094
-35.481559,8,300.584323
-45.619987,8,300.612983
-138.989095,8,300.632347
4.675151,8,300.653358
-21.13448,8,300.685353
8.476839,8,300.70038
0.282692,8,300.726357
1.323639,8,300.748227
-44.921498,8,300.77366
-16.058713,8,300.806203
4.510898,8,300.824692
-12.829592,8,300.851822
-22.150645,8,300.870981
-105.111093,8,300.903234
1.304279,8,300.926177
-40.977723,8,300.94234
6.536898,8,300.981363
-71.805651,8,301.002487
1.425984,8,301.022761
-7.876539,8,301.042399
4.550107,8,301.057039
-90.718165,8,301.074789
-9.603253,8,301.09138
-57.870767,8,301.116379
-150.415142,8,301.143764
-10.885031,8,301.161841
-2.773681,8,301.181851
-35.162339,8,301.196756
-83.199673,8,301.217018
-40.206229,8,301.257945
-2.487242,8,301.278988
-177.265982,8,301.302556
5.045434,8,301.318972
-7.791247,8,301.345612
-108.527675,8,301.370007
0.564349,8,301.390308
-27.234408,8,301.412541
-129.245625,8,301.4282
-62.223191,8,301.451267
-67.659632,8,301.481715
-4.931394,8,301.505896
-75.375513,8,301.5391
-64.594779,8,301.555094
-22.957174,8,301.579093
-55.501567,8,301.609587
-9.035485,8,301.62372
-45.159266,8,301.644336
-58.187781,8,301.660049
-88.249778,8,301.680139
-23.23809,8,301.70472
-43.398022,8,301.71833
-17.917263,8,301.738791
-118.369945,8,301.751807
7.026705,8,301.770044
-6.015602,8,301.796841
-152.710441,8,301.815491
-6.024682,8,301.835796
-53.20157,8,301.850362
-7.247192,8,301.87167
-3.68342,8,301.891677
-36.820763,8,301.913648
4.17413,8,301.936285
-26.898254,8,301.952329
-1.577773,8,301.975607
-13.790903,8,301.997614
-64.776551,8,302.012951
0.558087,8,302.046316
-80.847048,8,302.066017
-13.929075,8,302.092285
-32.244074,8,302.114282
0.593719,8,302.130841
-21.270945,8,302.15901
-22.411843,8,302.176381
-38.451741,8,302.196383
1.547159,8,302.216379
-13.635963,8,302.231001
2.795491,8,302.255718
3.512877,8,302.271665
-123.023424,8,302.292367
-8.612201,8,302.317003
0.265788,8,302.332982
-28.580447,8,302.352391
-55.584628,8,302.370392
3.74996,8,302.389395
-52.036704,8,302.408785
-3.140371,8,302.423176
-7.384615,8,302.441459
0.246556,8,302.454956
-24.488531,8,302.473266
-76.428906,8,302.496896
-99.01436,8,302.511044
-41.199533,8,302.533668
-138.395292,8,302.547668
-29.512139,8,302.565149
-21.361001,8,302.581703
-92.473697,8,302.595461
-4.777561,8,302.617033
-31.391943,8,302.629713
-13.811517,8,302.647808
-34.423801,8,302.664793
-7.492472,8,302.677796
-33.972304,8,302.694463
5.085477,8,302.70705
-151.524624,8,302.731652
3.087171,8,302.753415
-15.340016,8,302.767331
2.521067,8,302.785928
-30.091746,8,302.799524
-19.869263,8,302.824811
-77.392445,8,302.842505
-44.219291,8,302.85601
-9.019446,8,302.873016
-1.484576,8,302.885107
-72.631302,8,302.901617
-6.298286,8,302.920044
-39.797164,8,302.937218
-157.745406,8,302.965147
-150.68304,8,302.978145
1.951442,8,303.002402
-50.843175,8,303.022731
-33.156766,8,303.04442
-17.719562,8,303.064071
-65.06321,8,303.077713
-26.340902,8,303.095719
-90.7515,8,303.112032
-4.900876,8,303.128966
-15.449421,8,303.156272
-40.148303,8,303.171274
-35.091239,8,303.192271
-27.629692,8,303.224778
-144.448476,8,303.260551
-144.627677,8,303.301338
4.259141,8,303.322706
-7.539485,8,303.345618
-85.15068,8,303.392356
-1.683501,8,303.419882
8.144365,8,303.462991
-90.46109,8,303.498296
-19.666259,8,303.533847
-4.507822,8,303.560503
-53.12489,8,303.577458
4.908086,8,303.620316
-22.192668,8,303.650186
-59.978979,8,303.673665
-18.788334,8,303.696352
2.908314,8,303.724249
-34.999674,8,303.750216
-38.300507,8,303.760715
-2.763552,8,303.793911
1.30413,8,303.815029
-56.060867,8,303.840334
-13.695403,8,303.858592
1.040762,8,303.871725
5.921957,8,303.894697
-24.50581,8,303.925019
-143.375853,8,303.942359
-0.183772,8,303.963041
4.434697,8,303.976622
-153.572347,8,303.988662
-14.023296,8,304.008881
-65.230076,8,304.023575
-66.56904,8,304.045479
6.051751,8,304.066152
-125.636545,8,304.081921
7.447642,8,304.10729
0.832499,8,304.126184
-25.301467,8,304.144009
1.490152,8,304.159985
0.798204,8,304.176054
-16.309853,8,304.198621
-16.297099,8,304.207604
-39.540156,8,304.232108
-9.286522,8,304.239147
-144.640027,8,304.270357
-97.217009,8,304.287811
6.868986,8,304.301931
-6.688668,8,304.3171
4.405825,8,304.331712
-6.533073,8,304.358005
-15.849295,8,304.402998
-8.028815,8,304.425694
-62.561168,8,304.451124
-180.722207,8,304.467554
-6.495717,8,304.493762
-47.347894,8,304.511759
-121.91563,8,304.529761
-14.367759,8,304.552518
-88.209526,8,304.569273
-7.062874,8,304.600571
-16.673348,8,304.618262
-11.143059,8,304.631168
-2.404841,8,304.656619
-16.920797,8,304.678342
-14.750982,8,304.71181
-19.559604,8,304.733808
-106.124051,8,304.746819
-49.317404,8,304.768265
-119.679414,8,304.782921
-1.810096,8,304.802989
-1.021388,8,304.827302
-0.788217,8,304.841286
-15.285428,8,304.860286
-20.376011,8,304.87491
-14.836206,8,304.893512
-234.792276,8,304.917187
-122.006134,8,304.93211
-7.288115,8,304.957241
-49.329683,8,304.971836
-47.709413,8,304.990593
-11.806824,8,305.009353
-44.173465,8,305.021823
-19.404674,8,305.040919
-75.359416,8,305.054004
-23.623464,8,305.078236
-106.687764,8,305.098035
-66.445153,8,305.111422
-47.757517,8,305.135191
-79.72117,8,305.147697
-15.064483,8,305.165275
3.26442,8,305.187561
-140.038634,8,305.201661
-8.503045,8,305.218772
-118.526214,8,305.232858
-53.89946,8,305.255165
-38.24667,8,305.279776
1.969055,8,305.301468
-110.875625,8,305.324738
-78.72849,8,305.336737
-35.833678,8,305.362101
-70.723661,8,305.391443
-20.988637,8,305.414878
-31.919411,8,305.434348
-127.571447,8,305.450671
-32.247307,8,305.474956
-120.231053,8,305.496586
-23.210045,8,305.515586
-206.084043,8,305.5445
-61.287181,8,305.562228
-9.049835,8,305.582932
6.057407,8,305.602548
-28.539598,8,305.623727
-136.506022,8,305.658519
-91.93767,8,305.678037
-9.724575,8,305.705297
-83.405103,8,305.735571
-117.855449,8,305.762266
-54.140573,8,305.786995
-40.53699,8,305.812163
-30.870094,8,305.837163
-68.661238,8,305.863417
-50.899204,8,305.896471
-44.200223,8,305.92901
-27.103198,8,305.948508
1.652699,8,305.98944
-5.592671,8,306.032483
-17.628379,8,306.059574
-31.320367,8,306.084909
0.313953,8,306.108137
-91.113779,8,306.130004
6.767685,8,306.149743
-5.91566,8,306.166191
-34.824279,8,306.185742
-125.095802,8,306.205332
-19.73811,8,306.23424
1.145502,8,306.254383
-58.861791,8,306.276126
-55.262718,8,306.309866
-41.620689,8,306.330441
-66.092063,8,306.347782
-30.348625,8,306.372639
-143.497799,8,306.391371
1.101307,8,306.418263
-24.069704,8,306.440521
7.082403,8,306.462397
-135.849496,8,306.490326
0.265701,8,306.509815
-63.312438,8,306.537535
-18.567259,8,306.559662
-46.428595,8,306.585791
-218.612471,8,306.613841
-194.773148,8,306.62973
-179.687443,8,306.6492
-117.134242,8,306.662851
-83.750549,8,306.690277
-62.407529,8,306.834975
-0.828161,8,306.850744
-124.510694,8,306.877238
-23.783765,8,306.890849
-6.827115,8,306.921092
-68.770455,8,306.939974
-80.380309,8,306.968352
7.610077,8,307.000403
3.569851,8,307.031872
-84.168686,8,307.073681
-100.857385,8,307.112895
-106.715041,8,307.155418
-38.629755,8,307.213558
-0.919678,8,307.244683
-2.163292,8,307.29979
-27.666762,8,307.340519
-176.072164,8,307.378326
-114.14598,8,307.412648
-13.846425,8,307.443114
-43.608901,8,307.492178
-37.883421,8,307.554284
-3.35835,8,307.585432
-28.605459,8,307.628636
3.664984,8,307.65527
-50.14003,8,307.688666
-13.67466,8,307.725916
-70.263167,8,307.749173
-82.67037,8,307.780461
-19.86993,8,307.800566
-14.886623,8,307.839482
-1.902091,8,307.874098
-46.925339,8,307.895831
-24.675504,8,307.932895
-4.859693,8,307.957713
6.221487,8,307.981527
-26.181648,8,308.007763
-47.104123,8,308.025096
0.841976,8,308.073398
-45.881253,8,308.100953
-23.871217,8,308.13723
4.779844,8,308.173085
-91.463216,8,308.203656
6.263245,8,308.235242
-4.087165,8,308.264503
9.578498,8,308.311333
1.765519,8,308.354184
5.419616,8,308.377232
-0.847453,8,308.407154
-67.850749,8,308.428516
2.321439,8,308.454717
1.9552,8,308.479853
-13.55726,8,308.51107
4.165012,8,308.534931
-80.21298,8,308.553871
-27.76272,8,308.577908
-48.717723,8,308.60621
-85.646554,8,308.630196
1.008635,8,308.661168
2.799621,8,308.682688
3.003192,8,308.710698
-21.252265,8,308.737288
-111.389768,8,308.751215
-40.213042,8,308.770839
-3.317455,8,308.788981
-58.822165,8,308.812123
-160.041329,8,308.835198
-18.052642,8,308.838197
-176.899587,8,308.874359
-10.938789,8,308.887941
-1.283295,8,308.913262
-113.996696,8,308.932908
-56.275455,8,308.950794
-187.879437,8,308.978559
-40.147166,8,308.981118
-19.400205,8,309.012381
-118.802519,8,309.033574
-24.526074,8,309.044383
-91.772742,8,309.069983
-7.213559,8,309.085876
-1.043978,8,309.107147
-27.308822,8,309.131228
-6.68125,8,309.146737
-87.904072,8,309.168363
-105.364207,8,309.18515
-4.963215,8,309.202978
-74.332859,8,309.21859
-7.263865,8,309.234495
-124.06406,8,309.252314
-107.930597,8,309.266089
-38.356819,8,309.287474
-57.146703,8,309.308181
-11.550879,8,309.322238
-32.449152,8,309.341248
-102.112957,8,309.357101
2.455296,8,309.376935
8.752503,8,309.404009
-8.066991,8,309.422532
-19.859485,8,309.440428
-39.124972,8,309.456138
-6.741097,8,309.477533
-37.474668,8,309.498254
-1.408412,8,309.522314
-0.824056,8,309.541125
-21.284874,8,309.55019
-22.223136,8,309.564317
-32.714033,8,309.589521
-1.123059,8,309.595336
-42.851474,8,309.629145
-120.770002,8,309.64885
-126.875428,8,309.673881
-34.038171,8,309.693077
-1.674773,8,309.706843
-44.014848,8,309.722716
-72.25029,8,309.749257
-47.273065,8,309.779178
-76.27994,8,309.804054
-100.55871,8,309.828032
-4.251325,8,309.855628
0.888932,8,309.87173
-11.31502,8,309.892577
-52.110189,8,309.92034
-76.544193,8,309.93601
-113.466966,8,309.96472
-2.418006,8,309.979473
-144.31857,8,309.997098
-46.369375,8,310.01665
-6.536805,8,310.036713
-67.575057,8,310.054673
-5.952871,8,310.072323
-34.770179,8,310.096406
-92.417794,8,310.116231
-74.659148,8,310.131895
-50.62061,8,310.157268
-26.338881,8,310.178868
-43.498611,8,310.194673
-16.670977,8,310.210717
8.192611,8,310.227274
-49.309592,8,310.286796
0.502705,8,310.301317
6.203352,8,310.327375
-73.464884,8,310.351526
-1.671455,8,310.375156
3.388352,8,310.404797
-82.053923,8,310.425921
-52.848593,8,310.447548
5.461092,8,310.483466
0.876486,8,310.511952
-82.1931,8,310.546935
-79.017565,8,310.570086
-9.000341,8,310.602191
-10.741602,8,310.616277
-15.905475,8,310.646351
-39.199415,8,310.676984
-2.500349,8,310.703624
-129.049694,8,310.761583
-21.083348,8,310.798229
-78.064033,8,310.824162
1.480322,8,310.869546
-104.096699,8,310.888442
-22.497891,8,310.922401
-86.907879,8,310.946273
-80.427865,8,310.9743
-70.100013,8,311.001685
-210.175991,8,311.017267
-19.657205,8,311.038864
-9.65846,8,311.078437
5.427351,8,311.098536
-7.85952,8,311.121455
-104.845218,8,311.141682
-39.305203,8,311.170651
-29.038347,8,311.204731
-94.167267,8,311.227713
-35.524859,8,311.253417
0.53332,8,311.274236
-16.958126,8,311.304269
-59.783096,8,311.332196
-51.242111,8,311.349088
-19.743546,8,311.37466
2.913098,8,311.39103
-31.89399,8,311.422862
-68.926355,8,311.445929
-7.614713,8,311.463173
-34.084776,8,311.495479
-3.413975,8,311.524892
3.552255,8,311.554298
-79.92037,8,311.583647
-58.098342,8,311.605238
4.587731,8,311.638803
3.676822,8,311.656893
-0.798653,8,311.686846
-2.65043,8,311.719996
-3.489397,8,311.75444
-66.868716,8,311.788638
-10.234958,8,311.810503
4.247149,8,311.851201
-24.090033,8,311.885519
3.165494,8,311.889288
-263.195788,8,311.926771
-3.605954,8,311.942839
-4.172078,8,311.974538
-28.165042,8,311.994143
-12.522522,8,312.012096
-53.751703,8,312.037402
-96.743951,8,312.056663
-71.287555,8,312.085083
-1.530841,8,312.106111
-15.767804,8,312.121922
-49.069573,8,312.147583
-26.18721,8,312.165657
-62.169371,8,312.193374
6.907465,8,312.21488
-19.578245,8,312.232661
3.337405,8,312.248635
-33.300439,8,312.262394
-126.225124,8,312.293917
-1.704433,8,312.313689
-55.427347,8,312.34134
-87.273786,8,312.359518
2.722719,8,312.381045
-29.965225,8,312.400034
6.031162,8,312.436311
-76.457494,8,312.45614
-19.215581,8,312.468086
-108.75008,8,312.48985
-12.725539,8,312.511708
-71.311663,8,312.535396
6.720923,8,312.551203
-99.292119,8,312.57391
-33.36837,8,312.591321
-9.649615,8,312.61255
-11.930743,8,312.641376
5.894064,8,312.656765
-8.28922,8,312.694418
-20.409686,8,312.715378
-7.573066,8,312.739204
-16.238358,8,312.762836
-14.178164,8,312.780517
-110.953335,8,312.803291
-35.678852,8,312.827465
1.264847,8,312.860675
-99.8864,8,312.885954
-4.87808,8,312.901868
-6.521688,8,312.924366
2.629798,8,312.937702
-20.323262,8,312.97079
-3.850113,8,312.999084
-13.833824,8,313.020093
-6.962442,8,313.043197
-12.870303,8,313.061599
-8.291225,8,313.088396
1.942018,8,313.11296
-1.782205,8,313.128718
6.198563,8,313.150793
-5.133881,8,313.169061
-68.339778,8,313.189795
0.503213,8,313.217456
-2.153606,8,313.241303
-41.49674,8,313.274301
-100.961352,8,313.29874
-9.14405,8,313.32157
-12.962897,8,313.351142
-15.089934,8,313.375669
-39.329722,8,313.399338
-50.716275,8,313.42445
-3.571541,8,313.451898
-77.116564,8,313.470884
-28.553627,8,313.490581
-8.143317,8,313.517977
12.939741,8,313.544721
-12.645686,8,313.579104
3.745248,8,313.62344
-83.400639,8,313.657315
-123.471575,8,313.692201
7.11472,8,313.71808
-20.119424,8,313.751285
-70.875358,8,313.79529
-46.258173,8,313.818207
-107.465419,8,313.844063
-18.088931,8,313.8623
-25.254159,8,313.902193
-6.46912,8,313.939398
-1.006764,8,313.962179
-23.233622,8,314.003898
-2.779586,8,314.024235
-194.629925,8,314.052065
-47.878245,8,314.085733
-18.595933,8,314.113173
-42.738843,8,314.13585
4.980455,8,314.149801
-45.421497,8,314.176234
-3.415744,8,314.198017
-41.639091,8,314.217572
-177.574046,8,314.236953
-64.655806,8,314.265336
7.881779,8,314.285074
-63.50853,8,314.317707
-49.997107,8,314.335791
0.839876,8,314.355709
-0.74605,8,314.371519
0.217793,8,314.39849
-23.174447,8,314.427207
-4.411149,8,314.447512
-1.510108,8,314.468375
-21.359603,8,314.486463
2.092121,8,314.509225
8.046491,8,314.537017
-113.902318,8,314.556397
0.226077,8,314.591235
-141.835402,8,314.610901
-74.165689,8,314.634758
-123.91063,8,314.669801
6.787222,8,314.689417
-17.839017,8,314.715209
-74.268268,8,314.732948
-9.064284,8,314.753347
-4.459139,8,314.783153
4.011741,8,314.800768
-11.497095,8,314.820162
-5.232272,8,314.837083
-1.966076,8,314.855448
-89.105225,8,314.884809
-0.335305,8,314.91244
-72.387877,8,314.933236
5.724201,8,314.949043
-66.646023,8,314.969753
-34.888936,8,314.994936
-31.033649,8,315.014749
-0.450708,8,315.035069
3.598397,8,315.04723
-59.525016,8,315.066698
-93.914082,8,315.097182
-4.110401,8,315.114983
4.427315,8,315.14372
-25.669969,8,315.1595
-22.227275,8,315.183477
-68.076893,8,315.210067
-117.385766,8,315.226205
2.78043,8,315.246552
-1.74492,8,315.276684
-91.945238,8,315.303264
4.799836,8,315.328607
-15.559201,8,315.346879
1.390444,8,315.365794
-101.862532,8,315.380702
-143.604352,8,315.406793
0.905825,8,315.441788
-180.538745,8,315.462041
-32.862732,8,315.479838
-34.623186,8,315.496368
-16.487776,8,315.523303
6.906247,8,315.545115
-80.97556,8,315.556983
-6.372971,8,315.585953
8.048419,8,315.60337
-36.940058,8,315.629245
-128.850953,8,315.65433
-62.784071,8,315.669501
-2.009752,8,315.701325
-12.838439,8,315.721145
-79.214458,8,315.740955
-3.847003,8,315.774115
-31.032205,8,315.793057
-35.014834,8,315.823939
-42.30981,8,315.839736
-15.21791,8,315.868305
-40.975957,8,315.895305
-9.990202,8,315.910568
5.115897,8,315.934403
-12.355299,8,315.953894
-5.428154,8,315.988044
-21.1706,8,316.017493
-38.747672,8,316.033317
4.784026,8,316.064862
-23.000961,8,316.09043
-14.475431,8,316.122181
1.349585,8,316.149457
-3.828255,8,316.169042
-81.454113,8,316.202926
-133.432537,8,316.223973
-21.90103,8,316.249823
-14.92597,8,316.273666
-46.249296,8,316.308533
-84.932844,8,316.338785
4.034404,8,316.358437
5.691738,8,316.3755
-20.188109,8,316.398172
1.379425,8,316.417902
-26.0282,8,316.444194
3.111654,8,316.463675
2.922809,8,316.487954
4.122422,8,316.513038
-2.665673,8,316.535664
-34.937738,8,316.552814
-88.898015,8,316.571918
-86.965279,8,316.597189
3.810738,8,316.630445
-88.391938,8,316.639796
-108.166897,8,316.678039
-10.966056,8,316.698613
-40.235382,8,316.723902
-80.805388,8,316.751945
-172.116559,8,316.755941
-5.619776,8,316.791095
3.335762,8,316.810074
0.409453,8,316.837839
-75.689441,8,316.869312
4.893983,8,316.887354
-138.003909,8,316.914636
-96.801486,8,316.932322
-103.239834,8,316.941962
-14.338151,8,316.975592
-55.399053,8,316.992213
-204.837258,8,317.016258
4.313475,8,317.035635
-77.797389,8,317.053478
-67.276064,8,317.072927
-33.387563,8,317.094501
-219.919208,8,317.120425
-27.398154,8,317.134847
-110.9151,8,317.157634
-41.400762,8,317.175427
-19.185178,8,317.201279
-80.968127,8,317.227037
-39.669388,8,317.244864
-69.197042,8,317.264271
5.365556,8,317.306255
-104.808914,8,317.321823
-89.020188,8,317.344845
-126.012469,8,317.357723
-42.663686,8,317.365502
4.161285,8,317.398596
-7.356969,8,317.416867
5.27865,8,317.43791
-6.95802,8,317.453922
-40.212411,8,317.471594
-46.080126,8,317.485605
-96.982829,8,317.507565
-19.280789,8,317.535453
8.194139,8,317.549258
-14.43388,8,317.567291
4.004416,8,317.591075
2.87589,8,317.604577
-70.396365,8,317.613049
-28.686087,8,317.637068
-95.104644,8,317.662254
-37.448256,8,317.67659
-18.77126,8,317.692446
-38.070067,8,317.716406
-18.585412,8,317.730897
-15.187006,8,317.750001
-37.226588,8,317.755767
-95.482464,8,317.777792
-26.637703,8,317.797227
-17.003818,8,317.811301
-8.268086,8,317.821102
-36.364737,8,317.835119
-94.897841,8,317.865901
-11.355383,8,317.888807
-66.242974,8,317.898715
-28.36827,8,317.925957
-6.787449,8,317.947035
-42.54882,8,317.966428
1.444501,8,317.985626
-54.515447,8,317.999454
-26.098693,8,318.013506
-6.172271,8,318.03446
-43.295307,8,318.048932
-38.019878,8,318.06883
-104.63273,8,318.06883
-81.382757,8,318.098219
-38.729659,8,318.117356
-19.575597,8,318.137908
2.302747,8,318.160646
-25.432605,8,318.171011
-22.957616,8,318.197918
-46.591627,8,318.209659
8.32167,8,318.209659
10.532867,8,318.22535
2.080489,8,318.248749
-0.571974,8,318.263013
-16.939561,8,318.277102
-43.653109,8,318.29439
-14.433281,8,318.306421
-1.718169,8,318.320495
-94.70236,8,318.348236
-69.304266,8,318.356788
-98.792646,8,318.372328
2.266292,8,318.388179
4.07932,8,318.415457
-15.603711,8,318.436154
-51.575275,8,318.459285
-23.463148,8,318.475884
-89.357773,8,318.493327
-13.081448,8,318.513736
-32.428813,8,318.53803
-83.230502,8,318.567514
-72.230822,8,318.581574
-52.270272,8,318.601136
-32.00103,8,318.623544
-120.721123,8,318.65119
-51.544062,8,318.672148
-72.974612,8,318.689409
-74.274212,8,318.707476
-77.909715,8,318.724123
-143.783864,8,318.742511
-0.438363,8,318.775986
-120.882455,8,318.789936
-67.751092,8,318.805589
-22.041734,8,318.834632
-117.671616,8,318.85975
-94.403935,8,318.877049
0.697222,8,318.893972
-2.362395,8,318.905975
1.559369,8,318.925368
-22.537021,8,318.937419
7.622093,8,318.9692
-7.329123,8,318.974072
-101.305579,8,319.007927
-59.395687,8,319.007927
-34.62251,8,319.042088
-28.778944,8,319.06796
-51.972244,8,319.080989
-157.127954,8,319.089318
-18.15585,8,319.116412
-41.759973,8,319.137596
-3.28352,8,319.154107
-18.349044,8,319.168202
1.695303,8,319.193102
-41.630234,8,319.20838
-16.560577,8,319.224201
6.984825,8,319.237997
-41.236521,8,319.237997
-75.731899,8,319.274899
4.175626,8,319.289655
-89.835644,8,319.311954
1.394894,8,319.321722
2.212977,8,319.343021
-10.134044,8,319.354778
-110.264476,8,319.370228
-5.643883,8,319.387632
4.102023,8,319.414218
-95.692807,8,319.427924
-4.824705,8,319.450069
-54.521655,8,319.463858
-156.324508,8,319.473803
-8.897031,8,319.489935
-10.937531,8,319.508036
1.700942,8,319.5218
-44.705549,8,319.549274
-17.551646,8,319.566677
-43.961313,8,319.586917
-3.955149,8,319.601812
-47.254842,8,319.624997
-33.224671,8,319.635729
-12.031054,8,319.651855
-60.528808,8,319.672914
-3.971502,8,319.691469
-18.548314,8,319.700982
-72.71945,8,319.725579
-85.415653,8,319.749022
-90.348854,8,319.772542
-115.331876,8,319.787035
-117.497962,8,319.794312
-33.981457,8,319.810362
-41.092378,8,319.834092
-4.803677,8,319.858141
-3.16116,8,319.8699
-6.382878,8,319.889582
-94.735969,8,319.905246
-82.006448,8,319.928681
-53.126095,8,319.954197
-53.128211,8,319.97029
-79.308107,8,319.991113
-42.173904,8,320.001159
-23.014692,8,320.01489
-45.481536,8,320.04091
-37.035703,8,320.049728
-52.607556,8,320.079136
-21.962747,8,320.09469
-0.395532,8,320.11331
-89.288372,8,320.135281
-94.303683,8,320.146083
-12.185761,8,320.166071
-187.646055,8,320.182111
2.491498,8,320.197356
5.229075,8,320.216657
3.817756,8,320.216657
-32.839058,8,320.246579
-82.643707,8,320.254071
-8.224592,8,320.278058
-96.1963,8,320.300168
-14.439544,8,320.313486
-27.709588,8,320.329411
2.646846,8,320.339425
-34.407551,8,320.353062
-36.537066,8,320.370715
9.598034,8,320.384477
-85.497421,8,320.40633
5.044455,8,320.40633
-39.17042,8,320.437512
-72.926155,8,320.456897
1.350899,8,320.466917
-13.997956,8,320.472932
-117.27463,8,320.487569
5.373513,8,320.515228
-32.049824,8,320.536073
-6.883128,8,320.55048
-108.650167,8,320.590168
-37.146381,8,320.613135
-83.198352,8,320.638725
-35.754205,8,320.663033
-17.175683,8,320.680661
-7.341484,8,320.704746
-113.933054,8,320.727447
-43.102655,8,320.750051
-50.20214,8,320.778695
-6.259303,8,320.788702
-130.603116,8,320.816836
-35.431679,8,320.843244
-14.651802,8,320.871312
-34.393033,8,320.90672
-48.487143,8,320.927154
-98.840419,8,320.954404
-10.55573,8,320.970082
-11.922214,8,320.988536
-107.437491,8,321.009856
-64.964996,8,321.021648
1.368347,8,321.047962
-80.314808,8,321.069316
-18.530974,8,321.085214
0.108307,8,321.104816
-3.245335,8,321.134495
-83.109586,8,321.174431
-147.245239,8,321.189432
5.157531,8,321.2112
-152.487272,8,321.231099
-25.651957,8,321.24472
-59.944125,8,321.254776
-61.442991,8,321.270503
-29.529681,8,321.288477
-84.906094,8,321.316116
-18.78781,8,321.332265
-108.280348,8,321.348378
-14.835881,8,321.364218
-82.643843,8,321.384482
-1.52655,8,321.407326
-1.845661,8,321.424889
-25.226624,8,321.43865
-0.987882,8,321.454494
-5.414214,8,321.472522
-17.045363,8,321.486284
-75.568105,8,321.506023
-161.969549,8,321.520303
-16.421385,8,321.538632
1.14468,8,321.561574
-14.603629,8,321.581093
-109.380357,8,321.589108
-29.464324,8,321.612925
-28.982054,8,321.63214
-73.786802,8,321.644247
-64.788344,8,321.668618
5.033327,8,321.679639
4.225889,8,321.695342
-64.702993,8,321.716845
-84.874111,8,321.733095
6.445607,8,321.739007
-71.692,8,321.755049
-6.089972,8,321.776912
-43.275344,8,321.790729
-10.344318,8,321.806546
-123.701191,8,321.822151
-9.542156,8,321.843447
-70.412114,8,321.867686
-3.456464,8,321.881429
-1.43443,8,321.897512
-64.025696,8,321.915305
-12.454234,8,321.92133
7.677768,8,321.945446
-17.662539,8,321.945446
-114.717817,8,321.97718
-88.56646,8,321.999019
8.788222,8,322.014897
2.387718,8,322.03746
-118.102086,8,322.040466
-1.543257,8,322.077744
-1.240237,8,322.094288
0.506768,8,322.105309
-99.969356,8,322.126699
4.535113,8,322.139266
2.854751,8,322.163518
2.490136,8,322.167059
-85.597366,8,322.196348
-142.39797,8,322.210426
-20.844813,8,322.222236
-97.297366,8,322.244809
-10.663695,8,322.270787
-85.686216,8,322.272778
5.45008,8,322.304481
0.310816,8,322.320611
-40.241319,8,322.338145
-95.707052,8,322.351864
-46.063604,8,322.367621
-87.998448,8,322.383676
-60.730174,8,322.396833
-17.27321,8,322.414598
-34.097407,8,322.430423
-0.381976,8,322.430423
-39.463019,8,322.466172
-52.691485,8,322.476121
-4.828335,8,322.492637
-6.325335,8,322.509621
-77.307234,8,322.52513
-12.621635,8,322.541172
1.420174,8,322.550771
-7.970071,8,322.564561
-3.002716,8,322.582594
6.770523,8,322.59611
-17.251995,8,322.609426
-13.425109,8,322.619921
-14.475688,8,322.635819
2.016217,8,322.657851
-52.562354,8,322.671085
6.73749,8,322.689981
-45.740675,8,322.699766
0.573276,8,322.715604
-135.823464,8,322.737457
-2.35485,8,322.747504
-96.115738,8,322.765586
-87.022993,8,322.783008
2.047691,8,322.798203
-44.883695,8,322.816289
-129.743303,8,322.8289
-32.612599,8,322.85199
-4.326676,8,322.859115
-18.708672,8,322.881457
-75.923108,8,322.887483
-87.424855,8,322.905359
11.583516,8,322.921679
-44.273762,8,322.937074
-1.825309,8,322.952919
-66.224863,8,322.973102
-104.614712,8,322.986647
-82.099691,8,322.996951
-93.471902,8,323.020778
1.788161,8,323.028524
-13.064319,8,323.060433
-20.578321,8,323.076329
-33.165438,8,323.0961
-53.356437,8,323.107866
5.29251,8,323.126806
-24.027306,8,323.139295
-14.944261,8,323.15797
-120.100032,8,323.178165
-6.131825,8,323.188211
-29.990897,8,323.207739
-28.114437,8,323.222447
-27.282972,8,323.23991
-27.914821,8,323.265473
-84.754678,8,323.287289
-19.883812,8,323.307818
-65.082176,8,323.326772
-7.453989,8,323.3428
-49.715791,8,323.358392
-115.746355,8,323.372115
-35.512921,8,323.403907
-49.479234,8,323.43377
-5.991625,8,323.455176
-11.273149,8,323.481107
-6.27839,8,323.502547
-10.588439,8,323.525471
-5.915247,8,323.54865
-103.732477,8,323.562576
1.736772,8,323.580436
-22.905112,8,323.600853
3.956839,8,323.623747
-18.353298,8,323.647549
-49.714587,8,323.655327
-20.112342,8,323.68039
-47.733156,8,323.688412
-77.468151,8,323.714979
-10.285879,8,323.734079
-5.283953,8,323.750093
-43.864823,8,323.773641
-110.663625,8,323.788671
-34.253242,8,323.797229
-23.416886,8,323.826607
-4.137397,8,323.847016
-111.739777,8,323.864855
-16.348584,8,323.878427
-16.301413,8,323.904012
-117.809364,8,323.942276
-91.184646,8,323.955715
-155.8634,8,323.981015
-48.083657,8,323.98903
-38.881635,8,324.004902
-38.280437,8,324.039289
-65.8898,8,324.062692
-24.8473,8,324.086434
0.616715,8,324.097122
-68.537788,8,324.11979
3.262097,8,324.137425
-51.84698,8,324.151449
-52.90897,8,324.176051
-15.738947,8,324.189106
-8.705165,8,324.210887
-178.578601,8,324.222387
-102.286559,8,324.246316
-46.178072,8,324.27011
-153.353113,8,324.28409
-10.520025,8,324.302232
-100.29676,8,324.322013
7.108937,8,324.337733
-136.575944,8,324.35351
-1.056079,8,324.373067
-17.6794,8,324.395236
-14.604963,8,324.406235
-28.572957,8,324.424191
6.178516,8,324.438237
2.888776,8,324.456616
-166.278542,8,324.471985
3.383914,8,324.513322
4.971335,8,324.526029
-36.334744,8,324.545076
-10.72943,8,324.555161
2.276633,8,324.572696
-0.048045,8,324.588047
-0.175595,8,324.607708
-46.208408,8,324.621736
6.071417,8,324.627582
2.76337,8,324.659113
-5.716708,8,324.67884
8.343481,8,324.694607
-0.403877,8,324.722134
-104.660721,8,324.736472
-36.147702,8,324.753405
-6.9917,8,324.768996
-20.086676,8,324.771341
-174.342168,8,324.800167
-22.788665,8,324.828376
-38.679997,8,324.850045
-31.673832,8,324.871959
-68.01344,8,324.886869
2.373893,8,324.913444
-28.568864,8,324.935973
-34.200382,8,324.959452
-94.516663,8,324.986555
-17.996345,8,325.001747
-31.7759,8,325.017836
-157.597513,8,325.038455
-18.502015,8,325.068321
-21.236754,8,325.092911
-4.150103,8,325.11183
-80.666342,8,325.134606
-41.582106,8,325.159045
-34.088905,8,325.175547
-125.842581,8,325.20056
9.213786,8,325.214019
-19.276756,8,325.240666
-77.853532,8,325.254638
8.744342,8,325.273706
-114.79535,8,325.28829
-46.198997,8,325.302079
6.294817,8,325.326331
0.943614,8,325.33783
-81.112449,8,325.349834
5.000661,8,325.367543
-29.34009,8,325.388379
-17.029887,8,325.405373
-12.806135,8,325.421143
-33.212469,8,325.443974
-116.544837,8,325.468989
-33.026056,8,325.483462
7.934115,8,325.503346
-12.12785,8,325.503346
-111.264401,8,325.546085
-9.677712,8,325.568037
-57.130943,8,325.583807
-80.739274,8,325.611719
-36.875585,8,325.625124
-237.464157,8,325.638485
-142.631274,8,325.654198
-66.328496,8,325.749314
2.541317,8,325.773893
-108.75347,8,325.793646
-8.179582,8,325.824657
4.250998,8,325.843202
-29.500661,8,325.858804
-19.978635,8,325.88224
-29.546248,8,325.902407
-32.614671,8,325.929319
-8.801738,8,325.961359
-43.707126,8,325.975952
-15.889072,8,325.998163
3.038182,8,326.015551
-161.557607,8,326.044731
-49.171779,8,326.07012
-78.834732,8,326.085505
-101.987997,8,326.104874
-26.613074,8,326.127101
-11.922202,8,326.153692
-74.034055,8,326.176473
8.762283,8,326.189251
-108.923919,8,326.209207
-70.626695,8,326.222452
-158.279428,8,326.244195
1.459069,8,326.27005
-24.466762,8,326.287816
-5.118735,8,326.316278
-85.004228,8,326.330462
-40.070113,8,326.354151
-84.672773,8,326.381195
-21.837357,8,326.39384
-11.822419,8,326.409518
-125.340916,8,326.433478
-38.442975,8,326.449049
-124.130061,8,326.472204
-58.151326,8,326.486588
-17.176806,8,326.506727
0.026602,8,326.522146
-59.540255,8,326.542204
-55.908321,8,326.556188
-2.153938,8,326.581797
-23.221226,8,326.603494
-46.379603,8,326.619962
-56.194873,8,326.635405
-17.106044,8,326.651469
7.873319,8,326.655478
3.8725,8,326.685064
-42.154227,8,326.697113
-30.405236,8,326.714751
-18.721296,8,326.732585
-67.746963,8,326.73864
-50.134687,8,326.76269
3.9626,8,326.77842
-75.799911,8,326.794415
1.832692,8,326.816038
-61.072573,8,326.830158
-11.013221,8,326.846267
-34.447081,8,326.860013
-60.324617,8,326.873885
-18.186188,8,326.890015
-206.341944,8,326.890015
-149.219097,8,326.927346
-10.8353,8,326.94316
-10.180113,8,326.954197
-42.852307,8,326.988526
3.998481,8,327.000987
-126.825045,8,327.016023
-14.33359,8,327.033992
-88.502542,8,327.053483
-63.644081,8,327.068453
2.673144,8,327.079549
-0.902892,8,327.097548
-45.281424,8,327.109613
3.461288,8,327.127891
-40.511748,8,327.145785
-61.14817,8,327.153339
3.132397,8,327.173842
-126.41792,8,327.189313
-51.64133,8,327.205225
2.213004,8,327.220902
-86.318602,8,327.23271
-63.217732,8,327.254815
-16.824625,8,327.269098
-3.348468,8,327.28663
-94.620226,8,327.301906
-10.293044,8,327.315141
-97.301118,8,327.337199
-3.500207,8,327.35282
3.379865,8,327.362622
-6.23084,8,327.391728
-1.612838,8,327.405594
2.625574,8,327.426142
-16.878094,8,327.441065
-28.606002,8,327.45286
-98.220546,8,327.47253
-19.331216,8,327.48436
-50.634273,8,327.500423
3.509226,8,327.519887
5.63898,8,327.533606
-53.479553,8,327.552255
-137.950094,8,327.563284
-30.158544,8,327.594076
-70.050451,8,327.606428
-94.336073,8,327.622509
-40.427495,8,327.640342
-4.138994,8,327.640342
3.59566,8,327.657048
-266.231697,8,327.679009
-71.682082,8,327.688029
-56.440457,8,327.709143
-33.38719,8,327.717697
-82.357835,8,327.742097
-116.62638,8,327.754108
1.072957,8,327.769655
-79.055273,8,327.789684
-35.496449,8,327.807719
6.173956,8,327.824541
4.917281,8,327.837625
-19.947514,8,327.847171
-104.324732,8,327.86147
2.67424,8,327.886583
-21.639753,8,327.903151
-85.917094,8,327.91838
-74.519527,8,327.937685
-121.546984,8,327.954628
-41.188368,8,327.965248
-154.924597,8,327.990416
-38.52363,8,328.008413
-13.483951,8,328.028161
-0.075044,8,328.044173
-0.186742,8,328.055192
-87.330621,8,328.076889
-13.99753,8,328.088683
-28.367352,8,328.106072
-32.479437,8,328.129107
-49.39774,8,328.14827
-146.003377,8,328.164155
-2.607077,8,328.175952
-3.968711,8,328.193328
-84.815831,8,328.219543
-20.513718,8,328.243512
-131.147272,8,328.26835
-46.621262,8,328.284312
-27.064109,8,328.3055
-22.390149,8,328.325296
-19.801155,8,328.33909
6.557836,8,328.363213
-38.001351,8,328.378565
-37.865034,8,328.396215
-8.384301,8,328.414794
-18.896529,8,328.430416
1.377812,8,328.457687
0.030302,8,328.47155
-18.521858,8,328.489485
0.829028,8,328.519739
-100.467539,8,328.533952
0.991867,8,328.555607
-139.274823,8,328.570362
0.115924,8,328.588194
-35.535371,8,328.606268
1.329375,8,328.611954
-17.431009,8,328.641248
-79.200245,8,328.655048
-29.238795,8,328.677524
-94.865565,8,328.700297
-96.680502,8,328.706285
-33.647517,8,328.72212
-37.96396,8,328.72212
-21.508129,8,328.738247
2.484762,8,328.759952
-132.955224,8,328.783614
-1.814501,8,328.802966
3.183311,8,328.815622
-42.764463,8,328.836406
4.825762,8,328.854181
-82.563751,8,328.868153
3.884133,8,328.879949
-14.250909,8,328.905809
1.72678,8,328.92651
-3.306025,8,328.945787
-34.964881,8,328.955803
-25.888446,8,328.971854
-42.350094,8,328.982248
-133.597807,8,328.99813
-45.515736,8,329.005154
-69.030679,8,329.026596
-15.663419,8,329.043183
3.087819,8,329.05221
-118.856264,8,329.07672
-12.90287,8,329.098736
-72.768633,8,329.10575
-6.200066,8,329.131539
-17.674908,8,329.153248
-97.923027,8,329.162921
0.378022,8,329.1846
-82.881273,8,329.196974
-105.119036,8,329.217702
-6.00599,8,329.236507
-95.37201,8,329.239515
-21.484691,8,329.271159
-196.531676,8,329.286808
-8.347027,8,329.306923
-23.36394,8,329.322232
-1.682195,8,329.343025
-13.882876,8,329.359167
-155.739886,8,329.37107
-75.176528,8,329.386049
-52.601976,8,329.4019
10.214665,8,329.413731
-3.937013,8,329.441803
-41.614946,8,329.457586
-136.914308,8,329.477122
-108.331003,8,329.489169
3.302933,8,329.505131
-82.813344,8,329.529083
1.30613,8,329.540848
-28.989488,8,329.555943
-28.237821,8,329.570382
-83.381886,8,329.588436
-83.768973,8,329.603018
-4.483169,8,329.615874
-35.748712,8,329.632067
-85.216626,8,329.643874
-71.522928,8,329.663727
-56.135882,8,329.690041
-2.713506,8,329.709305
-90.009291,8,329.738888
-18.377718,8,329.753893
-139.762595,8,329.776024
10.477904,8,329.799009
-19.058529,8,329.812314
-83.570839,8,329.834414
4.082499,8,329.841054
-1.291062,8,329.867734
-16.341816,8,329.887304
-14.551527,8,329.899144
-54.907163,8,329.917102
-105.478228,8,329.930326
-2.727417,8,329.946052
-101.054855,8,329.977831
-109.534045,8,329.983395
-20.055247,8,330.009542
-1.764542,8,330.025484
-16.819152,8,330.045294
-85.036511,8,330.063403
-96.828633,8,330.073298
-42.223735,8,330.09234
-3.376702,8,330.10489
-25.825557,8,330.120816
-43.627881,8,330.144084
-93.354687,8,330.156319
-51.950458,8,330.184344
-35.996599,8,330.196489
-53.708711,8,330.206278
-76.47847,8,330.229661
-96.70422,8,330.23831
3.678953,8,330.249592
-35.612636,8,330.273479
-1.231337,8,330.293374
-5.432967,8,330.313334
0.954429,8,330.322838
-4.94653,8,330.338917
-115.241958,8,330.360394
2.801452,8,330.386327
-65.605974,8,330.405999
-35.62413,8,330.421624
5.6197,8,330.445809
6.745319,8,330.459136
-11.1785,8,330.480697
-42.72543,8,330.503613
-36.512314,8,330.515604
-75.989525,8,330.529673
-99.168228,8,330.551498
-50.190467,8,330.569354
-2.949207,8,330.58113
3.746436,8,330.592767
-107.391025,8,330.627679
4.150802,8,330.63974
-96.872155,8,330.663642
-49.538335,8,330.68529
2.180622,8,330.701366
-1.870461,8,330.735052
-182.086836,8,330.750896
-81.553988,8,330.780789
-13.564778,8,330.800542
-94.456629,8,330.8195
-30.446693,8,330.839583
-41.043346,8,330.855591
-70.082812,8,330.871467
-84.725366,8,330.900479
-40.336629,8,330.914206
-35.778798,8,330.934885
-42.68558,8,330.948981
0.807522,8,330.973283
-33.672938,8,330.994498
-93.238467,8,331.006117
-4.314669,8,331.030114
-20.411224,8,331.040493
-12.030493,8,331.061905
-93.337675,8,331.084041
5.047996,8,331.101843
-48.008586,8,331.12551
-23.049461,8,331.141176
-12.813985,8,331.157046
-100.771156,8,331.173112
-89.084687,8,331.173112
-1.163382,8,331.189229
-1.60379,8,331.21033
-213.475609,8,331.220874
-21.808397,8,331.236564
0.109417,8,331.252609
-20.043636,8,331.270273
-0.575992,8,331.284151
-5.717137,8,331.303992
-107.100653,8,331.329539
-33.420334,8,331.34687
-21.758891,8,331.365945
-80.741205,8,331.379124
-56.223243,8,331.394892
-7.923942,8,331.404644
-25.962666,8,331.429919
-5.196669,8,331.448876
-132.848607,8,331.459603
-70.439716,8,331.480519
-32.055953,8,331.498579
-23.95575,8,331.510512
-3.087876,8,331.528202
-34.086696,8,331.541876
-12.470259,8,331.573321
1.661811,8,331.589149
-108.843444,8,331.589149
-55.733761,8,331.620903
6.010725,8,331.642812
-3.415376,8,331.65495
8.678655,8,331.679694
-35.442984,8,331.693199
-28.204711,8,331.711548
-126.9568,8,331.72257
6.77374,8,331.736616
-108.702364,8,331.764151
-75.577407,8,331.772205
-17.788619,8,331.788292
-7.94973,8,331.807163
9.37337,8,331.824573
-25.224005,8,331.838342
-8.727741,8,331.842499
-88.565908,8,331.871079
6.046792,8,331.87616
-20.347298,8,331.907925
-14.463424,8,331.921925
-14.651583,8,331.922927
-34.210408,8,331.954436
-22.212432,8,331.975814
-122.820163,8,331.98988
-18.048321,8,332.005861
-90.745843,8,332.019588
-25.50921,8,332.039507
-66.246765,8,332.049161
5.925111,8,332.065212
-61.989258,8,332.087176
-44.039882,8,332.109147
5.627767,8,332.12849
-51.71943,8,332.131271
-2.026854,8,332.15594
-14.516009,8,332.176313
-84.303662,8,332.192398
9.857797,8,332.211726
3.819627,8,332.221783
-54.965159,8,332.224139
-19.033965,8,332.256094
3.364917,8,332.258106
-44.873366,8,332.272134
-0.287565,8,332.287958
-2.789892,8,332.321876
-117.41635,8,332.339473
-93.283094,8,332.359772
-12.759232,8,332.385382
0.289915,8,332.403484
-35.810609,8,332.428241
-143.663516,8,332.448411
-69.07801,8,332.45639
-53.594152,8,332.472098
1.992331,8,332.488052
2.18347,8,332.504043
-67.217722,8,332.542493
-34.753926,8,332.555999
4.481111,8,332.57443
-27.107827,8,332.588192
-21.024954,8,332.605635
2.704832,8,332.631378
-89.21794,8,332.647258
-22.059284,8,332.663786
-123.797322,8,332.685784
-35.513421,8,332.702038
-80.530551,8,332.715064
-64.535465,8,332.726621
-17.432046,8,332.747526
-41.622852,8,332.760296
-12.169407,8,332.774181
-48.361264,8,332.795993
-22.855966,8,332.805223
-47.261002,8,332.837105
-3.090025,8,332.842779
-63.315652,8,332.86858
-42.767765,8,332.887995
-54.9923,8,332.900756
-110.530301,8,332.922549
-0.350108,8,332.932485
-14.262494,8,332.949112
-42.88074,8,332.975232
-19.845055,8,332.988232
-24.602306,8,333.009492
-111.036451,8,333.021256
-67.59044,8,333.041157
0.606996,8,333.067393
-4.164894,8,333.088685
-60.471365,8,333.108318
-125.95119,8,333.123146
-15.120111,8,333.145727
1.353344,8,333.169996
-136.630726,8,333.189601
-27.817872,8,333.195114
5.808603,8,333.228828
-48.312879,8,333.254678
-55.677357,8,333.276226
-3.309718,8,333.297894
-70.211577,8,333.320147
-114.990484,8,333.325907
-72.241713,8,333.35544
-172.766463,8,333.385021
1.984111,8,333.399401
4.361118,8,333.422558
-29.389905,8,333.434634
-2.635972,8,333.455815
-91.264984,8,333.474703
-164.870913,8,333.495937
-0.078973,8,333.51908
4.884732,8,333.535592
-2.677315,8,333.557061
-48.875696,8,333.575019
-59.202552,8,333.587095
-61.374474,8,333.605123
-44.91075,8,333.630899
-83.665954,8,333.648791
-90.901179,8,333.668907
-13.825537,8,333.684077
-53.651873,8,333.700321
-14.330619,8,333.712344
-5.443135,8,333.726342
-105.148922,8,333.745871
-5.243338,8,333.760086
-96.125863,8,333.781903
-7.742105,8,333.795744
-63.912083,8,333.813727
-111.581055,8,333.831512
1.694262,8,333.841269
-86.33662,8,333.867285
-32.090525,8,333.873047
4.817252,8,333.900057
-0.467165,8,333.91682
-4.747226,8,333.922305
-4.180756,8,333.938168
-96.453659,8,333.955003
-113.883579,8,333.978583
-64.780376,8,333.99024
8.332979,8,334.00616
-95.642233,8,334.031106
7.871824,8,334.043212
1.676469,8,334.056207
-90.329488,8,334.075732
0.194956,8,334.091208
-20.642315,8,334.104232
-27.927412,8,334.125292
3.927112,8,334.139439
-13.176361,8,334.153072
-74.918628,8,334.170864
-172.472559,8,334.198125
-42.309581,8,334.209625
-19.151243,8,334.221341
-77.155907,8,334.243188
-101.461449,8,334.24519
-17.267908,8,334.272455
-11.010967,8,334.28663
-58.954254,8,334.295332
-43.06603,8,334.324089
-34.853554,8,334.337626
-57.596708,8,334.339632
-13.921496,8,334.358527
-24.407785,8,334.384613
-4.077827,8,334.410469
-76.20868,8,334.419488
-18.986077,8,334.439566
5.39456,8,334.45551
3.522552,8,334.467261
-71.531306,8,334.48943
-19.747435,8,334.502504
-78.041578,8,334.524369
1.820009,8,334.535165
2.840353,8,334.553261
-190.602155,8,334.574368
0.168527,8,334.591373
7.067655,8,334.606382
-14.97558,8,334.630658
-207.897525,8,334.638443
-0.211002,8,334.667553
-0.84051,8,334.673222
-114.049754,8,334.701362
-26.765658,8,334.703485
-89.598135,8,334.732622
-147.997283,8,334.754008
0.499896,8,334.765671
-19.579646,8,334.783472
6.12032,8,334.797244
-37.414128,8,334.817
-52.924986,8,334.838721
-79.932167,8,334.842656
2.637103,8,334.858527
-132.519573,8,334.882224
-41.094386,8,334.896016
-33.567281,8,334.922147
-18.355963,8,334.938217
-30.830037,8,334.955846
-75.037284,8,334.97585
-27.855002,8,334.99549
-143.736913,8,335.010992
-109.037112,8,335.023228
-89.047422,8,335.048664
-35.570584,8,335.061861
-94.229564,8,335.08245
-43.302828,8,335.102087
-63.272253,8,335.116278
-66.459175,8,335.135731
-78.47903,8,335.147087
-69.339546,8,335.166395
-18.771614,8,335.183947
7.590222,8,335.195724
-26.309828,8,335.208066
-0.734362,8,335.221598
-33.259801,8,335.237619
-88.935443,8,335.267436
0.371002,8,335.27146
-10.361186,8,335.299402
-16.724803,8,335.312234
-130.48139,8,335.321245
-0.04068,8,335.345363
4.901059,8,335.347112
5.984534,8,335.371012
-15.40762,8,335.381952
-37.213203,8,335.411854
-149.839577,8,335.428403
-21.300945,8,335.447297
-17.362636,8,335.473525
-111.375669,8,335.489213
-156.000631,8,335.509948
-103.226576,8,335.533955
-24.800292,8,335.547578
-14.169002,8,335.567195
-66.945889,8,335.573751
-17.433276,8,335.600477
-82.744339,8,335.621639
-20.074731,8,335.64106
-17.135854,8,335.664665
-7.224472,8,335.673136
4.195075,8,335.70198
1.288835,8,335.72989
-62.048448,8,335.74423
-58.52816,8,335.767865
-1.981,8,335.788142
-10.865888,8,335.81583
-98.205032,8,335.831518
-15.753017,8,335.850781
-2.023674,8,335.862393
-2.922469,8,335.882453
-15.379298,8,335.898277
2.567583,8,335.914019
-67.241188,8,335.92204
-41.771605,8,335.941712
-74.985466,8,335.962451
-104.542449,8,335.976822
6.74129,8,335.991588
-18.738968,8,336.004827
-90.371947,8,336.021325
-38.485919,8,336.021325
-21.156291,8,336.040007
-0.842809,8,336.069782
8.336352,8,336.083558
-83.944343,8,336.099539
-81.427028,8,336.114115
-126.006085,8,336.130274
8.756357,8,336.145792
-114.993617,8,336.178115
-25.139073,8,336.201121
-20.86224,8,336.215161
-33.498745,8,336.223144
-11.453289,8,336.253245
-50.958755,8,336.268667
-74.990145,8,336.29002
-50.51099,8,336.302067
-146.221281,8,336.323642
-55.295049,8,336.338694
-77.258272,8,336.349517
-25.780054,8,336.374581
-44.076313,8,336.381209
-32.207013,8,336.397002
-1.921391,8,336.42105
0.506081,8,336.435114
-10.838219,8,336.454331
-8.432161,8,336.457229
-140.241724,8,336.473057
-15.036929,8,336.512885
-73.620632,8,336.526612
-0.58794,8,336.54435
-8.707667,8,336.556123
-25.844653,8,336.575878
-164.494855,8,336.589666
-84.954105,8,336.619463
-29.847351,8,336.639524
9.887942,8,336.653211
-15.282881,8,336.675581
-54.005325,8,336.694766
2.015358,8,336.704809
-0.098887,8,336.727551
-15.250954,8,336.74137
2.182911,8,336.758972
-85.648085,8,336.772029
-11.211392,8,336.790084
-28.411743,8,336.80996
-117.700811,8,336.826879
-18.11252,8,336.838691
-142.943586,8,336.850981
3.131968,8,336.86672
-22.808445,8,336.88264
4.882306,8,336.900537
-52.50301,8,336.918158
4.636197,8,336.931963
-33.61996,8,336.947333
-6.33627,8,336.96929
-61.46442,8,336.977068
0.225476,8,336.999549
-21.433953,8,337.024654
-28.754097,8,337.045339
-16.746205,8,337.06813
-117.527967,8,337.078907
-2.64409,8,337.095944
-3.640946,8,337.113736
-73.374995,8,337.119504
-82.181793,8,337.139488
-63.948675,8,337.156796
-0.159817,8,337.180635
6.307868,8,337.182652
-6.611061,8,337.198883
4.791223,8,337.22148
-40.191684,8,337.230589
-113.188975,8,337.265644
-0.929066,8,337.283784
-27.106666,8,337.289786
-177.335712,8,337.305685
-158.647946,8,337.321768
-18.615736,8,337.341479
-99.104034,8,337.355592
-38.478582,8,337.371326
-11.40914,8,337.391364
-87.359894,8,337.403207
-66.801144,8,337.420765
-7.248374,8,337.44489
-10.007429,8,337.448422
6.634614,8,337.470189
-41.458679,8,337.485839
-94.778444,8,337.495807
-108.597103,8,337.511663
-3.1955,8,337.526931
-17.666975,8,337.542631
-1.312132,8,337.558376
-3.093667,8,337.574095
4.400984,8,337.596352
-57.866352,8,337.607059
-101.822127,8,337.6221
-47.136635,8,337.637684
-10.763025,8,337.653791
-64.69339,8,337.653791
-49.513091,8,337.670395
-27.597357,8,337.689466
-28.39287,8,337.714234
-38.092558,8,337.730397
4.298598,8,337.732399
-9.245679,8,337.748315
-38.795494,8,337.764014
-63.769133,8,337.791423
-4.552533,8,337.815153
-4.484711,8,337.839022
-6.070611,8,337.839022
-87.23184,8,337.854725
5.869872,8,337.884724
-59.278265,8,337.902157
-11.262471,8,337.925612
-19.752987,8,337.945122
3.04622,8,337.96551
7.576216,8,337.971535
-3.805966,8,338.001253
-8.861146,8,338.024518
-33.86828,8,338.044463
-97.561541,8,338.075912
-7.615578,8,338.089962
-47.785774,8,338.117544
-18.48532,8,338.144643
-65.734692,8,338.161235
-68.659681,8,338.172763
-99.154985,8,338.194619
-138.985938,8,338.218598
-54.243359,8,338.235837
-42.809891,8,338.249551
2.024158,8,338.273433
-6.20482,8,338.281079
-25.026302,8,338.29724
-7.210022,8,338.32838
-46.147427,8,338.344477
-40.03276,8,338.356475
-20.980288,8,338.382988
-66.665136,8,338.387998
-94.616323,8,338.425259
-73.464473,8,338.435013
-18.422356,8,338.459538
-123.010738,8,338.470555
-174.214925,8,338.488337
-22.373211,8,338.512316
-92.070352,8,338.514059
-21.081023,8,338.550096
-30.550456,8,338.567144
-4.625901,8,338.585244
-18.924228,8,338.609493
-5.785394,8,338.623552
-4.611212,8,338.64141
-80.20749,8,338.657059
-100.764958,8,338.65783
-3.62433,8,338.675126
-15.040731,8,338.68916
-21.748929,8,338.726669
-25.499422,8,338.74174
-50.103323,8,338.755144
-37.895599,8,338.784938
-4.380333,8,338.802614
-54.379179,8,338.820771
-63.947975,8,338.832653
-0.872844,8,338.858702
-41.688219,8,338.877814
-61.329001,8,338.889818
-57.853644,8,338.905531
9.120032,8,338.921742
-36.398614,8,338.937724
-20.700496,8,338.955955
-57.713282,8,338.969758
-90.604414,8,338.991834
-32.534617,8,339.003772
-37.835146,8,339.029166
-14.275323,8,339.052703
-107.332248,8,339.064819
3.566232,8,339.080911
-98.830839,8,339.096807
-31.766778,8,339.111267
-190.215787,8,339.128429
-0.561278,8,339.139496
-58.188842,8,339.159966
-11.500565,8,339.17397
-136.810422,8,339.175713
-42.257491,8,339.207371
-21.867263,8,339.218944
-7.114803,8,339.238714
2.506218,8,339.240721
-73.079731,8,339.275025
-19.344491,8,339.290074
-14.39091,8,339.301853
-5.013814,8,339.317671
-15.698144,8,339.323686
4.924864,8,339.339723
4.556309,8,339.355808
-83.630988,8,339.379963
-25.918178,8,339.411965
-115.784703,8,339.427626
0.005325,8,339.448809
-28.274053,8,339.469759
-29.843853,8,339.48916
-94.944955,8,339.511063
-151.600963,8,339.526021
-15.482863,8,339.548997
-18.218166,8,339.571833
-139.949825,8,339.59562
-30.168291,8,339.614924
-82.223632,8,339.628723
-133.715747,8,339.648697
-75.221122,8,339.68007
-42.160882,8,339.700437
-41.638561,8,339.719728
-86.680948,8,339.73742
-90.905436,8,339.760441
-57.033198,8,339.781644
-85.213276,8,339.808969
-0.850887,8,339.832022
2.250622,8,339.839505
7.659609,8,339.863988
-23.2839,8,339.880031
-18.062659,8,339.899692
-42.626886,8,339.929407
9.336306,8,339.950757
6.335559,8,339.973851
-40.406613,8,339.996442
-29.585604,8,340.012077
-76.647679,8,340.039793
5.839738,8,340.057193
-106.668874,8,340.080536
-45.282859,8,340.09829
-21.384166,8,340.106336
-40.711414,8,340.135528
-37.117526,8,340.151511
-35.754015,8,340.161844
-9.353486,8,340.195969
4.54807,8,340.208042
-96.146435,8,340.227504
-48.405086,8,340.241441
-183.786908,8,340.265113
2.412866,8,340.283197
2.987397,8,340.291394
-0.0584,8,340.318405
0.026038,8,340.336231
4.400509,8,340.36608
-113.272735,8,340.391988
-0.835122,8,340.411176
1.796987,8,340.444653
-134.193885,8,340.469371
-33.836789,8,340.49849
-19.405013,8,340.524355
-85.326831,8,340.540162
-78.922043,8,340.55631
-18.528137,8,340.583621
-141.595063,8,340.604257
-161.258437,8,340.626026
-2.31333,8,340.642634
-20.155533,8,340.664949
-95.343544,8,340.691204
-2.938517,8,340.713064
-166.889696,8,340.728735
-6.486053,8,340.744654
-34.368877,8,340.772338
-37.545093,8,340.776886
5.771265,8,340.807889
-2.318658,8,340.824439
4.415755,8,340.839813
1.283685,8,340.855612
-5.044338,8,340.881476
4.904125,8,340.90286
-74.624786,8,340.922117
-4.906016,8,340.941299
-2.872816,8,340.952175
0.716918,8,340.978208
-62.275662,8,340.999286
-38.944046,8,341.02477
-78.457335,8,341.039857
-0.073338,8,341.059229
7.219201,8,341.071569
-19.69875,8,341.096859
-114.140835,8,341.123979
1.185732,8,341.141141
-13.482081,8,341.162126
-63.93655,8,341.178926
3.168776,8,341.193988
-143.799957,8,341.217499
-54.31219,8,341.235407
-140.013746,8,341.255549
-0.510277,8,341.27088
3.69035,8,341.286964
-82.752476,8,341.30731
-70.163984,8,341.320874
-69.672896,8,341.324657
-31.134372,8,341.356306
-20.808238,8,341.372057
-159.17601,8,341.387736
-44.836886,8,341.403838
-7.604973,8,341.423089
-80.779721,8,341.436949
-56.777295,8,341.458762
-51.473277,8,341.477009
-72.529958,8,341.490101
-126.510098,8,341.511368
-2.892688,8,341.52313
-22.219461,8,341.525158
1.996566,8,341.564753
-141.104205,8,341.58094
-60.558078,8,341.589923
-59.697654,8,341.605644
-17.039172,8,341.621552
-37.149659,8,341.637287
-80.700564,8,341.664839
-12.112046,8,341.688801
10.603772,8,341.698849
-74.145772,8,341.716226
-43.069501,8,341.732275
0.823352,8,341.732275
-100.42858,8,341.763903
-26.850703,8,341.771654
-4.161254,8,341.797903
-7.377643,8,341.811638
0.661896,8,341.831705
-76.756494,8,341.854566
-47.570535,8,341.869444
-44.567085,8,341.88535
-2.043189,8,341.906968
-32.379247,8,341.906968
-58.428281,8,341.938545
-40.867666,8,341.945713
-10.204962,8,341.973009
-0.305018,8,341.987464
-19.193956,8,342.006054
-56.372809,8,342.029001
-50.462605,8,342.043857
-13.055649,8,342.066869
-19.33526,8,342.098092
-115.437369,8,342.116246
-107.893003,8,342.131775
-5.638072,8,342.147863
-6.309729,8,342.166502
-18.369412,8,342.188298
7.14632,8,342.200056
3.719399,8,342.224123
-41.023283,8,342.235689
3.78401,8,342.249612
-120.832358,8,342.268944
-5.464664,8,342.280789
4.383193,8,342.306551
-90.815338,8,342.314423
1.326687,8,342.34429
-104.373549,8,342.360055
-20.608365,8,342.360055
-24.022062,8,342.387528
-19.464283,8,342.399562
-82.841816,8,342.417339
1.891467,8,342.432604
-23.870698,8,342.438375
1.694516,8,342.454041
-5.876406,8,342.469761
-122.521181,8,342.493009
-50.585616,8,342.520613
-115.857258,8,342.534383
-12.071667,8,342.55447
-81.599245,8,342.568233
4.53391,8,342.583998
-17.468279,8,342.595776
-2.488072,8,342.611853
1.021079,8,342.629457
-42.407485,8,342.645571
-131.587963,8,342.665205
-32.657433,8,342.681507
-79.861931,8,342.695322
-25.300284,8,342.719399
-39.768652,8,342.737262
-38.58731,8,342.760211
-1.935842,8,342.789915
-28.681407,8,342.805388
-74.987362,8,342.839318
10.115335,8,342.859044
-20.135256,8,342.873491
-111.491896,8,342.895659
-97.182304,8,342.915315
-51.425196,8,342.929096
-32.053547,8,342.958766
-73.867405,8,342.98961
-58.846922,8,343.018691
-22.623166,8,343.030828
-119.087345,8,343.055982
-58.936323,8,343.069901
6.047444,8,343.089887
9.519999,8,343.120835
8.399145,8,343.13891
-101.314535,8,343.168818
2.210591,8,343.189424
-78.241716,8,343.206559
-160.275388,8,343.240522
7.87408,8,343.260362
-157.917114,8,343.269885
-117.245571,8,343.291663
-27.977659,8,343.319654
7.686118,8,343.339143
-31.553521,8,343.353447
-1.25078,8,343.375059
4.913922,8,343.388819
-45.733166,8,343.398669
-27.327283,8,343.422428
2.593225,8,343.436197
-78.334077,8,343.45935
-7.951992,8,343.474776
-53.363855,8,343.490068
-5.587123,8,343.515343
-23.598463,8,343.530008
-101.467457,8,343.547077
-20.724096,8,343.555438
1.20771,8,343.582735
-3.479966,8,343.598515
-218.245427,8,343.610288
-144.04042,8,343.62668
-65.982962,8,343.637699
-124.947416,8,343.653191
-17.756005,8,343.673896
-20.870359,8,343.692704
0.89451,8,343.717098
-0.485131,8,343.730529
2.171803,8,343.739516
-81.558273,8,343.765536
1.935763,8,343.774088
-83.893792,8,343.789345
-107.190065,8,343.811371
-18.712793,8,343.823136
-113.031926,8,343.83518
3.262784,8,343.862936
-91.483375,8,343.880673
-24.789454,8,343.897595
-25.646327,8,343.915492
0.900764,8,343.929347
-80.749403,8,343.945067
-164.488252,8,343.961084
-60.631521,8,343.976013
3.841108,8,343.993062
5.367737,8,344.009099
-58.287378,8,344.034613
-23.122339,8,344.052117
-44.310933,8,344.067622
-55.613501,8,344.083978
-39.193074,8,344.100356
-49.648247,8,344.103398
-45.789351,8,344.139235
-79.243601,8,344.150878
-102.621331,8,344.166555
-59.687201,8,344.182687
1.562803,8,344.194836
-33.096847,8,344.210658
-25.149621,8,344.220428
-43.147614,8,344.24717
-13.164038,8,344.263314
-54.606721,8,344.273385
-20.248781,8,344.29222
-6.329202,8,344.304863
-42.920037,8,344.334479
8.472213,8,344.360084
-25.749709,8,344.372174
7.507057,8,344.402308
-14.255986,8,344.421585
-28.89095,8,344.44785
-7.564587,8,344.467586
-161.245898,8,344.479678
-141.796815,8,344.503486
-19.926182,8,344.511157
-16.3815,8,344.527184
11.873551,8,344.543156
-40.861614,8,344.560874
-23.621996,8,344.59348
-43.616855,8,344.599231
5.546396,8,344.621933
-143.42679,8,344.637964
-156.456846,8,344.658098
-121.220056,8,344.67175
10.83827,8,344.685524
-55.075079,8,344.705149
-84.945287,8,344.716979
-51.527015,8,344.733083
-125.997891,8,344.750736
1.395246,8,344.778485
-20.366327,8,344.804639
-63.579831,8,344.824457
-80.764463,8,344.846874
-47.18882,8,344.876036
-69.258312,8,344.886558
-116.758876,8,344.902565
-39.850505,8,344.918637
-20.865776,8,344.936333
-6.257353,8,344.956052
-17.189243,8,344.965883
-154.626445,8,344.997139
-151.709926,8,345.014918
-24.446718,8,345.024961
-245.638948,8,345.046171
-19.181039,8,345.057887
-24.875874,8,345.06074
-43.550098,8,345.095025
-24.698939,8,345.112475
-3.568349,8,345.126256
-59.386091,8,345.140313
-34.590565,8,345.159171
-18.320942,8,345.175238
-19.100485,8,345.186995
-0.45924,8,345.204686
-25.624353,8,345.222329
-25.791008,8,345.250294
-52.037125,8,345.278569
-159.977179,8,345.293654
4.750959,8,345.323493
-75.634465,8,345.342697
-21.973188,8,345.356698
-41.269049,8,345.382786
-1.73838,8,345.396598
-37.095959,8,345.406385
-30.603618,8,345.433827
-21.857016,8,345.462204
-148.4508,8,345.489715
0.031161,8,345.499431
-163.134991,8,345.536927
-2.412156,8,345.548668
-35.684264,8,345.564374
-45.823732,8,345.58932
-46.462363,8,345.607448
1.029173,8,345.625144
-121.365334,8,345.644876
-83.046236,8,345.656641
-20.275191,8,345.672578
-18.103722,8,345.688576
-69.797273,8,345.709839
-42.242382,8,345.719856
-24.567659,8,345.742593
1.556997,8,345.773409
-42.240605,8,345.785676
-39.971173,8,345.801781
-37.695447,8,345.815551
-42.089314,8,345.833577
-3.162301,8,345.849427
-39.633794,8,345.870789
-126.938554,8,345.886929
4.703339,8,345.889934
-15.260986,8,345.905677
-49.271685,8,345.936956
6.660863,8,345.956665
-68.330939,8,345.980778
-54.235059,8,345.996139
-104.129168,8,346.01239
-59.719843,8,346.02889
-70.765268,8,346.04227
-6.222253,8,346.058225
-57.275918,8,346.069722
-22.281487,8,346.087658
-105.844307,8,346.105129
-99.547867,8,346.116809
-15.674452,8,346.136744
3.805307,8,346.153772
0.44249,8,346.173019
-52.074351,8,346.201121
-98.043752,8,346.213027
-27.897015,8,346.22881
-9.195643,8,346.244786
-59.233808,8,346.260889
4.987251,8,346.276672
-10.95749,8,346.287905
-0.228201,8,346.312075
-51.885964,8,346.315579
-3.241511,8,346.331538
-33.086074,8,346.347502
-77.81246,8,346.369292
-20.982363,8,346.394253
-0.644977,8,346.412287
-19.286672,8,346.423267
-8.597896,8,346.439016
-145.470711,8,346.458309
-86.55514,8,346.472741
-20.258924,8,346.493274
-38.216165,8,346.497262
-47.62235,8,346.520085
-128.835021,8,346.529234
-61.898675,8,346.55641
-19.340209,8,346.569642
-124.69004,8,346.578448
-22.910544,8,346.613367
0.442333,8,346.623265
-176.69758,8,346.639081
-10.773861,8,346.663025
-4.389316,8,346.674149
-9.017873,8,346.702548
-65.001208,8,346.71411
2.879489,8,346.737815
-47.659659,8,346.749562
-56.667821,8,346.765413
-73.470962,8,346.778939
-105.494235,8,346.787856
-76.198723,8,346.812634
-118.667892,8,346.822572
-34.386497,8,346.839245
-35.326421,8,346.859062
-45.300567,8,346.873178
-79.472172,8,346.890833
1.254338,8,346.905312
-49.09798,8,346.922534
-29.59308,8,346.943232
-26.806771,8,346.959249
-95.820341,8,346.973249
8.018639,8,346.989317
-39.621819,8,347.009334
-98.71559,8,347.034004
-31.806849,8,347.039034
-130.156214,8,347.056837
-44.363773,8,347.07288
-27.135016,8,347.088742
-2.450347,8,347.114204
-12.315137,8,347.127791
-40.13213,8,347.149578
-22.457392,8,347.165351
-77.143221,8,347.18884
-5.208704,8,347.207072
-185.499264,8,347.210847
-27.184315,8,347.246657
-46.892005,8,347.258467
8.391844,8,347.278439
-13.29596,8,347.308455
5.463917,8,347.320457
-19.212353,8,347.338553
-17.177166,8,347.35401
-6.171351,8,347.36989
-143.413307,8,347.387779
-2.441583,8,347.403753
-53.546653,8,347.426698
-68.835106,8,347.44076
-100.82885,8,347.455734
-37.759662,8,347.478549
-77.882493,8,347.489547
-14.395102,8,347.50661
-30.196864,8,347.50661
-7.40382,8,347.538167
-1.189765,8,347.554134
-7.429783,8,347.569943
-126.67715,8,347.585212
-39.142983,8,347.59925
-78.231544,8,347.607021
-71.2814,8,347.638956
-14.468513,8,347.656822
0.626783,8,347.682508
-51.748703,8,347.696665
-82.161664,8,347.714512
-60.394227,8,347.734576
-12.921324,8,347.753097
0.367856,8,347.765839
-64.486842,8,347.783453
-139.017755,8,347.806982
3.482335,8,347.82696
3.572472,8,347.844291
-16.807527,8,347.866344
-10.548342,8,347.880136
-2.160498,8,347.889916
-99.013302,8,347.924485
-40.736677,8,347.946575
4.901358,8,347.977632
6.879203,8,347.989673
6.693665,8,348.01482
-64.308198,8,348.036898
-47.240955,8,348.039901
-65.377847,8,348.072103
-7.655626,8,348.072103
-13.267391,8,348.088157
-31.906253,8,348.118616
-121.106747,8,348.136487
-60.789199,8,348.162827
-67.764966,8,348.168594
-125.687174,8,348.195804
1.689297,8,348.205832
-41.031289,8,348.226093
-84.451191,8,348.231578
-241.817152,8,348.258226
-82.298288,8,348.279197
5.229127,8,348.297395
-197.748985,8,348.31128
-61.594695,8,348.327332
-56.403741,8,348.340756
-89.389384,8,348.354778
-45.585873,8,348.374309
-28.707854,8,348.374309
-4.312072,8,348.400482
-9.288291,8,348.415318
-31.035695,8,348.430895
-9.110378,8,348.438938
-0.522263,8,348.454856
-204.790885,8,348.472519
-26.855693,8,348.491651
2.262577,8,348.507296
-46.465179,8,348.532062
0.932604,8,348.549991
-19.819674,8,348.575037
-3.022976,8,348.589333
-60.213638,8,348.60514
7.348697,8,348.626272
-13.089679,8,348.634284
-66.474746,8,348.649892
-32.186056,8,348.659907
-108.573302,8,348.677977
-56.538643,8,348.693096
7.815068,8,348.705139
5.695844,8,348.720938
-3.828717,8,348.736691
-10.366715,8,348.754898
-16.403734,8,348.776586
-27.89171,8,348.795303
-68.380381,8,348.811398
-20.329315,8,348.823393
-16.632802,8,348.823393
-8.496745,8,348.86229
-47.943499,8,348.873206
4.543777,8,348.89587
-0.4798,8,348.907957
3.435224,8,348.922803
0.575554,8,348.947416
8.923745,8,348.964861
-5.288369,8,348.991288
-12.153639,8,349.006179
5.330641,8,349.022002
-5.383841,8,349.038018
-25.648331,8,349.058065
-14.334747,8,349.083713
-35.127638,8,349.09867
-45.863108,8,349.116066
-126.519152,8,349.133576
-53.386256,8,349.148846
3.957026,8,349.166456
-14.81175,8,349.188316
-108.950699,8,349.215502
-64.418152,8,349.236881
-99.405437,8,349.25272
-109.163438,8,349.274121
-22.33679,8,349.291262
-38.025657,8,349.312717
-152.068034,8,349.334009
-16.468741,8,349.346095
1.82594,8,349.363872
-10.96983,8,349.377679
-29.906056,8,349.393492
-1.444142,8,349.413901
-0.186619,8,349.425163
-149.712375,8,349.447102
2.975326,8,349.463926
-3.377013,8,349.484774
-64.063041,8,349.500692
7.595239,8,349.518158
-85.104306,8,349.536906
-47.957822,8,349.547947
-205.79346,8,349.565732
-20.630866,8,349.581486
-51.897098,8,349.597281
-251.597163,8,349.615072
-50.1185,8,349.632573
-77.130535,8,349.647708
-23.257815,8,349.671391
-133.603641,8,349.684379
-95.438398,8,349.703756
-90.192456,8,349.719686
-21.06991,8,349.742594
3.01368,8,349.757684
-63.075757,8,349.769479
-60.926044,8,349.789078
-84.903221,8,349.803099
-10.839671,8,349.820893
-20.608214,8,349.830647
-24.950688,8,349.851999
-0.52625,8,349.880032
5.603804,8,349.895759
-14.190679,8,349.913309
-10.489712,8,349.934209
-20.418239,8,349.947072
5.76911,8,349.972834
2.346115,8,349.985995
-17.029597,8,350.00366
9.675377,8,350.021502
-156.390947,8,350.03356
-6.248777,8,350.055258
-45.643111,8,350.07105
-11.20533,8,350.088699
-48.395509,8,350.11803
-51.254513,8,350.132052
-18.427241,8,350.22141
-15.12665,8,350.242619
-11.829374,8,350.264704
-69.835471,8,350.290291
-34.769545,8,350.308575
-15.445268,8,350.321622
-5.919692,8,350.344486
-74.504652,8,350.371911
-15.983689,8,350.404707
-9.292469,8,350.430195
-61.521157,8,350.44716
-9.854684,8,350.457646
-27.307512,8,350.489121
-8.328876,8,350.518179
-32.972414,8,350.53585
-18.723961,8,350.556782
6.179084,8,350.567474
-88.207191,8,350.584778
4.545241,8,350.598539
-34.914631,8,350.620291
5.977438,8,350.643464
2.690542,8,350.658025
3.739965,8,350.677526
-44.805502,8,350.702272
-66.763197,8,350.716398
-55.595211,8,350.73949
-87.724705,8,350.73949
11.736359,8,350.771883
-5.726712,8,350.787123
4.759571,8,350.804263
-72.861976,8,350.818117
-21.402722,8,350.834239
-66.756775,8,350.855938
-11.476765,8,350.865858
6.93355,8,350.881953
-80.734032,8,350.915817
-109.999634,8,350.929631
-17.673115,8,350.950933
-88.837827,8,350.961336
-39.942464,8,350.98329
-34.838834,8,350.999071
-91.544479,8,351.008682
-69.191965,8,351.033123
7.696406,8,351.049669
3.588202,8,351.056121
-24.786374,8,351.088174
-106.796705,8,351.088174
-115.001098,8,351.104289
5.350744,8,351.140083
4.39496,8,351.152191
-146.553804,8,351.168149
-49.109362,8,351.189038
-32.551028,8,351.203138
-51.536038,8,351.218994
-22.411702,8,351.236127
-33.692566,8,351.252683
-25.430967,8,351.264955
-17.025613,8,351.280787
-30.1765,8,351.288822
-2.788772,8,351.309939
8.313223,8,351.32863
-103.59976,8,351.338032
-64.119465,8,351.365042
-60.483805,8,351.37419
3.960041,8,351.398748
-81.174263,8,351.419709
-17.149806,8,351.438026
-4.788305,8,351.455717
-79.66556,8,351.47248
-8.347384,8,351.47248
-141.224734,8,351.506482
-42.039606,8,351.53837
-17.11955,8,351.55737
-65.111219,8,351.578627
0.544189,8,351.590674
-3.858461,8,351.610441
-26.882593,8,351.623738
-97.513304,8,351.640847
-185.339639,8,351.659289
1.929764,8,351.671913
-22.140526,8,351.688683
-35.667745,8,351.702579
-26.286184,8,351.718344
-29.230324,8,351.735733
1.943248,8,351.753804
-26.135825,8,351.777034
-138.918159,8,351.787034
4.222745,8,351.790039
-57.235145,8,351.813239
3.374141,8,351.82681
1.693916,8,351.837338
-65.002177,8,351.857499
-127.402423,8,351.872604
-15.177258,8,351.890146
-15.848527,8,351.900194
-26.558894,8,351.91809
-212.651903,8,351.91809
-19.721761,8,351.950012
-0.842096,8,351.969358
-92.95863,8,351.978789
-81.265861,8,352.000146
-9.095984,8,352.01226
-68.877688,8,352.030952
-134.768874,8,352.048317
-0.971488,8,352.059838
-0.617825,8,352.07761
-36.963792,8,352.094916
-36.856077,8,352.111996
-3.610907,8,352.125731
-212.615903,8,352.13667
-2.865422,8,352.165289
-8.778832,8,352.179866
-97.789264,8,352.199663
-61.712982,8,352.215718
-18.853308,8,352.231129
-15.800503,8,352.251492
-64.560144,8,352.267905
-21.205204,8,352.284118
-111.398746,8,352.293933
-93.993804,8,352.310969
2.391143,8,352.326063
-19.977733,8,352.339056
-101.184024,8,352.340059
-7.566702,8,352.373556
-1.253486,8,352.387556
-103.018397,8,352.408937
1.999491,8,352.423951
-49.073955,8,352.438997
-87.262258,8,352.454788
-204.402536,8,352.466558
-146.633969,8,352.487838
-4.282236,8,352.504404
-8.389495,8,352.520732
1.012997,8,352.542215
-150.002649,8,352.557495
0.266599,8,352.57924
-91.207037,8,352.603047
-6.639847,8,352.62607
-41.9197,8,352.651772
3.504175,8,352.671232
1.609458,8,352.699037
-165.97564,8,352.716341
-10.305965,8,352.734209
-158.564034,8,352.751227
-5.093733,8,352.765529
4.021348,8,352.784821
-15.084593,8,352.798605
-45.394233,8,352.824671
-2.872147,8,352.851288
-76.619977,8,352.868371
1.293798,8,352.886489
2.230945,8,352.888492
-7.700453,8,352.904579
0.249833,8,352.933397
-34.559652,8,352.954646
-3.683165,8,352.975636
-54.915294,8,352.990748
-1.401802,8,353.00984
-108.565175,8,353.029068
-156.752402,8,353.039082
-42.553338,8,353.069057
-54.786848,8,353.085598
-79.956188,8,353.111608
-109.416276,8,353.13167
-67.524446,8,353.156925
0.614626,8,353.173301
-8.836149,8,353.188905
-1.029784,8,353.206575
-1.506174,8,353.226052
-90.373179,8,353.239998
-138.603909,8,353.261693
-92.138478,8,353.275458
-36.884619,8,353.289218
-47.084085,8,353.316158
-15.400388,8,353.330979
-74.880326,8,353.352811
-40.772484,8,353.35466
3.467638,8,353.389431
-49.125256,8,353.406804
-30.611416,8,353.406804
-6.300611,8,353.443874
-19.351475,8,353.460867
-1.901834,8,353.479696
0.553076,8,353.499467
4.50967,8,353.516616
-43.065485,8,353.545791
1.533184,8,353.563716
-133.590408,8,353.583544
9.563456,8,353.607426
6.794938,8,353.621236
-10.027256,8,353.629168
-6.254694,8,353.65081
-9.366365,8,353.663299
-114.34067,8,353.690903
-58.534098,8,353.705419
-24.619797,8,353.727027
2.179399,8,353.738807
-26.980097,8,353.762631
-77.726947,8,353.798058
7.950997,8,353.826952
-51.539958,8,353.858253
-61.844666,8,353.87746
-46.642988,8,353.903174
0.655272,8,353.935783
-0.737129,8,353.954837
-97.419334,8,353.9801
-30.618638,8,353.99682
-28.215707,8,354.018247
-113.800643,8,354.045859
-124.166951,8,354.061141
4.729689,8,354.083068
1.565273,8,354.099063
-2.713608,8,354.123173
-91.728845,8,354.142282
-7.533515,8,354.160166
-38.177814,8,354.177897
-9.478426,8,354.189932
-37.5377,8,354.209617
-19.716596,8,354.22286
-197.620492,8,354.234845
-17.423782,8,354.262285
-95.113926,8,354.272822
-34.370493,8,354.288852
-23.836045,8,354.304074
-52.316165,8,354.319757
-68.076369,8,354.33573
-263.74903,8,354.351402
-23.562287,8,354.382856
-82.070735,8,354.400002
-85.201316,8,354.406027
-133.627581,8,354.428938
-120.594353,8,354.441549
-38.028356,8,354.461061
-94.313763,8,354.481425
-112.450986,8,354.489408
-198.721146,8,354.510154
-130.78964,8,354.525488
-16.541811,8,354.539284
-58.56722,8,354.556522
-42.780178,8,354.556522
-154.239598,8,354.571651
-60.726427,8,354.588072
-18.433705,8,354.616142
-9.496946,8,354.637258
-14.33118,8,354.649034
-81.006312,8,354.667185
-55.807546,8,354.6732
-12.528458,8,354.702504
-93.920228,8,354.713001
-75.381768,8,354.735741
-21.751232,8,354.750739
-115.899229,8,354.764637
-41.682739,8,354.776737
-25.398429,8,354.792511
3.145201,8,354.808233
-25.300371,8,354.83206
-38.540518,8,354.839812
-6.345757,8,354.860917
-37.007145,8,354.874673
-40.75827,8,354.89044
-182.050941,8,354.902538
-63.954372,8,354.926474
-172.433124,8,354.946368
-18.160347,8,354.962428
-14.045682,8,354.971927
-23.524991,8,354.994575
-1.646064,8,355.006243
-78.367439,8,355.027159
-74.479705,8,355.049671
-51.602489,8,355.06278
-26.093779,8,355.082854
-15.276713,8,355.100671
-9.736734,8,355.118208
1.410035,8,355.14607
-41.370718,8,355.159466
-141.712189,8,355.177298
11.995256,8,355.193611
-83.863637,8,355.215047
-27.70918,8,355.232534
-11.736138,8,355.248331
-2.930723,8,355.260407
-7.279249,8,355.280748
0.273609,8,355.301135
-181.266566,8,355.319915
-86.51715,8,355.328956
-78.394999,8,355.349546
-11.54268,8,355.362231
-87.866493,8,355.379785
-0.698759,8,355.395113
-43.975346,8,355.406871
-25.254195,8,355.421612
-5.793828,8,355.431628
-16.142374,8,355.447391
-39.082061,8,355.462698
-11.440051,8,355.478131
-127.080202,8,355.493751
-29.13061,8,355.504392
-98.992027,8,355.519443
-29.71773,8,355.540324
-14.382214,8,355.553323
-151.019551,8,355.570407
-8.596859,8,355.584746
-7.366185,8,355.600415
-26.300356,8,355.615396
-43.218351,8,355.626436
-3.306351,8,355.641939
-37.139681,8,355.653981
-28.181487,8,355.670263
2.88681,8,355.685797
-5.693542,8,355.699476
-18.267058,8,355.715304
-37.70262,8,355.715304
1.378941,8,355.73123
-133.429338,8,355.747138
-80.551763,8,355.763084
-26.399435,8,355.782995
-99.731027,8,355.791007
-46.147707,8,355.808291
-11.145963,8,355.810294
-6.182307,8,355.828033
2.43514,8,355.842138
2.817395,8,355.858082
-18.252885,8,355.876148
-138.867199,8,355.893566
2.850514,8,355.904803
-83.786635,8,355.921319
-62.448229,8,355.921319
-15.831908,8,355.937383
0.514153,8,355.95351
-16.034152,8,355.969628
5.613184,8,355.985736
-25.838542,8,355.985736
-43.784353,8,356.001907
-37.318447,8,356.021957
-27.042379,8,356.033672
4.033055,8,356.054773
-12.664954,8,356.065063
-162.55076,8,356.080735
-4.902477,8,356.0938
-17.887615,8,356.1048
-20.131317,8,356.120002
-10.744614,8,356.138099
-18.06643,8,356.157991
-17.783431,8,356.17378
-105.201059,8,356.185558
-15.457947,8,356.199614
-5.954812,8,356.211391
2.178882,8,356.222888
-10.056819,8,356.246418
-8.729142,8,356.258174
1.364362,8,356.264182
0.749516,8,356.279908
-95.052037,8,356.297805
7.017667,8,356.311601
-71.796332,8,356.323825
-7.561336,8,356.335639
-36.961354,8,356.343472
-41.220185,8,356.367017
-2.666167,8,356.375302
4.226077,8,356.393065
-9.603573,8,356.407163
-14.678749,8,356.423199
-0.834472,8,356.427211
-2.070402,8,356.439276
-53.68663,8,356.457192
-123.246274,8,356.471157
-2.531129,8,356.487209
-6.193571,8,356.504986
7.260102,8,356.522601
-56.311836,8,356.529595
-27.112637,8,356.545383
-1.989384,8,356.545383
-99.221498,8,356.568217
-22.994571,8,356.591244
0.423535,8,356.592993
-8.424697,8,356.614761
6.531808,8,356.631036
-46.746494,8,356.644665
-121.029884,8,356.65721
-45.407773,8,356.65721
-29.001555,8,356.672544
-31.239241,8,356.694671
0.822038,8,356.707908
-64.222038,8,356.722794
-31.086029,8,356.735513
-1.098073,8,356.753348
-2.073933,8,356.764845
-106.533484,8,356.778884
-82.770173,8,356.79689
-81.103344,8,356.800634
-45.511871,8,356.814729
1.95364,8,356.832793
6.815733,8,356.84656
-13.027205,8,356.84656
-18.183844,8,356.869871
5.650814,8,356.882369
-16.371132,8,356.896628
-94.534917,8,356.910086
-15.582222,8,356.925849
-168.66752,8,356.935862
-102.257612,8,356.947873
-29.435595,8,356.957369
-113.974361,8,356.972873
-40.205732,8,356.987196
-43.53849,8,356.998975
6.309173,8,357.014339
-88.926067,8,357.026294
-159.253065,8,357.040078
-37.240239,8,357.051857
-34.085678,8,357.065531
-88.474484,8,357.082984
-134.15724,8,357.092479
-7.9357,8,357.108241
3.478209,8,357.121427
-82.70872,8,357.136011
2.41891,8,357.152635
-167.02818,8,357.164076
-37.314767,8,357.178144
8.684958,8,357.190141
-81.151094,8,357.20179
-20.945126,8,357.216046
-15.773769,8,357.231462
-19.781224,8,357.247177
-9.064707,8,357.269447
-48.244094,8,357.269447
9.103328,8,357.293478
-34.398481,8,357.301231
7.150018,8,357.315251
-18.58144,8,357.327026
-81.102632,8,357.338798
-83.499023,8,357.360576
-14.633207,8,357.364322
-8.193415,8,357.380244
-84.125018,8,357.404056
-80.816605,8,357.41189
-3.273475,8,357.441047
3.593947,8,357.456839
-11.622301,8,357.45986
-45.752893,8,357.475497
1.401195,8,357.497287
-6.976072,8,357.515517
-127.038869,8,357.525618
-35.564594,8,357.544491
-59.272946,8,357.556268
-16.110262,8,357.570216
-26.787379,8,357.591668
2.359885,8,357.605703
-9.422617,8,357.619614
1.066385,8,357.649308
-33.166873,8,357.649308
-37.266618,8,357.684666
-11.240583,8,357.698358
9.985997,8,357.715377
-36.992925,8,357.72336
-82.158696,8,357.739086
6.283629,8,357.755143
-3.661658,8,357.755143
-43.959116,8,357.78639
-12.25743,8,357.801801
-35.615465,8,357.813845
-23.631933,8,357.833378
-20.29505,8,357.844738
-114.125881,8,357.86039
-92.179582,8,357.875793
-4.160331,8,357.8886
-44.628012,8,357.90387
-86.715507,8,357.915502
-41.43299,8,357.931262
0.556087,8,357.946501
-61.118079,8,357.956515
-73.593823,8,357.971379
-31.71425,8,357.982394
-33.718831,8,357.999896
5.752128,8,358.017569
-0.205006,8,358.030762
4.156817,8,358.044779
-57.898016,8,358.056272
-100.70109,8,358.070028
-22.40471,8,358.083766
1.397676,8,358.095262
-68.821034,8,358.110732
-32.576553,8,358.117774
-26.843375,8,358.130449
-122.987454,8,358.146461
-0.584983,8,358.156483
-3.316233,8,358.175488
-115.804231,8,358.187248
1.947081,8,358.201012
-9.139387,8,358.214773
-18.131862,8,358.224766
-123.036952,8,358.246356
-58.436905,8,358.257402
-15.526659,8,358.271406
-4.278786,8,358.273407
-135.217441,8,358.289123
5.156295,8,358.304843
-9.370529,8,358.324517
-0.706775,8,358.337757
-12.531613,8,358.35523
-114.013119,8,358.369142
-14.694351,8,358.382639
-14.846007,8,358.393401
-25.831325,8,358.398409
-41.960781,8,358.4213
-10.45725,8,358.43432
2.587221,8,358.448442
-19.661967,8,358.456194
-0.94386,8,358.469952
-25.500316,8,358.483261
-20.963322,8,358.497025
-134.362313,8,358.516548
-21.253795,8,358.524038
-53.600165,8,358.541764
-24.541432,8,358.555531
4.852427,8,358.571338
-10.8412,8,358.584315
-19.653094,8,358.593328
-12.215893,8,358.607088
-54.184331,8,358.620582
-58.101205,8,358.630336
-3.239532,8,358.644335
-19.95414,8,358.660133
-2.442694,8,358.665895
-68.924433,8,358.694004
-61.715298,8,358.69754
-82.851452,8,358.713232
6.274915,8,358.729271
-115.326531,8,358.729271
-46.198721,8,358.745324
-22.582856,8,358.772738
-60.643684,8,358.787748
-35.589322,8,358.797917
-42.152281,8,358.806867
-11.032804,8,358.822659
1.628603,8,358.822659
-8.864565,8,358.845116
-112.32244,8,358.859911
-2.363043,8,358.880284
-58.732445,8,358.896319
-97.836029,8,358.906096
-12.663665,8,358.92214
-68.611707,8,358.93137
-2.973313,8,358.944867
-19.533435,8,358.959844
-41.768564,8,358.964851
-18.858368,8,358.987884
-126.373736,8,358.998724
-47.058116,8,359.010765
10.91392,8,359.028268
-22.898558,8,359.041927
6.52822,8,359.055163
-94.689085,8,359.066916
-29.669024,8,359.080414
-1.588212,8,359.095371
-73.934852,8,359.106389
-20.712733,8,359.122202
-13.328467,8,359.122202
-47.145952,8,359.141689
-84.206333,8,359.156242
-92.829127,8,359.170362
-89.734553,8,359.188488
-100.636124,8,359.188488
-18.051312,8,359.202608
1.670839,8,359.221503
-134.768644,8,359.234506
-18.337191,8,359.250617
-15.12738,8,359.266767
-1.831878,8,359.27497
-17.916618,8,359.282596
-37.220818,8,359.308583
9.74496,8,359.329271
-56.560138,8,359.340176
-24.068752,8,359.356215
-73.330557,8,359.372153
2.293915,8,359.388325
-74.900236,8,359.406375
-122.500616,8,359.406375
2.986675,8,359.436364
-26.853879,8,359.452576
-36.156,8,359.456593
-6.268557,8,359.478154
1.209662,8,359.486163
2.307853,8,359.501974
-128.039253,8,359.516148
-34.142077,8,359.528165
-52.577248,8,359.547683
-46.073389,8,359.547683
-61.229746,8,359.563616
-160.829947,8,359.581595
4.164118,8,359.595687
-66.664012,8,359.611742
-96.577764,8,359.611742
1.55214,8,359.627778
-19.384023,8,359.645986
-191.917843,8,359.667269
-14.35168,8,359.683388
-6.069594,8,359.752183
-30.132764,8,359.756194
-18.876592,8,359.787753
-4.399017,8,359.801607
1.186361,8,359.817419
-81.385034,8,359.833049
-51.738139,8,359.852397
-0.990215,8,359.873401
-18.296346,8,359.888999
4.146057,8,359.904898
1.868861,8,359.919412
-25.770945,8,359.936579
-43.998599,8,359.952298
-4.493287,8,359.958323
-94.581639,8,359.992995
-55.383011,8,360.00995
1.15853,8,360.030496
-3.659451,8,360.046551
-110.971388,8,360.070203
-39.344659,8,360.091984
-84.171898,8,360.093728
-66.398452,8,360.121444
9.094572,8,360.131489
-34.861753,8,360.150914
-67.405005,8,360.156923
-42.008613,8,360.172756
-90.00269,8,360.188876
-12.508854,8,360.210512
-119.916635,8,360.224388
-5.282812,8,360.240551
2.201894,8,360.252666
-40.785468,8,360.268718
1.71149,8,360.288454
-40.487323,8,360.298489
1.257126,8,360.318621
-17.241106,8,360.328649
-23.98569,8,360.336414
3.450924,8,360.358623
-21.54313,8,360.37573
-107.401664,8,360.394993
-145.249007,8,360.405978
2.309824,8,360.405978
-158.102007,8,360.437719
3.961873,8,360.448977
-44.247043,8,360.464238
-69.34133,8,360.471752
-20.14874,8,360.491601
-36.580239,8,360.505392
-172.542654,8,360.517176
-16.328608,8,360.521617
-24.63033,8,360.546668
0.064432,8,360.550675
6.80601,8,360.580542
-146.571691,8,360.592578
2.295086,8,360.60836
-15.709638,8,360.618133
3.603852,8,360.631925
-16.110149,8,360.650338
-26.128374,8,360.661373
2.207603,8,360.677406
-12.959747,8,360.677406
-2.119059,8,360.691441
-44.786327,8,360.707428
-86.023521,8,360.725115
-22.737588,8,360.739225
-71.012144,8,360.760844
-17.605096,8,360.77489
-90.904917,8,360.788675
-20.398645,8,360.800712
8.278965,8,360.812484
-17.487448,8,360.824264
-66.488098,8,360.838053
-76.705219,8,360.85184
-119.457542,8,360.861874
-111.570328,8,360.879672
-184.489011,8,360.891451
-53.361294,8,360.907225
-2.12163,8,360.926238
-26.879661,8,360.937238
-102.139641,8,360.950922
-82.008837,8,360.961947
-33.858222,8,360.978869
-29.314178,8,360.99292
-6.399278,8,361.004703
-75.249087,8,361.018493
0.907982,8,361.028524
2.474268,8,361.042319
-17.071207,8,361.054602
-42.642861,8,361.066139
-26.677335,8,361.08639
-31.161102,8,361.097819
-10.717236,8,361.112532
-141.493544,8,361.115539
-40.306811,8,361.129462
-43.327033,8,361.147425
-64.56195,8,361.155436
-3.594752,8,361.167828
-94.940871,8,361.178941
11.885748,8,361.186951
2.832474,8,361.205004
-107.25585,8,361.214777
-60.51782,8,361.232581
-47.391808,8,361.240701
-5.35675,8,361.262165
-31.225913,8,361.27582
-116.638487,8,361.285858
-41.960457,8,361.301911
-21.671465,8,361.319309
-9.631215,8,361.331324
-52.04542,8,361.344561
-31.752309,8,361.35456
-35.666937,8,361.370802
-22.895362,8,361.385492
-17.288849,8,361.397469
-29.217037,8,361.420938
-65.359848,8,361.434596
-77.54654,8,361.449519
-203.563202,8,361.464534
-23.497239,8,361.473534
8.025739,8,361.489316
-109.544827,8,361.502193
-20.935236,8,361.515451
-85.429526,8,361.527845
-23.694122,8,361.545099
-47.867785,8,361.547099
0.070325,8,361.571484
-3.086563,8,361.586536
1.010512,8,361.604492
-14.541901,8,361.612257
-12.374599,8,361.626154
-2.389497,8,361.642035
-121.163561,8,361.657862
-53.32294,8,361.674011
-152.28298,8,361.678136
-17.534092,8,361.689734
-43.15107,8,361.705734
-21.550948,8,361.721442
-27.724503,8,361.739271
-2.496719,8,361.752998
-111.237511,8,361.769171
-26.184462,8,361.769171
2.000595,8,361.799256
-40.649703,8,361.812752
8.381953,8,361.822771
-17.241896,8,361.838267
-59.933612,8,361.850022
-47.366832,8,361.863783
0.790793,8,361.877542
-14.48248,8,361.885552
-16.253736,8,361.898788
-4.942284,8,361.910542
5.933182,8,361.923602
3.463541,8,361.94237
11.558647,8,361.953929
-323.391731,8,361.970693
-81.720889,8,361.9737
-23.429163,8,361.99448
0.302878,8,362.010467
-155.418651,8,362.019463
-70.937905,8,362.023457
8.547328,8,362.043237
-6.940332,8,362.055007
-88.400382,8,362.077511
-110.178131,8,362.093056
-17.929322,8,362.113477
0.308992,8,362.128464
-82.599164,8,362.15015
-38.047911,8,362.174029
-46.036735,8,362.199789
-63.445871,8,362.22748
-85.790955,8,362.242848
-86.049016,8,362.26357
4.811911,8,362.284657
-17.727905,8,362.310067
-59.677593,8,362.331417
-6.106069,8,362.345353
2.778162,8,362.356395
-17.972685,8,362.401793
-25.942904,8,362.426465
2.255532,8,362.448786
1.734071,8,362.464971
-92.569459,8,362.487819
-69.17568,8,362.50463
-85.472627,8,362.526535
-28.735427,8,362.544883
-132.150591,8,362.557882
-16.13526,8,362.577577
-16.198057,8,362.594689
-92.916012,8,362.604729
-12.452299,8,362.626087
-11.035027,8,362.649369
-33.463218,8,362.667556
-33.985518,8,362.685578
-42.844213,8,362.70134
-32.552219,8,362.723092
-11.600354,8,362.734644
-31.689248,8,362.747093
-15.187842,8,362.76217
-37.156671,8,362.782135
-97.372711,8,362.79593
-26.923753,8,362.805981
-116.317441,8,362.809873
-63.834551,8,362.845546
-41.282074,8,362.857307
-1.15064,8,362.872809
4.387931,8,362.888856
-87.372687,8,362.906585
-5.578784,8,362.922494
-25.255933,8,362.936435
2.833237,8,362.954507
-66.121513,8,362.972378
-46.562657,8,362.984514
-60.242565,8,363.000157
-21.712208,8,363.021732
-91.13943,8,363.038992
-30.431781,8,363.056198
-66.333681,8,363.078905
-76.930026,8,363.097441
0.52901,8,363.11146
-21.620261,8,363.129221
-30.691559,8,363.137272
-1.952785,8,363.153008
-25.568194,8,363.179346
-126.023614,8,363.192475
-10.100632,8,363.224778
-103.201672,8,363.243232
-10.413206,8,363.26404
-6.277115,8,363.281096
-1.855397,8,363.295227
-41.847069,8,363.310941
-5.301661,8,363.329132
8.656778,8,363.343208
-66.698687,8,363.359262
-190.440078,8,363.359262
-27.778788,8,363.375144
-16.748852,8,363.398165
-16.298459,8,363.413735
-20.710726,8,363.427534
-2.953452,8,363.445449
-73.643276,8,363.46727
-80.226771,8,363.478686
-58.932703,8,363.494448
-61.093603,8,363.5123
-77.757533,8,363.524057
-27.831277,8,363.537555
-0.054117,8,363.547307
-201.616317,8,363.562892
0.362523,8,363.57665
-53.964139,8,363.586403
-96.13342,8,363.602425
-24.775025,8,363.617259
-47.304973,8,363.633328
-79.396977,8,363.651295
-124.477136,8,363.661913
-23.242625,8,363.684841
-105.986413,8,363.693977
-89.379223,8,363.718383
-65.13326,8,363.735133
0.832494,8,363.740118
-29.950546,8,363.757845
-97.719204,8,363.767598
2.014597,8,363.771602
-6.111716,8,363.799077
7.129354,8,363.811141
1.805176,8,363.829246
-11.753278,8,363.843397
-11.636182,8,363.856253
-27.793517,8,363.872023
-60.316055,8,363.887615
-124.348049,8,363.901931
-34.10647,8,363.91324
-8.561562,8,363.923062
-138.621971,8,363.937087
-42.552198,8,363.963798
-183.633131,8,363.968821
-28.570573,8,363.993265
-80.226925,8,364.007874
4.154849,8,364.030516
-12.229603,8,364.042579
-45.367198,8,364.057269
-45.191543,8,364.070048
-78.807643,8,364.089763
-86.979456,8,364.105703
-66.546028,8,364.117455
1.662981,8,364.135335
-19.011275,8,364.150534
-115.339569,8,364.166656
1.089775,8,364.189653
-48.944507,8,364.206891
-127.285525,8,364.220852
1.558865,8,364.239028
-22.63592,8,364.252842
4.162966,8,364.268871
1.80449,8,364.282417
-83.533275,8,364.302103
-71.749839,8,364.302103
-72.309436,8,364.32595
-82.55978,8,364.331719
-62.5112,8,364.355726
-67.513999,8,364.370711
-3.815342,8,364.385067
5.2562,8,364.405544
-14.462068,8,364.423063
-10.088983,8,364.428855
-18.028118,8,364.442743
-2.247069,8,364.458754
0.902917,8,364.480564
0.6155,8,364.496549
0.236532,8,364.515028
6.1773,8,364.532085
-78.682324,8,364.539848
-93.348098,8,364.559631
-34.114991,8,364.573173
-53.603423,8,364.602458
-6.63955,8,364.62441
-12.445399,8,364.644369
-27.182621,8,364.668176
-84.293427,8,364.689472
-1.72655,8,364.703934
1.761798,8,364.72105
-157.686167,8,364.742334
-55.206542,8,364.759035
-21.882725,8,364.788599
-14.801562,8,364.805811
-27.725365,8,364.840923
-1.662069,8,364.85949
-38.799637,8,364.879112
1.699068,8,364.897197
-32.842764,8,364.913285
-61.490606,8,364.931338
5.522638,8,364.931338
-78.57088,8,364.964921
-26.868463,8,364.979077
-47.618547,8,364.993277
1.440846,8,365.009463
5.176092,8,365.009463
-89.866796,8,365.027319
-72.849055,8,365.04344
-46.887716,8,365.057548
-63.667276,8,365.073629
-10.18323,8,365.089531
-129.963726,8,365.115762
0.388198,8,365.126126
-31.107653,8,365.144439
-11.162164,8,365.160152
-1.041095,8,365.174156
-89.267982,8,365.187928
-59.023366,8,365.206178
-35.086829,8,365.217186
-7.628797,8,365.232331
-22.919044,8,365.24392
-108.294051,8,365.262237
-75.115533,8,365.283518
-66.882956,8,365.295274
-10.18808,8,365.310678
-58.080747,8,365.320715
-7.235903,8,365.336518
-2.063893,8,365.352429
-27.214379,8,365.356445
-100.033984,8,365.36643
-28.895413,8,365.389484
-64.189371,8,365.402106
-75.757175,8,365.416181
-97.575555,8,365.425936
-31.225227,8,365.443462
-45.491447,8,365.447216
-24.749085,8,365.461265
-134.85123,8,365.485747
-2.696914,8,365.500237
-31.721952,8,365.517231
-57.954231,8,365.527572
-122.658799,8,365.544662
-26.685923,8,365.558639
-105.458605,8,365.568394
-35.037936,8,365.580157
-23.012731,8,365.589911
-5.09172,8,365.60367
-99.201759,8,365.627273
-3.455637,8,365.635298
-100.075447,8,365.651381
-64.716591,8,365.668078
11.010517,8,365.683432
-29.653757,8,365.701156
-44.203783,8,365.701156
-9.056971,8,365.715094
-54.171099,8,365.743764
-95.700365,8,365.757878
-16.227759,8,365.773333
-29.553072,8,365.773333
-27.594757,8,365.797275
-83.462953,8,365.810164
-91.423845,8,365.830272
-9.010599,8,365.846039
-128.725251,8,365.855791
-34.796338,8,365.867548
-40.59582,8,365.873302
-18.736159,8,365.889617
-18.710059,8,365.899735
-106.734231,8,365.915795
-110.22963,8,365.915795
-52.255966,8,365.940324
-21.615295,8,365.950096
10.672148,8,365.964017
-41.019853,8,365.979865
-91.771168,8,365.997817
-115.932839,8,366.011852
-1.493842,8,366.013858
-65.118308,8,366.029964
-6.562435,8,366.049433
-6.486726,8,366.061469
-54.026895,8,366.077422
-5.940669,8,366.093526
-5.49453,8,366.093526
-9.560413,8,366.11527
-7.713144,8,366.141145
-1.42183,8,366.151815
-18.695588,8,366.159066
-19.759087,8,366.171082
-74.701646,8,366.187081
-10.295039,8,366.203313
-4.737047,8,366.219496
-1.706072,8,366.23161
-44.41633,8,366.243367
-32.383607,8,366.251117
-4.555343,8,366.264555
-43.352657,8,366.280938
-61.72659,8,366.294893
-18.729615,8,366.306904
-79.458121,8,366.322957
-25.920518,8,366.338782
-102.669008,8,366.350817
0.962895,8,366.364592
-17.693952,8,366.380192
-55.460626,8,366.392208
-7.631191,8,366.403963
-16.986812,8,366.403963
-4.303344,8,366.421863
-96.00673,8,366.433895
-56.168908,8,366.451951
-62.669208,8,366.468408
-105.868789,8,366.48397
-12.268724,8,366.499717
-46.772226,8,366.511735
-64.672182,8,366.513478
-41.978137,8,366.529314
-13.957089,8,366.545341
-6.540593,8,366.562505
-45.329388,8,366.571497
-7.469803,8,366.571497
-30.903117,8,366.58746
-32.959342,8,366.603599
-16.498404,8,366.619494
-102.71371,8,366.635274
-13.674677,8,366.65731
-88.684183,8,366.673457
-6.516503,8,366.683528
-112.297692,8,366.701744
-122.053864,8,366.715486
-79.56712,8,366.715486
-105.812561,8,366.731647
1.554473,8,366.751374
2.755256,8,366.763413
-108.630525,8,366.783513
-42.986648,8,366.79301
-54.536398,8,366.811121
-127.315737,8,366.826898
-109.16465,8,366.838898
-17.494597,8,366.853121
-36.101534,8,366.857074
-23.433034,8,366.878296
-139.902565,8,366.888793
-167.196709,8,366.902549
-73.189006,8,366.924061
-145.248017,8,366.93583
-188.594118,8,366.951498
-41.586995,8,366.951498
-8.988777,8,366.985049
0.067088,8,366.998987
-18.709445,8,367.014716
-9.83956,8,367.035822
-67.107604,8,367.046321
-31.449596,8,367.071973
-1.900378,8,367.097969
-71.73797,8,367.11008
-10.910344,8,367.125987
-0.105524,8,367.141119
-121.228753,8,367.159579
-0.964735,8,367.188245
-16.472867,8,367.200988
-73.782733,8,367.222688
-1.379762,8,367.235256
-39.584174,8,367.254654
-109.041927,8,367.270723
-41.902376,8,367.282605
-0.810875,8,367.298579
0.575924,8,367.298579
-15.906217,8,367.318597
-90.342743,8,367.332593
-16.848263,8,367.346756
-47.196576,8,367.376485
-112.660649,8,367.388494
-61.351506,8,367.390435
-4.116011,8,367.422157
-9.864743,8,367.424163
-12.704623,8,367.438221
-125.785661,8,367.453956
-20.878052,8,367.469912
-3.51079,8,367.485706
-75.866618,8,367.485706
4.389622,8,367.505096
-1.655434,8,367.51984
2.916005,8,367.541991
-20.851052,8,367.550048
-10.407076,8,367.574049
-26.97748,8,367.602317
-32.867331,8,367.616113
-17.657251,8,367.631875
-125.781101,8,367.64581
-5.187963,8,367.658497
-39.518607,8,367.677279
-8.678993,8,367.679286
-53.311806,8,367.710358
0.927227,8,367.726423
-2.930711,8,367.738418
7.633899,8,367.740324
-5.532748,8,367.76555
-38.812399,8,367.773299
-28.043414,8,367.793402
-9.926472,8,367.808581
-92.633312,8,367.821724
-30.200706,8,367.835588
-103.209258,8,367.855706
-2.422275,8,367.869686
-51.330433,8,367.88118
-42.137158,8,367.897785
-24.055715,8,367.908074
-4.274963,8,367.923595
2.970201,8,367.939191
-10.636561,8,367.955227
-112.4121,8,367.971177
-91.160381,8,367.971177
6.597916,8,367.989156
-53.632227,8,368.00336
-1.950546,8,368.019382
-9.37775,8,368.041346
-30.564602,8,368.051462
-5.422096,8,368.067413
-151.407305,8,368.067413
-37.172335,8,368.083535
2.317061,8,368.099692
-119.035338,8,368.115369
-5.303915,8,368.129153
-60.547684,8,368.146766
-3.766521,8,368.146766
-88.007509,8,368.162665
-9.42755,8,368.184169
-70.874453,8,368.196689
-77.755039,8,368.208187
-13.699772,8,368.218201
-46.071694,8,368.225951
-40.321223,8,368.245996
-13.750214,8,368.261502
-98.403994,8,368.273
-9.289563,8,368.284591
-4.625319,8,368.304701
4.835073,8,368.30671
-131.813152,8,368.324445
-63.180313,8,368.344781
-86.365592,8,368.352306
-26.583118,8,368.372082
-69.202015,8,368.383581
6.166906,8,368.399251
-18.953254,8,368.399251
-72.016469,8,368.425958
3.987122,8,368.441014
4.961994,8,368.451023
-68.154227,8,368.456928
-42.514481,8,368.472904
-26.300778,8,368.488846
-1.101623,8,368.506805
-118.863914,8,368.521002
-7.927602,8,368.538987
-3.776029,8,368.553068
-7.725655,8,368.564621
-67.852445,8,368.57064
-102.714627,8,368.584513
-105.150518,8,368.602263
-58.783056,8,368.616449
-162.582537,8,368.616449
-41.198412,8,368.648303
-31.47455,8,368.660095
-53.590404,8,368.677801
-1.187667,8,368.696702
-67.046355,8,368.712468
-30.726276,8,368.727435
-29.566816,8,368.737428
-37.724288,8,368.750015
-29.796909,8,368.762517
-32.815332,8,368.772778
-5.384723,8,368.790634
-19.840143,8,368.799903
-12.358673,8,368.821313
-74.772119,8,368.842478
-55.901556,8,368.842478
-3.668576,8,368.857572
-27.040168,8,368.875373
-90.08235,8,368.889485
-3.389208,8,368.909812
-23.179347,8,368.913819
-10.219837,8,368.937103
4.614371,8,368.947116
-54.998394,8,368.952866
-58.56176,8,368.968931
-14.351704,8,368.985023
-87.559429,8,369.001129
0.671587,8,369.017235
-105.930325,8,369.036638
-8.00381,8,369.0504
-1.390947,8,369.06266
-177.309269,8,369.077904
-50.707023,8,369.087917
-7.645141,8,369.101687
6.999891,8,369.117478
-123.416169,8,369.129254
-121.939126,8,369.150389
-36.817271,8,369.161411
-61.066397,8,369.175471
-24.992772,8,369.191394
-41.509359,8,369.191394
-4.313948,8,369.207541
-101.888962,8,369.223353
-111.282989,8,369.243131
7.060748,8,369.257234
-36.053161,8,369.274633
-15.199287,8,369.291804
-18.746284,8,369.30757
-168.171584,8,369.318012
-31.593216,8,369.351381
-1.7966,8,369.367526
-82.254955,8,369.381738
-113.625135,8,369.402708
0.527063,8,369.420762
-7.159824,8,369.436548
-63.784075,8,369.448107
-89.274697,8,369.46361
-34.046947,8,369.475128
-90.307654,8,369.491195
-41.922991,8,369.507164
-3.554649,8,369.525117
-15.184178,8,369.538569
-93.329129,8,369.556459
-27.360581,8,369.570412
-64.970405,8,369.609831
3.792975,8,369.622512
-8.91357,8,369.643054
-5.918417,8,369.654382
-51.296689,8,369.680522
-7.730789,8,369.711578
-108.204548,8,369.72434
-114.781758,8,369.740322
-124.562834,8,369.740322
-3.799973,8,369.775649
-51.569275,8,369.791898
-64.434426,8,369.818335
-3.448264,8,369.840373
-81.486691,8,369.842367
-7.602979,8,369.858333
-70.217714,8,369.874403
-19.514002,8,369.890194
-42.858144,8,369.906131
-5.700406,8,369.926584
-30.485673,8,369.947878
-46.987381,8,369.958591
1.98084,8,369.969261
-42.429783,8,369.985306
-1.835069,8,370.003314
-3.094606,8,370.017399
1.859687,8,370.039642
-2.086218,8,370.052875
-35.273419,8,370.064756
-54.954112,8,370.064756
-198.439239,8,370.093673
-132.110195,8,370.114477
-0.679706,8,370.130539
-95.736436,8,370.158038
-67.19964,8,370.171706
2.15274,8,370.191908
-13.357602,8,370.207801
-51.691401,8,370.223633
-47.681621,8,370.244018
-11.079733,8,370.257535
-3.638545,8,370.271767
-54.071624,8,370.289619
-71.661853,8,370.303948
-79.007554,8,370.321786
0.058433,8,370.335533
-51.004592,8,370.355521
-19.990725,8,370.369421
-84.774076,8,370.389454
10.226798,8,370.405064
-75.347892,8,370.416822
-39.393852,8,370.432585
-37.361919,8,370.452
-63.140969,8,370.462014
-183.180847,8,370.481522
-50.79953,8,370.492754
-171.994547,8,370.508515
-81.883159,8,370.524276
-2.437083,8,370.535507
-84.161286,8,370.549528
-8.956819,8,370.560784
3.184134,8,370.574286
-120.548293,8,370.594055
-9.675854,8,370.605169
-60.535145,8,370.62128
-19.45658,8,370.632337
-31.326733,8,370.648024
-2.849976,8,370.663819
-17.869036,8,370.67563
-56.2301,8,370.69168
-83.959254,8,370.703449
4.507396,8,370.711244
-47.891869,8,370.727081
-12.45229,8,370.74315
-32.926061,8,370.74315
-11.632079,8,370.759182
-26.688112,8,370.784862
-98.209312,8,370.804475
3.268728,8,370.808072
-79.217016,8,370.833144
4.36629,8,370.840729
-84.181067,8,370.852751
-16.256316,8,370.866517
-2.798284,8,370.874269
-99.478259,8,370.886285
-70.119167,8,370.895783
-60.776194,8,370.909543
-74.839421,8,370.926869
-9.857139,8,370.93802
-17.496843,8,370.95753
-13.914616,8,370.96728
-2.608705,8,370.980857
-37.706644,8,370.996359
-18.539989,8,371.005849
-9.608577,8,371.020087
7.828852,8,371.033847
3.200409,8,371.048826
1.708927,8,371.062931
-48.219735,8,371.073168
-107.097103,8,371.08693
-40.913864,8,371.096684
0.91293,8,371.112186
-117.5904,8,371.129783
-2.914193,8,371.143815
-1.951114,8,371.159318
-11.215757,8,371.169712
1.010695,8,371.185258
-26.721155,8,371.199046
-160.331762,8,371.20908
-1.90022,8,371.222867
-20.595253,8,371.232639
-126.749926,8,371.249835
-62.266948,8,371.263859
-0.215131,8,371.263859
-188.354736,8,371.291581
-51.453028,8,371.299441
-3.055544,8,371.307458
-40.385488,8,371.33147
-42.333541,8,371.342828
-118.398296,8,371.359881
-1.684451,8,371.370922
-17.001795,8,371.384583
-104.367042,8,371.398267
-0.1706,8,371.410308
-194.492944,8,371.424092
6.243443,8,371.433867
-8.962512,8,371.447914
-89.574609,8,371.469094
-23.769378,8,371.480851
-32.60067,8,371.494087
3.392099,8,371.504515
-36.471365,8,371.518552
-6.376615,8,371.531971
-20.737623,8,371.544013
6.137258,8,371.556052
-7.027269,8,371.567835
-0.182893,8,371.585818
-23.475994,8,371.601924
-2.181627,8,371.616481
-19.244404,8,371.633783
-0.471484,8,371.645823
-74.925047,8,371.661062
-73.552482,8,371.68469
8.291248,8,371.70004
-93.958691,8,371.725425
-19.939047,8,371.740423
-31.373393,8,371.756496
-48.377716,8,371.778384
-85.523249,8,371.799227
-104.216712,8,371.819821
-86.601105,8,371.835215
-117.792312,8,371.855051
1.142609,8,371.89383
-3.817198,8,371.915969
-59.049408,8,371.939642
-92.733683,8,371.95331
-106.469206,8,371.960943
-19.953108,8,371.990148
-12.45579,8,372.009264
-75.171667,8,372.024543
-32.373944,8,372.054124
-14.288599,8,372.0719
-17.28251,8,372.086123
-93.516639,8,372.109069
-71.098142,8,372.13399
-0.035357,8,372.149832
-12.611909,8,372.165651
-104.68078,8,372.181334
-23.417167,8,372.197016
-62.734352,8,372.212711
-58.235811,8,372.212711
-3.873206,8,372.244555
-62.10686,8,372.262375
-89.637699,8,372.272283
-31.056866,8,372.292103
-21.015411,8,372.292103
-82.938195,8,372.320031
-33.272964,8,372.337709
-160.078203,8,372.355238
-47.806619,8,372.371312
-103.853502,8,372.383457
-104.411187,8,372.399268
-8.48567,8,372.415081
-80.377652,8,372.426867
-142.724576,8,372.442668
-75.903721,8,372.456453
-5.206829,8,372.466474
-10.139305,8,372.486633
-2.256223,8,372.497872
-8.446882,8,372.513648
3.72801,8,372.523106
4.388333,8,372.541766
-1.121828,8,372.557536
-79.015812,8,372.572612
-90.716458,8,372.586658
-26.599807,8,372.598429
0.753684,8,372.611677
-92.069978,8,372.623733
-4.031188,8,372.639517
-12.276382,8,372.639517
-25.755034,8,372.655319
5.809528,8,372.690542
-68.599914,8,372.716089
-24.700674,8,372.734149
-26.681023,8,372.752388
-42.620072,8,372.765718
-118.481653,8,372.781416
-124.087127,8,372.790419
-3.377264,8,372.808428
-145.134528,8,372.82537
-40.420632,8,372.841665
-9.368853,8,372.858703
-16.326852,8,372.873705
-1.169938,8,372.873705
-57.94146,8,372.90314
-24.047365,8,372.907895
-2.341875,8,372.92098
3.16834,8,372.949365
-131.670493,8,372.952845
-11.557938,8,372.976341
5.65539,8,372.986833
-68.054738,8,373.002757
-26.668936,8,373.020479
-5.14588,8,373.032353
0.548188,8,373.049976
0.084329,8,373.063637
-82.083796,8,373.079314
-151.968805,8,373.097015
-19.188058,8,373.112851
-3.043104,8,373.132537
-16.998454,8,373.14647
-82.513401,8,373.160071
-39.563556,8,373.173833
-27.425597,8,373.183588
-2.319886,8,373.195345
-10.716575,8,373.205103
0.952251,8,373.220251
-2.61086,8,373.23806
-54.398516,8,373.249658
-0.054952,8,373.267435
-10.002061,8,373.274698
1.337363,8,373.283165
-31.606779,8,373.306719
-1.051157,8,373.314741
-44.959533,8,373.338605
8.553449,8,373.372275
-2.926221,8,373.394089
-31.971212,8,373.409903
6.657757,8,373.409903
-5.426338,8,373.425624
4.386143,8,373.44923
-15.819044,8,373.469278
-4.581849,8,373.486814
-115.388523,8,373.500883
-173.246151,8,373.514226
-67.091012,8,373.525274
-47.612522,8,373.540685
-20.311077,8,373.554395
-41.784182,8,373.558402
-25.792155,8,373.584208
-7.908917,8,373.596225
-22.972668,8,373.611206
-6.32397,8,373.625228
-57.97196,8,373.632983
-31.031858,8,373.656834
-19.299238,8,373.672585
-25.426961,8,373.691824
-1.653794,8,373.711344
1.127267,8,373.72321
-12.038131,8,373.738365
-44.762653,8,373.740281
-15.580724,8,373.756084
-56.419384,8,373.777856
-78.604192,8,373.801018
-24.471417,8,373.820834
0.510346,8,373.832478
-38.531774,8,373.848068
-1.422018,8,373.867325
7.922079,8,373.879969
-92.735796,8,373.896028
5.3888,8,373.911392
-24.070929,8,373.925153
-86.597066,8,373.938913
-81.239555,8,373.952244
3.119363,8,373.966004
-4.453986,8,373.977501
-9.773824,8,373.991
-4.460232,8,374.004782
9.09547,8,374.02084
-4.345052,8,374.040264
-46.223621,8,374.051759
-54.511449,8,374.067542
-121.11698,8,374.08379
-26.246127,8,374.093841
-2.242437,8,374.110476
-86.233126,8,374.126019
-53.007065,8,374.142973
-26.867888,8,374.162651
-39.840634,8,374.170254
-151.215693,8,374.195919
-29.196042,8,374.211118
-51.080492,8,374.238144
-56.861242,8,374.260498
-17.870602,8,374.27228
-16.770013,8,374.28903
-27.051132,8,374.302349
-148.699428,8,374.317249
-41.426759,8,374.333102
-55.152968,8,374.349033
-36.265477,8,374.365798
-71.618941,8,374.378373
-0.727847,8,374.394422
-25.085657,8,374.4108
-37.844825,8,374.42554
-27.97328,8,374.445621
-16.011742,8,374.463804
-98.545295,8,374.480595
-12.537322,8,374.497242
6.127593,8,374.506263
-6.337268,8,374.520029
-100.199072,8,374.529787
-7.43737,8,374.544176
2.314656,8,374.555694
-3.475233,8,374.57251
-48.344689,8,374.587569
-61.347944,8,374.601361
-4.796918,8,374.621078
-0.219374,8,374.639987
-17.985287,8,374.653558
-82.476388,8,374.655561
-71.336122,8,374.6716
-58.028984,8,374.691642
-19.136061,8,374.703197
-24.234666,8,374.721021
-0.716729,8,374.735157
-18.844745,8,374.751341
-76.577621,8,374.767087
-75.160778,8,374.785217
-6.985898,8,374.791442
-27.893387,8,374.814923
6.074038,8,374.824865
-1.77557,8,374.831055
-67.978594,8,374.847008
-80.658542,8,374.863062
-203.19379,8,374.879155
-33.003056,8,374.879155
-54.752562,8,374.897324
-1.747578,8,374.927155
-33.073559,8,374.939211
3.709298,8,374.942975
-114.906309,8,374.958918
-18.222662,8,374.974715
-9.306582,8,374.99375
-148.392969,8,375.009013
-55.621608,8,375.022124
-126.21424,8,375.037814
-38.487928,8,375.053954
2.614716,8,375.053954
-2.563213,8,375.070057
-1.234958,8,375.086121
-77.491212,8,375.102268
-43.895571,8,375.120911
-15.898635,8,375.138605
-103.014762,8,375.150528
-29.844849,8,375.176126
-3.274238,8,375.18762
-19.867113,8,375.203062
-14.441496,8,375.218505
-0.348021,8,375.236573
-5.230465,8,375.255632
-109.049555,8,375.260343
-9.541408,8,375.280345
-21.314303,8,375.294122
-50.046086,8,375.304144
-127.576346,8,375.319919
-107.84871,8,375.323673
-29.683635,8,375.3394
-5.509563,8,375.370742
-15.264458,8,375.370742
-23.07605,8,375.392052
-87.25861,8,375.40435
-10.706485,8,375.418121
-15.835375,8,375.436198
-5.187999,8,375.451981
-10.862008,8,375.467694
1.947081,8,375.48177
3.959843,8,375.499771
-9.271443,8,375.513589
-96.14272,8,375.529374
-142.000315,8,375.545362
-12.147081,8,375.561171
-0.300658,8,375.577341
-42.536254,8,375.593219
-76.437671,8,375.593219
1.346183,8,375.609409
-47.793814,8,375.609409
-29.518633,8,375.627305
-149.405592,8,375.645619
0.408514,8,375.658532
-38.895284,8,375.675549
-84.052687,8,375.695851
-113.032722,8,375.71084
-56.520085,8,375.727036
-98.041977,8,375.736794
5.340776,8,375.739811
-17.649363,8,375.755926
-175.907252,8,375.771719
-86.624722,8,375.79144
-55.556297,8,375.79144
-32.37241,8,375.818593
-14.132378,8,375.830415
-16.744251,8,375.840413
-98.801379,8,375.856181
-14.310997,8,375.875342
-43.238256,8,375.892835
-2.162509,8,375.909367
-15.157065,8,375.919892
-2.078565,8,375.93801
-53.511384,8,375.951828
-10.348113,8,375.971935
0.221104,8,375.985747
-22.935253,8,376.001809
-82.385428,8,376.018013
-0.120628,8,376.031883
-35.241603,8,376.097986
-8.795422,8,376.114114
-22.972513,8,376.133562
-3.746636,8,376.150958
-129.879284,8,376.160455
-16.534605,8,376.160455
3.27341,8,376.183084
6.794098,8,376.196349
-5.291807,8,376.211853
-3.516501,8,376.221344
-13.478703,8,376.223347
4.599224,8,376.245566
-43.354792,8,376.255587
1.886511,8,376.271496
2.501181,8,376.288858
0.485035,8,376.308376
-7.007126,8,376.318192
-65.274646,8,376.333432
-16.047169,8,376.348137
-20.672152,8,376.356568
-29.139349,8,376.365064
-31.905069,8,376.383227
-55.062089,8,376.397295
4.020201,8,376.415345
-19.641989,8,376.423355
-96.824227,8,376.429254
4.021473,8,376.447098
-17.406961,8,376.46426
-6.78787,8,376.477249
1.12951,8,376.494803
-194.850466,8,376.513993
-31.750513,8,376.525021
-10.225943,8,376.539219
-63.965843,8,376.550982
2.313332,8,376.562931
10.443802,8,376.580381
-47.701577,8,376.593204
-38.987561,8,376.614837
3.231758,8,376.634615
-13.347391,8,376.648687
-54.303219,8,376.66938
1.175862,8,376.691903
-20.872533,8,376.716848
-11.092622,8,376.733474
-5.02398,8,376.74693
-13.188043,8,376.756931
-26.965363,8,376.777
-115.336249,8,376.788498
-108.090759,8,376.812672
4.290666,8,376.822427
-64.743466,8,376.836058
-18.303883,8,376.854952
3.100331,8,376.867644
-21.050137,8,376.895461
-44.503996,8,376.911249
-63.394715,8,376.926607
-7.654263,8,376.938653
-6.593087,8,376.954107
-55.604685,8,376.970167
-10.758527,8,376.982992
-29.942061,8,376.998752
-26.735455,8,377.0128
-84.777875,8,377.030306
-55.944209,8,377.045846
-61.726068,8,377.0556
-38.251904,8,377.075266
-6.853508,8,377.08528
-118.340515,8,377.098823
-35.133816,8,377.112985
-4.396409,8,377.122483
-112.416296,8,377.134179
-16.770321,8,377.1523
-0.616462,8,377.16432
4.572646,8,377.177821
7.697632,8,377.187574
-0.501763,8,377.203598
3.957489,8,377.213566
-23.407765,8,377.225583
3.384408,8,377.245101
-19.500984,8,377.256409
-0.356097,8,377.271909
5.505651,8,377.281922
-7.922038,8,377.29742
-20.967102,8,377.310916
-71.18401,8,377.32215
-20.739783,8,377.334167
-6.276647,8,377.347929
7.70484,8,377.361433
-103.831674,8,377.369446
-19.601455,8,377.390233
0.425675,8,377.401261
-63.743672,8,377.417066
-6.106471,8,377.430846
-59.841828,8,377.444305
-62.985221,8,377.458767
-56.639708,8,377.473364
-47.680297,8,377.48312
-103.364638,8,377.498811
-117.342578,8,377.514328
-65.117476,8,377.526363
-50.718508,8,377.540405
-15.955505,8,377.550167
-168.24323,8,377.569414
0.14826,8,377.573421
-8.464222,8,377.599655
-20.451599,8,377.615453
-5.020092,8,377.625241
6.065533,8,377.639029
-50.721865,8,377.652859
-70.114435,8,377.652859
-25.8937,8,377.687029
-62.958855,8,377.69382
-11.101459,8,377.712672
-5.31215,8,377.725396
-16.511254,8,377.735397
-28.77686,8,377.740396
-23.981569,8,377.764113
-30.609996,8,377.784123
6.24929,8,377.795902
-36.057649,8,377.806669
0.928436,8,377.82072
-185.930472,8,377.832767
-48.703208,8,377.846485
-20.908728,8,377.857981
-28.750887,8,377.867741
-59.196171,8,377.885544
-60.205826,8,377.895028
-66.742413,8,377.912541
-49.244747,8,377.936543
-90.247548,8,377.948756
-59.078337,8,377.962255
-48.861514,8,377.97427
2.170905,8,377.98803
-71.824979,8,378.007279
-22.262251,8,378.017506
10.194576,8,378.023
-57.34023,8,378.040643
-29.279861,8,378.054633
-77.910278,8,378.072316
0.453503,8,378.083812
-32.600772,8,378.103325
0.533354,8,378.114129
-106.34919,8,378.117142
-28.978359,8,378.132864
-102.112087,8,378.148613
-72.60052,8,378.171251
-7.921418,8,378.180143
-12.281225,8,378.192168
-53.295337,8,378.195914
-66.742665,8,378.219196
-19.547848,8,378.233216
-12.728387,8,378.240719
-38.963727,8,378.258593
-36.846386,8,378.278917
1.138383,8,378.292003
-66.944888,8,378.305504
-77.566371,8,378.317077
-47.55895,8,378.334283
0.039336,8,378.352232
-16.627665,8,378.35281
-22.564641,8,378.368163
-28.649856,8,378.384033
2.379648,8,378.401725
6.098714,8,378.415429
4.438292,8,378.433614
-154.971606,8,378.449704
-44.306247,8,378.463666
-2.150236,8,378.479795
-51.090054,8,378.479795
-67.780392,8,378.495556
-3.9641,8,378.511491
-55.252951,8,378.529268
-70.410058,8,378.545017
-55.418554,8,378.561187
6.130921,8,378.561187
-5.374617,8,378.586822
-8.896145,8,378.594588
-1.429721,8,378.616152
-122.311598,8,378.635213
-23.913243,8,378.646247
-47.278403,8,378.671779
-35.690857,8,378.68984
-3.626802,8,378.691849
3.461017,8,378.717749
-37.776115,8,378.731496
-7.83874,8,378.750085
-29.641439,8,378.764298
-16.328954,8,378.843251
-59.140174,8,378.85725
-192.837414,8,378.870678
-3.163957,8,378.898231
-17.218896,8,378.913926
-48.744382,8,378.92795
0.312812,8,378.94755
-8.652557,8,378.960679
9.813283,8,378.971661
-13.452457,8,378.988838
6.769894,8,379.014614
-24.88662,8,379.048441
-47.672525,8,379.068139
-43.928272,8,379.078035
-79.797438,8,379.093878
-10.883871,8,379.125715
-2.407568,8,379.15746
-138.812972,8,379.1692
-123.270394,8,379.173208
-7.984866,8,379.20408
2.390468,8,379.230884
-33.037585,8,379.249825
0.492286,8,379.261864
-38.844397,8,379.281497
-34.707956,8,379.297093
-1.908687,8,379.314934
-40.348729,8,379.329201
8.396501,8,379.348915
-119.780195,8,379.371694
-9.230554,8,379.378709
8.052964,8,379.396356
-26.109287,8,379.41212
-102.171107,8,379.423878
-83.798657,8,379.441814
-0.366461,8,379.453534
-74.027355,8,379.46877
8.750099,8,379.472776
0.526433,8,379.496582
-20.779196,8,379.510356
-196.631117,8,379.52011
-31.120804,8,379.535876
-21.39078,8,379.557666
-21.55726,8,379.571231
-1.729033,8,379.586828
-15.413951,8,379.598589
-1.107992,8,379.614353
-27.035943,8,379.628332
-1.505436,8,379.639304
0.348755,8,379.655451
-54.122857,8,379.670923
11.333914,8,379.691717
-0.060562,8,379.708235
-20.228128,8,379.723213
-136.829121,8,379.743183
-45.299459,8,379.755198
9.817453,8,379.757183
-76.092417,8,379.789087
1.315152,8,379.804876
-9.893966,8,379.822427
-11.477235,8,379.834217
0.22612,8,379.850299
-7.480591,8,379.86533
-0.424625,8,379.877114
-19.474356,8,379.894646
-91.887263,8,379.904135
-14.672885,8,379.919511
-258.494662,8,379.939236
-20.126873,8,379.953295
-42.489354,8,379.972485
2.390359,8,379.982291
6.171915,8,380.007055
-47.848164,8,380.022107
-62.386712,8,380.033885
1.506983,8,380.050604
-9.731762,8,380.061383
-104.081408,8,380.077375
-72.810609,8,380.095145
-26.29266,8,380.104902
-1.068651,8,380.122961
-71.810308,8,380.124702
-52.135095,8,380.153264
-93.113786,8,380.156284
-93.371894,8,380.179364
-85.164719,8,380.197392
-129.88287,8,380.207268
-92.340141,8,380.223122
-76.172879,8,380.246483
-43.789789,8,380.261053
-58.361986,8,380.272072
-82.970745,8,380.288723
-99.018718,8,380.309085
6.335196,8,380.329321
-19.3347,8,380.329321
-106.473784,8,380.344993
-26.801536,8,380.361146
-117.8872,8,380.381167
-87.987878,8,380.398556
4.509103,8,380.408572
1.434496,8,380.420068
-51.095178,8,380.432088
-84.93774,8,380.449857
-80.07325,8,380.46543
-44.512137,8,380.476704
0.759231,8,380.496427
0.319449,8,380.508047
-91.177321,8,380.525588
0.126916,8,380.541384
1.300086,8,380.555174
-17.269279,8,380.570964
-8.050268,8,380.582723
-18.547481,8,380.59814
-80.911105,8,380.614213
-57.135244,8,380.614213
-36.852944,8,380.630142
11.879424,8,380.645926
2.569764,8,380.663032
-95.19184,8,380.693882
7.64537,8,380.711074
-124.503472,8,380.725598
3.338145,8,380.737597
-167.925645,8,380.753965
4.085469,8,380.756972
-83.363514,8,380.785004
-31.47031,8,380.791762
-111.979212,8,380.815832
-66.919716,8,380.831537
-20.868269,8,380.845122
3.94168,8,380.854615
0.022483,8,380.872261
-4.658199,8,380.882293
-116.358604,8,380.890048
-39.129648,8,380.90412
2.399901,8,380.920311
0.885832,8,380.936374
-6.658225,8,380.952414
-36.911326,8,380.954421
-52.660536,8,380.968528
4.095066,8,380.984722
-62.616173,8,381.000809
-20.743412,8,381.016751
-30.038665,8,381.034881
-7.42927,8,381.048753
-87.518302,8,381.064725
-25.936001,8,381.078382
-86.462018,8,381.086301
-81.409568,8,381.100067
-11.148506,8,381.117314
-24.046497,8,381.12707
-14.791527,8,381.14478
-16.992094,8,381.156535
-21.941243,8,381.158648
-28.947008,8,381.174846
3.511988,8,381.190856
-91.687256,8,381.212841
-24.799843,8,381.224324
-2.625489,8,381.244038
7.435447,8,381.260503
-11.166714,8,381.272732
-45.871887,8,381.287995
-0.092774,8,381.300011
3.174591,8,381.31351
5.693039,8,381.329149
-64.941542,8,381.3388
-44.704522,8,381.360072
-85.397782,8,381.372088
-21.67259,8,381.387171
-59.254935,8,381.410839
0.231101,8,381.428378
-32.81579,8,381.451991
7.686487,8,381.46967
10.298513,8,381.489121
-29.688101,8,381.513937
-133.867869,8,381.531345
-80.897943,8,381.555545
-13.23005,8,381.568485
-39.545391,8,381.584435
-162.886738,8,381.600193
-185.076412,8,381.616543
3.301708,8,381.637047
-91.035729,8,381.651632
4.753831,8,381.680723
-66.627306,8,381.70124
-1.358955,8,381.714927
-102.295084,8,381.730393
-178.080737,8,381.74038
6.812204,8,381.756231
3.401199,8,381.772196
2.036286,8,381.791792
-0.735836,8,381.791792
1.919822,8,381.818627
-37.311789,8,381.834672
-90.873405,8,381.840586
-89.473452,8,381.858291
-16.10549,8,381.879471
11.500683,8,381.888461
-62.657616,8,381.904574
-87.881553,8,381.920678
-127.31676,8,381.920678
-167.476237,8,381.94901
-59.12315,8,381.958764
-0.715144,8,381.974526
-13.306394,8,381.988286
-149.065504,8,381.998299
-11.642558,8,382.018039
-38.554215,8,382.031466
0.484682,8,382.051569
8.59979,8,382.066605
-30.253866,8,382.076618
-40.672143,8,382.093125
-49.866822,8,382.104622
1.778263,8,382.122598
-2.928187,8,382.129602
4.751839,8,382.152503
-7.054464,8,382.158279
-26.624208,8,382.174066
-195.31979,8,382.197602
-18.384938,8,382.216855
3.523634,8,382.232615
-28.080233,8,382.247855
-5.772355,8,382.259512
-68.159443,8,382.273285
-4.023353,8,382.283363
-34.471883,8,382.299337
-91.078525,8,382.299337
-70.774404,8,382.323514
-3.565195,8,382.3389
-15.257873,8,382.353401
-128.422936,8,382.363429
-67.250913,8,382.382705
-61.835549,8,382.394491
4.673129,8,382.408544
3.835489,8,382.423798
-94.816321,8,382.435554
-46.363774,8,382.452713
-60.881981,8,382.462704
6.14462,8,382.478502
-93.934218,8,382.492291
2.201793,8,382.502324
-40.559321,8,382.516108
-61.757485,8,382.521867
0.590462,8,382.535705
9.602281,8,382.557292
-7.147832,8,382.571185
-160.605233,8,382.584684
-163.011843,8,382.584684
5.222773,8,382.610317
-40.234613,8,382.623297
-82.872213,8,382.629642
-46.501432,8,382.650116
-22.949275,8,382.66015
0.76975,8,382.677349
-41.685841,8,382.677349
-101.910255,8,382.703124
-20.796625,8,382.722546
0.578975,8,382.734576
5.669934,8,382.749732
-25.128984,8,382.762967
-28.700773,8,382.7771
-90.400415,8,382.791567
-13.788045,8,382.802799
-49.986943,8,382.802799
-26.855823,8,382.820784
-75.072123,8,382.834839
-13.115081,8,382.850765
-64.848004,8,382.850765
-0.7772,8,382.866572
-22.149001,8,382.896158
-23.059236,8,382.897901
2.753088,8,382.913881
-31.839587,8,382.913881
-125.831669,8,382.929914
-23.011276,8,382.955539
-37.993631,8,382.963555
-47.541808,8,382.977316
-135.017323,8,382.977316
3.775033,8,382.99337
-2.329749,8,383.009226
-84.89664,8,383.026362
2.337217,8,383.043981
-48.961618,8,383.051469
-135.303857,8,383.063229
2.443883,8,383.07699
-84.290054,8,383.088487
3.343471,8,383.106253
-22.801852,8,383.114736
-1.009752,8,383.131168
4.949138,8,383.144212
-4.61712,8,383.15769
-43.869394,8,383.171739
-109.019325,8,383.183293
-23.451032,8,383.197054
-209.020507,8,383.220418
-2.088536,8,383.230174
-103.261151,8,383.245933
-60.085781,8,383.255686
-31.44236,8,383.269184
-84.911806,8,383.282946
-77.364512,8,383.294961
-35.87955,8,383.308459
-10.464815,8,383.319954
-8.863269,8,383.335714
-9.793171,8,383.351217
-52.577956,8,383.361229
-19.374016,8,383.37885
-29.726952,8,383.388874
-120.110839,8,383.404667
-0.777756,8,383.416448
-62.760669,8,383.430112
-8.121672,8,383.446163
-16.688602,8,383.457943
-12.547586,8,383.47138
-37.319612,8,383.485421
-20.169912,8,383.495192
-69.481031,8,383.507229
-48.016601,8,383.517002
-28.775612,8,383.526778
-62.306322,8,383.550377
-41.576676,8,383.560131
-11.918606,8,383.571368
-130.507615,8,383.574114
-1.627288,8,383.589844
-3.22949,8,383.605601
0.486072,8,383.605601
-35.724944,8,383.62136
-2.758057,8,383.639343
-0.08197,8,383.65342
-33.730411,8,383.672097
0.836965,8,383.690965
-52.864923,8,383.712555
-52.730165,8,383.723461
-83.145204,8,383.738662
-108.870913,8,383.740577
-30.084952,8,383.76848
-26.495205,8,383.77223
8.835572,8,383.792013
-34.933358,8,383.806151
-100.802154,8,383.82563
-106.449009,8,383.836239
-28.211047,8,383.854061
7.489229,8,383.854061
-115.005005,8,383.888541
-24.489528,8,383.914202
-11.468344,8,383.931556
-55.482551,8,383.955289
-60.384322,8,383.972889
-92.27733,8,384.000091
8.090723,8,384.022083
-21.593075,8,384.033413
1.326945,8,384.049179
-55.804027,8,384.060508
2.975781,8,384.081353
-152.551573,8,384.102574
-35.615202,8,384.120418
-13.369386,8,384.140214
-3.896014,8,384.153718
-2.40009,8,384.167216
-99.084103,8,384.183254
0.559568,8,384.195011
-6.18191,8,384.212983
-96.222658,8,384.214727
1.930305,8,384.230415
-33.088924,8,384.246365
-22.849981,8,384.268553
-56.156888,8,384.282318
-40.916622,8,384.29033
-55.158026,8,384.30409
-57.844932,8,384.323566
-10.5734,8,384.336846
-127.216391,8,384.341596
-2.079297,8,384.357381
-38.195873,8,384.373264
-70.314537,8,384.393115
-35.858709,8,384.403144
-126.477151,8,384.422169
-39.312085,8,384.43417
-98.428733,8,384.447432
-35.198946,8,384.463138
-115.516463,8,384.473176
-44.184764,8,384.488513
-78.380089,8,384.504546
-75.783191,8,384.518336
-99.163662,8,384.536136
-31.473836,8,384.548162
-7.193698,8,384.561943
-55.892929,8,384.571601
-10.469366,8,384.585647
-89.982853,8,384.599437
-84.450135,8,384.609216
-23.240038,8,384.62522
-12.005516,8,384.639572
-96.196165,8,384.657081
-2.550038,8,384.67285
-73.034287,8,384.684347
-23.919837,8,384.688352
-2.3663,8,384.704415
-203.881791,8,384.724124
-1.53322,8,384.736149
-37.712568,8,384.736149
-79.641019,8,384.755937
-20.357668,8,384.776064
-83.640505,8,384.784127
-22.15222,8,384.800069
1.933821,8,384.815861
7.929477,8,384.835287
-87.067393,8,384.847195
-120.131881,8,384.847195
-9.263309,8,384.863343
1.271286,8,384.879429
-52.425426,8,384.895162
-84.964588,8,384.915173
-136.442375,8,384.928671
-7.865083,8,384.942621
-59.738847,8,384.942621
-8.848145,8,384.958814
-91.056237,8,384.976716
-114.378356,8,384.990386
-156.66039,8,385.006356
-114.268375,8,385.022576
-2.425287,8,385.038496
0.634866,8,385.038496
-48.623415,8,385.054603
-12.754668,8,385.07836
-0.695907,8,385.088113
-36.390499,8,385.106117
-167.60741,8,385.115351
-110.621904,8,385.130013
-28.045341,8,385.144706
-113.980041,8,385.156747
-1.882864,8,385.174819
2.861573,8,385.185509
-24.790386,8,385.204047
-13.835234,8,385.21817
-146.248646,8,385.228184
-22.642272,8,385.24583
-118.63531,8,385.255321
-32.070367,8,385.26734
-88.65137,8,385.279099
-75.728958,8,385.288327
-18.860884,8,385.300298
-20.411505,8,385.312833
2.262662,8,385.322063
0.060525,8,385.337745
-24.017937,8,385.358856
2.42074,8,385.369827
2.06834,8,385.369827
-0.832324,8,385.38594
-49.21365,8,385.412809
-78.87256,8,385.428967
-68.76817,8,385.448481
-2.147948,8,385.458239
5.695936,8,385.476045
1.272127,8,385.48005
-60.078688,8,385.496036
-178.208494,8,385.520034
-63.781997,8,385.527756
-34.878104,8,385.543674
2.189144,8,385.564342
-1.418731,8,385.575356
-24.046178,8,385.59332
-22.429452,8,385.595325
2.842499,8,385.606883
-41.508702,8,385.634555
-9.405166,8,385.648097
-91.278411,8,385.664173
1.409526,8,385.66994
1.110397,8,385.690047
4.06208,8,385.717232
-43.875584,8,385.732941
6.918141,8,385.754269
-12.678575,8,385.768816
-90.879733,8,385.780643
-13.336431,8,385.796607
-6.113399,8,385.814474
4.637659,8,385.83056
-62.362349,8,385.844786
-75.328328,8,385.860825
1.439362,8,385.878619
2.740224,8,385.894386
-6.551904,8,385.910503
-41.856473,8,385.924445
-5.115837,8,385.958816
-84.164535,8,385.972186
-53.864142,8,385.988033
-23.039601,8,386.005943
-0.914985,8,386.033219
-37.330438,8,386.055358
2.991886,8,386.069375
-22.303593,8,386.085415
-2.001442,8,386.101548
4.644736,8,386.123376
-15.410003,8,386.147235
-7.718876,8,386.169579
-10.06122,8,386.186622
-127.415839,8,386.215962
-75.445254,8,386.229556
-55.274517,8,386.245667
-20.96445,8,386.262873
-1.817039,8,386.275985
-43.024026,8,386.29736
9.124387,8,386.313088
-5.133207,8,386.330767
-8.154446,8,386.346813
-24.689755,8,386.356586
-39.422802,8,386.380321
-11.34541,8,386.393865
-8.255933,8,386.410373
-159.016834,8,386.433192
-64.56042,8,386.446441
-145.262384,8,386.460502
-8.053906,8,386.460502
-45.048608,8,386.478351
-10.939841,8,386.49239
-169.28459,8,386.508288
-5.256342,8,386.534043
-5.616879,8,386.547362
1.529494,8,386.563425
-62.427304,8,386.585513
-23.364021,8,386.597272
-19.088284,8,386.613035
-85.383651,8,386.626796
-172.947457,8,386.644815
6.111478,8,386.662469
-8.030741,8,386.674227
-69.353179,8,386.690249
3.766784,8,386.700595
7.30901,8,386.716115
2.679024,8,386.729905
-46.694722,8,386.739681
-133.529473,8,386.760371
-2.692515,8,386.780181
2.829377,8,386.792553
-16.412017,8,386.808959
0.24816,8,386.820454
-102.388531,8,386.833952
-98.883413,8,386.84571
-32.333386,8,386.863226
7.331212,8,386.87701
-69.183815,8,386.889576
-68.811576,8,386.904576
-42.295514,8,386.914541
-57.647284,8,386.927781
4.57122,8,386.945833
-5.878365,8,386.955866
12.067708,8,386.959618
-32.954978,8,386.975543
-177.372354,8,386.991329
-116.493074,8,387.014792
-98.000238,8,387.024547
-17.409949,8,387.039784
-67.332979,8,387.049796
-182.146474,8,387.063034
-2.661601,8,387.082104
-168.302637,8,387.091132
-79.323962,8,387.110924
-61.458443,8,387.123025
-18.279482,8,387.138548
-62.942037,8,387.152586
-108.131835,8,387.16262
-7.326137,8,387.176404
-44.451855,8,387.182599
-77.677563,8,387.196018
-20.743007,8,387.217659
-108.739003,8,387.229676
-43.231832,8,387.242912
-82.182142,8,387.252665
-22.191305,8,387.266163
-62.41578,8,387.282574
-26.235448,8,387.299255
-11.075148,8,387.313839
3.922736,8,387.323345
0.079059,8,387.338758
1.77686,8,387.352258
-53.273798,8,387.36227
1.887615,8,387.375243
-36.047777,8,387.385736
-21.369041,8,387.40272
-69.550911,8,387.414955
-1.214978,8,387.426447
-98.78499,8,387.440207
-15.883394,8,387.455283
-7.124483,8,387.468935
-4.121773,8,387.482176
-24.902492,8,387.492406
-24.211449,8,387.505641
-156.676353,8,387.51988
-119.658131,8,387.523628
-9.180554,8,387.546576
-20.825999,8,387.554069
6.867158,8,387.569044
-83.117233,8,387.578799
-21.212726,8,387.596562
-39.712818,8,387.615723
-12.507843,8,387.62977
-19.600991,8,387.643559
-9.724374,8,387.652989
-25.24808,8,387.665729
2.590252,8,387.680713
-16.597731,8,387.691991
-103.108985,8,387.709939
-109.019173,8,387.718936
-1.56943,8,387.736616
-24.889932,8,387.751463
-20.407749,8,387.762503
1.42158,8,387.781605
-68.819872,8,387.791601
-32.468468,8,387.803638
-33.765592,8,387.819717
-64.660009,8,387.819717
-19.350929,8,387.839439
8.69892,8,387.851115
-115.961871,8,387.867182
-49.513524,8,387.886776
-0.421489,8,387.896788
-20.330983,8,387.912032
-20.211843,8,387.921521
-126.932699,8,387.937716
-73.082402,8,387.957302
-106.665458,8,387.969453
-33.258835,8,387.979208
-21.880948,8,387.993074
3.815003,8,388.009058
-46.753921,8,388.024851
-30.817345,8,388.026856
-87.026804,8,388.040954
-62.088711,8,388.058924
-11.607061,8,388.072751
-17.61258,8,388.090597
-2.21215,8,388.090597
-7.872933,8,388.120761
1.393763,8,388.129569
-11.223007,8,388.139297
-62.564441,8,388.172661
-82.456136,8,388.186446
-7.567372,8,388.202665
-5.277183,8,388.216671
-140.340764,8,388.232166
-1.391689,8,388.251603
-109.067343,8,388.265561
9.16838,8,388.279558
-112.137121,8,388.295363
-94.192181,8,388.308616
-4.688297,8,388.329109
11.627042,8,388.342408
-46.246407,8,388.355908
-22.18023,8,388.36826
1.41765,8,388.383948
-7.014722,8,388.401554
-111.235727,8,388.413313
-16.620759,8,388.428817
1.062982,8,388.438311
-82.925534,8,388.453549
-13.577537,8,388.467044
-22.209353,8,388.48275
-5.28817,8,388.503366
-108.178358,8,388.514736
-16.401642,8,388.530657
-25.377296,8,388.546385
-1.103264,8,388.546385
-52.611863,8,388.562178
-30.181443,8,388.585614
-3.122103,8,388.59396
-34.152047,8,388.621419
-57.214491,8,388.633882
-9.419892,8,388.650963
-16.794061,8,388.662941
-1.59676,8,388.672957
2.160005,8,388.704183
-61.032842,8,388.715049
-64.557157,8,388.734082
-16.681186,8,388.74623
4.561093,8,388.761306
-88.564223,8,388.773067
-55.030588,8,388.789299
-18.0895,8,388.808916
-114.582976,8,388.82266
-0.610722,8,388.839806
-22.135242,8,388.846285
-8.109736,8,388.862304
-45.434133,8,388.890293
-35.674938,8,388.902389
6.093089,8,388.910157
-1.96993,8,388.926044
-4.608819,8,388.94174
-122.385088,8,388.95906
-65.301945,8,388.975482
-32.629611,8,388.990985
-24.749079,8,389.006841
-75.865152,8,389.018253
-86.623914,8,389.024264
-16.781402,8,389.043927
-28.15973,8,389.062623
-26.598345,8,389.083564
6.417263,8,389.096526
-67.712141,8,389.114727
-16.497262,8,389.132341
-64.845818,8,389.143744
-92.330561,8,389.160329
-69.27933,8,389.176398
-21.722505,8,389.203752
-6.935075,8,389.216265
-16.195171,8,389.234885
-21.622846,8,389.25373
-100.319506,8,389.268098
1.396278,8,389.294966
3.664724,8,389.309778
-2.821061,8,389.329486
-4.416015,8,389.346189
-34.962167,8,389.369034
-28.181485,8,389.418499
-98.089863,8,389.448689
-74.893549,8,389.482464
7.924294,8,389.515458
-31.850166,8,389.527975
3.704889,8,389.555514
-44.950296,8,389.574818
-107.16786,8,389.590692
-55.917916,8,389.63898
-0.937569,8,389.654007
-81.035514,8,389.680587
-119.809814,8,389.70127
-49.945997,8,389.746225
1.47249,8,389.765969
-3.555556,8,389.78209
-18.424307,8,389.809226
-70.882236,8,389.824382
-22.770084,8,389.847025
-19.329992,8,389.867189
4.917429,8,389.874178
-51.256271,8,389.902402
-23.293228,8,389.906158
-60.666178,8,389.933635
-90.635879,8,389.937639
-44.288867,8,389.955572
-26.898351,8,389.977691
-6.408259,8,389.985429
-28.14767,8,390.00352
-1.32108,8,390.029469
-191.531615,8,390.040981
-167.392435,8,390.058489
-47.286443,8,390.072242
-18.00698,8,390.090354
-51.039523,8,390.110174
-151.186886,8,390.123671
-3.821463,8,390.140167
-1.684733,8,390.150844
-19.902195,8,390.16729
-53.08849,8,390.184833
1.935673,8,390.19659
-32.391289,8,390.212095
-113.094168,8,390.223588
-21.579283,8,390.237565
3.480027,8,390.253542
-25.198765,8,390.265193
-31.487538,8,390.291163
0.228667,8,390.309659
-97.974241,8,390.327982
1.768112,8,390.347355
-125.594681,8,390.360655
-33.715095,8,390.381949
-24.23693,8,390.404037
0.599349,8,390.424265
-44.343561,8,390.442261
-43.229994,8,390.455832
-11.144099,8,390.472294
-74.51148,8,390.485665
-33.476811,8,390.508457
-71.866202,8,390.531067
-57.361432,8,390.544721
0.139655,8,390.559021
-122.304245,8,390.569461
-76.354641,8,390.585168
-44.951937,8,390.602175
-35.917653,8,390.618802
-134.125455,8,390.634758
-3.364381,8,390.647312
-16.628421,8,390.66477
-2.508771,8,390.68584
-48.05646,8,390.704899
-4.332983,8,390.73243
-79.608071,8,390.746969
-3.275449,8,390.76487
-20.245436,8,390.785066
-87.685148,8,390.801553
-9.443716,8,390.842753
6.170158,8,390.866885
-15.938763,8,390.873802
-61.562347,8,390.906654
-133.809039,8,390.925744
7.974256,8,390.952728
-19.680729,8,390.966005
-51.477764,8,390.983578
-59.626576,8,391.003329
-11.104573,8,391.018979
4.751885,8,391.047163
4.211784,8,391.066045
-1.883362,8,391.081936
-58.340832,8,391.119177
-2.690235,8,391.137079
-13.253562,8,391.166306
5.465201,8,391.183445
-83.078149,8,391.209239
-78.284449,8,391.233305
-81.564232,8,391.250583
-101.434858,8,391.282339
3.983323,8,391.295568
-28.392226,8,391.312032
-53.99404,8,391.328663
-109.245146,8,391.344002
-37.283108,8,391.360144
-58.193135,8,391.373149
-36.994656,8,391.39346
-4.189523,8,391.410868
-18.13849,8,391.423022
-4.710571,8,391.438991
-23.292134,8,391.44875
1.803159,8,391.469959
-79.24078,8,391.494185
-44.950537,8,391.511819
-34.278629,8,391.533697
5.872608,8,391.546328
-12.669701,8,391.566186
-8.437981,8,391.583946
-96.952889,8,391.599618
-80.331626,8,391.622378
-25.107863,8,391.637964
-5.108288,8,391.656749
-59.278136,8,391.681634
4.756549,8,391.697341
-57.487048,8,391.731487
-18.711633,8,391.745955
-2.605199,8,391.770009
-245.283618,8,391.795285
-17.972612,8,391.8155
-93.543474,8,391.829516
-58.202569,8,391.857774
-66.154641,8,391.878409
-0.174509,8,391.900833
-22.283205,8,391.916368
-16.469026,8,391.937471
4.445057,8,391.951782
-42.880884,8,391.977035
-53.980146,8,391.997156
1.947475,8,392.021405
-81.571842,8,392.041013
-28.854955,8,392.054804
-21.409219,8,392.075371
-45.727472,8,392.099945
-40.806024,8,392.114587
-5.797451,8,392.137068
-19.087217,8,392.150215
-2.058815,8,392.170413
-48.846063,8,392.188673
-2.720135,8,392.210174
-13.966611,8,392.235016
-88.279418,8,392.251603
-34.721167,8,392.268232
6.133394,8,392.285833
-23.070075,8,392.304242
-92.770805,8,392.322806
-25.667388,8,392.333481
-14.358852,8,392.351356
-77.041638,8,392.373853
-24.609697,8,392.389407
-45.998613,8,392.407588
-95.311566,8,392.449565
3.103606,8,392.468819
1.527273,8,392.493663
-55.059953,8,392.505092
-95.592488,8,392.529533
-64.647691,8,392.541506
-23.574452,8,392.560279
6.118719,8,392.574418
-127.544736,8,392.574418
-6.907269,8,392.602962
-0.622862,8,392.60847
-161.672322,8,392.624761
4.603003,8,392.641709
-128.983584,8,392.665753
-62.410422,8,392.681594
-15.567069,8,392.69947
-50.973785,8,392.708089
-0.872623,8,392.729131
8.420369,8,392.750737
-27.669893,8,392.766141
-27.193397,8,392.775946
2.624195,8,392.795719
2.931453,8,392.808701
-46.411138,8,392.808701
-131.869474,8,392.83567
-2.6851,8,392.847351
-21.192552,8,392.867236
0.3899,8,392.880832
-53.558042,8,392.894526
-51.281575,8,392.912731
-10.390972,8,392.922731
-3.02306,8,392.93517
-2.708676,8,392.944862
-76.763306,8,392.962916
0.350128,8,392.986066
0.916207,8,392.99805
-27.602167,8,393.006148
-0.248423,8,393.021972
-22.46177,8,393.03783
3.145363,8,393.053636
-24.788286,8,393.075161
-146.347164,8,393.09073
-126.077988,8,393.103605
-0.923921,8,393.117449
-50.102977,8,393.133667
-110.406238,8,393.133667
-7.352166,8,393.149791
-4.697408,8,393.165872
-77.447208,8,393.165872
-93.354857,8,393.183624
-22.101043,8,393.199845
-16.601851,8,393.215668
-82.45432,8,393.231504
2.507626,8,393.250239
-0.671721,8,393.265802
-41.992667,8,393.276618
-82.805742,8,393.293755
-19.668237,8,393.324384
-35.680918,8,393.348146
-93.031148,8,393.403102
-19.810105,8,393.444607
-2.185857,8,393.47208
-47.934821,8,393.504199
-58.145282,8,393.519517
-70.660804,8,393.548543
1.461789,8,393.566693
-43.647269,8,393.595918
-27.389773,8,393.61804
-104.217017,8,393.62935
-4.361859,8,393.65172
-140.96037,8,393.674351
7.446784,8,393.696311
-31.054101,8,393.719181
-1.268023,8,393.726058
-165.330453,8,393.741847
-104.060917,8,393.763667
-32.159522,8,393.828679
-27.219223,8,393.852458
-18.514302,8,393.866861
4.628532,8,393.886788
5.581979,8,393.931482
-111.044241,8,393.96802
-44.146819,8,393.999234
-84.367301,8,394.041264
-33.658521,8,394.085386
-137.391243,8,394.196527
-22.472171,8,394.223697
-48.335554,8,394.253737
-30.649639,8,394.276723
-2.375867,8,394.325659
-97.293321,8,394.343322
5.138542,8,394.365323
-7.081404,8,394.385366
-3.835471,8,394.402279
-6.70464,8,394.440622
-60.987058,8,394.463765
-19.103912,8,394.495183
-119.865053,8,394.536632
-7.971119,8,394.561918
2.107899,8,394.586609
-0.248022,8,394.61081
5.522637,8,394.645291
-23.231012,8,394.696775
2.874393,8,394.728814
-25.165114,8,394.775573
-24.717123,8,394.802433
-0.984883,8,394.881505
-15.234372,8,394.924053
-65.268573,8,394.948338
-14.921181,8,394.997083
-24.909587,8,395.026634
-60.643235,8,395.059336
-47.953425,8,395.09127
0.280543,8,395.12366
-142.987417,8,395.159702
-94.254049,8,395.178997
-3.373952,8,395.206845
-3.703277,8,395.251198
-114.559735,8,395.277195
-58.655701,8,395.308794
-17.520374,8,395.329261
7.988019,8,395.366083
-91.903467,8,395.395086
-9.399772,8,395.416125
-59.60489,8,395.445787
-29.912856,8,395.477808
-107.930106,8,395.522229
-13.855871,8,395.581683
-0.173031,8,395.607006
-77.876777,8,395.645736
-67.624693,8,395.668723
-31.075426,8,395.726687
-84.627308,8,395.770187
-17.782802,8,395.802635
-5.009949,8,395.838366
-70.536172,8,395.870507
-4.746988,8,395.899611
-23.038643,8,395.951349
1.192068,8,395.978759
-26.833603,8,396.020299
-84.023847,8,396.054072
-131.019473,8,396.098569
10.249658,8,396.174329
11.383081,8,396.206882
-58.474935,8,396.242326
-120.598746,8,396.279993
-94.641744,8,396.317049
-50.877098,8,396.351449
-83.575781,8,396.394808
2.293376,8,396.432655
-4.523729,8,396.45799
-78.823743,8,396.488666
-95.537179,8,396.560186
-16.876511,8,396.595274
-94.804694,8,396.652342
4.2116,8,396.680651
-0.312487,8,396.711057
-41.904727,8,396.745428
-3.6462,8,396.764427
-66.675783,8,396.800398
-5.110615,8,396.824686
-8.314073,8,396.862016
-161.78027,8,396.907639
4.722587,8,396.942347
-71.113466,8,396.992438
4.780411,8,397.020247
-102.494874,8,397.050386
1.566008,8,397.089915
-42.533082,8,397.111006
-195.866393,8,397.142309
0.251711,8,397.161323
-3.847366,8,397.191458
-45.238727,8,397.221449
-15.857837,8,397.244292
-24.837102,8,397.267237
-36.455343,8,397.298088
-54.426445,8,397.32776
-0.597889,8,397.362481
-26.354261,8,397.386519
-111.166839,8,397.431814
-53.919655,8,397.454427
-7.73571,8,397.484126
3.618782,8,397.514071
-8.684156,8,397.550658
-78.108804,8,397.588438
-82.814513,8,397.616869
-20.388594,8,397.673503
-18.46254,8,397.750523
0.92435,8,397.793476
-61.938792,8,397.84416
-86.616765,8,397.963037
-105.875244,8,398.000703
-167.454138,8,398.041373
-152.263545,8,398.075267
-18.69465,8,398.102244
-9.566123,8,398.120322
-70.735872,8,398.15482
-43.029064,8,398.177618
-14.776389,8,398.196751
-1.720886,8,398.222214
-97.935858,8,398.246338
-8.732799,8,398.271014
-12.871772,8,398.300802
-3.029146,8,398.326192
-26.227287,8,398.351115
-5.084646,8,398.382019
-61.364753,8,398.414899
-6.748203,8,398.445497
-91.649854,8,398.465887
10.090103,8,398.49955
-60.982547,8,398.524546
-77.781855,8,398.559939
-71.095656,8,398.605531
-43.952029,8,398.627736
-14.669506,8,398.66799
-99.13444,8,398.692307
-110.440683,8,398.729971
-6.996841,8,398.750228
-25.362585,8,398.777745
0.580353,8,398.80332
-21.457517,8,398.827682
-5.294614,8,398.856847
-85.197562,8,398.88475
-91.76707,8,398.905337
-116.79992,8,398.928335
-120.95058,8,398.962778
-14.263595,8,398.998752
-150.470352,8,399.032676
-12.495309,8,399.051295
-113.491106,8,399.086694
-72.562121,8,399.106404
-154.961419,8,399.143407
-4.851945,8,399.172847
-1.499378,8,399.205774
-41.459589,8,399.245718
-28.965701,8,399.267717
-115.574533,8,399.310105
-48.13927,8,399.332706
-13.997624,8,399.349705
-71.272371,8,399.379211
-70.886658,8,399.400594
-46.024654,8,399.425705
-145.946953,8,399.448292
-50.138966,8,399.464102
-117.334001,8,399.487259
1.296447,8,399.505266
-23.456906,8,399.533676
-168.816506,8,399.555397
-24.47429,8,399.569483
0.42333,8,399.589335
-18.345484,8,399.604278
-18.761831,8,399.624655
-135.56995,8,399.658165
-49.088119,8,399.682606
-120.560969,8,399.715174
-149.620758,8,399.737333
-60.030329,8,399.766806
-46.424459,8,399.795607
-195.054669,8,399.824447
-127.516621,8,399.848466
-26.170477,8,399.863959
5.520087,8,399.891283
-18.118817,8,399.936501
9.019888,8,399.959986
-125.434088,8,400.002353
-186.601227,8,400.020611
-19.978607,8,400.039613
0.713723,8,400.06004
-0.272469,8,400.075662
5.073914,8,400.09938
0.431607,8,400.120375
-45.552281,8,400.149406
8.454959,8,400.171504
-97.430517,8,400.188507
-52.590175,8,400.213642
-46.771954,8,400.239467
5.445001,8,400.261041
3.74758,8,400.291392
-10.016015,8,400.311393
-39.88467,8,400.333679
-3.433777,8,400.358367
-58.968252,8,400.381369
-78.685007,8,400.407851
-59.531778,8,400.428583
-10.478267,8,400.463019
1.114233,8,400.492243
-118.682658,8,400.527611
-52.557615,8,400.560006
3.050389,8,400.582998
1.647745,8,400.614136
-31.300411,8,400.631752
-60.184004,8,400.651371
7.82751,8,400.689138
-32.752163,8,400.706053
-10.219579,8,400.725792
-25.460349,8,400.74659
-70.423961,8,400.778667
-6.51686,8,400.805751
-69.178184,8,400.826724
-68.520787,8,400.86472
-139.770533,8,400.891804
1.809076,8,400.91096
-54.008733,8,400.941218
-74.230706,8,400.958991
-68.439701,8,400.981567
-27.03619,8,401.009097
7.87325,8,401.038182
-10.582888,8,401.058912
-32.018448,8,401.073673
-30.093345,8,401.112098
-22.966887,8,401.134193
-89.962213,8,401.167505
3.86678,8,401.196431
-4.663118,8,401.228666
3.022345,8,401.264695
9.527171,8,401.295189
-76.113402,8,401.338666
0.856742,8,401.370414
-56.348924,8,401.405308
-14.133606,8,401.433751
6.669748,8,401.456223
-88.442413,8,401.480729
-70.639231,8,401.512963
-76.147781,8,401.532604
-118.617825,8,401.570012
8.223835,8,401.597475
-34.426165,8,401.626931
-3.735247,8,401.699
-7.435306,8,401.726677
-38.994655,8,401.772118
-1.168103,8,401.811999
-150.544446,8,401.837005
-20.643516,8,401.860073
4.714269,8,401.87736
-24.337252,8,401.899395
-39.481511,8,401.926764
-4.380004,8,401.954764
-8.309768,8,401.975762
-47.35746,8,401.992383
-83.202209,8,402.025809
-46.82858,8,402.041443
-91.145773,8,402.063062
-5.511721,8,402.082676
-68.379782,8,402.100423
-40.289629,8,402.120423
-89.953535,8,402.141454
-26.853736,8,402.161448
-24.901373,8,402.1847
-17.693942,8,402.2007
-85.308042,8,402.221073
-16.172134,8,402.246276
6.158662,8,402.279753
-96.995104,8,402.309017
-23.098081,8,402.327111
-54.628863,8,402.356278
-56.848073,8,402.372112
3.525831,8,402.394585
-107.490478,8,402.41405
2.028612,8,402.435153
-34.729618,8,402.471024
-0.298626,8,402.489023
-9.192247,8,402.520272
-13.657236,8,402.546275
-5.643795,8,402.57831
-42.551332,8,402.60832
-54.398326,8,402.625021
5.303984,8,402.645914
-25.988665,8,402.670113
-46.890086,8,402.690217
-18.870956,8,402.716446
-19.072412,8,402.745619
-99.502976,8,402.76911
-20.479303,8,402.796517
5.364665,8,402.816339
-63.484598,8,402.849552
-23.359174,8,402.930972
-68.763914,8,402.967606
-6.71174,8,402.995121
-2.992956,8,403.011025
-4.55344,8,403.036813
-55.038148,8,403.050591
-53.750752,8,403.072095
-107.741511,8,403.091619
4.156185,8,403.107071
-4.406207,8,403.125468
-106.791617,8,403.14943
-3.56385,8,403.170216
-14.893316,8,403.191405
-22.953715,8,403.215919
-42.198907,8,403.251583
-101.706613,8,403.271593
-79.002936,8,403.292478
-79.340795,8,403.316052
-5.944216,8,403.335994
-16.377235,8,403.365381
-0.096668,8,403.43727
-8.77284,8,403.505249
-31.43106,8,403.533524
-37.603126,8,403.55534
7.125076,8,403.58049
-141.757508,8,403.612721
-37.649198,8,403.637729
-30.202896,8,403.670256
-7.557118,8,403.68627
3.813126,8,403.709121
-2.931422,8,403.728592
-135.723278,8,403.748012
-33.097117,8,403.771922
13.607608,8,403.785544
2.148581,8,403.80549
5.935334,8,403.819016
-13.746331,8,403.847761
-27.422842,8,403.869966
-27.714144,8,403.89239
-75.089552,8,403.927617
-17.757789,8,403.95897
1.7872,8,403.991463
8.688082,8,404.0243
-0.353293,8,404.0463
-50.355678,8,404.077826
-147.833479,8,404.098547
-50.983152,8,404.130996
-27.154159,8,404.161972
-23.793671,8,404.198443
3.394616,8,404.228746
-87.687389,8,404.246179
-101.731371,8,404.275704
-142.920066,8,404.355638
3.897871,8,404.379724
-86.805057,8,404.406991
-94.769521,8,404.431099
-114.725795,8,404.466853
-26.338174,8,404.494763
-45.785975,8,404.518539
-116.912602,8,404.548987
-75.08652,8,404.567199
-16.281971,8,404.588323
-19.049589,8,404.613138
-88.025931,8,404.634344
-18.143691,8,404.678337
-21.179342,8,404.696464
-23.996642,8,404.719344
1.065853,8,404.745552
-9.529899,8,404.765879
-145.993012,8,404.792524
-32.610803,8,404.808997
-45.883467,8,404.828434
2.493397,8,404.844707
-160.868645,8,404.862511
-3.631961,8,404.885193
-27.757682,8,404.898046
0.918319,8,404.918734
4.012924,8,404.951534
4.671208,8,404.974889
-118.395682,8,405.002462
-67.654928,8,405.019883
-25.784568,8,405.055234
-2.968037,8,405.096475
6.628312,8,405.124662
-107.014806,8,405.15728
-4.40709,8,405.17537
-137.126758,8,405.210941
-48.120033,8,405.254289
-30.604457,8,405.287737
7.805194,8,405.324785
-3.654773,8,405.348112
-32.407272,8,405.381583
-88.550008,8,405.406579
-12.000486,8,405.432032
1.288567,8,405.45837
2.038464,8,405.474371
-47.529444,8,405.496351
-18.390646,8,405.516784
-91.376788,8,405.537393
-12.063547,8,405.562001
-42.63304,8,405.576648
1.875861,8,405.602398
-26.837894,8,405.628625
-62.582504,8,405.648355
-74.471164,8,405.680135
-42.31698,8,405.704987
7.489462,8,405.74138
-0.832713,8,405.767987
-4.829357,8,405.786167
-21.622621,8,405.818046
-7.486635,8,405.834802
-20.099654,8,405.85549
-0.448254,8,405.879401
-96.708585,8,405.895834
3.684281,8,405.927558
5.816401,8,405.943408
-7.297643,8,405.964931
-1.653149,8,405.990193
-20.487501,8,406.00433
-93.95907,8,406.024743
-40.105221,8,406.039054
-84.209467,8,406.05995
-132.496273,8,406.085204
-15.64477,8,406.119347
-69.377028,8,406.146644
-26.842098,8,406.169328
-33.604135,8,406.232982
-3.59504,8,406.286254
-18.857312,8,406.32142
-41.628494,8,406.365363
-12.924022,8,406.398076
-75.384212,8,406.421411
-142.878901,8,406.453406
-40.036374,8,406.476654
-45.550221,8,406.52002
-14.196148,8,406.58002
-84.407142,8,406.639518
-55.416521,8,406.682724
-11.750298,8,406.71207
-19.477423,8,406.758922
-63.144319,8,406.820957
-49.499556,8,406.873004
-248.220361,8,406.903825
-150.598338,8,406.933219
-3.552141,8,406.967336
-96.481328,8,406.998457
-37.927976,8,407.047483
-32.890654,8,407.097309
-38.233146,8,407.130779
-68.785362,8,407.183807
-46.035567,8,407.210085
-25.323415,8,407.24692
-10.49504,8,407.289539
8.024413,8,407.316246
-9.252234,8,407.338942
-57.619226,8,407.352322
-28.219608,8,407.378399
-144.517569,8,407.400277
-1.292245,8,407.415832
-89.350396,8,407.454702
6.826675,8,407.472242
-2.466784,8,407.496665
-7.613561,8,407.515991
-25.309644,8,407.537722
0.738202,8,407.562968
-11.185279,8,407.580648
-74.437456,8,407.602694
-43.705603,8,407.621999
-39.842421,8,407.635828
2.643316,8,407.665725
-0.151957,8,407.686368
1.049075,8,407.716244
-23.051276,8,407.747473
-80.130936,8,407.768033
-27.605558,8,407.803283
-63.259236,8,407.827682
-21.911806,8,407.852442
-43.671582,8,407.878637
-13.555159,8,407.89637
-77.255847,8,407.947556
-37.627954,8,407.971386
-4.936264,8,408.027847
-63.173719,8,408.077875
-1.609531,8,408.12133
-23.485418,8,408.177291
-36.722537,8,408.19889
-40.532495,8,408.249744
-143.953381,8,408.279214
-9.231025,8,408.315535
-82.053947,8,408.353793
3.941152,8,408.381232
-32.490322,8,408.422004
-29.819922,8,408.450401
-18.539882,8,408.467205
5.855636,8,408.516175
-10.858807,8,408.543788
-160.91052,8,408.577778
-42.896214,8,408.613187
2.916439,8,408.640414
4.934256,8,408.672812
-32.559572,8,408.700075
-57.639092,8,408.73901
-23.793541,8,408.781948
-24.824041,8,408.815672
-6.674295,8,408.856196
-25.255612,8,408.883239
-0.790186,8,408.908154
8.835325,8,408.94038
-33.917193,8,408.974315
6.031248,8,409.001495
-56.24295,8,409.018283
-44.727312,8,409.04561
-4.527021,8,409.087685
-54.454869,8,409.112062
-36.372393,8,409.163226
-31.589865,8,409.218209
-19.941352,8,409.263349
-12.272413,8,409.302361
-113.796462,8,409.32697
5.639433,8,409.367209
0.573751,8,409.406343
-2.595773,8,409.524233
0.809249,8,409.660009
-15.3981,8,409.730068
-26.97476,8,409.780922
-23.163697,8,409.819768
-88.761936,8,409.869121
-97.585806,8,409.917512
-87.120628,8,409.940622
-25.062602,8,409.96724
-109.900311,8,409.988982
3.466341,8,410.033149
-135.905119,8,410.07473
-95.962598,8,410.101236
3.2601,8,410.133162
-35.825582,8,410.159444
-113.135508,8,410.185835
-17.622045,8,410.212232
-110.268232,8,410.233247
-129.002511,8,410.259309
-20.964471,8,410.273229
-2.343664,8,410.294887
-18.566539,8,410.314722
-1.977101,8,410.328816
-9.864785,8,410.356646
-33.952226,8,410.371948
-5.730371,8,410.388808
-68.599828,8,410.410233
-156.708046,8,410.42527
4.27797,8,410.447942
5.098927,8,410.459021
-24.582424,8,410.475549
3.591368,8,410.495183
-57.367822,8,410.506845
-99.598248,8,410.520941
-105.57027,8,410.53702
-2.093773,8,410.57674
-0.270358,8,410.599299
4.00572,8,410.626786
6.581618,8,410.65126
-53.867144,8,410.682006
-60.478783,8,410.713082
-57.228026,8,410.734082
-0.056059,8,410.754973
-34.779782,8,410.780644
-26.589114,8,410.804883
-76.928309,8,410.829231
-7.541919,8,410.84654
-0.549999,8,410.862091
-79.52542,8,410.879774
9.245078,8,410.896493
-5.489926,8,410.913253
1.543864,8,410.938405
0.160415,8,410.953838
-24.864543,8,410.97484
-95.753634,8,410.991498
2.04903,8,411.013152
-65.005506,8,411.044466
-80.133134,8,411.062291
-44.483607,8,411.081331
-6.273558,8,411.095479
-40.343527,8,411.114278
-123.015538,8,411.137539
-55.278499,8,411.150847
-19.857641,8,411.167129
4.439159,8,411.180405
-201.962747,8,411.19963
-5.064601,8,411.217401
2.13141,8,411.239289
-52.896784,8,411.262995
-3.295023,8,411.283348
-11.372928,8,411.305301
-31.556251,8,411.323803
5.581792,8,411.34469
-13.284686,8,411.36269
-5.646648,8,411.373814
-68.292684,8,411.396037
-3.153437,8,411.414443
-17.138781,8,411.426495
-62.521973,8,411.447569
-8.263744,8,411.460013
0.858664,8,411.478096
-59.547544,8,411.498393
-82.74003,8,411.511978
-77.480726,8,411.533451
-35.838967,8,411.552341
-2.818432,8,411.571437
-96.671694,8,411.590391
-47.484133,8,411.602798
-41.783105,8,411.62128
10.015822,8,411.634457
-116.432046,8,411.651345
1.020901,8,411.675054
-50.370287,8,411.688605
-92.238161,8,411.710198
-56.367564,8,411.722486
-86.75947,8,411.740721
0.370944,8,411.758569
-153.327533,8,411.775317
-10.574466,8,411.792535
-40.989565,8,411.804357
-33.942558,8,411.822018
-39.326622,8,411.83678
-3.717415,8,411.850747
-15.176819,8,411.858582
-7.920563,8,411.88862
-36.386887,8,411.906609
-3.760989,8,411.926414
-90.017717,8,411.939862
-48.885953,8,411.960726
-1.430806,8,411.971637
-7.221914,8,411.995736
-0.449175,8,412.010607
1.137169,8,412.023661
-42.934879,8,412.040384
-20.547594,8,412.053113
4.427461,8,412.069393
-19.255125,8,412.084985
-11.872557,8,412.097729
2.033778,8,412.130568
-38.169273,8,412.143178
-35.462885,8,412.164284
-108.78884,8,412.182194
2.36386,8,412.196667
-76.409168,8,412.224468
-127.296346,8,412.239526
-6.37645,8,412.258066
-74.485033,8,412.28226
-139.993045,8,412.296252
-153.434007,8,412.31316
-17.74463,8,412.333148
3.606804,8,412.358054
-83.291065,8,412.383892
-5.670841,8,412.402672
-15.300386,8,412.423857
-59.486766,8,412.436314
-12.927989,8,412.460854
-0.044906,8,412.478859
-10.556344,8,412.49233
-64.610507,8,412.512715
-42.297851,8,412.525722
-14.364846,8,412.544359
-3.457389,8,412.566275
-124.28969,8,412.579815
-52.748054,8,412.599493
-26.490464,8,412.612847
-23.891311,8,412.631863
-17.814006,8,412.649082
12.0465,8,412.667956
-2.985426,8,412.689713
-113.848,8,412.703618
-3.238442,8,412.722231
-15.899126,8,412.739992
1.536354,8,412.754272
-4.775949,8,412.777206
1.158332,8,412.788984
-10.050686,8,412.805711
-18.872515,8,412.825889
-1.124706,8,412.840469
2.497524,8,412.85815
1.672978,8,412.870848
-2.429352,8,412.894748
-17.650755,8,412.912
-5.658251,8,412.924767
-110.724809,8,412.941579
-19.383047,8,412.943372
-13.106144,8,412.959633
-95.624826,8,412.984241
1.900051,8,412.993069
-5.80895,8,413.01247
-0.455514,8,413.033258
-12.103715,8,413.053689
-6.808401,8,413.070755
-83.891755,8,413.084259
-76.44018,8,413.091548
-16.721806,8,413.108128
-31.770653,8,413.133618
-123.641566,8,413.148299
-6.636282,8,413.157962
-94.54834,8,413.174576
-30.163505,8,413.174576
-128.390614,8,413.192088
-23.628189,8,413.22112
-73.197946,8,413.231996
-2.464274,8,413.251942
-50.947129,8,413.263866
-2.368209,8,413.280343
3.192093,8,413.291756
7.033398,8,413.30883
-122.030217,8,413.32447
-59.046169,8,413.336097
-66.967852,8,413.359273
-14.719224,8,413.376771
-39.800179,8,413.391436
-2.572301,8,413.407965
-1.948351,8,413.428433
-84.586061,8,413.441421
-21.806001,8,413.45774
-4.376333,8,413.474645
-38.269508,8,413.491474
-68.617356,8,413.491474
-10.666647,8,413.507828
-23.452806,8,413.525047
-19.584449,8,413.541166
-67.585511,8,413.558069
-46.960669,8,413.558069
3.036484,8,413.591692
-32.274475,8,413.610217
7.636785,8,413.623873
4.358118,8,413.624467
5.389572,8,413.641512
-4.910112,8,413.66567
0.312251,8,413.674589
-80.678741,8,413.691606
-13.068245,8,413.708046
0.42504,8,413.708046
-56.815872,8,413.735271
1.560758,8,413.749364
-14.513866,8,413.761559
-83.314159,8,413.77994
-57.615898,8,413.788527
-18.257194,8,413.80493
-0.769148,8,413.824698
-97.845329,8,413.835028
-2.886388,8,413.849371
-47.289054,8,413.860956
-14.913775,8,413.875327
-53.171545,8,413.890559
-107.247881,8,413.901361
-108.920703,8,413.916116
-80.494204,8,413.930811
-106.481107,8,413.946209
-32.652177,8,413.966065
-12.948458,8,413.978091
-52.283476,8,413.993581
-143.53469,8,414.003954
-86.250224,8,414.02047
-3.009583,8,414.03666
-58.912006,8,414.051775
-100.937747,8,414.06726
-59.126684,8,414.079852
-163.714692,8,414.094344
-23.457521,8,414.109665
-25.754623,8,414.121755
-110.119154,8,414.14468
4.335239,8,414.154396
-0.946661,8,414.175723
-5.907155,8,414.192641
-25.167698,8,414.204561
10.923534,8,414.221282
-134.148588,8,414.234005
-2.479693,8,414.25586
-5.663114,8,414.272259
-14.738381,8,414.288039
-23.93842,8,414.304766
-20.879061,8,414.317243
8.516439,8,414.336445
-94.100409,8,414.357124
-210.661256,8,414.369266
-2.715353,8,414.385484
-13.955194,8,414.400356
-76.212597,8,414.415958
-56.364764,8,414.432482
2.0033,8,414.443185
-176.474326,8,414.460052
-30.092865,8,414.471356
-21.729584,8,414.486666
-46.40616,8,414.502172
-29.61091,8,414.518202
5.023211,8,414.53805
-8.443319,8,414.550568
-78.85942,8,414.568653
-89.875786,8,414.585172
-129.117537,8,414.597325
-38.238922,8,414.615329
-35.725862,8,414.638296
-7.538085,8,414.658169
-60.869456,8,414.683296
-49.159674,8,414.698484
-15.067841,8,414.718139
-7.967254,8,414.731918
-180.231331,8,414.760163
-0.981947,8,414.793913
-11.327937,8,414.810388
-31.769231,8,414.836048
7.250409,8,414.8523
-15.534378,8,414.875584
-24.029487,8,414.891568
-67.482768,8,414.903453
-52.015931,8,414.938679
-42.920232,8,414.953756
0.681464,8,414.971167
0.572687,8,414.993405
2.612435,8,414.997404
-163.141123,8,415.026947
-33.214883,8,415.040576
-101.006309,8,415.041106
-118.735875,8,415.057893
-18.246448,8,415.074569
-30.331463,8,415.102864
1.562965,8,415.10811
-37.000019,8,415.127596
-30.491837,8,415.145576
5.155113,8,415.158041
-276.316553,8,415.180522
-11.062941,8,415.192116
-18.013886,8,415.208299
3.554105,8,415.233859
0.962743,8,415.247877
-47.545117,8,415.263591
-33.375412,8,415.274711
-106.936715,8,415.291399
-43.42825,8,415.307829
-143.150829,8,415.319703
-93.305287,8,415.340683
-46.978535,8,415.352135
-181.375149,8,415.368602
1.747291,8,415.374668
-142.826392,8,415.400612
-34.088436,8,415.424757
-45.290065,8,415.437256
-38.381538,8,415.458013
-63.837306,8,415.474735
-17.561867,8,415.486349
-91.818859,8,415.502777
-37.886529,8,415.507881
-24.052333,8,415.524795
-55.226495,8,415.560419
-46.285794,8,415.572719
1.441827,8,415.588322
1.691969,8,415.638618
-37.0407,8,415.65368
-58.289035,8,415.676848
-12.628732,8,415.689344
-14.229481,8,415.705031
-48.262896,8,415.715888
1.118529,8,415.724743
-14.295576,8,415.746891
-131.665111,8,415.757783
-18.038775,8,415.772191
-110.086333,8,415.786844
-95.004882,8,415.80353
-99.448925,8,415.818187
-30.153777,8,415.829154
-33.99993,8,415.847423
3.862857,8,415.857876
-101.062556,8,415.874543
-33.71082,8,415.889074
4.486576,8,415.903879
0.057189,8,415.920676
-16.308349,8,415.930068
2.283624,8,415.943961
-13.204342,8,415.955978
-107.838897,8,415.966546
-20.485363,8,415.98344
-61.675689,8,415.995504
-34.756869,8,416.012888
-13.095692,8,416.031125
-49.828901,8,416.043972
-24.142523,8,416.05838
-66.826202,8,416.070431
-16.70597,8,416.085371
-47.584221,8,416.091468
-121.739441,8,416.112751
-82.786311,8,416.135288
2.199728,8,416.14898
-4.953767,8,416.164732
-104.120666,8,416.180788
3.191392,8,416.193609
-102.469332,8,416.213937
-49.816599,8,416.227357
-165.93671,8,416.247054
-87.436639,8,416.265941
-19.051213,8,416.280823
-74.911711,8,416.319386
1.252458,8,416.344056
1.716458,8,416.373332
-70.284005,8,416.397314
-175.614999,8,416.415357
-40.286543,8,416.44966
-93.748702,8,416.4779
-30.883786,8,416.510289
-4.52157,8,416.541593
-105.123502,8,416.562697
-159.932401,8,416.587213
-116.290384,8,416.602741
-37.22243,8,416.617409
-3.799696,8,416.646229
-61.626461,8,416.662104
-11.64901,8,416.696548
-69.995258,8,416.717375
-120.917303,8,416.738813
-138.988496,8,416.759225
-4.112755,8,416.777302
-46.006621,8,416.795815
-127.283088,8,416.820332
-91.925836,8,416.837547
-25.509209,8,416.841255
-173.676716,8,416.858793
-117.333835,8,416.877877
-12.443142,8,416.894323
-90.846067,8,416.923848
-158.97402,8,416.942395
-54.76847,8,416.955105
-174.885647,8,416.979366
-15.583496,8,416.992387
-1.155563,8,417.010539
8.513459,8,417.045737
-96.393487,8,417.060548
-0.192582,8,417.081741
-26.13367,8,417.098562
-43.083435,8,417.126563
-52.656457,8,417.170039
4.398554,8,417.197688
-4.331445,8,417.235775
-80.673686,8,417.274991
-11.850808,8,417.312583
-34.470531,8,417.347088
7.281163,8,417.368964
-9.703568,8,417.409403
-125.949139,8,417.432158
-40.510489,8,417.456464
-80.087836,8,417.500435
-0.64711,8,417.526166
-184.934629,8,417.552249
-105.465849,8,417.56725
-71.414799,8,417.598082
-11.095431,8,417.647127
-8.696619,8,417.67907
-5.129573,8,417.706037
-42.818347,8,417.736984
-11.868092,8,417.758647
-119.629904,8,417.784638
-40.342396,8,417.800623
-21.357715,8,417.822253
-126.546557,8,417.849604
-55.472257,8,417.870258
1.960788,8,417.889261
-6.735528,8,417.90634
-63.09741,8,417.928859
7.561711,8,417.950527
-66.495633,8,417.976017
-5.024077,8,417.998524
-61.53319,8,418.019236
-6.942074,8,418.048682
-20.097226,8,418.070181
-9.641153,8,418.092879
-44.228037,8,418.11529
-86.113349,8,418.130856
-102.805748,8,418.151527
-54.953459,8,418.172117
0.707911,8,418.192006
0.65076,8,418.212286
2.394928,8,418.228824
-200.033693,8,418.248507
4.839763,8,418.262031
2.437451,8,418.28148
1.915229,8,418.310459
1.114906,8,418.326846
-8.042323,8,418.347496
-97.085174,8,418.363184
-94.646094,8,418.383813
-47.362718,8,418.409267
-19.780622,8,418.422264
-15.987684,8,418.442515
-180.893115,8,418.455499
-26.312001,8,418.473536
-12.306853,8,418.491613
0.850678,8,418.504624
-15.378355,8,418.533277
3.865646,8,418.547692
7.334091,8,418.567339
-14.601144,8,418.584988
-76.635315,8,418.597631
-35.75416,8,418.614206
-23.121397,8,418.631875
-7.465395,8,418.649874
-28.821681,8,418.669944
-1.83579,8,418.688794
-80.827766,8,418.709306
-18.289565,8,418.721303
-7.002867,8,418.74593
0.638777,8,418.773931
-2.710305,8,418.78993
-74.420575,8,418.810535
5.628942,8,418.828993
-105.859794,8,418.854756
-73.665209,8,418.873915
-85.846443,8,418.887974
-7.766353,8,418.905921
7.897044,8,418.918712
-33.628303,8,418.936473
-26.037736,8,418.959777
-114.009528,8,418.974964
3.586979,8,419.006508
-68.594143,8,419.021958
-116.570974,8,419.041552
-44.455286,8,419.064312
-24.006695,8,419.080314
6.638234,8,419.100593
-24.026307,8,419.114005
6.112861,8,419.136422
-19.277111,8,419.164264
-105.949886,8,419.179384
-7.269928,8,419.204594
-43.637932,8,419.222779
-29.078559,8,419.244615
-140.638289,8,419.280314
-40.178353,8,419.297322
-76.635366,8,419.320652
3.544183,8,419.339917
-85.560147,8,419.364751
-15.076268,8,419.396385
7.822603,8,419.419054
-84.653178,8,419.441689
-40.599421,8,419.45414
-84.05249,8,419.472165
-1.693082,8,419.490598
-84.970332,8,419.511305
4.120928,8,419.534234
-88.246257,8,419.546714
-5.858331,8,419.783859
-83.974416,8,419.819455
4.001291,8,419.841349
-3.878449,8,419.865301
5.064373,8,419.889206
-51.018641,8,419.916307
-41.146646,8,419.943035
-12.517695,8,419.960306
-10.308162,8,419.989343
-40.879016,8,420.00931
4.160178,8,420.031991
-3.129328,8,420.065324
-3.563392,8,420.083984
-31.577685,8,420.113368
-18.132192,8,420.131969
-39.243484,8,420.153661
-1.556322,8,420.181994
-44.786624,8,420.202428
-3.273344,8,420.23095
1.106367,8,420.249627
-192.332275,8,420.270058
-7.770853,8,420.290057
-57.560949,8,420.305057
-30.934631,8,420.33641
-20.964705,8,420.382627
-2.201199,8,420.404342
-0.461404,8,420.435627
0.729629,8,420.459375
-87.817057,8,420.489792
-159.951476,8,420.504555
-22.392469,8,420.526945
-7.077859,8,420.553257
-29.79355,8,420.578256
1.518237,8,420.603242
-89.21403,8,420.621282
-85.25363,8,420.647777
-42.943422,8,420.675216
-3.410193,8,420.697708
-8.817846,8,420.721588
-59.287073,8,420.739706
-129.170508,8,420.76804
-90.106408,8,420.79124
-83.044032,8,420.806238
-100.893743,8,420.827686
-20.251381,8,420.841915
-3.431913,8,420.862934
-116.179023,8,420.888392
-40.359375,8,420.90852
-134.490234,8,420.938409
-36.717409,8,420.956237
1.358804,8,420.981843
8.977104,8,421.002957
-76.42488,8,421.017842
-38.203181,8,421.040108
-21.157253,8,421.055216
-0.387459,8,421.073645
-17.772603,8,421.097024
11.830272,8,421.111532
3.306537,8,421.12978
-29.064462,8,421.14369
-40.47007,8,421.161379
-97.349573,8,421.187565
-136.089217,8,421.206676
-21.828494,8,421.225946
2.85099,8,421.240211
-169.166509,8,421.258893
1.931248,8,421.277392
-80.407662,8,421.287392
-6.277595,8,421.306481
-2.848917,8,421.331394
-33.847864,8,421.357396
-5.941478,8,421.382847
-39.758767,8,421.403695
-79.437163,8,421.443546
-14.164532,8,421.465274
-35.826782,8,421.497467
-104.031082,8,421.523196
-0.221806,8,421.552262
-81.269564,8,421.583936
5.703564,8,421.605317
-64.86257,8,421.631861
-29.70473,8,421.667863
-119.626078,8,421.692221
-66.663262,8,421.718352
-37.986334,8,421.741653
-32.013328,8,421.778654
-35.68333,8,421.815654
-63.013144,8,421.835653
-105.296244,8,421.860917
-18.516401,8,421.888301
-5.670151,8,421.910295
2.325079,8,421.936297
-0.163644,8,421.958821
-193.125059,8,421.985996
-98.181474,8,421.999992
-133.256069,8,422.029997
-43.477211,8,422.053193
-12.752198,8,422.071409
-21.612598,8,422.104655
-130.022554,8,422.120366
1.865357,8,422.141674
0.204974,8,422.163385
-28.876502,8,422.179041
-8.958632,8,422.203669
-79.657597,8,422.218338
12.359375,8,422.239423
-1.115771,8,422.259394
-149.010834,8,422.274056
-3.80546,8,422.294512
-104.530437,8,422.317551
-58.135499,8,422.343789
-21.556203,8,422.376096
-107.916442,8,422.396879
-19.719155,8,422.429264
-56.498838,8,422.453266
-6.491874,8,422.484444
-4.252725,8,422.510411
-247.924396,8,422.559493
-53.572984,8,422.627951
4.582207,8,422.700833
-3.312344,8,422.774982
-44.001389,8,422.902233
-5.238904,8,422.938253
-71.09202,8,422.98445
0.656574,8,423.007357
-18.768076,8,423.040718
-34.988108,8,423.071782
9.454596,8,423.099778
-78.197028,8,423.1241
1.324145,8,423.143111
-17.929352,8,423.178007
-66.773035,8,423.216375
-51.638409,8,423.238096
-7.54065,8,423.261142
-0.345158,8,423.279021
4.620851,8,423.312114
-20.366647,8,423.350461
-180.472288,8,423.372357
-62.577256,8,423.397055
-43.72232,8,423.419751
-11.102751,8,423.443785
-69.432864,8,423.466371
-48.352829,8,423.482407
-8.293557,8,423.502383
-105.702219,8,423.520662
-88.381445,8,423.541812
-18.663144,8,423.563094
-186.734286,8,423.578145
-2.504183,8,423.605537
-41.353003,8,423.627256
-43.665157,8,423.647148
-30.123348,8,423.666406
-109.562221,8,423.68277
-95.59702,8,423.702925
-20.934588,8,423.7164
-3.688732,8,423.738597
-22.341466,8,423.76183
-98.25279,8,423.777826
-2.232415,8,423.800146
0.666539,8,423.819749
1.673331,8,423.843204
-5.150579,8,423.89121
1.190778,8,423.95152
-49.680099,8,424.039395
-37.333305,8,424.065091
-139.63281,8,424.106234
0.657231,8,424.162893
-17.966729,8,424.181653
-20.579538,8,424.203468
-1.70491,8,424.227641
-132.890787,8,424.24533
-8.836697,8,424.260933
-102.483805,8,424.277234
-3.373781,8,424.316472
-43.747449,8,424.336521
-6.331508,8,424.340436
-18.357733,8,424.358989
-10.725422,8,424.374726
-66.214316,8,424.388921
-18.030251,8,424.416959
-29.760968,8,424.420703
-3.615968,8,424.458925
-76.08143,8,424.460742
-7.256825,8,424.477368
-99.137528,8,424.494194
-37.907228,8,424.509894
-30.90823,8,424.527735
-4.994804,8,424.54343
-35.284234,8,424.561391
-32.119375,8,424.575434
-110.362853,8,424.591137
-66.94402,8,424.609198
-103.582903,8,424.623345
-6.344211,8,424.639338
-36.029282,8,424.659647
3.28814,8,424.676237
-28.430117,8,424.694342
-98.816182,8,424.705098
-8.648651,8,424.722567
-13.187014,8,424.734539
-52.956217,8,424.761238
-3.671173,8,424.788061
1.869197,8,424.807252
-23.314055,8,424.826255
-22.949381,8,424.844829
-76.626607,8,424.863202
-49.726341,8,424.883391
-83.983637,8,424.896894
7.013556,8,424.913678
-49.894561,8,424.927332
-36.322379,8,424.949913
-5.298826,8,424.959938
-11.151752,8,424.973955
-120.126812,8,425.001302
-4.647209,8,425.005307
-57.126368,8,425.025595
-6.455875,8,425.042261
-19.115985,8,425.059094
-19.6475,8,425.066723
-138.038497,8,425.082641
-18.552139,8,425.098448
-22.181423,8,425.114214
-56.308663,8,425.176457
-7.424919,8,425.193408
-61.498457,8,425.209269
-11.92233,8,425.227502
-31.013851,8,425.258917
-13.296884,8,425.27794
-26.163051,8,425.291997
-7.256935,8,425.306155
-0.188362,8,425.324286
-29.002811,8,425.340012
-5.63929,8,425.362745
-15.903748,8,425.3827
-85.40598,8,425.3922
-3.021111,8,425.417394
-54.539933,8,425.449719
-70.87825,8,425.470441
-18.566264,8,425.498445
-77.574793,8,425.51538
-73.685703,8,425.535927
-112.778154,8,425.559902
0.229804,8,425.573404
-98.022888,8,425.590984
-106.115052,8,425.603029
-21.933019,8,425.620762
-147.113171,8,425.638497
-108.101574,8,425.659836
-56.13195,8,425.690417
-3.879769,8,425.707377
-72.856144,8,425.726008
-1.413128,8,425.747772
-42.693292,8,425.772878
-62.679689,8,425.796461
-33.087673,8,425.813556
-2.923603,8,425.834146
-23.505071,8,425.852493
-1.667064,8,425.861592
-152.032588,8,425.890905
-53.0569,8,425.904862
-177.387688,8,425.925616
-51.422485,8,425.95251
-23.41491,8,425.966471
-10.150568,8,425.9923
-2.273429,8,426.010704
-74.940105,8,426.03185
-151.792936,8,426.049605
-71.478159,8,426.063482
7.660623,8,426.085134
-15.698016,8,426.104093
-124.886003,8,426.127408
-66.390097,8,426.153535
-28.884746,8,426.170243
-51.646941,8,426.207319
-75.147801,8,426.220565
-123.546892,8,426.23377
-14.660831,8,426.260433
-54.415152,8,426.27418
-177.233109,8,426.291767
-116.791663,8,426.313542
-36.7739,8,426.330997
-9.590524,8,426.349094
-72.989732,8,426.362753
-49.541967,8,426.377591
-55.259409,8,426.388624
-86.523186,8,426.406715
-32.498571,8,426.435828
-114.180367,8,426.451902
-24.990117,8,426.469961
-2.485553,8,426.487896
-79.692523,8,426.508309
-43.699878,8,426.537046
-21.55901,8,426.551727
-21.635868,8,426.568267
-202.469502,8,426.588152
-44.135591,8,426.612165
-75.276515,8,426.67029
-0.774039,8,426.703319
-99.039697,8,426.735313
-84.964237,8,426.760775
-91.832083,8,426.790819
-96.458267,8,426.813149
-10.162486,8,426.825671
-122.712744,8,426.848898
-84.166564,8,426.859461
-24.938852,8,426.875591
-56.203762,8,426.916023
-6.845945,8,426.939465
-74.99564,8,426.965652
-40.458883,8,426.983428
-23.856971,8,427.001416
-26.938222,8,427.042294
-11.338131,8,427.062463
-0.948568,8,427.09335
-2.192325,8,427.11762
-111.567342,8,427.15294
-23.251584,8,427.18442
-46.022652,8,427.203067
-62.058601,8,427.228831
-48.0881,8,427.248582
-3.734093,8,427.27727
-55.291224,8,427.296847
-44.980201,8,427.315022
-74.695956,8,427.346019
-143.393315,8,427.364993
-62.567203,8,427.385405
-106.510878,8,427.406116
-84.767952,8,427.423147
0.044277,8,427.444804
-2.003621,8,427.462738
-29.084671,8,427.489202
5.868595,8,427.509886
-48.544982,8,427.526602
-155.811546,8,427.547796
-45.327239,8,427.563465
-19.535735,8,427.589142
-1.114423,8,427.616837
-7.212462,8,427.631954
-34.224993,8,427.651931
-86.745783,8,427.682026
-61.564101,8,427.713434
-16.919422,8,427.739094
-63.381441,8,427.755091
-23.128633,8,427.780138
-40.306805,8,427.806513
-68.611164,8,427.83431
0.415275,8,427.860024
-22.424691,8,427.877587
-3.745234,8,427.910362
-61.648004,8,427.935973
-3.84785,8,427.961481
13.234694,8,427.984834
-148.852406,8,428.002062
-13.157675,8,428.027825
-42.481301,8,428.045823
-84.689715,8,428.064847
-43.168756,8,428.085777
0.726869,8,428.102503
-104.063947,8,428.122777
9.002975,8,428.142851
-70.306649,8,428.169931
0.643911,8,428.195871
-53.872426,8,428.210502
-22.365628,8,428.236193
-11.998974,8,428.25486
2.079844,8,428.276206
-92.635197,8,428.297863
-62.304787,8,428.313891
3.548689,8,428.337106
-116.279016,8,428.358577
-113.66774,8,428.37817
-2.38383,8,428.397848
-88.681702,8,428.412496
-4.019351,8,428.435149
-20.932013,8,428.450771
-5.893209,8,428.476477
-68.525068,8,428.495141
-25.237444,8,428.509554
5.428859,8,428.529149
-58.996919,8,428.543904
-44.272476,8,428.566809
-10.274617,8,428.582855
-6.093335,8,428.59943
-2.449823,8,428.617841
-29.306504,8,428.631773
-8.029992,8,428.650894
-46.507135,8,428.686398
-113.087917,8,428.702912
-145.919937,8,428.723212
-54.333501,8,428.73918
-94.14337,8,428.759619
-2.703263,8,428.776185
0.885225,8,428.794284
-32.185326,8,428.811485
-20.1032,8,428.824134
-7.004204,8,428.843907
-25.816881,8,428.863061
-3.783797,8,428.878184
-22.977106,8,428.905841
-40.613918,8,428.91866
0.128952,8,428.937311
-27.073348,8,428.956813
-31.097259,8,428.971707
-57.931517,8,428.992944
-119.906259,8,428.996809
-40.911289,8,429.029713
-66.515697,8,429.05395
-22.085195,8,429.068554
1.508462,8,429.087188
-8.890314,8,429.10189
-7.25167,8,429.121574
5.798954,8,429.151874
-50.886606,8,429.168556
-19.584795,8,429.179551
-101.063489,8,429.199502
-71.752424,8,429.216722
-65.011266,8,429.233825
1.092308,8,429.25095
-137.900923,8,429.268524
-94.588576,8,429.283425
-4.72571,8,429.302373
7.017593,8,429.319488
-38.851866,8,429.336494
-91.819132,8,429.363831
-3.282758,8,429.379212
-65.132861,8,429.397846
-4.271707,8,429.416676
-54.062272,8,429.430413
-55.397892,8,429.451493
-113.797245,8,429.476143
-197.653727,8,429.496769
-16.615658,8,429.518191
-49.381003,8,429.5318
-19.998298,8,429.547859
-9.195378,8,429.561682
-83.948098,8,429.584355
-97.498597,8,429.607469
-96.077299,8,429.622679
-53.983591,8,429.645406
-89.784816,8,429.658628
9.860545,8,429.684557
-15.582529,8,429.711404
-37.907483,8,429.727144
-75.092876,8,429.745157
-86.796503,8,429.759273
-98.106672,8,429.782305
-12.786634,8,429.81756
-101.725284,8,429.833136
-48.482894,8,429.860586
-1.36474,8,429.8799
-196.718562,8,429.900866
-0.997488,8,429.927763
-28.772098,8,429.942843
-95.737601,8,429.964898
-5.200362,8,429.981765
-159.70908,8,430.012985
-105.070752,8,430.044882
-12.099914,8,430.061509
-68.386634,8,430.08495
-21.048459,8,430.100846
-43.749897,8,430.135706
0.863802,8,430.167937
-14.925374,8,430.18853
-107.831461,8,430.248914
-43.207892,8,430.259751
-13.769149,8,430.288893
-90.547692,8,430.312453
3.97013,8,430.332259
-13.73647,8,430.36046
9.632452,8,430.375991
-45.59114,8,430.398527
-186.216022,8,430.424904
-45.394186,8,430.442275
-1.272629,8,430.457988
-19.73139,8,430.477997
-19.076181,8,430.506102
-3.62015,8,430.521971
-98.759453,8,430.542435
-162.004653,8,430.559118
-87.131594,8,430.56119
-42.159735,8,430.580702
5.571709,8,430.607625
-80.192214,8,430.623688
-87.142834,8,430.641964
5.563474,8,430.649065
1.047772,8,430.674504
-71.594061,8,430.700972
-72.786036,8,430.713046
-59.482095,8,430.732179
-122.0425,8,430.749427
-82.161054,8,430.765352
-46.517341,8,430.783954
-31.231316,8,430.798952
-30.806287,8,430.831007
0.51557,8,430.847357
-27.480917,8,430.870895
-24.993305,8,430.893644
6.969931,8,430.907609
-31.146904,8,430.940929
-93.170515,8,430.956711
-39.868585,8,430.956711
-0.677191,8,430.988471
-71.959402,8,430.990479
-6.012855,8,431.020788
-15.051776,8,431.020788
-105.766199,8,431.054618
8.78812,8,431.068555
-6.781451,8,431.086669
2.340837,8,431.092728
-16.391015,8,431.108952
-39.758915,8,431.12548
-48.367828,8,431.16116
-81.559371,8,431.175049
-10.950126,8,431.193929
-326.507317,8,431.207654
-30.188759,8,431.227032
-18.699211,8,431.243359
-69.760704,8,431.254927
9.481079,8,431.276426
5.34947,8,431.277507
-33.631596,8,431.310469
-45.888668,8,431.330432
-65.415898,8,431.349329
-10.035063,8,431.37236
-51.561432,8,431.389437
-4.357496,8,431.406276
-45.239862,8,431.423589
-0.209774,8,431.435473
-11.67062,8,431.452286
-26.563115,8,431.464816
-19.816428,8,431.479142
3.242017,8,431.499819
-63.825794,8,431.511864
-73.517925,8,431.527217
3.235781,8,431.540265
-47.427573,8,431.556031
8.524995,8,431.575693
-0.337918,8,431.589738
-49.827777,8,431.609056
-32.999407,8,431.624533
-19.815924,8,431.640204
4.628238,8,431.659967
-7.910612,8,431.669979
-28.55805,8,431.688376
-61.877508,8,431.70372
-53.178415,8,431.718869
-52.630159,8,431.723876
-93.606709,8,431.748986
-21.354929,8,431.767265
8.537935,8,431.776593
-57.209978,8,431.794974
4.506147,8,431.809718
1.696282,8,431.826485
9.320091,8,431.826485
-25.819891,8,431.84333
-72.748392,8,431.860533
-102.381471,8,431.876899
-17.538551,8,431.894944
-20.160365,8,431.910633
-20.635446,8,431.927187
-141.66438,8,431.946045
-15.229542,8,431.967419
-45.858575,8,431.974782
-90.646864,8,431.993355
-2.568433,8,432.002347
2.312657,8,432.015648
-11.382421,8,432.029829
-53.120118,8,432.044238
-2.66437,8,432.059766
-3.88369,8,432.07118
-24.546668,8,432.087739
-163.917044,8,432.092971
-101.836185,8,432.109768
-61.233819,8,432.126646
7.116121,8,432.1432
1.571772,8,432.191065
-106.190516,8,432.213098
7.497064,8,432.227252
-0.640019,8,432.243635
-6.43568,8,432.259756
-12.428935,8,432.276551
-8.76937,8,432.305746
-31.619561,8,432.321544
-49.864054,8,432.325752
-15.924162,8,432.341373
-91.911559,8,432.355488
-57.479415,8,432.391365
-161.150835,8,432.409493
4.064198,8,432.428648
-140.342108,8,432.43954
-5.642976,8,432.443309
-3.530977,8,432.459557
-46.33488,8,432.476774
-236.14836,8,432.508606
-7.584402,8,432.527166
-42.426583,8,432.544638
-90.980704,8,432.56877
-78.257672,8,432.586388
2.907534,8,432.612703
-9.794313,8,432.629761
-203.152731,8,432.646418
-21.808888,8,432.684086
-22.628872,8,432.698304
-0.327818,8,432.710144
-24.458748,8,432.737134
-35.549968,8,432.76258
-5.91222,8,432.781681
-7.386955,8,432.793471
4.827149,8,432.814455
-0.608234,8,432.826852
-45.212584,8,432.858875
6.721213,8,432.877335
-160.753746,8,432.894079
-13.270362,8,432.926166
-37.334962,8,432.944603
-22.723293,8,432.967121
-54.924715,8,432.984165
-195.864141,8,432.99198
-26.314249,8,433.008651
-37.088168,8,433.025479
-3.385404,8,433.042086
-5.260617,8,433.061896
-5.977738,8,433.078446
-17.877437,8,433.100797
-94.166843,8,433.114397
-116.637117,8,433.125458
-33.333225,8,433.148335
-80.629161,8,433.16133
-95.326966,8,433.177621
-4.37835,8,433.189378
-14.012454,8,433.208228
-0.943878,8,433.225237
-23.399537,8,433.23869
-75.042253,8,433.25759
-15.264451,8,433.26895
-21.602013,8,433.284535
-62.267583,8,433.308524
-3.774637,8,433.313758
-86.483126,8,433.325519
-5.391784,8,433.341715
-17.472622,8,433.365894
-44.888677,8,433.382112
-26.848745,8,433.392164
-69.600821,8,433.392164
-18.14823,8,433.408556
-51.723299,8,433.425214
-85.053151,8,433.441656
-25.473916,8,433.466751
-120.740181,8,433.486535
-3.54808,8,433.491786
-84.928868,8,433.508462
1.636665,8,433.525241
-37.351116,8,433.541867
-15.822374,8,433.560855
-40.724417,8,433.571174
-50.8616,8,433.584946
-170.451563,8,433.592324
0.59643,8,433.620378
-142.114905,8,433.633375
-13.848527,8,433.649126
-9.581643,8,433.669903
-99.45064,8,433.690975
-27.569121,8,433.703756
-6.198388,8,433.723576
-68.148316,8,433.72502
-24.098954,8,433.752672
-30.738591,8,433.776369
-25.679038,8,433.791676
3.469637,8,433.822475
-115.267579,8,433.835007
-53.641593,8,433.854061
7.505014,8,433.878758
-20.425566,8,433.892655
-1.328833,8,433.909409
-6.909944,8,433.931293
-47.332966,8,433.95606
1.602795,8,433.975282
2.33193,8,433.986087
-28.6528,8,434.00948
-27.74396,8,434.00948
-97.493898,8,434.026271
-11.259207,8,434.043222
0.095882,8,434.062345
-49.303146,8,434.092446
4.347474,8,434.103434
-0.012176,8,434.107767
-6.192063,8,434.143511
-77.202371,8,434.154842
-120.106647,8,434.170848
-133.426579,8,434.170848
-90.092053,8,434.186898
-10.238357,8,434.216155
-27.294165,8,434.23225
-78.529822,8,434.233993
-107.092219,8,434.250138
-105.619869,8,434.272352
-6.896182,8,434.287916
6.934358,8,434.297929
-127.33682,8,434.313992
-114.600931,8,434.323547
-49.72307,8,434.347873
-11.587346,8,434.364564
-63.169723,8,434.381199
-9.034987,8,434.404757
-158.047303,8,434.422277
4.302031,8,434.44875
8.831156,8,434.472225
-13.585835,8,434.497479
-20.109491,8,434.520722
-47.271343,8,434.534242
4.146733,8,434.562936
5.581128,8,434.59122
-22.614609,8,434.604219
4.895467,8,434.626192
-32.559413,8,434.641601
-77.284877,8,434.668808
-25.199475,8,434.721681
-221.077401,8,434.737583
-6.703618,8,434.755547
1.725872,8,434.771445
-40.756324,8,434.791147
-80.257074,8,434.809177
-15.140946,8,434.825878
-25.365573,8,434.848643
-43.255033,8,434.859207
-21.343805,8,434.866862
-33.999025,8,434.893399
-30.614825,8,434.907849
-97.055017,8,434.928965
-59.647534,8,434.94263
2.636446,8,434.963947
-73.472398,8,434.978745
-28.300651,8,434.993726
2.10956,8,435.005513
-99.094744,8,435.023199
-26.29817,8,435.041497
-58.755925,8,435.074954
-87.063668,8,435.087906
-40.381005,8,435.107565
-73.790205,8,435.129676
-12.269629,8,435.153202
-18.67962,8,435.171165
-73.410935,8,435.187641
0.146647,8,435.207028
-113.260737,8,435.224635
-3.75155,8,435.244588
-29.85076,8,435.264009
-99.056281,8,435.273906
-179.063348,8,435.297767
-97.011408,8,435.323227
-3.025042,8,435.347477
8.375748,8,435.367255
-23.189426,8,435.379014
1.42525,8,435.396786
-26.114719,8,435.406546
-19.57224,8,435.422626
-16.729013,8,435.437911
-9.337168,8,435.454008
-73.780573,8,435.469938
-6.787272,8,435.48595
-97.696744,8,435.501834
-38.803992,8,435.518051
-34.692339,8,435.534095
-5.701944,8,435.556961
-80.828849,8,435.567894
-103.551347,8,435.584445
-12.594296,8,435.603094
7.326202,8,435.619889
-126.819275,8,435.637692
-36.041326,8,435.650815
-86.171576,8,435.675715
-25.564808,8,435.707465
-173.782632,8,435.727333
-44.167766,8,435.751741
-2.964577,8,435.773678
-7.381867,8,435.799459
-25.347806,8,435.819996
-13.143551,8,435.834926
-8.725949,8,435.854892
6.576282,8,435.876231
-37.36148,8,435.894923
-10.339885,8,435.915831
-116.9251,8,435.929207
-28.094593,8,435.950632
1.037878,8,435.963573
-7.826444,8,435.988492
-79.536762,8,436.013695
-92.307314,8,436.026302
-67.91778,8,436.041912
-125.910999,8,436.057604
-130.720299,8,436.081597
7.311778,8,436.107991
-22.608545,8,436.114416
-22.548501,8,436.140879
-88.059569,8,436.152203
-11.716857,8,436.166724
-53.122859,8,436.180335
3.29103,8,436.203742
-55.769495,8,436.252727
-27.072371,8,436.259453
-84.831527,8,436.285776
-27.31707,8,436.305351
-73.778638,8,436.329545
-16.373063,8,436.347328
-22.416734,8,436.360583
-26.681193,8,436.377337
-36.029618,8,436.393962
4.809742,8,436.405965
-27.281047,8,436.427809
-6.930642,8,436.440856
-173.054819,8,436.457035
-6.469196,8,436.479393
-106.590112,8,436.491973
-55.253916,8,436.508076
-8.483361,8,436.514551
-76.99224,8,436.530808
-9.849839,8,436.560546
-90.840788,8,436.579128
-56.287801,8,436.597373
-9.969744,8,436.610151
-85.045615,8,436.626395
-6.685827,8,436.647497
2.86364,8,436.66102
-23.912642,8,436.680782
-47.675069,8,436.692987
0.022495,8,436.709714
-2.615211,8,436.726401
-44.08929,8,436.730775
13.106243,8,436.754515
-40.870823,8,436.768972
-16.508936,8,436.780523
-9.889679,8,436.797127
3.161231,8,436.810769
-4.437219,8,436.827311
-40.640473,8,436.830274
-55.424566,8,436.852863
-19.711508,8,436.863646
-8.077723,8,436.890921
-21.326647,8,436.907631
-50.723294,8,436.913656
-97.246046,8,436.930267
-10.566648,8,436.955003
-0.504866,8,436.963643
-39.842077,8,436.980234
-124.901471,8,436.997616
-26.748016,8,437.013759
-37.718237,8,437.030427
-23.825402,8,437.040962
-53.581445,8,437.05867
-0.00137,8,437.063759
5.290066,8,437.076003
-109.51199,8,437.093373
-70.573084,8,437.10862
-41.136076,8,437.130437
-31.730073,8,437.141419
-13.261084,8,437.164887
-9.811117,8,437.174809
-33.988011,8,437.194938
2.650508,8,437.210658
-88.23071,8,437.214058
6.721817,8,437.245074
-29.828768,8,437.264457
0.992201,8,437.279415
-22.572857,8,437.297487
-7.411742,8,437.312651
-15.230929,8,437.330725
-93.553598,8,437.35758
-1.730124,8,437.37429
-84.925589,8,437.396979
-0.282431,8,437.413662
-128.649922,8,437.435368
-70.033006,8,437.455077
-47.77099,8,437.477355
-11.785981,8,437.500929
-101.543518,8,437.513651
-50.032596,8,437.530348
-98.302289,8,437.55059
3.020263,8,437.563666
-97.22781,8,437.583135
13.303429,8,437.596884
-2.348375,8,437.613749
4.128544,8,437.630409
9.551973,8,437.647743
-36.130596,8,437.663773
2.776728,8,437.681517
-14.919302,8,437.712502
-98.353728,8,437.734436
-4.142421,8,437.749382
1.482024,8,437.765959
4.454083,8,437.78103
-21.550311,8,437.790044
-100.865169,8,437.818073
-7.747089,8,437.831478
8.635417,8,437.849294
-65.607268,8,437.862915
-3.380829,8,437.882547
-110.678289,8,437.900393
-41.13817,8,437.914201
-66.076507,8,437.938842
-29.216067,8,437.952493
-31.107667,8,437.970059
-40.212578,8,437.986224
-5.783147,8,437.997431
-37.628164,8,438.014123
-8.291811,8,438.031437
2.074743,8,438.048233
-2.349447,8,438.064095
0.727914,8,438.077224
-64.259237,8,438.094926
-12.679622,8,438.106247
-88.27951,8,438.121825
-2.033631,8,438.147007
-9.707256,8,438.162661
-65.30237,8,438.180269
-209.090298,8,438.194955
3.340183,8,438.211634
-56.429227,8,438.227271
-67.817098,8,438.243958
4.808624,8,438.2616
-26.085586,8,438.272852
-5.709977,8,438.288534
-22.940045,8,438.303941
3.842333,8,438.319144
-293.504004,8,438.338383
-112.311378,8,438.350746
-1.648734,8,438.369415
-3.506861,8,438.385444
-36.58639,8,438.397093
-82.910349,8,438.412707
-102.648312,8,438.424298
-8.955512,8,438.430304
-20.82676,8,438.455675
-0.515021,8,438.45815
-129.377856,8,438.486493
-121.249884,8,438.497133
-97.03351,8,438.513792
-63.576262,8,438.533778
-57.871306,8,438.545542
-67.823971,8,438.558868
-34.890492,8,438.569866
-77.826789,8,438.591612
-9.061147,8,438.60682
-15.302672,8,438.620379
-155.525139,8,438.637987
-88.04225,8,438.641999
-73.313374,8,438.65798
-0.819965,8,438.689858
-139.497139,8,438.701767
-66.682312,8,438.721574
-44.945118,8,438.733464
-0.397413,8,438.749239
-81.870689,8,438.765033
-66.257926,8,438.776898
2.223178,8,438.795243
-87.38015,8,438.807248
-125.806212,8,438.821908
-17.886937,8,438.824918
4.184047,8,438.848722
2.831565,8,438.858482
2.470945,8,438.87052
4.465929,8,438.888477
-8.32244,8,438.906414
-34.475542,8,438.91798
2.021216,8,438.933888
-0.593974,8,438.933888
-32.62967,8,438.957465
-114.741533,8,438.977282
-3.510689,8,438.988774
-48.244752,8,439.001435
-45.781849,8,439.015455
2.147807,8,439.02731
-40.097371,8,439.043113
-40.247512,8,439.043113
-42.057729,8,439.070074
-20.162665,8,439.082094
-75.093839,8,439.089582
-50.368259,8,439.111356
2.33222,8,439.127285
-5.97814,8,439.143323
-4.820759,8,439.154323
10.76213,8,439.169924
8.976532,8,439.185604
-65.37192,8,439.197066
3.252558,8,439.212397
-14.969973,8,439.226444
-58.425193,8,439.252126
-121.981164,8,439.272828
-11.351496,8,439.287372
-86.035928,8,439.302951
-79.883611,8,439.31584
-3.708334,8,439.33255
-120.07714,8,439.35133
-77.852029,8,439.362357
-26.309016,8,439.378156
-176.406321,8,439.387935
1.0936,8,439.405972
-175.580484,8,439.419763
-5.27565,8,439.432349
-8.783034,8,439.449891
3.135054,8,439.465654
-99.088463,8,439.480781
-19.641448,8,439.494587
-30.22524,8,439.504081
-72.627513,8,439.518099
-121.628507,8,439.529853
-93.68647,8,439.540821
-47.210278,8,439.556824
-2.679687,8,439.571966
-54.177852,8,439.585858
2.708956,8,439.595871
-81.835118,8,439.609629
-95.629546,8,439.628876
-71.994527,8,439.638631
-37.162551,8,439.654754
-17.441195,8,439.665529
-15.73266,8,439.690866
3.973119,8,439.707629
5.479754,8,439.717634
9.583483,8,439.732405
-58.955363,8,439.743577
-121.281471,8,439.757916
-28.925842,8,439.771949
-22.346816,8,439.786319
-33.523716,8,439.806114
-98.134837,8,439.82363
-100.095874,8,439.847293
-4.32517,8,439.862422
-19.004319,8,439.874454
-97.256757,8,439.887871
-114.05713,8,439.905149
-54.838356,8,439.920934
-41.715776,8,439.941084
-99.481758,8,439.957021
-12.775447,8,439.972958
3.754836,8,439.985233
5.412058,8,440.008432
-16.885015,8,440.029691
-76.140737,8,440.039707
4.558101,8,440.056196
-91.82659,8,440.073632
5.06552,8,440.091471
4.73592,8,440.093479
-76.397612,8,440.124844
-16.610516,8,440.140653
-63.815342,8,440.158695
-14.810452,8,440.17273
-0.279074,8,440.188412
-109.917849,8,440.231256
-18.180012,8,440.250768
-26.07677,8,440.262795
-13.084553,8,440.276557
-21.765784,8,440.292609
-28.669356,8,440.304496
-5.90185,8,440.320281
2.468535,8,440.332059
4.525119,8,440.350859
-3.911466,8,440.36896
-77.41254,8,440.382563
-7.799077,8,440.39863
-86.184738,8,440.410391
9.806919,8,440.422151
-23.480546,8,440.43786
11.048169,8,440.461785
-80.791603,8,440.473763
-12.410682,8,440.487779
-32.458339,8,440.504884
2.43893,8,440.520123
8.190716,8,440.531888
-79.326972,8,440.544398
-12.032564,8,440.561121
-0.854926,8,440.576804
-27.612608,8,440.592303
-88.754511,8,440.602056
-79.431377,8,440.622634
-35.430174,8,440.636157
-56.354234,8,440.643913
-15.882674,8,440.672792
5.021603,8,440.677517
-19.335951,8,440.691844
-61.015239,8,440.712819
-89.162541,8,440.730577
-44.744325,8,440.746758
4.940413,8,440.752243
-27.732694,8,440.778273
-3.382362,8,440.791629
-41.858057,8,440.805648
-26.151741,8,440.826725
6.580651,8,440.836742
-29.204587,8,440.852166
-4.082595,8,440.866852
-73.012867,8,440.888166
-11.423112,8,440.903748
-32.853069,8,440.916429
-48.950172,8,440.93404
-9.674042,8,440.951823
12.117227,8,440.97279
-16.600046,8,440.99547
-6.455492,8,441.013731
-55.115026,8,441.040809
-21.75301,8,441.054376
-51.709955,8,441.072036
-24.253745,8,441.089835
-3.277611,8,441.099872
-83.902224,8,441.123776
-20.499528,8,441.13585
-17.871423,8,441.158504
-40.90913,8,441.16531
-68.646184,8,441.179076
3.245995,8,441.194803
-43.609239,8,441.216926
-19.144584,8,441.236023
-7.274224,8,441.242618
-17.177544,8,441.260354
-20.850132,8,441.276375
-108.691147,8,441.292418
5.029505,8,441.30646
-179.790918,8,441.326348
-48.374643,8,441.33846
-13.502802,8,441.354438
-69.2857,8,441.359342
-9.100946,8,441.370481
-89.226058,8,441.392504
-18.28187,8,441.408153
-7.807334,8,441.427709
-20.972302,8,441.438744
2.373647,8,441.457829
-2.069789,8,441.472869
-41.548261,8,441.517177
-33.998016,8,441.530241
-110.031329,8,441.542218
-6.287868,8,441.560025
-43.931247,8,441.5749
-130.623529,8,441.5749
-63.646093,8,441.589738
-2.200815,8,441.605388
-29.042534,8,441.621095
8.031755,8,441.64097
-89.746722,8,441.659219
-48.992745,8,441.684271
5.010851,8,441.691402
-22.658832,8,441.715632
-43.2558,8,441.731408
-81.881981,8,441.742797
-107.576557,8,441.749006
0.277561,8,441.762959
-177.180143,8,441.781151
-19.57252,8,441.795357
-55.810564,8,441.815559
2.842227,8,441.832922
-8.760992,8,441.844669
-66.163243,8,441.859434
-23.79754,8,441.872929
-107.302923,8,441.881512
-19.335092,8,441.899546
-4.450849,8,441.910475
-71.276018,8,441.924256
-92.707668,8,441.939543
-23.386779,8,441.949662
-15.204635,8,441.965898
-156.80985,8,441.976678
-2.372154,8,441.994413
-0.220766,8,442.012484
-211.083329,8,442.024271
-21.451094,8,442.03806
3.046701,8,442.049775
-117.606226,8,442.058544
-128.213615,8,442.075356
-91.608045,8,442.091007
-32.480839,8,442.104688
-52.099407,8,442.10876
-16.59868,8,442.126177
-120.259676,8,442.152018
-20.262732,8,442.168595
-6.170121,8,442.192867
-15.479143,8,442.204671
-41.964174,8,442.219176
-61.571101,8,442.243351
-20.661004,8,442.260026
-2.469891,8,442.280473
-45.153665,8,442.293578
-90.085347,8,442.310342
-30.743176,8,442.32664
-51.477889,8,442.343483
-20.167261,8,442.368635
-85.94821,8,442.376975
-21.515842,8,442.393325
-28.843888,8,442.421649
-1.783381,8,442.425172
-25.215935,8,442.440377
-78.176385,8,442.461958
-116.33698,8,442.486843
6.77784,8,442.510116
-45.067211,8,442.528117
-2.354555,8,442.547814
8.474208,8,442.564407
-39.086227,8,442.591079
-54.436364,8,442.611745
-104.321845,8,442.628407
-55.916919,8,442.653412
-42.244162,8,442.671788
0.199449,8,442.696005
-7.093327,8,442.714183
-2.161151,8,442.728415
-26.870856,8,442.748339
-31.850672,8,442.76273
4.857691,8,442.78053
-11.000286,8,442.800138
-4.19754,8,442.813724
4.749453,8,442.833428
-15.87149,8,442.846104
-11.919344,8,442.861763
-25.332998,8,442.880544
-1.687499,8,442.894081
1.730656,8,442.909763
-87.451537,8,442.921412
-7.096307,8,442.941081
-85.978762,8,442.9561
-22.987123,8,442.96745
3.281074,8,442.983141
-60.618125,8,442.99621
0.677624,8,443.012405
-35.008582,8,443.027195
-7.936991,8,443.039195
-44.659531,8,443.061308
-133.789096,8,443.072802
-40.272289,8,443.088807
-16.805525,8,443.102574
4.937419,8,443.115721
-93.051014,8,443.132797
-14.202409,8,443.145803
2.737266,8,443.159324
4.192595,8,443.17821
-3.354691,8,443.188225
-209.85896,8,443.200557
-51.39982,8,443.209823
-34.572488,8,443.229529
-8.029869,8,443.248607
-60.920175,8,443.258382
-32.995483,8,443.272941
-17.072172,8,443.286208
-35.46361,8,443.300724
4.44436,8,443.310112
-50.172185,8,443.324524
-80.368868,8,443.339546
-119.770469,8,443.3507
-46.559672,8,443.365998
5.344702,8,443.380187
0.65742,8,443.393974
-38.509096,8,443.413054
-24.048843,8,443.423087
-14.353813,8,443.436852
-127.077108,8,443.452614
-38.344819,8,443.464656
-3.934752,8,443.478426
0.717999,8,443.487916
-7.659223,8,443.505682
1.896802,8,443.522058
-41.135356,8,443.533638
4.824454,8,443.548326
-36.48819,8,443.559978
-21.219153,8,443.573998
6.600117,8,443.588551
-45.504869,8,443.595594
-9.635309,8,443.606067
-11.052437,8,443.626698
-20.465312,8,443.639745
-87.978284,8,443.655814
2.321145,8,443.672578
7.221987,8,443.695803
0.888796,8,443.70776
-13.356518,8,443.727376
-2.7434,8,443.74137
-114.726045,8,443.752131
-2.395024,8,443.77012
-63.20159,8,443.773125
-2.925715,8,443.793081
-38.971143,8,443.805099
-70.470527,8,443.822815
-49.670959,8,443.838792
-114.913973,8,443.841531
-43.39974,8,443.866968
-88.099233,8,443.880741
-3.830069,8,443.893115
3.503228,8,443.911759
-174.653898,8,443.927407
-145.6859,8,443.947062
-133.484981,8,443.976424
1.600488,8,443.992077
6.473703,8,444.010761
-34.134663,8,444.025479
-85.108812,8,444.045055
-50.63934,8,444.064163
-145.82145,8,444.085538
-76.470071,8,444.099493
-47.217829,8,444.116437
-3.763864,8,444.133806
-100.910003,8,444.148637
-30.030213,8,444.16468
-89.891784,8,444.183018
-26.857008,8,444.198678
-56.658971,8,444.21661
-64.139906,8,444.232866
-41.001165,8,444.246165
-27.129095,8,444.262779
-33.574602,8,444.274412
-90.780499,8,444.283219
2.280465,8,444.308356
-17.590612,8,444.324389
1.657938,8,444.333036
-9.967938,8,444.380219
-2.453887,8,444.398629
-21.58527,8,444.416116
2.703214,8,444.427053
-39.335774,8,444.443643
-105.974183,8,444.460106
1.461858,8,444.477055
-4.029671,8,444.493711
-56.977333,8,444.509016
2.862721,8,444.528951
-4.345034,8,444.540849
-50.415319,8,444.564747
-0.753661,8,444.58281
-15.201665,8,444.595028
-13.34928,8,444.61634
2.52166,8,444.62427
-61.115789,8,444.643638
-70.863392,8,444.662498
-44.747881,8,444.681434
-105.37749,8,444.69924
-44.397687,8,444.710204
-16.516069,8,444.726958
12.939078,8,444.74344
-63.896441,8,444.760129
-132.828276,8,444.785028
-19.423651,8,444.800371
-108.542877,8,444.822883
-39.262778,8,444.851472
-40.521352,8,444.864971
-59.302738,8,444.893522
-27.779997,8,444.910311
7.92616,8,444.930844
3.128291,8,444.944297
-127.611316,8,444.958312
-81.296225,8,444.980052
-95.143736,8,445.01596
-21.301103,8,445.027661
-68.233972,8,445.041533
-41.898842,8,445.060161
-58.827429,8,445.078246
-74.256877,8,445.092263
-4.935503,8,445.108065
6.551027,8,445.135859
-89.719541,8,445.150048
-87.357629,8,445.168306
4.393991,8,445.179171
-51.337268,8,445.197078
-120.669201,8,445.208248
-152.929786,8,445.223733
-31.427914,8,445.243894
-17.688194,8,445.255746
-62.602488,8,445.276069
-28.615855,8,445.292718
-17.426743,8,445.305964
-66.064244,8,445.321782
-39.413935,8,445.326272
1.658745,8,445.352041
-18.42966,8,445.359643
-86.463179,8,445.376284
-54.033101,8,445.392688
-19.411204,8,445.40232
-34.827808,8,445.418249
1.2554,8,445.432135
0.909026,8,445.432135
-36.80941,8,445.466052
-31.106991,8,445.476087
-61.613564,8,445.477179
-18.768609,8,445.492935
-1.112771,8,445.509753
14.909685,8,445.527424
-27.589032,8,445.539463
5.408422,8,445.543506
-37.444184,8,445.571182
-9.721803,8,445.638512
-34.42339,8,445.650562
-32.464102,8,445.660018
-79.694455,8,445.67505
-67.621589,8,445.698379
-30.3608,8,445.711697
-41.779021,8,445.72639
2.615149,8,445.735893
-6.956562,8,445.752851
0.170652,8,445.768974
-26.820574,8,445.77941
4.275243,8,445.797917
-9.060696,8,445.811823
-107.098782,8,445.824599
-45.99379,8,445.840532
-62.801279,8,445.850191
-66.073156,8,445.868072
-120.037049,8,445.880158
-89.75251,8,445.897664
-20.027038,8,445.911603
4.573895,8,445.924748
-165.268096,8,445.93739
-32.708266,8,445.944879
-5.628351,8,445.958644
5.928425,8,445.972645
-153.681712,8,445.979363
-62.833609,8,445.997545
3.465509,8,446.012024
-106.794892,8,446.023283
-18.348716,8,446.040718
4.454619,8,446.053766
-73.178262,8,446.068154
-83.22331,8,446.076907
4.047548,8,446.09492
-215.183943,8,446.110066
-69.691107,8,446.110066
-220.385014,8,446.139584
-15.355942,8,446.151384
-17.563356,8,446.165983
3.927792,8,446.175218
0.691088,8,446.192818
5.057011,8,446.210819
-69.240507,8,446.224448
7.318619,8,446.242337
-68.760187,8,446.257739
-90.946727,8,446.269556
-103.888959,8,446.273302
6.954555,8,446.293274
-78.879794,8,446.308221
-12.528726,8,446.323412
-39.11122,8,446.324924
-47.52781,8,446.341868
1.798407,8,446.364323
-62.436014,8,446.381797
-69.040269,8,446.401543
-70.673821,8,446.41369
-1.116538,8,446.42934
2.886379,8,446.44034
-134.510869,8,446.454345
-31.791993,8,446.46885
-106.626259,8,446.482975
-5.606061,8,446.50045
-100.116797,8,446.510056
-5.093128,8,446.526757
-85.340192,8,446.542092
-47.462886,8,446.554528
-55.947982,8,446.572654
-75.533703,8,446.586546
-55.209677,8,446.593811
-11.908556,8,446.621161
-144.702466,8,446.632304
-91.369137,8,446.649935
-88.529854,8,446.663459
-20.180661,8,446.663459
-157.051457,8,446.687765
-107.001279,8,446.692143
-108.46734,8,446.711918
-11.711787,8,446.711918
-59.494241,8,446.742226
-21.695679,8,446.762919
8.349957,8,446.777976
-19.265614,8,446.79775
-139.064093,8,446.814446
3.613489,8,446.835632
-97.568024,8,446.854359
-134.432649,8,446.86571
2.172362,8,446.886773
-30.774758,8,446.901779
-167.07162,8,446.928424
-92.694394,8,446.970104
-96.535359,8,446.985752
-5.532063,8,447.010745
-11.856306,8,447.024038
-60.102311,8,447.045198
-8.68038,8,447.064847
-21.43932,8,447.078959
-26.213211,8,447.097221
-101.942448,8,447.113824
-119.256994,8,447.133885
-89.61863,8,447.163363
-65.208,8,447.179498
-122.436041,8,447.197913
-84.162106,8,447.211911
-86.161768,8,447.230586
-88.817979,8,447.255258
-38.058242,8,447.27573
0.163467,8,447.29183
-42.83726,8,447.307345
-70.909612,8,447.323005
-90.062593,8,447.342531
5.735345,8,447.354284
0.66876,8,447.375893
-36.720191,8,447.386003
-36.540978,8,447.401923
-41.880684,8,447.419935
-5.908597,8,447.423942
-0.234436,8,447.451678
-48.547903,8,447.458375
-138.453237,8,447.481795
-34.528835,8,447.495568
-128.813516,8,447.506579
-37.835301,8,447.509115
-15.412974,8,447.526373
-131.869921,8,447.540489
-132.794096,8,447.564111
-157.33099,8,447.574893
-95.031812,8,447.591882
-34.789658,8,447.591882
-25.018231,8,447.620752
-19.73957,8,447.641086
-2.416066,8,447.64413
0.912835,8,447.673648
-34.274199,8,447.684555
-0.164089,8,447.693707
-21.625083,8,447.722208
3.046373,8,447.727011
-76.482418,8,447.743848
-144.063219,8,447.760618
-97.101298,8,447.777002
-16.105852,8,447.793563
-85.851357,8,447.807819
2.076046,8,447.827147
-148.729444,8,447.843701
-9.972015,8,447.843701
-1.887625,8,447.860603
1.875138,8,447.876787
5.221535,8,447.89364
-86.0633,8,447.910271
-32.102255,8,447.926769
-28.699926,8,447.943312
-99.346902,8,447.943312
-160.361145,8,447.960668
-19.996636,8,447.976946
-75.412484,8,447.993866
1.33591,8,448.0193
4.436548,8,448.031474
-108.581325,8,448.044117
-56.12164,8,448.060063
-86.670703,8,448.077195
-30.592215,8,448.093642
-44.200954,8,448.093642
-11.735259,8,448.110109
1.506846,8,448.130555
-53.075502,8,448.143346
-59.085566,8,448.160651
-25.225556,8,448.17681
-80.664844,8,448.202564
-106.811215,8,448.214812
-14.391047,8,448.230485
-1.095733,8,448.243327
-19.564269,8,448.252942
-52.493929,8,448.260132
-93.156129,8,448.280623
-29.056392,8,448.29689
-20.710501,8,448.310374
-104.39201,8,448.324561
-63.753916,8,448.326759
-53.470972,8,448.348385
-71.018203,8,448.361407
0.449654,8,448.38305
-17.321332,8,448.395177
-128.324316,8,448.41641
-5.16891,8,448.429974
-10.052796,8,448.445459
-102.163757,8,448.460458
-155.236352,8,448.474369
-58.758234,8,448.490687
-22.514412,8,448.502127
-12.95221,8,448.507689
-103.286994,8,448.524886
-0.090819,8,448.540763
-42.041931,8,448.564984
-100.507257,8,448.579251
9.879438,8,448.594276
4.346017,8,448.611444
-25.699331,8,448.626535
-21.437759,8,448.643161
-100.666261,8,448.651177
-4.647944,8,448.674599
-20.251333,8,448.69209
-29.767141,8,448.705032
-18.909473,8,448.721983
-18.148716,8,448.73754
-21.361547,8,448.752833
-124.128995,8,448.77283
-34.906551,8,448.783809
-26.57963,8,448.798844
-111.911571,8,448.810623
-77.576445,8,448.824405
-19.285023,8,448.843252
-22.403339,8,448.854009
-27.495712,8,448.8698
-0.226668,8,448.8698
-105.767187,8,448.887643
-81.413385,8,448.907672
1.784528,8,448.919426
-114.894979,8,448.937437
-15.954542,8,448.953224
-3.500466,8,448.971321
-40.050573,8,448.98875
-31.513209,8,449.002878
-11.114679,8,449.020897
-26.179875,8,449.032276
-10.959778,8,449.047493
-3.070371,8,449.065212
-99.769395,8,449.073241
-55.606631,8,449.090893
-0.277712,8,449.102935
-53.308222,8,449.120394
-18.213257,8,449.141366
-37.427762,8,449.154846
-16.750761,8,449.176289
-92.852828,8,449.187212
8.296956,8,449.194217
-67.581729,8,449.220592
-71.275508,8,449.232561
4.995326,8,449.250014
-34.796448,8,449.263771
-13.582647,8,449.283782
-100.53388,8,449.301872
-3.29173,8,449.320035
-126.956661,8,449.343275
-31.96607,8,449.357421
-16.302412,8,449.382054
-16.898683,8,449.407368
-20.463421,8,449.426097
-50.803814,8,449.448492
-53.671996,8,449.465129
-81.733962,8,449.478447
-82.555072,8,449.507776
-12.981569,8,449.524445
4.371463,8,449.539242
-23.012199,8,449.564415
-67.665022,8,449.582049
-55.446662,8,449.609444
-14.563852,8,449.629518
2.685059,8,449.65027
-37.008842,8,449.666403
-3.543947,8,449.684508
-110.428639,8,449.709408
-30.872003,8,449.729483
-20.43681,8,449.74477
-20.438963,8,449.753408
-90.78503,8,449.77405
-209.958864,8,449.798769
-92.911538,8,449.808298
-2.269481,8,449.838425
-105.64414,8,449.847618
-31.184116,8,449.876662
-37.358236,8,449.898687
-77.634309,8,449.912245
-142.186565,8,449.9305
-79.886523,8,449.959986
-65.973029,8,449.995158
-101.187664,8,450.019974
-113.553863,8,450.03753
2.781892,8,450.06958
-19.641716,8,450.087132
-74.912983,8,450.105713
6.411651,8,450.136023
-28.203032,8,450.153873
-71.790223,8,450.182866
-65.074023,8,450.202502
1.715704,8,450.226444
-83.459947,8,450.246283
-64.542222,8,450.262687
-18.64255,8,450.288067
5.820219,8,450.306069
-111.310808,8,450.329643
-41.848891,8,450.347158
-7.83152,8,450.365358
6.493068,8,450.398527
-8.248651,8,450.418767
2.141763,8,450.440629
-128.048795,8,450.462934
-153.360947,8,450.480723
-58.60601,8,450.504925
-13.38358,8,450.518843
-6.719448,8,450.534757
-88.100497,8,450.55114
-66.550147,8,450.563789
2.488308,8,450.582002
5.955921,8,450.595712
-24.922057,8,450.617321
-26.102366,8,450.639808
-148.683123,8,450.653712
-29.116476,8,450.674257
-60.977375,8,450.687278
-42.045272,8,450.705281
-40.274228,8,450.731086
-52.471061,8,450.745385
8.644351,8,450.764137
-10.885305,8,450.77705
-17.183081,8,450.795046
5.136284,8,450.812047
0.759958,8,450.829537
-95.362059,8,450.85537
-32.907678,8,450.870003
-9.723871,8,450.892282
-72.139614,8,450.912477
4.536292,8,450.927545
-5.292068,8,450.951216
-37.804963,8,450.966886
-62.125448,8,450.98755
-13.350371,8,451.007849
-41.296818,8,451.021859
-130.391949,8,451.047595
-0.479045,8,451.071284
-13.276788,8,451.099266
-80.063548,8,451.129555
-35.555717,8,451.14454
-79.775003,8,451.165376
-11.512937,8,451.185033
-33.898685,8,451.205238
11.019047,8,451.223925
6.687325,8,451.238945
-27.622349,8,451.257929
-53.289903,8,451.271046
-79.527383,8,451.295278
-60.068536,8,451.312948
0.172494,8,451.326601
-121.676366,8,451.350028
-6.739399,8,451.363112
-36.328321,8,451.380617
-36.122644,8,451.40294
1.407388,8,451.415263
-65.66051,8,451.432615
-30.059472,8,451.446767
-11.816504,8,451.463775
-80.978968,8,451.481695
-135.388433,8,451.495283
-77.618917,8,451.516923
-73.790346,8,451.529666
-50.546768,8,451.551296
-41.345772,8,451.572982
-207.737927,8,451.585994
6.666074,8,451.603467
9.073029,8,451.618887
-53.33053,8,451.634148
-51.188077,8,451.648263
10.970457,8,451.659458
-27.551933,8,451.675457
0.537974,8,451.686457
-0.921649,8,451.704223
-19.314464,8,451.728075
-102.00866,8,451.740077
-81.903352,8,451.765026
-6.171237,8,451.784027
-111.583104,8,451.805029
-86.750429,8,451.825578
-37.007001,8,451.844235
4.461466,8,451.864867
-11.030293,8,451.878867
9.533587,8,451.899242
-78.841824,8,451.917243
-62.383309,8,451.931554
6.921046,8,451.957226
-0.313317,8,451.976585
4.039347,8,451.996204
-122.841263,8,452.020205
-31.508047,8,452.034399
-84.765687,8,452.053511
-60.223996,8,452.074626
-118.229269,8,452.094214
-19.452029,8,452.112744
-115.46142,8,452.128747
-4.553624,8,452.149289
-9.573148,8,452.166899
-135.48821,8,452.21473
-2.404935,8,452.248613
-77.395188,8,452.265623
1.307644,8,452.295608
4.809623,8,452.310609
-8.709302,8,452.329609
2.933451,8,452.352612
-41.181385,8,452.368706
7.308972,8,452.388499
-228.155663,8,452.409918
-10.441105,8,452.430548
-29.487183,8,452.449527
1.721846,8,452.464098
2.203255,8,452.480714
-30.833128,8,452.498484
-109.928051,8,452.523332
-12.819525,8,452.546472
-100.652834,8,452.559487
-109.802311,8,452.579482
-33.95429,8,452.593431
-0.963842,8,452.609006
-135.162414,8,452.623342
-54.785216,8,452.63918
-2.828066,8,452.658086
-92.537834,8,452.671087
-31.460412,8,452.689841
-58.388648,8,452.705307
-17.579977,8,452.724069
1.215598,8,452.75287
-79.493947,8,452.764967
-46.389125,8,452.781968
-52.038141,8,452.801759
2.237467,8,452.815233
-25.365186,8,452.832734
-120.089831,8,452.849859
-9.551123,8,452.869127
-27.403576,8,452.886956
-14.639403,8,452.903503
-0.713914,8,452.920946
-136.073253,8,452.93494
-74.179205,8,452.958051
-3.745675,8,452.976641
-219.866151,8,452.990453
0.624865,8,453.007005
-49.314378,8,453.019867
2.921904,8,453.035729
-41.27363,8,453.05168
-22.500281,8,453.07003
-77.420478,8,453.093737
0.531362,8,453.108743
-129.815426,8,453.130211
-31.276534,8,453.14833
-15.948797,8,453.167998
-17.090107,8,453.191352
-151.623007,8,453.205999
-40.77779,8,453.224247
-5.380012,8,453.241137
-44.559393,8,453.253754
-117.859964,8,453.270394
-14.192117,8,453.287562
-45.652805,8,453.304625
-56.110358,8,453.321719
-13.378173,8,453.332622
-42.650184,8,453.34969
-15.294273,8,453.36311
1.386173,8,453.383425
-12.687229,8,453.405885
-23.16804,8,453.420402
-42.075552,8,453.437519
-1.576115,8,453.44893
-56.167833,8,453.467102
-7.326728,8,453.480951
-44.758418,8,453.496491
-78.266329,8,453.513266
-14.884014,8,453.524784
5.904265,8,453.542963
-43.151028,8,453.559243
1.022424,8,453.571635
-30.959721,8,453.592962
-26.57692,8,453.608977
-18.408965,8,453.623609
-4.750442,8,453.640291
-30.594421,8,453.653462
-3.731862,8,453.670707
-18.170941,8,453.681172
5.686769,8,453.697149
1.331971,8,453.715994
-107.294525,8,453.725746
-10.214048,8,453.741124
5.531683,8,453.75332
-21.32708,8,453.770233
-42.946375,8,453.788232
-46.322797,8,453.8026
6.823224,8,453.822052
-45.245361,8,453.835696
-20.55919,8,453.852645
-4.525157,8,453.868979
-2.987679,8,453.883981
3.40587,8,453.902982
1.053116,8,453.916427
-10.86923,8,453.940638
-21.112708,8,453.961119
-118.354984,8,453.974126
0.17236,8,453.999683
-51.746402,8,454.013974
-65.035983,8,454.039658
-4.940157,8,454.060989
-28.328271,8,454.074639
-116.64119,8,454.093646
-118.727295,8,454.105645
-52.362715,8,454.120211
-136.561277,8,454.140756
-68.373527,8,454.156775
-15.980764,8,454.177973
-97.368601,8,454.191976
-36.283377,8,454.212328
2.229225,8,454.240581
-76.990902,8,454.26017
-36.517056,8,454.280639
-104.147336,8,454.294093
-25.194085,8,454.49615
-12.001628,8,454.516993
-53.447003,8,454.535609
-69.804572,8,454.557919
0.935958,8,454.572931
-20.695177,8,454.596233
5.450869,8,454.62195
-68.10594,8,454.636623
-5.162218,8,454.67028
-38.055251,8,454.687282
7.445814,8,454.715967
-24.403115,8,454.742337
-7.335582,8,454.76395
-7.785756,8,454.790653
-77.255059,8,454.811661
-16.47137,8,454.842286
7.656803,8,454.86919
-15.826594,8,454.88578
3.216735,8,454.905274
0.126635,8,454.91934
7.636311,8,454.943294
-2.223711,8,454.967939
-8.884103,8,454.983654
-3.565456,8,455.003315
-3.74369,8,455.017316
-60.83465,8,455.03664
-8.036579,8,455.058957
-52.754236,8,455.072953
-65.171755,8,455.09129
-42.518174,8,455.105298
-71.22184,8,455.123019
7.938638,8,455.141016
-9.389238,8,455.162974
-7.68865,8,455.187701
1.621779,8,455.204372
-19.433082,8,455.224005
-65.366261,8,455.247025
-75.987215,8,455.265279
-81.066795,8,455.284655
-39.129303,8,455.29727
3.427339,8,455.315269
-122.006105,8,455.333269
-66.965414,8,455.346272
-15.082571,8,455.364657
-14.783455,8,455.383897
9.925771,8,455.431661
-5.476664,8,455.454644
10.154338,8,455.470203
-24.40243,8,455.494399
-49.112294,8,455.510994
-25.362014,8,455.533644
-138.557207,8,455.553329
-63.180501,8,455.56733
-119.035158,8,455.586015
-24.770731,8,455.606004
-104.964923,8,455.627505
-1.940424,8,455.647511
-46.288776,8,455.66214
-48.338055,8,455.683639
-155.212081,8,455.697317
-120.937975,8,455.717996
-78.676004,8,455.736639
-14.873458,8,455.751241
-20.57096,8,455.770226
-5.834312,8,455.783231
-194.222165,8,455.79923
-25.391785,8,455.815228
7.576953,8,455.836093
-94.755461,8,455.856716
-40.85819,8,455.871975
-30.777824,8,455.892648
5.995507,8,455.917004
-41.7362,8,455.934646
-103.286101,8,455.955322
-53.978426,8,455.971033
5.841521,8,455.991649
-25.078839,8,456.009018
4.872281,8,456.027662
0.81274,8,456.055331
3.933524,8,456.076638
-22.435992,8,456.096327
-157.752283,8,456.118829
3.169336,8,456.135643
-116.565307,8,456.167076
3.710694,8,456.186053
-9.577835,8,456.205391
-17.12743,8,456.220382
-76.672958,8,456.236352
-19.956958,8,456.263029
-11.330147,8,456.274646
-64.699194,8,456.294238
9.158045,8,456.313254
-61.635009,8,456.329144
2.671424,8,456.345478
-96.797779,8,456.359981
-18.927519,8,456.387968
-193.434789,8,456.41177
-22.619319,8,456.425775
-79.275328,8,456.445381
-4.202993,8,456.461011
-64.852994,8,456.492424
-58.967851,8,456.512373
-23.140573,8,456.526686
-5.400752,8,456.542693
-75.948486,8,456.555684
-51.414456,8,456.570995
2.748039,8,456.587649
-84.587894,8,456.602257
-40.265645,8,456.624599
-19.312876,8,456.637604
-58.837551,8,456.654627
-6.954979,8,456.672343
-35.731779,8,456.685874
-101.337088,8,456.706466
-17.271285,8,456.72004
-34.218592,8,456.742215
3.09632,8,456.761214
7.643222,8,456.773211
-45.72918,8,456.790802
5.492805,8,456.804388
-163.027952,8,456.827989
-60.413679,8,456.849979
-25.774771,8,456.861982
-2.3818,8,456.88072
-77.827179,8,456.893703
-13.247718,8,456.913009
5.492415,8,456.936689
-141.432313,8,456.951333
-1.984343,8,456.970332
-32.818784,8,456.985904
-36.091961,8,457.009712
-13.944621,8,457.032135
-108.857406,8,457.046375
-31.329447,8,457.073013
-126.79249,8,457.091344
-98.066216,8,457.113016
-35.333177,8,457.138667
-106.372706,8,457.15333
-35.039772,8,457.176047
-100.853788,8,457.1927
0.856916,8,457.212993
-35.074904,8,457.232686
3.967776,8,457.25234
-45.910616,8,457.272542
-5.648971,8,457.289544
-31.162632,8,457.315024
-57.116934,8,457.345255
-16.657795,8,457.363301
-76.239425,8,457.383671
-35.678608,8,457.399102
-119.354743,8,457.41827
-116.444146,8,457.435761
3.962813,8,457.451731
-78.205617,8,457.475782
-26.944996,8,457.489781
-41.878869,8,457.50948
-86.376115,8,457.526703
-79.841199,8,457.546374
-26.031893,8,457.576776
-37.087607,8,457.591315
-2.293253,8,457.611081
-45.989573,8,457.629985
-83.688432,8,457.647208
-20.611785,8,457.672656
-86.678227,8,457.6928
-32.691871,8,457.712882
-13.271521,8,457.731874
-7.217151,8,457.74642
-1.021402,8,457.766107
-3.476013,8,457.779364
-4.078119,8,457.801878
-113.669326,8,457.824893
-7.655956,8,457.839902
-77.965514,8,457.858408
3.635298,8,457.873408
-53.884143,8,457.893476
-50.994337,8,457.925997
0.252132,8,457.940911
10.118632,8,457.962016
-39.717226,8,457.977725
-53.172459,8,457.994385
-82.759747,8,458.010015
-24.383612,8,458.029759
-70.318799,8,458.053385
9.80315,8,458.06939
-27.721962,8,458.088647
-27.751416,8,458.109013
-113.060925,8,458.12575
9.161752,8,458.155432
-28.209547,8,458.169576
-31.026031,8,458.201426
-19.30416,8,458.238963
-9.28771,8,458.259496
-28.03509,8,458.282486
-3.467672,8,458.296427
-46.405533,8,458.314619
-32.793866,8,458.337378
-23.792747,8,458.35544
-8.649031,8,458.378435
-22.586011,8,458.392452
-3.045587,8,458.413939
-44.413048,8,458.432555
-77.375219,8,458.446361
-70.040343,8,458.470173
-44.093856,8,458.484773
-4.467235,8,458.503755
-0.2801,8,458.526986
-85.966064,8,458.539996
-22.590802,8,458.569134
-33.146432,8,458.584831
-30.64895,8,458.607472
-11.885168,8,458.627038
-22.835351,8,458.641349
-42.831661,8,458.662657
-38.434714,8,458.680799
5.802295,8,458.698887
-21.300314,8,458.715891
-90.251584,8,458.728225
-154.288961,8,458.745585
13.314651,8,458.760125
-57.494584,8,458.783115
1.890909,8,458.810131
0.021527,8,458.82313
-52.69057,8,458.843132
-4.69227,8,458.854132
-6.963129,8,458.874128
-64.434468,8,458.893421
1.263513,8,458.911123
-46.830285,8,458.929912
-90.553797,8,458.944954
-41.442081,8,458.963135
-35.800842,8,458.981944
-11.12545,8,458.996758
-55.322118,8,459.022135
5.030694,8,459.03687
4.025484,8,459.055732
-17.638992,8,459.07585
-36.600683,8,459.088845
-10.284241,8,459.108018
1.096188,8,459.122114
-10.668994,8,459.14751
-4.753702,8,459.167098
5.044024,8,459.181846
-26.710713,8,459.20146
0.270247,8,459.216163
1.644779,8,459.235126
-9.689626,8,459.26229
1.140101,8,459.27667
-3.902414,8,459.294356
0.889302,8,459.308029
-65.842878,8,459.328684
-6.562093,8,459.348393
-90.084205,8,459.372732
2.823562,8,459.399264
-46.188118,8,459.419056
0.696187,8,459.443759
-83.950739,8,459.467755
-30.846978,8,459.482752
-23.213098,8,459.510367
-53.134612,8,459.526121
-16.961876,8,459.550964
-101.909335,8,459.577254
-28.847651,8,459.599253
0.567686,8,459.627597
-134.276177,8,459.642965
-128.18464,8,459.665579
-35.420894,8,459.693845
-112.872629,8,459.710299
-0.689115,8,459.730888
-207.172716,8,459.748042
6.255418,8,459.773441
-25.607474,8,459.813859
-66.591716,8,459.831832
-12.103224,8,459.85457
-80.585657,8,459.871183
-31.652015,8,459.898026
-61.946761,8,459.925885
-16.104566,8,459.941396
-21.602785,8,459.964153
-118.61364,8,459.979911
-21.484137,8,460.000468
1.144081,8,460.023242
-53.540002,8,460.050044
-42.910408,8,460.080923
-8.325495,8,460.099495
4.68385,8,460.121222
9.428319,8,460.151521
-25.249954,8,460.171278
-23.151457,8,460.196589
-2.73315,8,460.215241
-3.546029,8,460.235403
-6.602457,8,460.259975
-15.745323,8,460.275817
-44.174371,8,460.296359
-57.418944,8,460.311056
-18.45981,8,460.329755
-199.639709,8,460.35438
1.523473,8,460.367381
-159.2794,8,460.391382
-71.72932,8,460.40538
-59.074571,8,460.422019
-0.714387,8,460.43863
-0.271839,8,460.452646
-24.614441,8,460.471648
-139.50871,8,460.487764
-18.848899,8,460.504392
-105.787172,8,460.523262
-71.689951,8,460.538023
-33.178189,8,460.814313
-19.416136,8,460.83456
-318.589274,8,460.905316
-48.279549,8,460.933492
-59.05416,8,460.949476
-8.971731,8,460.965405
-27.893986,8,460.975281
-27.597386,8,461.002941
-29.427046,8,461.023559
-59.148244,8,461.041093
-88.918586,8,461.060867
-29.405683,8,461.075317
4.389729,8,461.096499
-71.048683,8,461.121804
-12.280851,8,461.136406
-10.508861,8,461.164531
-38.46619,8,461.183504
-51.200333,8,461.206459
-63.136609,8,461.228534
-97.817354,8,461.244507
-23.812655,8,461.27053
-12.594944,8,461.28872
-16.182613,8,461.309051
-133.789817,8,461.331708
-9.513847,8,461.344715
-8.32668,8,461.371915
-1.805192,8,461.391262
-23.507469,8,461.41113
9.516795,8,461.43253
-11.016165,8,461.445948
4.705678,8,461.46597
-94.331292,8,461.484082
5.62868,8,461.511725
-2.630058,8,461.533296
-77.796147,8,461.547547
-30.515975,8,461.567172
-30.176787,8,461.577735
-89.808475,8,461.604716
-36.664086,8,461.630704
-11.219265,8,461.644407
-23.991969,8,461.663667
-34.419056,8,461.677571
-64.123314,8,461.692176
-49.946001,8,461.708795
-60.229326,8,461.722384
-28.968637,8,461.745182
-59.908106,8,461.759524
-68.670754,8,461.777524
-111.847668,8,461.794377
-55.850837,8,461.805627
-118.138708,8,461.827772
9.440276,8,461.851748
-8.651511,8,461.869986
3.32705,8,461.888111
-77.723705,8,461.901089
-3.231879,8,461.922431
-24.899189,8,461.942295
-7.696935,8,461.9675
2.300322,8,461.989748
-97.662019,8,462.009169
-17.127898,8,462.03158
-14.880712,8,462.046375
-10.266235,8,462.072544
-21.154234,8,462.10421
-7.767953,8,462.121711
-100.140776,8,462.144702
-6.544465,8,462.167062
-64.026364,8,462.195254
-23.79056,8,462.222594
-20.042025,8,462.239337
-12.371752,8,462.261232
-138.305229,8,462.275532
-55.159199,8,462.300567
2.9257,8,462.320244
-9.518578,8,462.334736
9.945796,8,462.359164
-17.905423,8,462.375392
-6.661519,8,462.394168
-88.765782,8,462.408614
-25.532335,8,462.426042
-3.60378,8,462.442157
-1.459318,8,462.458637
-78.085316,8,462.482844
-19.393996,8,462.501086
-0.287951,8,462.513993
-44.299635,8,462.535984
-28.888561,8,462.542259
-11.535066,8,462.567344
-40.550131,8,462.591426
-24.644778,8,462.604853
-68.126196,8,462.621581
-63.988769,8,462.635911
-4.488487,8,462.658895
-46.326393,8,462.675487
-30.222977,8,462.689255
-32.912314,8,462.707246
-11.868492,8,462.718452
-5.325581,8,462.735361
-0.757264,8,462.760589
-33.053991,8,462.781085
-101.002638,8,462.792213
1.958479,8,462.819073
-4.823714,8,462.82795
-64.880328,8,462.844563
-17.790019,8,462.87216
-64.081954,8,462.889878
-176.430253,8,462.90161
-6.246589,8,462.918713
-30.100725,8,462.9367
-5.189735,8,462.951687
-9.107818,8,462.976965
-25.316432,8,462.989965
-11.023271,8,463.010288
-6.848777,8,463.035993
-29.689072,8,463.050004
-93.215251,8,463.070901
-53.264699,8,463.089974
-50.310025,8,463.10922
-74.383285,8,463.128637
-8.330812,8,463.142634
-15.505897,8,463.161131
0.635238,8,463.173144
-41.190899,8,463.199329
-12.408697,8,463.223161
-21.127044,8,463.239825
-22.366827,8,463.268286
-11.350169,8,463.28729
-1.262891,8,463.313178
-85.01389,8,463.333792
-20.922261,8,463.346479
10.457835,8,463.366025
4.824722,8,463.379745
-6.157141,8,463.397752
-65.996792,8,463.419919
-231.786948,8,463.435082
-15.217468,8,463.455053
-43.200601,8,463.469145
-69.687128,8,463.489846
-0.589388,8,463.515277
-17.95264,8,463.54504
10.312296,8,463.568147
4.590352,8,463.586832
0.401897,8,463.608491
-7.641096,8,463.630665
-37.068194,8,463.647473
-34.044136,8,463.667164
-164.374455,8,463.684817
-87.094805,8,463.705386
-3.357693,8,463.726673
-119.976924,8,463.750469
-0.315877,8,463.780416
-53.084543,8,463.79529
-17.115098,8,463.816523
-8.936266,8,463.836547
-79.365147,8,463.855884
-59.64949,8,463.875808
-58.528729,8,463.888808
-96.411376,8,463.90808
-49.977424,8,463.928091
-35.88604,8,463.941968
-30.62026,8,463.972852
-1.968554,8,463.987293
3.367968,8,464.009115
-0.862342,8,464.038812
3.007107,8,464.053813
-42.657331,8,464.078773
-51.418554,8,464.092551
-6.799096,8,464.110137
-47.819388,8,464.129028
0.01564,8,464.143312
-3.384136,8,464.16231
2.798996,8,464.179869
-120.495539,8,464.200454
-21.156219,8,464.218138
-134.242052,8,464.23079
-49.455263,8,464.25444
-29.107901,8,464.268442
-58.507377,8,464.288803
-163.141546,8,464.321435
3.943176,8,464.34469
-58.641439,8,464.375113
-38.756662,8,464.398121
-55.108503,8,464.420241
-10.578623,8,464.441248
-28.213593,8,464.456243
-14.196176,8,464.477246
-49.785843,8,464.504746
-17.619763,8,464.528858
-128.838905,8,464.558196
-123.260871,8,464.582206
-116.890845,8,464.604206
-91.115886,8,464.628839
-58.496096,8,464.647517
-13.41992,8,464.666585
-25.752351,8,464.684937
-4.251165,8,464.704937
-252.181925,8,464.731815
-106.461248,8,464.76409
-132.031755,8,464.783793
-39.177069,8,464.797424
-90.831781,8,464.822418
-91.050262,8,464.850329
0.730275,8,464.869638
-34.23311,8,464.889871
-24.936657,8,464.904436
-97.999513,8,464.92354
-17.087219,8,464.938544
-7.28207,8,464.963594
-5.251396,8,464.984756
-5.945212,8,464.998897
-6.458652,8,465.018152
-8.728094,8,465.033147
-123.795371,8,465.051461
-39.791532,8,465.078882
-0.419036,8,465.095545
2.694507,8,465.113145
-31.701729,8,465.127145
-108.072525,8,465.144428
1.104567,8,465.162117
-78.122109,8,465.175798
-13.661746,8,465.19748
-26.834247,8,465.210168
-63.237776,8,465.227808
-65.811337,8,465.24832
-9.410578,8,465.266373
-49.396966,8,465.288827
-8.227803,8,465.306779
-4.717865,8,465.325804
-68.90815,8,465.342802
-1.275492,8,465.35681
-111.60098,8,465.370909
6.80244,8,465.384052
-50.621425,8,465.401483
8.300227,8,465.424341
-97.629942,8,465.437839
-121.433814,8,465.455838
-9.73762,8,465.468321
-3.042783,8,465.489942
-14.866703,8,465.515174
-37.494087,8,465.531849
-9.606606,8,465.54847
-41.19249,8,465.559473
-6.763891,8,465.57908
-185.513151,8,465.597715
-0.76608,8,465.612267
-9.383333,8,465.635945
-15.370047,8,465.650548
-20.328394,8,465.677023
-2.859952,8,465.696592
-3.601329,8,465.711344
-157.739181,8,465.733994
-9.228672,8,465.750638
-64.323063,8,465.769393
-30.891681,8,465.788409
-147.296892,8,465.802508
3.151494,8,465.821152
-111.852708,8,465.833778
-43.815759,8,465.854466
-81.502779,8,465.872239
4.039436,8,465.887205
-79.440022,8,465.906769
5.814419,8,465.920432
-52.637859,8,465.937835
-26.466678,8,465.963125
-32.973063,8,465.980271
-40.486055,8,466.002385
-40.676659,8,466.021029
2.912253,8,466.048509
-1.301051,8,466.083862
-28.272004,8,466.099468
0.259198,8,466.113775
-8.096719,8,466.134784
-61.562964,8,466.146502
-50.595094,8,466.170355
-120.18276,8,466.186787
2.427273,8,466.212128
-20.972742,8,466.22783
-25.645237,8,466.245797
-79.629421,8,466.262116
-30.377927,8,466.27676
-10.758002,8,466.295445
0.076975,8,466.311136
-41.889619,8,466.328318
-11.699762,8,466.345507
-174.315144,8,466.360133
-114.158589,8,466.376789
-55.010404,8,466.390172
-59.51051,8,466.413828
-0.787264,8,466.436884
10.160379,8,466.450072
-128.596624,8,466.468221
-68.409762,8,466.479898
-45.775311,8,466.497787
-22.444272,8,466.517483
3.31961,8,466.531025
-25.532797,8,466.55
-96.478036,8,466.563862
-91.284842,8,466.581318
-0.684181,8,466.597431
-3.833933,8,466.609881
-40.574658,8,466.634775
-103.029383,8,466.645969
-60.181952,8,466.663615
3.016435,8,466.681515
-21.823026,8,466.69294
-43.476951,8,466.709138
-10.124286,8,466.721345
-47.188526,8,466.737834
5.468523,8,466.756994
-44.419146,8,466.769251
-173.119141,8,466.784783
10.277273,8,466.799322
-73.821358,8,466.819343
-90.398336,8,466.84303
-169.646109,8,466.856453
1.872244,8,466.881925
-22.002646,8,466.895807
8.276601,8,466.915972
6.538397,8,466.936988
-5.047633,8,466.951098
-100.208166,8,466.982375
-13.102913,8,466.997823
-46.942754,8,467.016295
-35.906874,8,467.039299
-7.93341,8,467.055909
1.687085,8,467.088126
-79.325135,8,467.104031
-3.242968,8,467.123988
-29.861293,8,467.145396
3.323551,8,467.160051
-36.449988,8,467.182432
-3.428399,8,467.202919
-0.702679,8,467.226072
7.21114,8,467.24592
-27.995325,8,467.259243
4.724971,8,467.27808
-55.689864,8,467.289313
5.99983,8,467.308131
-57.27962,8,467.336137
-8.690072,8,467.350047
-113.033542,8,467.366904
-78.003406,8,467.381635
-94.487058,8,467.39961
-28.554121,8,467.41661
-46.075603,8,467.43361
-7.426771,8,467.45161
0.582139,8,467.464323
-47.774039,8,467.481483
-23.476308,8,467.499445
-160.826579,8,467.515881
-32.413591,8,467.540257
-8.680213,8,467.554888
-100.319882,8,467.57142
-75.185652,8,467.587861
-62.809772,8,467.601165
-64.499778,8,467.618305
-4.931965,8,467.631534
-88.66344,8,467.648742
-4.227829,8,467.666219
-2.029006,8,467.677593
-36.669985,8,467.694494
-21.895541,8,467.711191
-20.942716,8,467.730608
-45.514149,8,467.754608
-104.523022,8,467.778332
2.870568,8,467.797724
-66.17904,8,467.810713
-18.927955,8,467.827783
-20.151258,8,467.845658
-18.29252,8,467.857657
-12.835759,8,467.875672
-6.762744,8,467.890995
-24.391131,8,467.907361
-24.412776,8,467.925225
-44.991498,8,467.938184
-3.744774,8,467.960661
-45.429544,8,467.971969
-33.489384,8,467.989337
-81.62938,8,468.008075
-18.47573,8,468.022449
-82.611015,8,468.03961
-30.685596,8,468.051584
5.459419,8,468.067438
-68.770549,8,468.082341
6.341444,8,468.095419
-42.471064,8,468.117689
-17.364612,8,468.130329
-111.758218,8,468.147148
-17.373366,8,468.168903
6.097171,8,468.182553
-19.641679,8,468.19722
-43.986157,8,468.207898
-27.737788,8,468.2241
-99.732023,8,468.245481
0.462636,8,468.256378
-18.489445,8,468.273351
-2.191153,8,468.285935
-66.052279,8,468.303125
-4.171614,8,468.320009
-143.298877,8,468.332844
-59.942889,8,468.356848
-38.898325,8,468.370248
-28.522115,8,468.385819
-5.226387,8,468.401652
-44.595228,8,468.414653
-23.038553,8,468.431653
-160.972763,8,468.44365
2.848513,8,468.464761
3.670082,8,468.481627
-70.610973,8,468.493403
3.099401,8,468.511155
-9.805148,8,468.524441
-22.377898,8,468.545839
-66.326909,8,468.571223
-20.751522,8,468.583825
-92.115689,8,468.599312
-72.805815,8,468.613196
-9.602043,8,468.63192
2.622089,8,468.649112
-15.637849,8,468.662999
-56.363834,8,468.683441
-57.787489,8,468.698598
-60.099556,8,468.713803
-39.182611,8,468.730326
6.614533,8,468.740081
-105.697209,8,468.762412
-2.467145,8,468.774786
-55.054201,8,468.791223
-14.975243,8,468.813644
-26.89772,8,468.825403
-153.216038,8,468.841123
8.035927,8,468.853744
-88.411961,8,468.869114
7.254821,8,468.885156
-51.651396,8,468.89993
-22.922749,8,468.915864
1.308236,8,468.925865
-3.15705,8,468.940196
-216.789471,8,468.959468
-74.918393,8,468.973558
-84.356927,8,468.990576
5.47622,8,469.003075
1.760567,8,469.024829
-19.384343,8,469.041832
-17.186397,8,469.055082
-146.501436,8,469.072969
-35.189599,8,469.086025
3.707473,8,469.10203
9.876776,8,469.115973
-15.981657,8,469.130697
-21.638882,8,469.152243
5.17137,8,469.165244
-7.83727,8,469.182109
-20.467747,8,469.198109
-142.363828,8,469.209491
5.260391,8,469.225937
-121.387346,8,469.249573
-90.521942,8,469.270279
-35.865599,8,469.289331
-76.277043,8,469.303279
-0.232538,8,469.322413
-125.65464,8,469.335704
7.145512,8,469.354744
2.732111,8,469.382412
-53.3154,8,469.395406
-124.147442,8,469.415645
-40.13401,8,469.429408
-116.359504,8,469.448007
-92.39332,8,469.469455
-64.470845,8,469.487594
-71.802396,8,469.512091
-15.936385,8,469.525875
-167.984766,8,469.546554
-79.757573,8,469.566986
-6.011887,8,469.585811
-30.888515,8,469.613996
-25.341848,8,469.630658
-0.488245,8,469.651397
-93.875376,8,469.672799
-30.521033,8,469.685113
-32.899982,8,469.700902
-90.526224,8,469.717173
-22.611328,8,469.736213
-107.116889,8,469.754238
1.886737,8,469.766081
-40.566947,8,469.785988
-4.377257,8,469.803511
-27.081365,8,469.831466
-12.248915,8,469.859736
-6.893251,8,469.874167
7.225072,8,469.892468
-17.906998,8,469.908142
-105.631133,8,469.927894
-46.299488,8,469.951013
-1.756128,8,469.965145
-38.818256,8,469.982261
0.737449,8,469.995368
0.95617,8,470.013365
-98.623412,8,470.031568
7.247217,8,470.044546
-29.757822,8,470.065824
-16.340929,8,470.083712
-27.519381,8,470.104468
-59.096069,8,470.119952
-0.242674,8,470.135782
-5.021924,8,470.154581
-34.162551,8,470.168617
-8.879274,8,470.189201
-7.369933,8,470.209304
4.258772,8,470.22586
-20.942461,8,470.245589
5.222183,8,470.259297
-42.151714,8,470.277869
2.783609,8,470.304574
-75.511241,8,470.320271
-10.928835,8,470.336905
-4.484387,8,470.350668
-56.120351,8,470.368667
4.155258,8,470.385953
8.521396,8,470.398612
-33.208773,8,470.420286
-103.499559,8,470.434966
-0.015502,8,470.453631
0.665403,8,470.474614
-0.233058,8,470.489616
-57.450471,8,470.518229
1.594643,8,470.531976
5.425797,8,470.551481
-44.571371,8,470.570463
5.897873,8,470.587489
-46.272329,8,470.606991
-23.034285,8,470.62794
-60.389691,8,470.64759
3.458673,8,470.668077
-3.238263,8,470.683086
-119.792214,8,470.702692
-21.877893,8,470.715145
1.545908,8,470.750615
-37.166535,8,470.775953
-5.044844,8,470.791951
-11.93443,8,470.811257
3.621568,8,470.826894
-33.132122,8,470.851568
-33.618506,8,470.871255
-50.060984,8,470.885984
-73.264291,8,470.915884
-101.784916,8,470.930504
-33.488102,8,470.950914
-51.427042,8,470.977401
6.572917,8,470.994401
-0.028749,8,471.018399
-119.324591,8,471.032962
-21.740581,8,471.05354
-39.66266,8,471.078922
-18.894978,8,471.095622
-5.405852,8,471.117275
-9.95657,8,471.136273
-26.252708,8,471.154901
-35.874289,8,471.175919
-59.666848,8,471.195858
-100.637023,8,471.214388
-42.726141,8,471.229388
-0.986725,8,471.258266
-4.31334,8,471.282935
-95.615617,8,471.301595
-51.274808,8,471.324279
-19.434186,8,471.336933
-5.137509,8,471.356935
-121.825648,8,471.378959
-122.72808,8,471.393621
-40.282972,8,471.42026
-38.515461,8,471.433259
-8.590335,8,471.453265
-17.519619,8,471.471259
-18.79477,8,471.48526
-54.290839,8,471.511256
-3.994868,8,471.529929
-85.296182,8,471.548619
-12.256553,8,471.567618
-9.102184,8,471.58092
-15.77113,8,471.598619
-126.550277,8,471.612262
-40.367095,8,471.632942
-41.216137,8,471.653603
-73.667394,8,471.669705
-49.665386,8,471.68893
-50.121598,8,471.708211
-32.966462,8,471.73889
-32.541638,8,471.769746
0.675888,8,471.790748
-79.220321,8,471.812505
-19.731691,8,471.831063
3.451317,8,471.864305
-104.462077,8,471.891998
5.08888,8,471.916255
-21.415195,8,471.947618
0.285608,8,471.97528
-14.335187,8,472.003277
1.867539,8,472.027752
-8.115455,8,472.052067
-30.508361,8,472.090942
1.058087,8,472.114604
4.768173,8,472.143519
-45.17188,8,472.164867
0.148582,8,472.179736
-4.803532,8,472.201739
-26.877139,8,472.222739
-31.296118,8,472.245601
-8.88037,8,472.263283
-72.103591,8,472.278928
-0.479486,8,472.298399
4.704466,8,472.318602
-6.610401,8,472.338602
0.823797,8,472.362306
-2.286631,8,472.378941
-42.67259,8,472.400533
-25.338561,8,472.419593
-103.534003,8,472.438732
3.177386,8,472.46043
-47.464667,8,472.681868
-46.131623,8,472.717271
-50.821631,8,472.756325
-5.672675,8,472.781896
-51.28665,8,472.803065
3.667639,8,472.81739
-3.322082,8,472.843787
-6.78444,8,472.858334
-51.750589,8,472.879536
-24.471213,8,472.90384
-69.002363,8,472.91844
-78.567116,8,472.936991
-53.358077,8,472.955785
-25.15265,8,472.979789
-3.392759,8,473.003787
5.204577,8,473.026953
4.854333,8,473.056808
-20.137507,8,473.077147
-21.527047,8,473.100775
-17.66901,8,473.131101
-59.043173,8,473.145791
-58.258233,8,473.166466
-43.777001,8,473.181477
8.491749,8,473.203477
-193.216713,8,473.223697
-14.397253,8,473.238187
0.077193,8,473.264478
-84.03331,8,473.279232
-49.171079,8,473.29984
-46.497698,8,473.320796
-87.646329,8,473.336254
-33.521003,8,473.365478
-15.924275,8,473.383081
-28.036355,8,473.40673
3.480968,8,473.432076
-34.407567,8,473.450745
-63.370546,8,473.482097
-60.718668,8,473.500765
-30.204407,8,473.524773
-55.939772,8,473.545813
8.985845,8,473.562284
-71.303517,8,473.585933
-18.754166,8,473.604408
-28.967693,8,473.626962
-25.018574,8,473.650961
6.615009,8,473.665335
2.571319,8,473.690046
-69.620097,8,473.709285
-121.582296,8,473.728722
-144.18947,8,473.75071
-31.451295,8,473.765359
-63.77229,8,473.78403
-76.982428,8,473.803623
-26.085618,8,473.82226
5.014493,8,473.840942
-4.471231,8,473.854902
0.406419,8,473.878986
-27.737239,8,473.893655
-19.414347,8,473.917253
-24.009238,8,473.93606
-81.286962,8,473.95006
2.568488,8,473.969054
-56.54005,8,473.985427
-171.951467,8,474.009623
-40.661573,8,474.034989
3.938398,8,474.05199
-20.482464,8,474.074124
-55.255975,8,474.090324
-19.307397,8,474.110676
-87.973089,8,474.148328
2.56618,8,474.167969
-67.40527,8,474.197833
9.088953,8,474.20786
-20.20906,8,474.237442
0.908809,8,474.273014
4.376364,8,474.292821
-85.755025,8,474.315677
-80.523437,8,474.329508
-66.277816,8,474.345398
1.382857,8,474.389843
0.437597,8,474.405611
-98.500439,8,474.431462
-129.486209,8,474.441253
-2.193852,8,474.475216
-23.072649,8,474.502321
-11.152606,8,474.518466
2.22151,8,474.543379
-72.577689,8,474.563473
2.277656,8,474.589998
-70.633781,8,474.612354
-51.710256,8,474.624354
-35.205072,8,474.646747
-44.777458,8,474.662772
-94.60605,8,474.680295
-4.62296,8,474.704872
-127.874944,8,474.720445
-12.26609,8,474.741976
-56.375075,8,474.754995
0.392682,8,474.775402
-0.945994,8,474.792659
-27.549941,8,474.811349
-120.551223,8,474.829977
-59.184855,8,474.840985
-85.303249,8,474.861438
4.488426,8,474.884997
-17.035136,8,474.905648
-96.845063,8,474.939322
-32.576356,8,474.957314
-2.919136,8,474.981852
-93.707035,8,475.008321
-24.022839,8,475.025953
-49.13983,8,475.052952
-40.164915,8,475.066952
-84.961912,8,475.086871
-12.590916,8,475.105068
-55.643061,8,475.121336
1.79348,8,475.145904
-18.402362,8,475.16206
3.970724,8,475.180995
-45.547881,8,475.203727
-35.300862,8,475.2193
-21.671281,8,475.239014
6.008131,8,475.258352
4.857257,8,475.275587
-39.422262,8,475.295452
-223.657976,8,475.311049
-132.778745,8,475.329093
-15.335449,8,475.341094
-59.234011,8,475.36816
-28.487336,8,475.388269
-84.305385,8,475.40327
2.103,8,475.426365
-25.454527,8,475.44138
-58.087795,8,475.458886
1.845408,8,475.483013
-136.077851,8,475.497084
-156.614551,8,475.516094
-9.914072,8,475.529084
6.262264,8,475.546748
4.024621,8,475.566426
-8.212493,8,475.579933
-16.168103,8,475.603666
10.486264,8,475.617668
-11.024886,8,475.636343
-61.213971,8,475.660374
-1.650828,8,475.67499
-26.699798,8,475.692697
-58.343437,8,475.712695
4.635452,8,475.732062
-59.249373,8,475.750185
-70.194285,8,475.764424
-83.395764,8,475.782977
-68.534621,8,475.796747
-20.934796,8,475.820345
-23.434359,8,475.839341
-111.557654,8,475.852705
-79.871541,8,475.875128
-7.714653,8,475.889139
-11.031043,8,475.90571
-5.165594,8,475.928372
-37.382655,8,475.941372
-4.849311,8,475.960372
-47.999469,8,475.976779
-7.264439,8,475.997116
-126.163296,8,476.017345
-5.559369,8,476.038344
-20.896171,8,476.064316
-9.007784,8,476.083459
1.331046,8,476.113231
-68.289878,8,476.143709
-53.360347,8,476.158372
-0.652305,8,476.179034
12.243503,8,476.191676
1.717682,8,476.208286
0.348244,8,476.226989
4.530249,8,476.240986
-66.507256,8,476.263488
-86.993396,8,476.277246
2.378622,8,476.295686
-77.849459,8,476.314101
4.376007,8,476.328441
-13.911406,8,476.350794
-47.394254,8,476.370326
-63.475735,8,476.391712
-22.223072,8,476.414553
3.10509,8,476.430028
-42.892059,8,476.452677
-4.087778,8,476.473676
-59.193622,8,476.496712
7.311564,8,476.518355
-101.244973,8,476.533075
-50.907737,8,476.552706
-64.828319,8,476.568339
-93.381114,8,476.593049
-21.430863,8,476.617359
1.984972,8,476.632005
-29.924071,8,476.655694
4.93753,8,476.67138
-143.298276,8,476.701871
-1.211252,8,476.721416
1.409948,8,476.736068
-96.97056,8,476.762337
7.705566,8,476.781018
-79.647934,8,476.805714
-44.117053,8,476.827295
-104.970224,8,476.841803
-123.303399,8,476.866847
-39.40684,8,476.882044
5.185743,8,476.90073
7.89023,8,476.932045
-27.574892,8,476.945685
-25.125467,8,476.965365
-122.705306,8,476.979407
-19.186983,8,476.999782
-85.137862,8,477.02778
3.929355,8,477.050328
11.339223,8,477.081168
-28.344489,8,477.098732
-24.474754,8,477.128825
-3.700964,8,477.158426
-66.182678,8,477.176091
-93.817786,8,477.197528
7.813855,8,477.211818
-42.39901,8,477.234806
-45.249593,8,477.258424
-24.366715,8,477.273685
-41.953315,8,477.294708
11.104295,8,477.310184
-15.79548,8,477.328291
-16.768856,8,477.345742
0.648462,8,477.366732
-17.571341,8,477.388901
-56.57366,8,477.404998
-55.366184,8,477.427441
-34.268402,8,477.448465
-36.311827,8,477.462463
-23.22348,8,477.486032
-123.740997,8,477.499722
-6.892746,8,477.520399
-79.944523,8,477.5394
-82.789593,8,477.553396
-68.896337,8,477.574397
1.156827,8,477.591573
-14.745321,8,477.610405
-115.736316,8,477.634065
-155.920548,8,477.648709
-215.151923,8,477.669445
-90.3918,8,477.685909
-79.361388,8,477.709439
2.649439,8,477.727045
-4.082333,8,477.741759
-137.719812,8,477.761405
-102.708205,8,477.775041
-44.007233,8,477.793051
-73.906042,8,477.816166
-63.540125,8,477.830571
-147.236533,8,477.855713
-30.897851,8,477.876063
-14.351034,8,477.898172
-13.761456,8,477.926076
-2.607182,8,477.944729
-30.113113,8,477.967374
-0.287539,8,477.985064
-16.206456,8,478.006768
-5.62523,8,478.027771
7.645302,8,478.048896
3.198176,8,478.064385
-32.238494,8,478.077168
-169.540769,8,478.09776
-66.842894,8,478.122739
7.312855,8,478.148164
3.479488,8,478.171432
-127.940933,8,478.18907
-66.98666,8,478.208397
-62.103026,8,478.228416
-4.500756,8,478.241415
1.159959,8,478.268646
-15.815632,8,478.284028
-143.530004,8,478.303955
-38.123424,8,478.32238
-21.255747,8,478.338283
-19.033988,8,478.367566
-19.623882,8,478.38307
7.979587,8,478.404016
-19.92795,8,478.424183
9.531015,8,478.437718
-127.0326,8,478.455719
3.447141,8,478.476473
-32.179597,8,478.49472
-3.212392,8,478.515341
1.829172,8,478.52908
-187.004173,8,478.547082
-20.425981,8,478.560079
-14.826322,8,478.587085
-14.761224,8,478.613462
-11.179305,8,478.629109
-1.910948,8,478.647777
3.765132,8,478.662942
-10.59986,8,478.682098
1.262707,8,478.70678
-35.541733,8,478.723409
-65.918732,8,478.74169
-83.377627,8,478.754699
-41.169116,8,478.773351
4.847799,8,478.792737
-70.472827,8,478.810385
7.197469,8,478.833087
-123.940757,8,478.847758
-75.67382,8,478.867369
-43.120057,8,478.887053
9.9257,8,478.902725
-4.736573,8,478.928049
-1.404076,8,478.940042
-89.631444,8,478.956786
-2.778577,8,478.976188
-19.183402,8,478.990185
2.27848,8,479.009002
-129.564156,8,479.023007
-35.603862,8,479.044817
0.871737,8,479.067815
0.97358,8,479.082817
-57.44021,8,479.102816
-20.414894,8,479.116819
5.897561,8,479.142462
-31.983148,8,479.161477
-59.090898,8,479.175088
2.643774,8,479.205741
8.273606,8,479.227687
-25.961813,8,479.2634
8.462403,8,479.288146
-25.062179,8,479.3045
-10.659201,8,479.330649
6.550799,8,479.345829
-133.466534,8,479.370542
1.161044,8,479.394806
4.986851,8,479.408803
-21.65956,8,479.430984
-36.71237,8,479.446715
-92.604488,8,479.470406
-25.284941,8,479.497275
-1.124783,8,479.514463
-99.093406,8,479.534457
-16.158257,8,479.549457
-63.499055,8,479.568459
2.971512,8,479.599834
-61.08052,8,479.614537
-2.999125,8,479.635106
-116.652642,8,479.649735
-47.852125,8,479.670499
-98.613157,8,479.691782
-56.332345,8,479.711444
-38.317998,8,479.731117
-64.96845,8,479.74578
-82.36524,8,479.765777
-25.901386,8,479.784409
-31.559873,8,479.801739
-19.193242,8,479.8311
0.701258,8,479.845474
-3.204376,8,479.868308
-3.180513,8,479.885309
-3.901185,8,479.897858
4.987305,8,479.914598
1.256501,8,479.932211
-40.637927,8,479.951794
-77.738596,8,479.969457
-58.017896,8,479.982456
-42.74473,8,479.999037
-79.723288,8,480.01166
-46.718071,8,480.033157
-46.898979,8,480.058167
-65.414358,8,480.071165
-25.059808,8,480.088166
-96.833208,8,480.101164
-63.273443,8,480.116761
-80.754058,8,480.1401
-40.117215,8,480.153808
4.182439,8,480.172463
-14.253155,8,480.186143
-10.347159,8,480.205145
2.085376,8,480.227132
9.451683,8,480.242372
-0.788567,8,480.27369
-32.501302,8,480.290179
-9.09184,8,480.310704
-101.614383,8,480.329074
-130.575074,8,480.343456
-46.555074,8,480.368745
-32.242079,8,480.386133
-18.671595,8,480.405541
-169.6218,8,480.423543
-106.926618,8,480.440108
-2.520982,8,480.499888
-117.507981,8,480.520889
8.949758,8,480.539888
-6.010196,8,480.56589
-81.877724,8,480.58089
-27.829295,8,480.60389
-109.319275,8,480.620905
7.236641,8,480.637893
3.878914,8,480.653728
-99.821939,8,480.666443
-15.777043,8,480.685085
-138.871372,8,480.698735
-43.911439,8,480.720441
-72.676386,8,480.739089
-35.510807,8,480.753089
-5.732148,8,480.777129
-71.798907,8,480.791754
-12.111882,8,480.825588
-101.824005,8,480.847822
-5.622223,8,480.861819
-71.607919,8,480.882338
-23.203116,8,480.897958
-4.745903,8,480.922486
-27.726674,8,480.945784
-38.493048,8,480.960786
-91.677801,8,480.983354
-89.348337,8,480.998461
-3.39862,8,481.02652
-59.987727,8,481.053515
-7.82586,8,481.069968
-20.330463,8,481.087966
5.774114,8,481.102267
-15.28783,8,481.123453
-127.883879,8,481.144406
-85.678247,8,481.155404
4.856,8,481.179568
-55.438828,8,481.195831
3.370094,8,481.215977
-3.246209,8,481.237312
-56.288873,8,481.250971
4.057071,8,481.279145
-4.725426,8,481.296124
-4.291938,8,481.314422
-0.508325,8,481.334754
-16.665962,8,481.348382
-12.945314,8,481.365492
-7.76048,8,481.380638
-0.636342,8,481.406914
-143.423216,8,481.430315
-4.426336,8,481.44498
-49.624094,8,481.467591
-8.506623,8,481.483263
-60.385041,8,481.516644
-2.276111,8,481.552834
-20.970116,8,481.572626
-100.84881,8,481.602633
-63.408377,8,481.629743
-57.334998,8,481.649947
-2.834828,8,481.675171
-243.858018,8,481.694966
-14.680653,8,481.719969
-25.941873,8,481.740345
3.877098,8,481.762269
-47.652035,8,481.783624
-25.828471,8,481.799016
-46.989026,8,481.829576
-4.461672,8,481.853971
-4.894097,8,481.877714
-8.573881,8,481.908524
-7.556163,8,481.926527
-19.141497,8,481.949328
-39.190916,8,481.976346
-21.087661,8,481.998584
-13.634233,8,482.021762
-76.866262,8,482.038245
-38.043581,8,482.0599
-66.056302,8,482.083346
-1.483208,8,482.106969
-82.506468,8,482.134263
-4.551889,8,482.148968
-62.042887,8,482.168984
-52.296128,8,482.183523
-1.905747,8,482.207245
-64.571579,8,482.229347
-54.799659,8,482.243765
-31.76898,8,482.26176
-73.039373,8,482.275761
-82.41685,8,482.29757
-4.564667,8,482.322171
-36.413908,8,482.344823
-80.40628,8,482.369823
-66.37275,8,482.385823
-18.317343,8,482.403734
-74.608939,8,482.423507
3.040433,8,482.44711
-52.629125,8,482.467782
2.997459,8,482.484766
-31.930835,8,482.504869
4.520207,8,482.523621
-114.24774,8,482.546191
-13.027282,8,482.565596
-89.282337,8,482.583243
-2.383949,8,482.607238
6.221103,8,482.643016
-146.321396,8,482.667658
-70.324449,8,482.692314
-4.42012,8,482.704313
-97.099778,8,482.727713
-3.156683,8,482.749954
8.083644,8,482.766114
2.071128,8,482.792282
-41.155345,8,482.807302
-75.213024,8,482.827287
-14.525947,8,482.848966
-176.889591,8,482.864598
-40.864557,8,482.895911
-55.835226,8,482.914658
-205.672761,8,482.933306
1.170446,8,482.950265
-58.591235,8,482.964726
-1.759612,8,482.983313
-7.372355,8,483.000787
-50.196072,8,483.020108
3.84489,8,483.04011
-60.658332,8,483.057068
-134.743622,8,483.07833
-48.956889,8,483.093331
-75.617446,8,483.118583
-20.7506,8,483.150152
-22.301475,8,483.166899
-18.642993,8,483.184998
4.05366,8,483.199157
-119.49137,8,483.217658
-29.843712,8,483.240011
-34.191343,8,483.255837
-27.249656,8,483.276263
6.040082,8,483.293568
-0.4894,8,483.312298
-241.443976,8,483.330189
-41.516517,8,483.347827
-146.150957,8,483.371841
5.541507,8,483.385002
1.634749,8,483.403522
0.744677,8,483.423423
-36.727164,8,483.439094
-90.354572,8,483.465089
-9.291211,8,483.480438
3.395788,8,483.504988
-49.742131,8,483.527263
-17.99137,8,483.54255
-50.888952,8,483.56737
-35.623265,8,483.580384
-102.488183,8,483.605374
-1.865431,8,483.630381
-25.680343,8,483.64596
-165.452816,8,483.668495
-99.368991,8,483.688478
-6.267952,8,483.710641
-1.909497,8,483.743878
-27.19961,8,483.756889
-10.478476,8,483.777379
6.006702,8,483.796371
-21.851297,8,483.815831
2.049076,8,483.834392
1.79114,8,483.850924
-15.186455,8,483.873629
-3.179027,8,483.891303
-49.882507,8,483.915479
-0.436041,8,483.935333
-130.771011,8,483.948969
-55.606751,8,483.966372
-136.565017,8,483.980257
-19.69987,8,483.998812
-26.578946,8,484.017519
-35.675668,8,484.035145
-2.447469,8,484.053958
-86.986296,8,484.06864
2.106129,8,484.095114
-158.260245,8,484.120117
1.843113,8,484.137641
-39.842585,8,484.166665
-100.459589,8,484.181279
-16.651435,8,484.20197
-8.227477,8,484.227646
-54.677174,8,484.240645
-6.195891,8,484.265434
-5.813614,8,484.280249
-46.731345,8,484.299844
-13.532788,8,484.325171
-148.984166,8,484.342179
-7.245361,8,484.37431
-21.121733,8,484.391919
-55.162612,8,484.416433
-18.555221,8,484.445748
-96.115418,8,484.461525
-30.7026,8,484.487315
-62.838073,8,484.502003
-13.561571,8,484.519683
-54.988913,8,484.537317
-31.043564,8,484.552313
-44.861534,8,484.572313
-152.083586,8,484.587318
-24.808382,8,484.614313
-4.350951,8,484.639313
-82.087413,8,484.653314
-147.907005,8,484.671313
-34.93079,8,484.686432
-66.693389,8,484.704992
-165.792392,8,484.727327
-81.026006,8,484.743009
-23.845737,8,484.759626
-21.316625,8,484.770623
-17.105495,8,484.789625
-38.511066,8,484.808507
-39.260184,8,484.832335
-43.278444,8,484.856003
-114.776155,8,484.872759
-71.269734,8,484.898047
-27.202447,8,484.916769
-118.50419,8,484.949499
-18.028364,8,484.972964
-57.767745,8,485.001323
-42.994124,8,485.02232
-26.602209,8,485.042394
-50.34416,8,485.056693
-21.551747,8,485.083351
-12.71276,8,485.098485
-260.096625,8,485.120485
2.42878,8,485.148352
-58.170929,8,485.164602
-68.38303,8,485.189315
-20.82915,8,485.205313
-5.123311,8,485.227211
5.869798,8,485.248809
-79.677981,8,485.263429
-38.324904,8,485.283371
-94.354783,8,485.301927
-15.32268,8,485.322533
4.32388,8,485.342912
-64.781779,8,485.355907
-35.009486,8,485.380921
-4.57826,8,485.399019
-2.520919,8,485.430725
1.495884,8,485.447805
-82.405407,8,485.462092
-131.208385,8,485.48125
-75.044679,8,485.49598
-0.146473,8,485.519687
-15.606006,8,485.54069
-33.686737,8,485.556686
-3.221104,8,485.580509
-14.96655,8,485.59581
-41.429828,8,485.613796
-34.904463,8,485.641793
-34.422493,8,485.659554
3.860542,8,485.680382
-7.121135,8,485.69698
-100.82395,8,485.716706
-18.938555,8,485.740295
-43.226751,8,485.761719
5.767321,8,485.781297
-33.376442,8,485.797018
-19.482347,8,485.818777
-41.55225,8,485.839374
-147.040809,8,485.855097
-48.446636,8,485.88452
3.499473,8,485.901046
1.960995,8,485.920644
2.330414,8,485.94192
-11.272849,8,485.956165
-43.113416,8,485.981659
-204.576128,8,486.001988
-37.865124,8,486.020653
-55.522207,8,486.036316
-4.238448,8,486.052803
-108.922908,8,486.073667
-97.416923,8,486.088664
-51.012926,8,486.116669
3.215084,8,486.142969
0.637794,8,486.159704
-1.852709,8,486.181312
-79.240456,8,486.196313
-19.12912,8,486.22062
-2.38398,8,486.242826
1.230215,8,486.254829
-85.6258,8,486.283093
-88.815278,8,486.296114
-35.001046,8,486.315117
-129.346599,8,486.339198
-21.216736,8,486.353901
-31.503542,8,486.377239
-18.320758,8,486.391893
-2.980197,8,486.411624
-40.476519,8,486.429422
2.909489,8,486.446967
-39.380308,8,486.470604
-32.744525,8,486.489223
-20.799202,8,486.513174
-79.314115,8,486.536175
-52.411947,8,486.559467
5.209211,8,486.58276
4.420173,8,486.601743
-56.669604,8,486.623855
-6.802932,8,486.665897
-77.574667,8,486.683408
-56.463318,8,486.706027
-24.333232,8,486.723701
-72.254298,8,486.752528
-18.66365,8,486.780454
-76.66911,8,486.796941
-104.921271,8,486.819697
-2.027942,8,486.835153
-84.517096,8,486.856151
-78.117975,8,486.882433
4.631384,8,486.898889
6.837479,8,486.927294
-83.338562,8,486.940298
3.747354,8,486.962033
4.536762,8,486.982376
-70.089313,8,487.000989
-45.672226,8,487.020681
3.042124,8,487.033346
-71.706606,8,487.054156
-64.813178,8,487.074697
-1.715811,8,487.090792
5.655922,8,487.114791
-55.686417,8,487.130026
2.604871,8,487.150024
-22.2443,8,487.177199
-13.656749,8,487.193358
1.863978,8,487.21071
-181.800209,8,487.229314
-25.185853,8,487.247908
-35.782145,8,487.267598
-37.802896,8,487.281597
-2.913352,8,487.299598
7.68957,8,487.313364
-2.467533,8,487.331982
-119.894329,8,487.353948
1.433884,8,487.372422
-126.243833,8,487.395559
-106.503844,8,487.409282
4.308977,8,487.430552
-117.320606,8,487.460788
6.32062,8,487.479736
-12.69297,8,487.501873
-44.186618,8,487.516873
-18.533064,8,487.540141
-92.255693,8,487.565489
-77.723853,8,487.581318
-66.369465,8,487.602148
-92.871049,8,487.615717
-14.66684,8,487.635717
-57.28639,8,487.66217
-21.428212,8,487.683397
-0.743869,8,487.720062
-69.207105,8,487.736058
-144.174204,8,487.755176
7.825631,8,487.772623
4.974303,8,487.790322
-103.772935,8,487.82374
-86.224538,8,487.842285
6.806439,8,487.865168
-91.049314,8,487.879142
-17.866538,8,487.905686
-97.4978,8,487.93548
-137.733449,8,487.950461
6.053932,8,487.970563
-19.320179,8,487.990564
-142.792726,8,488.010609
-76.210021,8,488.03122
-36.2562,8,488.046887
-26.51139,8,488.066901
-78.06739,8,488.087965
-26.739486,8,488.101231
-15.573241,8,488.129541
-26.413586,8,488.147433
-113.951141,8,488.169569
-3.424565,8,488.200025
3.935982,8,488.207732
-79.742192,8,488.240849
-14.340147,8,488.25366
-4.539969,8,488.277705
-31.2499,8,488.297858
-13.707685,8,488.307702
1.670052,8,488.323672
-23.430904,8,488.345313
-79.721381,8,488.355393
-15.32947,8,488.375419
1.260927,8,488.396338
10.978593,8,488.412766
-13.484787,8,488.429127
-219.449902,8,488.439425
-48.833216,8,488.471484
-62.881275,8,488.485717
-0.608262,8,488.501523
-145.163677,8,488.514437
-58.896335,8,488.531803
0.087203,8,488.555036
-171.297547,8,488.572679
-168.247523,8,488.590682
-88.512383,8,488.603831
-84.07213,8,488.622543
0.793998,8,488.642371
-4.749692,8,488.655573
-42.590015,8,488.672526
-123.444002,8,488.689712
-102.828315,8,488.705864
1.080313,8,488.723032
-8.471667,8,488.735409
-11.968402,8,488.751085
-5.298721,8,488.767135
-28.122786,8,488.7857
-165.873907,8,488.804438
-56.05175,8,488.816501
-29.229518,8,488.838378
3.974082,8,488.851677
-71.902052,8,488.867541
-54.269264,8,488.884341
-9.976263,8,488.895251
-17.206262,8,488.912778
-13.815308,8,488.925334
-197.503354,8,488.942037
0.273797,8,488.958445
1.542554,8,488.97199
-34.724986,8,488.991059
-29.815475,8,489.003842
-21.726276,8,489.031839
-22.57132,8,489.058647
-3.093552,8,489.074077
-20.747285,8,489.092006
-43.446154,8,489.108471
-125.237713,8,489.129355
-160.089608,8,489.151145
-29.860516,8,489.167609
-5.193669,8,489.197375
10.307999,8,489.537059
-66.244405,8,489.552756
-5.307236,8,489.565882
-6.269077,8,489.576879
-6.711295,8,489.597839
5.712087,8,489.608308
-2.077306,8,489.623351
-3.524394,8,489.639072
-21.402144,8,489.651077
1.496956,8,489.666068
-88.13142,8,489.677015
-130.435334,8,489.695989
-7.154105,8,489.710949
-2.708899,8,489.722124
-61.191411,8,489.739774
-111.642174,8,489.752699
-30.934753,8,489.767254
-41.438739,8,489.789254
-41.528194,8,489.809262
-31.530921,8,489.827832
-9.757961,8,489.838934
-38.822166,8,489.855732
-86.914646,8,489.873599
-115.912461,8,489.885774
1.819221,8,489.903225
5.00624,8,489.923355
-58.862097,8,489.939971
-17.385275,8,489.957293
-140.415146,8,489.97359
-60.536935,8,489.999487
-52.786378,8,490.011721
2.748725,8,490.032729
-122.897753,8,490.048317
6.369158,8,490.059763
9.193426,8,490.076033
-37.595347,8,490.086931
-37.3514,8,490.101886
-19.880753,8,490.11768
-22.010333,8,490.133987
1.07689,8,490.151899
-63.98708,8,490.16311
9.075315,8,490.179793
-75.328143,8,490.200031
-136.857824,8,490.212759
-124.621576,8,490.229451
-177.247394,8,490.245053
0.779051,8,490.262719
7.165519,8,490.27612
-18.605341,8,490.288852
5.698756,8,490.305921
3.96593,8,490.321141
-136.318249,8,490.337023
-64.178148,8,490.356001
-2.565526,8,490.368573
-136.138189,8,490.387257
-171.418518,8,490.400627
-4.425625,8,490.417254
-57.29012,8,490.431884
-153.012614,8,490.445215
-0.759341,8,490.465556
4.222211,8,490.478327
-45.58517,8,490.496547
-16.01944,8,490.512957
-4.596865,8,490.524561
-96.153064,8,490.540316
-29.885862,8,490.552425
-29.882726,8,490.568088
0.750768,8,490.590601
-134.763975,8,490.601543
-44.936603,8,490.617338
-69.882058,8,490.630699
-19.656308,8,490.649346
-32.468037,8,490.669602
-103.826848,8,490.6816
4.745142,8,490.702924
-139.827514,8,490.714697
0.940303,8,490.732297
7.003324,8,490.747595
-16.360427,8,490.760287
-64.605063,8,490.780403
-55.137922,8,490.792148
-106.005253,8,490.815881
-5.442868,8,490.832327
-114.976564,8,490.84233
-24.203747,8,490.857424
-104.546708,8,490.869137
-7.351524,8,490.882438
-54.32125,8,490.898378
-98.512523,8,490.90949
-60.123846,8,490.925472
-13.617973,8,490.937048
-13.284839,8,490.957671
-33.683437,8,490.977426
-86.669671,8,490.990282
-2.111787,8,491.006214
-91.229313,8,491.017129
-7.920067,8,491.036136
-39.422288,8,491.053241
-2.798823,8,491.066089
2.98594,8,491.081514
-55.80687,8,491.093594
6.141609,8,491.108512
-56.068772,8,491.125389
-83.225301,8,491.145556
-8.091754,8,491.165466
-117.202098,8,491.177291
-13.17437,8,491.193739
1.887639,8,491.209739
-20.437375,8,491.221736
-14.42393,8,491.236829
-78.956436,8,491.252709
-27.757559,8,491.267558
-76.450724,8,491.283866
-95.337255,8,491.296258
-1.711058,8,491.312108
-72.458782,8,491.323108
-124.532857,8,491.338821
-6.457638,8,491.363245
-28.025825,8,491.376068
4.564068,8,491.391141
10.603317,8,491.404263
-86.285665,8,491.420533
-48.866196,8,491.437536
1.238997,8,491.450116
5.821211,8,491.471851
-6.405218,8,491.48605
7.278133,8,491.504076
-65.997622,8,491.521125
-22.453887,8,491.53474
2.614655,8,491.559744
-1.759666,8,491.574352
3.407994,8,491.600835
-14.376309,8,491.628186
4.810823,8,491.645817
-131.214651,8,491.665817
-0.404481,8,491.681831
-14.303007,8,491.708117
-20.554004,8,491.72745
-51.994903,8,491.743171
-121.831248,8,491.765211
-38.590471,8,491.782247
-7.810509,8,491.80212
-32.008167,8,491.824507
-54.297069,8,491.838676
-48.471363,8,491.855154
-7.967674,8,491.868225
7.662333,8,491.885484
-31.736767,8,491.901498
-59.706223,8,491.919086
-1.460212,8,491.934336
9.937336,8,491.94666
-43.773746,8,491.966519
-17.499516,8,491.983468
-20.737078,8,491.998178
-19.356655,8,492.020294
-61.221745,8,492.033625
-0.014447,8,492.050573
-43.511342,8,492.06737
6.864277,8,492.081102
-35.755399,8,492.097593
-31.705331,8,492.108799
-53.027196,8,492.130773
-83.098659,8,492.151484
-17.578628,8,492.16476
-114.955544,8,492.180174
0.388047,8,492.190156
-39.569156,8,492.205234
0.942986,8,492.222101
-219.965175,8,492.234141
-27.879926,8,492.252146
-86.612182,8,492.260274
2.825356,8,492.276304
7.277905,8,492.276304
-38.465769,8,492.302489
-13.092973,8,492.313494
-19.29095,8,492.326385
-26.198307,8,492.342235
-2.206105,8,492.360842
-26.946544,8,492.360842
-37.769863,8,492.392068
-16.19466,8,492.395676
4.16911,8,492.418872
-21.203419,8,492.428197
-0.006977,8,492.443583
-151.14542,8,492.460798
-40.142929,8,492.460798
-100.171139,8,492.490923
6.947309,8,492.506207
-22.613399,8,492.513441
-20.207325,8,492.528422
-15.495967,8,492.528422
-78.267804,8,492.543375
-42.188146,8,492.560963
-19.93848,8,492.575095
-95.935224,8,492.593692
5.237594,8,492.611009
-50.856495,8,492.628404
-99.489194,8,492.642529
4.405916,8,492.65362
-89.362719,8,492.668623
5.065255,8,492.680788
3.353063,8,492.69879
-1.19372,8,492.722986
-104.586589,8,492.736248
-61.422185,8,492.760137
-81.016356,8,492.763976
5.445877,8,492.787459
3.749329,8,492.803386
3.499838,8,492.812337
5.38274,8,492.828037
-119.099373,8,492.854243
-26.035388,8,492.865161
-2.440085,8,492.89649
-37.346078,8,492.909307
-49.990316,8,492.929642
-60.890917,8,492.952255
-15.228657,8,492.977494
-35.52582,8,493.004524
-38.410062,8,493.019876
4.526763,8,493.048045
-19.062284,8,493.063123
-119.579706,8,493.083256
-9.249219,8,493.091012
-12.675685,8,493.106862
-32.415838,8,493.145326
-7.693229,8,493.154344
-12.253694,8,493.179494
-58.37739,8,493.19762
-94.929331,8,493.209775
-11.345942,8,493.231044
5.886925,8,493.245066
-57.412622,8,493.266582
-188.607161,8,493.288455
-54.681026,8,493.298842
-20.151289,8,493.322293
-15.67029,8,493.334706
-93.002668,8,493.353822
-39.888342,8,493.376193
-8.968788,8,493.390243
-55.132587,8,493.407392
7.925863,8,493.426415
-5.246954,8,493.445286
-46.67711,8,493.468166
-27.607407,8,493.484767
-68.783552,8,493.502591
-66.005305,8,493.515843
-101.883142,8,493.532793
-88.954016,8,493.548442
-6.053464,8,493.558443
-24.367963,8,493.574584
-48.576189,8,493.574584
-19.190645,8,493.607812
1.507963,8,493.622218
-30.396922,8,493.633757
-45.924086,8,493.664366
2.111199,8,493.680933
-0.654943,8,493.704476
-68.906355,8,493.760767
-10.107907,8,493.794222
-89.418853,8,493.837585
-86.167161,8,493.860903
3.950657,8,493.888494
-24.142899,8,493.920017
-62.401516,8,493.939194
-135.293996,8,493.96746
-29.226233,8,493.981842
0.808322,8,494.010071
-80.7415,8,494.045559
-63.905724,8,494.063362
-6.126833,8,494.088818
-46.06134,8,494.104687
-109.087481,8,494.129059
-47.12996,8,494.15671
-31.549137,8,494.170289
1.247524,8,494.191751
0.661729,8,494.203535
-129.546085,8,494.228308
-51.418795,8,494.247489
-20.516099,8,494.270297
2.030796,8,494.290568
-82.056337,8,494.305756
-44.30204,8,494.325359
-41.375987,8,494.342332
3.520917,8,494.354371
-24.540068,8,494.376288
-164.377202,8,494.389516
-21.380671,8,494.407668
7.80542,8,494.42224
3.171615,8,494.435987
-28.211193,8,494.453168
-67.29983,8,494.467622
-3.687306,8,494.487427
-13.973833,8,494.50953
-16.20667,8,494.522431
-35.837868,8,494.539478
2.130225,8,494.550863
1.222674,8,494.568393
-15.723981,8,494.583862
4.694751,8,494.599458
-0.533406,8,494.614573
-98.505982,8,494.628368
8.05952,8,494.642162
1.300266,8,494.656195
-78.464653,8,494.656195
4.121843,8,494.690572
-0.324,8,494.70566
9.94051,8,494.719659
-26.587547,8,494.735596
7.416269,8,494.750385
-156.709632,8,494.767087
4.932506,8,494.778789
9.361277,8,494.797918
-106.624679,8,494.818007
-82.059787,8,494.831007
-38.623916,8,494.846867
-3.922714,8,494.856881
-1.238602,8,494.862807
-39.908399,8,494.891997
-64.621051,8,494.905588
-18.056163,8,494.906589
-47.931723,8,494.935185
-0.020105,8,494.949555
0.972973,8,494.964102
-3.254941,8,494.977275
-63.574083,8,494.992488
-2.601213,8,495.004483
11.013161,8,495.021913
-120.491322,8,495.041779
-0.093648,8,495.053079
-12.731485,8,495.073157
10.293252,8,495.084829
-6.208288,8,495.101324
-76.291051,8,495.116204
-106.817699,8,495.127889
5.244511,8,495.141929
3.137507,8,495.156691
-49.06241,8,495.169014
-39.636596,8,495.172762
-5.827316,8,495.194657
-0.529579,8,495.209948
1.065752,8,495.218946
2.014355,8,495.235062
-63.391645,8,495.252615
-112.588988,8,495.26526
1.965937,8,495.278517
-171.47514,8,495.278517
1.836092,8,495.304054
-73.732559,8,495.317613
6.748324,8,495.331373
-7.783638,8,495.348876
-44.508002,8,495.358388
-47.267922,8,495.376471
1.882634,8,495.393
6.651335,8,495.393
-82.141974,8,495.426535
7.170658,8,495.438549
-46.239122,8,495.453829
-18.803337,8,495.460442
-15.017106,8,495.478185
-19.10182,8,495.494948
-125.600975,8,495.511758
5.309482,8,495.526563
-146.587942,8,495.528429
-21.116386,8,495.543655
-13.173998,8,495.559294
-6.394843,8,495.575173
-2.800727,8,495.594265
-3.429667,8,495.611262
-98.333709,8,495.627087
-6.703987,8,495.644545
-31.327823,8,495.655556
-6.038327,8,495.670543
-98.444849,8,495.685555
9.80636,8,495.700552
-68.327404,8,495.714861
-37.865657,8,495.726033
-46.636417,8,495.7393
-1.542866,8,495.753293
5.336013,8,495.7653
-136.135967,8,495.782475
-12.670183,8,495.782475
-310.152055,8,495.81272
-25.003074,8,495.817705
-36.850718,8,495.833519
-87.875828,8,495.849347
-21.715052,8,495.860951
-62.985764,8,495.877551
-1.224424,8,495.891894
-40.50152,8,495.891894
-24.977211,8,495.912869
-35.99994,8,495.925998
-80.019113,8,495.939984
-59.952858,8,495.957903
-5.374492,8,495.977
-16.92873,8,495.992085
-66.110976,8,496.001085
5.912738,8,496.001085
-26.70842,8,496.032676
-4.233272,8,496.034683
7.838947,8,496.048354
-146.303173,8,496.06457
-7.911813,8,496.082693
-65.227817,8,496.098955
-42.062018,8,496.109866
-16.820244,8,496.12574
-1.211377,8,496.146622
4.610515,8,496.160802
-64.90503,8,496.178953
-18.846487,8,496.189956
3.761379,8,496.204581
-19.300465,8,496.215669
-12.898924,8,496.229762
-25.165994,8,496.245876
-46.564181,8,496.25714
-12.377945,8,496.271042
-15.729431,8,496.28204
3.756345,8,496.293091
-1.297759,8,496.318607
-20.449827,8,496.330807
-95.928329,8,496.351465
-21.132846,8,496.364497
-10.728515,8,496.380716
-45.096508,8,496.397939
-49.646541,8,496.410467
-6.38003,8,496.426491
-70.221136,8,496.439615
-30.07865,8,496.453613
0.081076,8,496.482978
0.842644,8,496.495094
-15.007976,8,496.518428
-44.274899,8,496.528307
-38.069579,8,496.546013
-31.347836,8,496.561781
-1.820213,8,496.573807
-25.125128,8,496.600068
-9.044209,8,496.611107
-78.645356,8,496.628991
0.433113,8,496.645499
4.719685,8,496.657846
-143.052166,8,496.672849
-50.23229,8,496.688817
-11.471889,8,496.709183
1.951852,8,496.729713
-28.798447,8,496.741206
-66.63127,8,496.757632
-48.477648,8,496.769821
6.74779,8,496.784595
-15.565068,8,496.805865
-4.539101,8,496.813622
-58.939543,8,496.83799
-70.216595,8,496.853029
9.608941,8,496.870444
-0.407095,8,496.886027
-15.593185,8,496.891034
-57.716524,8,496.915561
-18.591809,8,496.923115
-21.336929,8,496.944226
-95.924485,8,496.960467
-62.352487,8,496.976897
-114.906245,8,496.992809
-35.861715,8,497.000907
-55.23848,8,497.019596
-8.481672,8,497.032786
-33.153543,8,497.050073
-9.472845,8,497.059075
-74.721117,8,497.074947
-104.300459,8,497.094171
13.495213,8,497.119895
-27.51716,8,497.135934
2.198373,8,497.141936
-40.582846,8,497.15802
-23.91632,8,497.178182
-37.70611,8,497.193124
-87.845476,8,497.206119
-20.652969,8,497.223316
-18.336896,8,497.235314
-29.863443,8,497.253314
-53.498087,8,497.268668
2.691249,8,497.280049
-61.855005,8,497.299762
4.104414,8,497.310119
-42.49435,8,497.32683
-26.834256,8,497.340329
-14.610046,8,497.355582
6.039678,8,497.370043
-160.264605,8,497.381189
-51.193444,8,497.395414
-2.668064,8,497.4115
-4.837682,8,497.422387
-8.295266,8,497.436541
-3.65547,8,497.444174
-71.558807,8,497.462872
-14.687234,8,497.482827
-78.006597,8,497.495109
-0.377606,8,497.511336
-128.584056,8,497.522974
-59.06415,8,497.538826
4.961825,8,497.556203
-10.652603,8,497.569734
-106.992127,8,497.585166
-138.973153,8,497.596951
-7.245246,8,497.61074
-234.935494,8,497.625291
0.696897,8,497.637992
-2.692856,8,497.65599
-29.037046,8,497.669955
-122.656118,8,497.686674
-1.447571,8,497.700106
-59.378799,8,497.712123
-47.60766,8,497.725881
-4.385131,8,497.735634
-180.136943,8,497.751722
-3.145733,8,497.767241
-90.126919,8,497.781895
0.054952,8,497.795521
3.022194,8,497.807014
-21.068669,8,497.821802
-145.015882,8,497.839885
-53.428158,8,497.85073
-2.114535,8,497.85989
-32.185051,8,497.877641
-22.311904,8,497.897339
5.450017,8,497.913259
-49.537381,8,497.92326
-213.748812,8,497.925244
-42.480421,8,497.943792
12.110464,8,497.963549
-13.703922,8,497.969549
8.343427,8,497.985407
-23.230977,8,498.010484
-19.120933,8,498.017607
-21.428404,8,498.03353
-0.168349,8,498.052585
-14.541052,8,498.061592
-33.456402,8,498.073499
-0.31292,8,498.078499
-24.584325,8,498.096338
-87.0168,8,498.108093
-143.49193,8,498.110099
-58.481641,8,498.137276
-194.032365,8,498.150187
-84.520887,8,498.164094
-101.599907,8,498.182806
-54.295609,8,498.193844
-131.429517,8,498.212831
-70.475904,8,498.227854
-12.475729,8,498.24426
-47.469132,8,498.259982
-16.065577,8,498.270957
-75.491291,8,498.287155
-96.939477,8,498.298158
-156.965927,8,498.313305
-122.462065,8,498.328695
-0.322775,8,498.342076
-38.737877,8,498.357535
-36.241098,8,498.372937
-156.564196,8,498.387427
-52.873676,8,498.403633
-62.598004,8,498.414772
-74.24026,8,498.430978
-53.27142,8,498.443388
-91.136587,8,498.457432
-63.953774,8,498.47122
-112.762795,8,498.48243
-29.920058,8,498.498013
-1.630443,8,498.509418
-93.377243,8,498.523691
-33.193854,8,498.541483
-65.173249,8,498.55653
-29.82452,8,498.572416
-17.654385,8,498.584462
-18.693673,8,498.600245
-47.402178,8,498.613903
-84.971952,8,498.625069
-83.668954,8,498.637825
-71.64577,8,498.651945
0.77378,8,498.671887
-2.882917,8,498.689433
-80.49608,8,498.701084
-20.215536,8,498.723333
-14.193415,8,498.736348
-81.34709,8,498.756449
-154.218909,8,498.782639
1.473829,8,498.801114
2.73675,8,498.825423
-97.379882,8,498.843284
-40.412995,8,498.858342
-96.190631,8,498.883912
1.536135,8,498.903435
-14.700092,8,498.923157
-189.045386,8,498.938275
5.114826,8,498.960344
0.166454,8,498.986214
-42.240286,8,498.986214
-22.539312,8,499.018147
-75.860909,8,499.034258
3.998327,8,499.050404
-40.161815,8,499.065402
-16.591148,8,499.077068
-19.97519,8,499.082178
-17.928754,8,499.107623
-29.914627,8,499.129631
-63.759586,8,499.145325
5.761717,8,499.157083
3.030989,8,499.172217
-192.950892,8,499.190293
-4.112183,8,499.205791
-138.869843,8,499.219712
-33.331823,8,499.235831
-134.517204,8,499.251816
-1.755558,8,499.262944
-5.652482,8,499.278059
-64.491958,8,499.292991
-50.297525,8,499.303771
-46.146228,8,499.31966
-23.316403,8,499.33964
-83.810226,8,499.357138
-3.901582,8,499.376854
6.413486,8,499.388857
-199.673787,8,499.403784
-13.204434,8,499.411577
-25.633891,8,499.430814
0.036446,8,499.460067
-23.069281,8,499.472082
-5.536404,8,499.487669
-64.946561,8,499.499273
-4.883062,8,499.51151
-8.709529,8,499.528574
-111.753156,8,499.528574
-27.756948,8,499.564594
-146.88013,8,499.576974
-75.122497,8,499.59168
-43.932891,8,499.60525
-15.347666,8,499.61675
-46.959419,8,499.626505
-1.128022,8,499.642393
-230.047263,8,499.658362
-108.512124,8,499.676401
-23.981397,8,499.690204
-23.565872,8,499.704354
-66.371059,8,499.707034
-71.305009,8,499.724364
-17.990504,8,499.748236
-254.326863,8,499.761132
-100.671568,8,499.777237
-68.476461,8,499.792242
-4.880257,8,499.807561
-50.094255,8,499.813545
0.04258,8,499.831666
-165.382581,8,499.845537
-3.752929,8,499.860542
-16.391046,8,499.873335
2.532747,8,499.877667
-35.068675,8,499.909244
-92.462044,8,499.92958
-54.876048,8,499.946526
-4.481494,8,499.961689
6.713125,8,499.973577
2.533344,8,499.975397
-92.936712,8,499.990647
-3.110424,8,500.012019
1.172295,8,500.027103
-2.854289,8,500.030849
5.640554,8,500.04498
-37.024442,8,500.060632
-15.644147,8,500.078446
-168.939998,8,500.092269
-82.677312,8,500.108081
0.051773,8,500.131664
-1.043468,8,500.144573
-103.130521,8,500.154148
1.994905,8,500.160549
0.488882,8,500.182242
-23.004285,8,500.191995
-56.610154,8,500.205577
-46.481878,8,500.217073
-1.431904,8,500.232026
0.127213,8,500.248241
-90.522446,8,500.257464
-5.923902,8,500.272094
-36.648461,8,500.278858
-7.199547,8,500.298544
-70.136379,8,500.31226
-28.512482,8,500.320011
-6.436525,8,500.326581
3.561265,8,500.350949
1.915088,8,500.36504
-8.562138,8,500.376529
2.332507,8,500.388792
-101.039411,8,500.393184
-24.623206,8,500.41494
-28.972215,8,500.428147
-8.859555,8,500.446198
-183.866312,8,500.4614
-6.073923,8,500.473023
1.374526,8,500.478117
-20.155066,8,500.499214
-37.032617,8,500.512604
-110.089216,8,500.525583
-1.911079,8,500.528437
-30.921817,8,500.54525
-1.674317,8,500.559266
-38.043804,8,500.584332
-77.43819,8,500.590348
-13.946926,8,500.611316
-59.258372,8,500.620809
-2.509689,8,500.642531
2.744504,8,500.659726
-19.466702,8,500.671274
6.29711,8,500.686278
-31.65529,8,500.703008
-99.485705,8,500.718138
-35.81246,8,500.732808
-52.806056,8,500.742042
-22.717545,8,500.75968
-54.992095,8,500.771506
-9.825704,8,500.789622
1.427458,8,500.810745
-1.800476,8,500.822789
13.314203,8,500.83725
-23.126324,8,500.846765
1.26628,8,500.859478
-55.512304,8,500.872236
-9.209258,8,500.882
-85.264379,8,500.897162
-1.166836,8,500.912168
-51.921332,8,500.927574
-64.066272,8,500.945712
-9.759909,8,500.960566
-15.24097,8,500.984415
11.565586,8,500.996623
3.031417,8,501.012738
-0.420147,8,501.031552
-24.184829,8,501.036568
7.350618,8,501.06409
-21.446759,8,501.078938
-24.16249,8,501.091195
-15.412195,8,501.111521
-1.366498,8,501.123635
-14.70642,8,501.148277
5.855434,8,501.161776
9.367142,8,501.180007
-59.478875,8,501.203322
-7.621455,8,501.216844
-13.194945,8,501.234581
-143.892741,8,501.252043
-12.393652,8,501.269036
-10.192143,8,501.282035
-15.328666,8,501.297395
-0.512947,8,501.317652
-46.089243,8,501.332527
-19.888754,8,501.357465
-20.109362,8,501.377056
-187.798918,8,501.389093
-14.606135,8,501.409541
-152.511423,8,501.411613
-67.866162,8,501.438581
-23.176556,8,501.453707
-37.383402,8,501.466861
-42.972344,8,501.488978
-13.074885,8,501.50312
-35.409473,8,501.511306
-68.868344,8,501.528545
-27.41053,8,501.544394
-48.048666,8,501.560369
-16.781381,8,501.562379
-164.366045,8,501.589929
-1.685997,8,501.608008
1.989784,8,501.796158
1.041953,8,501.826052
-4.98911,8,501.873491
-22.691785,8,501.902003
-16.407744,8,501.927167
-41.233353,8,501.943817
2.462909,8,501.96099
-27.566557,8,501.97053
4.561559,8,501.994753
-96.655507,8,502.017315
-92.10272,8,502.035095
7.127245,8,502.042013
-116.395093,8,502.067862
-196.681843,8,502.081923
-95.254593,8,502.083923
6.557414,8,502.109134
-105.630689,8,502.125926
2.460792,8,502.141737
-26.110147,8,502.141737
-3.614408,8,502.170581
-25.140242,8,502.183449
7.31398,8,502.20159
-46.263185,8,502.213738
-3.53771,8,502.229845
-44.782981,8,502.251477
2.084339,8,502.263973
-73.125258,8,502.278173
-38.109667,8,502.278173
-155.846296,8,502.306282
-44.756635,8,502.322279
-69.095931,8,502.329303
-57.157558,8,502.350019
-9.040635,8,502.363161
-42.216292,8,502.37692
-188.871615,8,502.393087
-21.312888,8,502.393087
-3.291036,8,502.414909
-105.272921,8,502.435685
-61.130693,8,502.448526
-0.492601,8,502.45755
-15.72792,8,502.480542
-40.889917,8,502.495775
-122.697328,8,502.679898
-15.917819,8,502.744055
-4.874265,8,502.760048
-8.308421,8,502.772187
3.854811,8,502.792268
1.349311,8,502.804245
3.138902,8,502.813273
3.757384,8,502.829037
-7.173928,8,502.851531
-64.883172,8,502.868416
-25.761743,8,502.881572
5.827231,8,502.901837
3.268716,8,502.91664
-76.25809,8,502.929679
-39.575853,8,502.945442
6.663229,8,502.957201
-118.745382,8,502.973467
2.227603,8,502.985466
-36.421702,8,503.001157
-165.878833,8,503.025002
-119.352745,8,503.038898
-70.653825,8,503.056283
-22.679735,8,503.072377
-22.899271,8,503.083061
-46.786441,8,503.099061
-65.53649,8,503.101062
2.139818,8,503.129647
-150.367956,8,503.140261
-98.427561,8,503.147984
5.535142,8,503.173633
-94.308162,8,503.184515
1.323562,8,503.202594
3.356756,8,503.220897
-142.233389,8,503.228908
-13.482598,8,503.242094
-5.799257,8,503.258359
-71.507703,8,503.272375
-11.483233,8,503.289426
-5.433833,8,503.301378
-128.265559,8,503.316253
-71.051621,8,503.327025
-64.873273,8,503.340711
-97.656597,8,503.358225
-0.303639,8,503.369984
-46.49478,8,503.387583
5.182419,8,503.40133
-18.258508,8,503.419529
-40.275945,8,503.436837
-0.065232,8,503.448055
-191.208128,8,503.467345
4.005318,8,503.480867
0.936784,8,503.495046
-12.045168,8,503.511693
-106.287168,8,503.527655
-45.138455,8,503.529149
4.457883,8,503.555204
-21.590335,8,503.560718
-69.384263,8,503.596951
5.234192,8,503.612388
-95.675249,8,503.629023
-223.553518,8,503.641999
-46.067847,8,503.658116
-5.932809,8,503.674013
-39.833531,8,503.676022
-52.611998,8,503.706396
-23.288609,8,503.708403
-25.783308,8,503.736756
-35.96041,8,503.750755
-17.022257,8,503.766661
5.273301,8,503.782762
1.102838,8,503.80064
-36.198022,8,503.814799
-23.64208,8,503.830563
-78.50255,8,503.851767
-4.883495,8,503.860751
-70.683297,8,503.876621
-42.986669,8,503.876621
-0.313109,8,503.89256
-3.276776,8,503.908494
-154.833517,8,503.924721
-5.273424,8,503.94937
-15.166614,8,503.964919
-49.828636,8,503.96983
-74.499759,8,503.985989
-0.753246,8,504.009539
-17.248732,8,504.019131
0.180794,8,504.032955
-85.521834,8,504.055219
-82.676574,8,504.066234
-7.924699,8,504.079237
1.910537,8,504.079237
-8.173579,8,504.095402
-55.085366,8,504.111109
-11.872354,8,504.14118
-33.021641,8,504.160767
-67.988391,8,504.17281
-40.10709,8,504.187093
-105.834722,8,504.200983
-61.249004,8,504.209579
-101.988304,8,504.224818
1.205738,8,504.240358
-58.010894,8,504.254066
-4.031551,8,504.266225
-2.693427,8,504.280347
-18.367519,8,504.295927
-25.324946,8,504.306113
-1.958439,8,504.312996
-4.822229,8,504.328228
-4.749746,8,504.352824
-31.711605,8,504.359344
-22.137444,8,504.382596
-8.765851,8,504.396771
-21.590167,8,504.411402
-18.046942,8,504.422644
-30.942889,8,504.437615
-34.141005,8,504.449399
-15.993997,8,504.466863
-139.371728,8,504.481727
3.72381,8,504.494345
-23.23282,8,504.513543
-23.719496,8,504.524299
-4.412655,8,504.540334
-21.616477,8,504.554366
-215.366771,8,504.566141
-44.090527,8,504.583493
-6.267224,8,504.595257
-112.329502,8,504.609036
-16.20904,8,504.622797
-25.102133,8,504.635477
-87.48202,8,504.650738
-45.189242,8,504.66232
3.166044,8,504.675303
-32.624969,8,504.691045
-38.631921,8,504.709261
7.857801,8,504.723366
-63.22599,8,504.734382
-21.826718,8,504.735391
11.156881,8,504.759632
7.923339,8,504.771162
-140.874251,8,504.786932
-115.049941,8,504.796685
-51.860128,8,504.815838
-140.637954,8,504.829847
-76.815112,8,504.840838
-55.636057,8,504.858495
-30.825907,8,504.870284
-0.893422,8,504.884071
-10.707149,8,504.891838
-13.886092,8,504.910288
-98.219906,8,504.923879
-60.630373,8,504.940825
-14.581814,8,504.953821
-105.747347,8,504.969512
-136.625386,8,504.97953
5.297061,8,504.991025
-23.170454,8,505.003098
2.113292,8,505.023988
-136.902403,8,505.042687
-70.948059,8,505.054666
-44.122311,8,505.072543
-122.217989,8,505.085741
-81.311359,8,505.104488
-106.432839,8,505.111201
10.778058,8,505.133739
-154.955409,8,505.152866
-8.810544,8,505.167867
-85.28144,8,505.184989
-4.457562,8,505.202734
-14.478136,8,505.216805
-15.845119,8,505.244084
-41.945107,8,505.262646
-89.486183,8,505.283063
-8.349059,8,505.299175
-24.320381,8,505.313175
-20.490784,8,505.326525
-9.261197,8,505.326525
-35.80171,8,505.341682
-148.901238,8,505.376546
-25.172263,8,505.377594
-40.923833,8,505.393064
-72.08137,8,505.412436
1.509337,8,505.428706
-130.536954,8,505.44399
-25.689426,8,505.462081
-2.517725,8,505.48386
-42.57381,8,505.496972
-120.031004,8,505.512359
-98.393593,8,505.528586
6.586728,8,505.541913
-42.305962,8,505.562179
-110.339181,8,505.5722
-123.704611,8,505.589471
-18.706642,8,505.608772
-71.671976,8,505.62197
-38.903216,8,505.641904
-42.899789,8,505.653608
-112.312095,8,505.669386
-56.012037,8,505.685168
-161.395285,8,505.699288
-51.663022,8,505.718458
-12.621648,8,505.730074
-109.050363,8,505.744705
-1.305896,8,505.759758
-13.593268,8,505.771796
3.010352,8,505.787183
-91.874566,8,505.798112
-21.704536,8,505.815535
-108.230099,8,505.850682
-91.116831,8,505.862925
-114.611951,8,505.883003
-56.399258,8,505.897002
-7.489922,8,505.907002
-94.688211,8,505.936172
-7.348573,8,505.938173
-4.266398,8,505.969792
-51.310572,8,505.985121
-109.841482,8,506.008928
-64.143708,8,506.02818
7.04725,8,506.044427
-59.209712,8,506.071168
8.743186,8,506.089166
0.054327,8,506.114642
-40.640928,8,506.133239
-13.136825,8,506.150263
7.612368,8,506.157261
-122.916332,8,506.183727
-1.591935,8,506.190757
-97.771957,8,506.204721
-4.97061,8,506.227659
-71.900028,8,506.247564
-2.038916,8,506.260862
-11.778279,8,506.277307
-128.085966,8,506.293813
-89.709508,8,506.310473
2.955668,8,506.328856
-47.108011,8,506.339864
-65.840522,8,506.355058
-4.171332,8,506.360054
5.441796,8,506.375842
-35.348893,8,506.394366
-49.567163,8,506.409412
-2.080213,8,506.428797
0.19645,8,506.444786
-27.454323,8,506.446791
-85.949821,8,506.467323
-5.165605,8,506.488083
-109.608229,8,506.495106
-38.109251,8,506.519063
-15.257897,8,506.534281
-22.201288,8,506.550446
0.043749,8,506.562352
-23.858428,8,506.577041
-57.537744,8,506.593066
-6.270754,8,506.604845
13.1042,8,506.618635
-2.703165,8,506.631374
-41.716179,8,506.650384
-100.689139,8,506.667419
-13.248444,8,506.678314
-128.104394,8,506.688705
-8.156235,8,506.700206
7.112382,8,506.709968
-156.760156,8,506.719987
-3.662868,8,506.735661
3.814315,8,506.756469
-1.674437,8,506.76849
-1.263281,8,506.782486
5.393709,8,506.79647
-58.709539,8,506.806468
-11.35274,8,506.822586
-7.892018,8,506.82861
6.423263,8,506.843797
-43.826322,8,506.865587
-142.530426,8,506.878069
-45.820949,8,506.891323
-72.269613,8,506.903082
7.153317,8,506.916833
-42.546212,8,506.930851
-66.270539,8,506.942081
-16.210711,8,506.953864
-49.106783,8,506.966926
-48.349314,8,506.98999
-66.148756,8,507.010112
-36.05368,8,507.016108
-54.306339,8,507.038393
-9.739779,8,507.047878
-54.05752,8,507.06799
2.996153,8,507.079234
-44.678845,8,507.102169
-58.652951,8,507.105168
-11.098742,8,507.134242
-78.745178,8,507.156453
8.687659,8,507.174513
-147.056761,8,507.191845
-36.953269,8,507.21227
-88.935422,8,507.22537
-55.040185,8,507.243048
-197.204307,8,507.257718
-7.057845,8,507.271216
-43.370401,8,507.286555
-19.484327,8,507.304038
5.987755,8,507.319874
5.722963,8,507.335875
1.1527,8,507.345874
-12.148086,8,507.361267
-15.625842,8,507.373281
-28.568782,8,507.390702
-61.855412,8,507.412225
-150.069811,8,507.423045
-15.508768,8,507.439983
-2.973669,8,507.451008
-20.95843,8,507.454003
0.748768,8,507.478513
-100.487607,8,507.48979
-25.139488,8,507.50572
-35.780963,8,507.519065
-61.327809,8,507.537657
-34.840852,8,507.552015
-40.262857,8,507.564055
-45.869183,8,507.583164
-86.920264,8,507.593201
-126.569313,8,507.609007
-15.85665,8,507.622796
8.02009,8,507.634696
1.003849,8,507.652022
-17.090508,8,507.665288
-39.554831,8,507.678834
-56.476238,8,507.694699
-17.81499,8,507.705716
-7.466547,8,507.720957
-35.792401,8,507.730713
1.616426,8,507.74221
3.507689,8,507.766131
-2.475184,8,507.778233
-183.327834,8,507.792348
-54.453901,8,507.802529
-69.201506,8,507.81753
-12.101464,8,507.832547
-26.988114,8,507.843888
-25.100647,8,507.858826
-40.904563,8,507.858826
-27.424245,8,507.88721
4.415357,8,507.889212
-42.414582,8,507.909342
-14.195749,8,507.93384
-8.170423,8,507.942858
-186.544866,8,507.952681
2.588152,8,507.977556
-2.919923,8,507.984044
-199.328139,8,508.003473
-9.118205,8,508.014467
-55.752879,8,508.027901
-27.005604,8,508.042773
-71.045133,8,508.059013
-2.570601,8,508.079432
2.802734,8,508.09152
-69.849345,8,508.106614
-9.91118,8,508.12352
9.483866,8,508.125528
-25.993032,8,508.141413
-4.707434,8,508.159118
-113.036775,8,508.176837
-71.015284,8,508.199361
-10.048106,8,508.213503
-66.033143,8,508.231507
7.102636,8,508.245992
3.635322,8,508.255245
-147.682183,8,508.281226
-87.190835,8,508.297501
-81.05807,8,508.325779
-70.698183,8,508.338986
2.842678,8,508.343408
-6.809249,8,508.374245
2.682406,8,508.388406
-83.299781,8,508.409074
-0.161814,8,508.428746
-20.401602,8,508.446874
-59.749457,8,508.45387
-119.567223,8,508.478894
-84.449735,8,508.500773
-28.281301,8,508.524259
-73.259045,8,508.546507
-54.469613,8,508.562572
6.819443,8,508.576594
3.991134,8,508.594967
-165.097367,8,508.608105
-17.663473,8,508.624176
-54.873349,8,508.642334
-22.022666,8,508.661547
-79.362538,8,508.679026
-0.322322,8,508.688622
-54.583679,8,508.704621
-62.820117,8,508.719874
2.621504,8,508.719874
-34.752606,8,508.755465
-0.796225,8,508.767682
-50.214644,8,508.781679
2.681497,8,508.797597
-42.435109,8,508.797597
13.443333,8,508.815617
-7.675526,8,508.835584
-34.728911,8,508.852497
-3.374971,8,508.870517
-36.619352,8,508.883672
3.237079,8,508.899715
-25.65686,8,508.911445
-160.06247,8,508.925443
-76.117954,8,508.946105
-116.025703,8,508.956864
-42.927299,8,508.977789
-48.809268,8,508.997314
-15.110528,8,509.012422
-3.927835,8,509.024423
-107.933244,8,509.026182
-54.475337,8,509.049129
-93.80681,8,509.06066
-75.095708,8,509.072462
-93.837319,8,509.086804
-1.717021,8,509.094699
-64.012258,8,509.110511
-3.915426,8,509.126448
-5.414488,8,509.149026
-25.287101,8,509.157997
-9.450221,8,509.173756
3.560013,8,509.189872
-27.682766,8,509.201983
-18.069887,8,509.221867
4.635585,8,509.241678
-0.340401,8,509.253438
-4.931762,8,509.269202
-177.890517,8,509.281396
-2.08687,8,509.296872
-39.104188,8,509.317764
6.409058,8,509.333869
-58.729705,8,509.350973
-145.667494,8,509.36397
5.634364,8,509.379969
-54.702839,8,509.396128
-65.110273,8,509.408233
-4.228673,8,509.433099
-2.189348,8,509.450353
-1.458591,8,509.467445
-75.448154,8,509.478465
-20.288023,8,509.495032
-30.238051,8,509.514532
-137.529318,8,509.525666
-4.812951,8,509.528702
-91.274282,8,509.544058
1.268202,8,509.561808
-6.116728,8,509.575822
-214.109515,8,509.59194
-89.002214,8,509.611122
-75.232399,8,509.625368
3.34789,8,509.637524
3.824261,8,509.645535
-6.233875,8,509.645535
-69.353821,8,509.661595
-0.051889,8,509.679394
-26.253548,8,509.695414
2.753804,8,509.709434
-11.948328,8,509.725442
-16.663114,8,509.739928
-5.692865,8,509.750923
-105.193399,8,509.763142
-6.305923,8,509.782947
-24.979162,8,509.782947
-117.865578,8,509.803004
-97.180428,8,509.817197
-111.67168,8,509.838059
-9.456918,8,509.857066
-11.14679,8,509.860078
-14.847826,8,509.881366
-33.855608,8,509.892001
3.153242,8,509.909806
0.940758,8,509.927834
-20.037775,8,509.94273
5.860388,8,509.959851
11.948042,8,509.97581
-78.224903,8,509.97581
-21.155941,8,509.996787
-118.824526,8,510.009429
-18.028454,8,510.023302
-2.839775,8,510.041372
-25.988834,8,510.060616
-38.511402,8,510.076883
-29.428461,8,510.086974
-4.179343,8,510.088967
-40.829927,8,510.110024
1.738899,8,510.121146
-34.529556,8,510.137142
-144.452666,8,510.153117
-7.840192,8,510.170351
-85.026311,8,510.172442
-81.60345,8,510.188341
-12.261013,8,510.210351
3.624197,8,510.220386
-68.423246,8,510.240418
-48.39035,8,510.256492
-68.588106,8,510.258494
0.057707,8,510.281663
-77.794971,8,510.29242
0.969298,8,510.293291
-102.457715,8,510.310337
-81.113769,8,510.326758
-91.709584,8,510.342829
-114.087996,8,510.366758
2.882585,8,510.384564
-146.318081,8,510.393453
-21.868188,8,510.411756
-35.114357,8,510.429826
-11.503302,8,510.44476
-60.502327,8,510.445849
-109.018399,8,510.475822
-130.956408,8,510.488831
-24.530987,8,510.503823
-142.035726,8,510.515298
-2.498109,8,510.528585
-54.777832,8,510.545962
-4.414648,8,510.559649
-32.868724,8,510.575693
-46.051276,8,510.575693
-98.167521,8,510.609725
-30.214312,8,510.627883
3.532282,8,510.637878
-0.029858,8,510.659066
0.920072,8,510.673705
7.395499,8,510.691759
3.731603,8,510.716853
-315.608824,8,510.731031
-111.184032,8,510.748678
6.930512,8,510.763784
-96.801398,8,510.782019
-0.019235,8,510.812686
-14.083083,8,510.82879
-67.80137,8,510.846021
-22.410467,8,510.858022
7.533389,8,510.880252
-127.866131,8,510.899249
1.418152,8,510.917419
-88.393789,8,510.938602
-38.234888,8,510.954618
-60.686376,8,510.970636
-7.897822,8,511.004612
2.475019,8,511.010988
-17.453036,8,511.035182
-12.99875,8,511.04858
-112.467534,8,511.058894
-51.973427,8,511.074365
-27.640027,8,511.096388
-22.80489,8,511.107882
2.029158,8,511.121779
-0.179428,8,511.139619
-66.929577,8,511.155663
-20.298209,8,511.166949
-130.759537,8,511.17651
-99.13457,8,511.194651
-25.086571,8,511.211119
-14.424665,8,511.226062
-3.974543,8,511.242187
-7.736978,8,511.258523
0.512056,8,511.266619
1.229748,8,511.278409
-48.667253,8,511.29343
-65.640019,8,511.310653
-50.407407,8,511.326909
-30.011455,8,511.343026
-60.637362,8,511.369469
-43.838546,8,511.384766
-12.348734,8,511.395616
-18.641368,8,511.412898
-16.9696,8,511.427985
-37.782531,8,511.445743
-71.994688,8,511.462746
-14.261115,8,511.473166
-28.957808,8,511.485081
-62.022774,8,511.495345
4.51813,8,511.515239
0.165154,8,511.527567
-40.98159,8,511.545885
-13.618457,8,511.561584
1.266276,8,511.570583
-32.586896,8,511.584742
-91.550784,8,511.594739
-33.731359,8,511.614535
-104.601147,8,511.630296
5.334967,8,511.640307
-93.110165,8,511.655718
-7.729514,8,511.673652
-3.426533,8,511.685679
-189.915552,8,511.700383
-79.43478,8,511.712082
-11.733087,8,511.725804
-2.171249,8,511.739848
-1.345271,8,511.753632
-7.933977,8,511.774806
4.653353,8,511.786861
1.994506,8,511.801857
-0.178092,8,511.816592
-16.517087,8,511.826624
-203.884137,8,511.840669
-0.038804,8,511.852449
-65.382877,8,511.865236
-13.851474,8,511.88436
-40.888616,8,511.895494
2.977621,8,511.910706
-19.809772,8,511.921707
-86.017354,8,511.936432
-35.834766,8,511.958558
-157.0495,8,511.974092
-0.286942,8,511.997914
-92.016902,8,512.011457
7.681142,8,512.03007
-30.333948,8,512.045199
-53.703557,8,512.057469
-35.916601,8,512.074733
-0.971305,8,512.087139
-4.857589,8,512.106828
-85.566567,8,512.122203
-20.485297,8,512.134282
2.802018,8,512.151947
-43.505855,8,512.164473
-24.055045,8,512.180102
-39.439694,8,512.195178
8.8095,8,512.209529
-37.714527,8,512.213285
-4.697419,8,512.235254
-6.788078,8,512.248942
-19.537266,8,512.262987
-23.815813,8,512.272763
-66.309272,8,512.288789
-51.586275,8,512.300822
-8.180046,8,512.319993
-15.821786,8,512.338359
-36.745703,8,512.350351
-131.636121,8,512.365348
-88.501656,8,512.376549
-36.920944,8,512.391574
-107.88246,8,512.39335
-64.103199,8,512.412574
-36.962377,8,512.428828
0.318005,8,512.428828
6.891694,8,512.446728
-99.6355,8,512.460827
-74.581582,8,512.476772
-91.776202,8,512.496305
-3.227442,8,512.512322
0.837486,8,512.528825
-77.554612,8,512.545808
-38.015662,8,512.545808
-26.037343,8,512.573327
-17.880146,8,512.577737
8.550151,8,512.597939
-18.056982,8,512.610227
-8.32339,8,512.620371
-48.558002,8,512.626075
4.527565,8,512.641526
-45.202942,8,512.665611
-71.324283,8,512.678047
-15.951865,8,512.688707
-86.017329,8,512.710859
-42.047788,8,512.72209
7.403957,8,512.735861
-83.671134,8,512.748191
-54.150136,8,512.763174
-118.677989,8,512.778528
-17.592145,8,512.782531
3.104459,8,512.798412
-80.551745,8,512.81448
-72.723512,8,512.81448
-0.928517,8,512.866401
-205.606915,8,512.877895
-4.225281,8,512.890978
4.73816,8,512.907093
-16.891188,8,512.907093
-30.810847,8,512.931334
-4.046246,8,512.938821
-2.153742,8,512.954734
-111.202658,8,512.96691
-53.61209,8,512.981784
-58.91639,8,512.996943
-93.306605,8,513.000943
-13.718199,8,513.022711
-30.740476,8,513.04462
-73.140999,8,513.052523
0.845758,8,513.064313
-54.65625,8,513.095277
-57.12424,8,513.110823
-4.98206,8,513.142835
3.417958,8,513.158867
-59.204725,8,513.174415
2.406175,8,513.187836
2.108654,8,513.209987
-32.125008,8,513.225584
-91.513778,8,513.239837
-1.668026,8,513.261691
-5.886833,8,513.27562
-66.375858,8,513.29384
0.201434,8,513.318317
-45.335402,8,513.336424
-74.378195,8,513.359326
-82.74573,8,513.373388
-0.128234,8,513.392854
-12.581646,8,513.411851
-6.428244,8,513.424979
10.150749,8,513.437976
-0.219854,8,513.4553
-89.111739,8,513.4691
8.578365,8,513.495108
-51.497998,8,513.509971
-8.512906,8,513.530846
5.621387,8,513.542763
-16.264814,8,513.558856
-71.217243,8,513.575059
3.074626,8,513.587303
-16.231069,8,513.602303
-27.946918,8,513.605303
2.757187,8,513.633213
-29.12865,8,513.649303
-120.665948,8,513.665557
-63.44878,8,513.684645
-1.428844,8,513.692399
-4.040564,8,513.707783
-169.522651,8,513.723783
-8.523854,8,513.737289
-57.60131,8,513.739291
-30.476657,8,513.764203
-5.553454,8,513.779203
-12.736213,8,513.779203
-1.398741,8,513.804874
-84.530805,8,513.820116
-0.742405,8,513.825605
-97.218323,8,513.846469
-5.806483,8,513.866679
-18.738151,8,513.877806
0.816676,8,513.891801
10.074724,8,513.902957
-124.749321,8,513.906957
-1.318049,8,513.92282
-52.520042,8,513.938821
-77.922744,8,513.961221
-4.363092,8,513.972327
-6.72697,8,513.987438
-213.945993,8,514.001337
-38.219731,8,514.001337
-18.751892,8,514.022747
-4.889649,8,514.041635
3.37317,8,514.055076
1.624932,8,514.064507
-2.931339,8,514.087769
-94.870229,8,514.09477
-61.415987,8,514.110529
-5.196373,8,514.126472
-49.404811,8,514.142479
-7.397265,8,514.142479
-254.362877,8,514.158256
-3.964934,8,514.177765
1.414732,8,514.199026
5.440273,8,514.217559
-21.102962,8,514.225563
-90.275675,8,514.225563
-3.669696,8,514.241625
2.720349,8,514.259567
0.999304,8,514.276807
-9.168602,8,514.278384
-11.563805,8,514.302727
-127.80359,8,514.312732
-42.021591,8,514.326769
-2.42713,8,514.326769
6.995779,8,514.344763
-42.809111,8,514.360881
-0.691025,8,514.376639
1.128767,8,514.399791
-39.234318,8,514.417125
-22.934095,8,514.42792
-91.756402,8,514.429991
-0.743804,8,514.448613
-5.04962,8,514.461896
-96.773736,8,514.477781
6.069012,8,514.492614
-16.307598,8,514.494874
-16.708767,8,514.511714
5.062794,8,514.529576
-7.137218,8,514.544956
3.706573,8,514.571434
-68.455792,8,514.573541
-12.102679,8,514.594023
-21.909265,8,514.610791
4.030272,8,514.630814
9.256977,8,514.641814
-12.812462,8,514.641814
-10.685399,8,514.657775
-68.32749,8,514.673681
5.897321,8,514.694601
-26.723556,8,514.694601
-184.344007,8,514.71032
10.295344,8,514.736855
-18.640467,8,514.751858
-1.27535,8,514.766599
-90.611807,8,514.776832
-4.375084,8,514.792331
-43.50168,8,514.80034
-16.303789,8,514.80809
-26.689456,8,514.825765
-61.215406,8,514.825765
-20.393131,8,514.852445
-5.513534,8,514.854187
-51.751714,8,514.877973
-39.733673,8,514.891955
-105.998221,8,514.906046
-62.776307,8,514.923221
-69.120777,8,514.927718
-77.891322,8,514.95557
-71.793906,8,514.971674
-80.600851,8,514.977722
6.754733,8,514.993867
-86.505054,8,515.007634
0.775064,8,515.025545
-9.80727,8,515.039812
-64.261035,8,515.050486
-280.61833,8,515.07158
-42.459438,8,515.075488
6.745141,8,515.100197
-10.131574,8,515.109695
-1.050901,8,515.123824
-83.320799,8,515.137142
-72.36957,8,515.146899
-33.892489,8,515.158394
-54.415918,8,515.175452
-110.544993,8,515.18647
-126.769092,8,515.20247
-116.638307,8,515.215426
-10.260563,8,515.229928
-7.238149,8,515.244596
-108.347216,8,515.261535
-102.255602,8,515.281532
2.667661,8,515.291529
-72.485499,8,515.303549
-50.222922,8,515.3196
-6.741598,8,515.331186
-110.103123,8,515.340938
8.069366,8,515.356153
6.885686,8,515.369648
-16.716205,8,515.385867
-60.834509,8,515.410008
2.935483,8,515.433926
-26.434977,8,515.445827
-0.927559,8,515.465498
1.964008,8,515.485233
-42.592179,8,515.502318
-62.752515,8,515.520237
-107.770438,8,515.535415
-101.818922,8,515.554239
-24.459504,8,515.573614
-0.861898,8,515.592585
-2.33954,8,515.604657
-152.352325,8,515.626073
-15.555093,8,515.641856
-84.345258,8,515.659358
-122.934724,8,515.673103
-116.243363,8,515.693249
-150.033705,8,515.709326
1.229085,8,515.72991
-59.489486,8,515.74172
4.00543,8,515.757443
6.056408,8,515.780241
-116.327585,8,515.793547
-194.717329,8,515.810546
5.855728,8,515.827424
-40.382672,8,515.829454
-23.464998,8,515.853349
7.124661,8,515.874542
-198.43892,8,515.890267
-1.957923,8,515.906054
-3.8782,8,515.919761
-4.401556,8,515.939389
-20.359834,8,515.950602
-58.360671,8,515.966298
-11.591103,8,515.984135
2.766911,8,516.005539
-39.691693,8,516.01682
-55.227994,8,516.0386
-11.912843,8,516.048429
-60.143398,8,516.07831
-2.233302,8,516.080065
-13.284599,8,516.095821
-39.241789,8,516.119878
-47.910667,8,516.125792
-17.719443,8,516.150449
-118.744531,8,516.154457
2.972284,8,516.172486
-10.286212,8,516.18856
-2.604523,8,516.202295
-65.34939,8,516.218185
-43.873333,8,516.218185
-54.121627,8,516.250015
11.005406,8,516.250015
-52.483398,8,516.266065
-47.93645,8,516.27894
-0.22919,8,516.293511
-15.718865,8,516.310322
-5.615218,8,516.328094
-130.377805,8,516.342127
-107.920298,8,516.357095
-29.018531,8,516.35905
-43.223491,8,516.376706
2.322378,8,516.398656
-19.149228,8,516.417648
1.546265,8,516.437734
-17.095796,8,516.449885
-114.215619,8,516.453907
-13.342064,8,516.471852
-62.861999,8,516.478715
4.853881,8,516.495177
-3.340985,8,516.511849
-99.582436,8,516.529928
-7.101343,8,516.545721
-10.999223,8,516.561763
-153.671175,8,516.561763
-19.732255,8,516.579598
-12.599534,8,516.60363
-8.317663,8,516.615605
-61.51983,8,516.627386
-103.318969,8,516.652864
-99.451591,8,516.664867
-11.62529,8,516.68016
-9.541603,8,516.69116
-104.885554,8,516.70482
-13.231998,8,516.718863
-10.864868,8,516.734653
-6.12126,8,516.747964
-27.098865,8,516.757996
-65.637584,8,516.772037
-25.9852,8,516.791567
-23.922592,8,516.801599
-37.184563,8,516.817386
-50.322309,8,516.827515
-105.222401,8,516.847978
-15.874968,8,516.861642
-98.695452,8,516.872643
-102.606313,8,516.886479
-32.94428,8,516.897479
-107.000306,8,516.911479
-78.189404,8,516.926121
2.34564,8,516.935297
-44.386282,8,516.957727
-32.323331,8,516.969993
3.970402,8,516.983122
-115.011997,8,516.998918
-17.986199,8,517.008695
-69.705037,8,517.022479
-12.329903,8,517.034517
4.891558,8,517.048297
-43.963599,8,517.062083
-129.741684,8,517.076615
-104.668152,8,517.090398
1.463765,8,517.100129
-27.966234,8,517.114175
-29.457915,8,517.136562
-12.24471,8,517.147182
-1.858991,8,517.1607
4.279091,8,517.170193
-37.476159,8,517.18799
-119.657626,8,517.202548
8.788438,8,517.217816
7.350073,8,517.231313
-19.21468,8,517.241328
-112.789842,8,517.253086
-5.220621,8,517.266862
-9.246096,8,517.281138
-90.144319,8,517.303302
-14.791754,8,517.313306
-27.453917,8,517.330966
-100.237377,8,517.345855
-25.583462,8,517.356896
-56.117441,8,517.369888
0.526789,8,517.381314
-19.40471,8,517.396552
-172.448214,8,517.414553
-10.698698,8,517.423552
-75.761277,8,517.435743
-81.963996,8,517.447771
-1.581727,8,517.463569
-21.020113,8,517.485843
-3.599286,8,517.498446
-37.423233,8,517.519112
-23.09479,8,517.533553
7.733323,8,517.549035
-4.517599,8,517.560791
-4.065047,8,517.572806
-58.425212,8,517.586564
-139.209841,8,517.597107
-21.079914,8,517.610132
-6.831755,8,517.625147
-5.463049,8,517.637252
4.718434,8,517.662532
3.019194,8,517.672568
6.090371,8,517.688234
-36.958686,8,517.702281
-0.669199,8,517.71406
5.852631,8,517.730049
-65.341073,8,517.740032
-69.498445,8,517.751033
-9.828894,8,517.770652
-53.205973,8,517.776654
-41.102137,8,517.796535
-5.254201,8,517.806562
-46.205558,8,517.823304
-135.268632,8,517.842217
9.237658,8,517.857843
-3.868526,8,517.887536
2.408916,8,517.902973
-122.826888,8,517.918873
-18.882569,8,517.934872
2.962181,8,517.946875
-7.933192,8,517.963067
-12.820074,8,517.974645
-50.862164,8,517.992186
1.988135,8,518.008319
1.018469,8,518.023912
-4.459509,8,518.045867
0.390753,8,518.058491
-39.653306,8,518.075632
-15.184823,8,518.096534
4.561949,8,518.110301
-97.386431,8,518.126078
3.305137,8,518.142172
-1.84535,8,518.163357
-14.965773,8,518.185592
-36.187803,8,518.201341
2.969884,8,518.2204
-110.609725,8,518.227438
-81.145547,8,518.254178
-94.371315,8,518.279095
-10.637337,8,518.293552
-21.00534,8,518.310519
-64.780156,8,518.326875
-8.847759,8,518.3429
-31.541653,8,518.358264
-68.679895,8,518.370022
-0.741817,8,518.386928
-66.111521,8,518.399015
-8.314829,8,518.414207
-18.28339,8,518.434503
-122.210223,8,518.447026
-9.054749,8,518.465213
-15.108855,8,518.474993
-180.921088,8,518.478515
-61.94619,8,518.49542
-135.379872,8,518.511644
-12.45795,8,518.528666
-21.272101,8,518.54395
-26.68016,8,518.559858
-1.052841,8,518.575674
-84.286618,8,518.585439
-103.636237,8,518.598939
-199.047258,8,518.608689
3.621962,8,518.622457
-80.66224,8,518.641728
-36.198382,8,518.641728
-72.438484,8,518.669287
-10.47887,8,518.681379
-24.30723,8,518.694212
0.156264,8,518.70919
-3.581856,8,518.70919
-56.55687,8,518.736593
3.141312,8,518.746583
-50.119337,8,518.750588
-1.590519,8,518.766427
3.312946,8,518.788315
-1.246315,8,518.805828
-59.064041,8,518.8136
-21.20674,8,518.829651
-85.083559,8,518.847048
4.921211,8,518.85805
-70.305229,8,518.865413
-44.305015,8,518.875931
8.921767,8,518.891843
-5.017034,8,518.915273
-31.691069,8,518.927046
-123.800557,8,518.941201
-77.193555,8,518.954235
-52.651404,8,518.970208
5.223058,8,518.989396
-79.608834,8,518.992339
-19.445259,8,519.008331
-95.212746,8,519.024373
-14.088587,8,519.044916
-0.940989,8,519.058053
-11.634374,8,519.061374
-87.105333,8,519.085035
-101.92449,8,519.096054
-61.946788,8,519.111818
-75.634306,8,519.119568
-170.484625,8,519.135314
-74.927163,8,519.151409
-19.528115,8,519.167536
-9.463085,8,519.185379
4.9721,8,519.199543
-30.933577,8,519.210901
-12.697533,8,519.231732
-6.153384,8,519.231732
-12.367635,8,519.247915
-74.678407,8,519.263882
-2.325594,8,519.283995
-143.860428,8,519.298048
-24.028796,8,519.310372
-56.868864,8,519.327023
-66.942111,8,519.342125
-4.576928,8,519.342125
-82.338595,8,519.358071
0.155024,8,519.379884
-34.833759,8,519.393797
-1.517199,8,519.409026
-48.664819,8,519.420026
-101.31609,8,519.432939
0.016238,8,519.437938
6.236392,8,519.458796
-43.99775,8,519.477057
-22.928883,8,519.477525
-5.824334,8,519.507649
-25.525535,8,519.519953
0.441266,8,519.529603
5.561072,8,519.553128
-4.719727,8,519.564664
-1.331874,8,519.576425
-109.482491,8,519.598693
-58.862586,8,519.610379
-49.516948,8,519.628119
-4.883004,8,519.639876
-94.73367,8,519.657551
-6.104214,8,519.66301
-1.10944,8,519.690996
6.06832,8,519.709996
-15.704967,8,519.720089
-2.283685,8,519.735832
-67.924498,8,519.744222
-47.717009,8,519.764285
-42.597873,8,519.778111
-6.197393,8,519.79284
-24.822286,8,519.808155
-124.438413,8,519.819145
-100.209311,8,519.82915
-84.761355,8,519.846742
-48.938107,8,519.846742
-44.407149,8,519.876733
-71.513034,8,519.878742
-17.49543,8,519.892761
11.031419,8,519.90868
-96.68308,8,519.933634
-127.198166,8,519.938639
1.27153,8,519.956787
-28.920035,8,519.970573
-29.357705,8,519.986646
-4.230463,8,519.986646
-106.464226,8,520.011139
-59.760542,8,520.028507
-28.18107,8,520.046788
-16.237752,8,520.061584
-28.631549,8,520.074713
-30.75993,8,520.090778
-62.145009,8,520.093149
-92.849289,8,520.108921
-15.796834,8,520.124921
-25.783413,8,520.148363
-6.012067,8,520.157369
-16.763494,8,520.173455
-4.310132,8,520.189135
2.350742,8,520.203887
-29.457374,8,520.217588
-59.459098,8,520.240838
-40.053657,8,520.253984
0.155936,8,520.268634
-82.37564,8,520.283762
-5.592933,8,520.296027
-0.367694,8,520.312627
-146.113325,8,520.327313
-35.912112,8,520.349525
-11.841882,8,520.357543
3.559369,8,520.376801
-97.95519,8,520.393468
-35.380417,8,520.414307
-31.328249,8,520.439262
-8.587754,8,520.458175
-35.728402,8,520.475325
-75.992347,8,520.501222
-4.883338,8,520.516917
-21.147246,8,520.542302
-59.388426,8,520.564627
-95.592509,8,520.576863
-71.144659,8,520.592445
-41.138343,8,520.594311
-170.893621,8,520.607955
-36.267166,8,520.626029
-214.296533,8,520.64204
0.891106,8,520.656168
-75.518669,8,520.674286
1.041814,8,520.699656
-38.666669,8,520.703652
-54.133262,8,520.719815
-88.566814,8,520.737655
-116.767404,8,520.751726
-80.562921,8,520.767946
-15.854744,8,520.786357
-64.255976,8,520.796379
-18.446757,8,520.810524
-0.707309,8,520.813549
0.316425,8,520.829567
-62.365632,8,520.845427
-61.374837,8,520.868998
-2.719471,8,520.879718
-24.107712,8,520.892965
-117.831444,8,520.912097
3.954647,8,520.924097
-0.397952,8,520.936201
-165.459685,8,520.950083
-6.943699,8,520.96184
-192.284506,8,520.976076
-54.579162,8,520.98557
1.454759,8,521.001667
-99.211726,8,521.027658
-74.868451,8,521.031657
-36.618473,8,521.052718
1.593187,8,521.062971
-5.861028,8,521.07833
-1.972768,8,521.099639
-114.728417,8,521.114433
-3.487348,8,521.130699
-86.79549,8,521.146042
-82.748212,8,521.158034
-13.01328,8,521.172792
-67.592148,8,521.184829
-49.777265,8,521.198613
-98.123859,8,521.220085
-73.340073,8,521.222093
-32.939355,8,521.244452
-25.250311,8,521.250455
-6.796621,8,521.266554
-8.766699,8,521.27864
-50.602454,8,521.27864
-106.449623,8,521.305932
-44.110962,8,521.310574
2.554922,8,521.326946
-36.603118,8,521.350572
-5.286211,8,521.362116
-82.491581,8,521.376976
-33.870726,8,521.393489
-47.060726,8,521.407721
-55.641497,8,521.421666
-39.590322,8,521.437955
-2.40923,8,521.454058
-118.7882,8,521.465194
-30.470675,8,521.481032
-11.252181,8,521.494813
-72.045131,8,521.505495
-23.351433,8,521.519311
-58.450951,8,521.531401
-70.504234,8,521.547995
-21.217462,8,521.567535
-20.880088,8,521.579325
-58.035234,8,521.594546
-73.920682,8,521.609288
-109.948927,8,521.625712
-165.418997,8,521.644426
-41.288465,8,521.655353
-70.683755,8,521.673661
-65.717584,8,521.685633
4.912875,8,521.700177
-11.106389,8,521.715354
-103.412876,8,521.725374
-64.363967,8,521.735481
-43.544036,8,521.751309
-19.875723,8,521.767057
2.897026,8,521.79123
-19.934142,8,521.798141
3.102198,8,521.813911
-54.849258,8,521.813911
-41.659611,8,521.842059
3.580272,8,521.857037
-37.231932,8,521.867295
-5.98218,8,521.885158
-21.117215,8,521.898162
-8.265567,8,522.031658
-182.31573,8,522.048927
-56.383679,8,522.058956
-39.25334,8,522.074754
6.77155,8,522.089272
-35.100565,8,522.109845
-86.769318,8,522.130274
-98.0413,8,522.143751
-35.452079,8,522.159645
1.891055,8,522.170694
-24.457884,8,522.185114
-88.379449,8,522.200614
-115.227081,8,522.215832
-18.678542,8,522.233926
2.437255,8,522.234926
-31.75971,8,522.261138
-126.165949,8,522.277442
-127.261918,8,522.278455
-10.05696,8,522.293589
-78.16142,8,522.310434
-30.653299,8,522.331392
-76.914191,8,522.348097
-2.372636,8,522.359137
-65.717065,8,522.372913
-26.431167,8,522.384547
-0.000475,8,522.400056
-66.314401,8,522.418897
-67.57289,8,522.434107
-104.70163,8,522.4473
-6.495745,8,522.457968
-104.786409,8,522.472344
-105.007201,8,522.48757
-101.299871,8,522.498698
-131.260721,8,522.512914
-112.085538,8,522.523568
7.629173,8,522.538259
-18.025102,8,522.55578
-3.470078,8,522.568478
4.723621,8,522.590019
-0.263523,8,522.601978
-1.757863,8,522.615661
-85.394807,8,522.633287
-5.704342,8,522.640299
-61.359546,8,522.665366
-105.689771,8,522.679311
-1.887305,8,522.695091
-2.125032,8,522.709083
0.571266,8,522.709083
-54.372095,8,522.738247
-91.099452,8,522.750718
-25.06404,8,522.770993
-14.334841,8,522.798239
-2.865034,8,522.810019
-12.511431,8,522.830904
-1.006253,8,522.848709
-114.49497,8,522.868126
-5.768711,8,522.891357
-18.662897,8,522.903547
-8.93101,8,522.920547
-162.61373,8,522.933756
-136.042287,8,522.949925
-91.993441,8,522.965132
2.75682,8,522.982128
-46.496296,8,523.00492
-63.473259,8,523.018998
-27.962156,8,523.032795
-1.451913,8,523.048463
-54.008415,8,523.062666
-44.526205,8,523.077912
-16.087589,8,523.090132
1.437101,8,523.110129
-9.286156,8,523.12605
-10.224098,8,523.136446
-4.150229,8,523.148585
-90.401789,8,523.157601
-48.491959,8,523.173227
-3.339558,8,523.195148
1.260419,8,523.205139
-49.818792,8,523.223302
-9.967329,8,523.233888
-21.650483,8,523.249133
-97.683403,8,523.263153
-41.784347,8,523.27439
-91.446169,8,523.278531
-16.312464,8,523.301663
-49.759424,8,523.310921
-8.509864,8,523.33086
-56.663387,8,523.346184
-2.461043,8,523.364953
-42.883797,8,523.376961
7.449918,8,523.392687
-8.8237,8,523.408004
-50.384328,8,523.418404
2.903677,8,523.433602
-16.816922,8,523.447832
-147.863601,8,523.463039
-116.090981,8,523.477721
-30.648579,8,523.48785
-17.717032,8,523.50386
-49.412953,8,523.515076
-86.145629,8,523.53106
-53.373536,8,523.547204
-88.6307,8,523.564523
-23.066869,8,523.578281
-6.545834,8,523.589515
-24.56929,8,523.602012
-121.959141,8,523.617662
-2.036146,8,523.628562
-3.475255,8,523.642562
-66.672789,8,523.653562
-34.013472,8,523.671112
-2.618877,8,523.691477
9.782155,8,523.707733
-61.633899,8,523.732516
4.359653,8,523.744237
-7.826415,8,523.759145
-53.070771,8,523.774029
-32.07638,8,523.786848
-96.008622,8,523.807173
-28.181004,8,523.820625
-67.510504,8,523.836425
-1.387512,8,523.850695
7.19316,8,523.862675
-67.048854,8,523.876335
-178.523815,8,523.888372
-98.169474,8,523.90548
0.784884,8,523.923995
-54.122202,8,523.937972
-91.751551,8,523.955407
2.83451,8,523.96663
-59.317143,8,523.98182
-120.184004,8,523.996475
-22.839885,8,524.006139
-3.371541,8,524.024841
-183.94136,8,524.035173
-7.043949,8,524.035173
-7.11903,8,524.063061
-4.916433,8,524.074258
-8.41132,8,524.079239
-23.221256,8,524.095152
-52.912462,8,524.117141
-44.743358,8,524.126907
-8.016834,8,524.145021
-21.816941,8,524.158634
-8.724622,8,524.161603
-4.543349,8,524.18495
-7.011826,8,524.196321
-0.165317,8,524.204029
-40.015522,8,524.219956
-142.479811,8,524.219956
-78.169244,8,524.244419
-113.124522,8,524.270688
-46.205828,8,524.282607
-61.716713,8,524.293721
-21.249154,8,524.293721
-30.763712,8,524.321694
-36.206757,8,524.335046
-21.153883,8,524.34812
-60.775736,8,524.363508
-29.748964,8,524.373547
-28.476196,8,524.389003
-0.468778,8,524.40271
-50.672841,8,524.415478
-49.935319,8,524.433347
-44.71729,8,524.445046
-31.235774,8,524.458709
-2.688222,8,524.478533
-26.934309,8,524.490579
-55.745107,8,524.504321
-36.438356,8,524.51683
-11.567834,8,524.532699
-32.686542,8,524.546747
-18.214737,8,524.558782
-5.130611,8,524.572564
-2.468428,8,524.585171
-21.115481,8,524.600123
-10.828905,8,524.618411
-18.396429,8,524.629887
-9.594397,8,524.64594
-108.717623,8,524.65571
-138.059073,8,524.669371
-78.444834,8,524.673383
-79.178658,8,524.687109
-59.580787,8,524.70327
-45.977577,8,524.719396
-91.455382,8,524.735277
-50.285204,8,524.751234
-126.278836,8,524.758732
-105.282619,8,524.778024
-118.459867,8,524.798423
-48.263209,8,524.813416
-112.972906,8,524.825902
-4.40605,8,524.825902
-4.263788,8,524.841329
-5.643025,8,524.857237
-29.169774,8,524.873016
7.713639,8,524.889212
-27.331413,8,524.889212
-21.436784,8,524.909516
-68.713208,8,524.933674
-31.970842,8,524.947451
0.841756,8,524.967622
-55.764701,8,524.981405
-30.533069,8,524.998556
-84.239154,8,525.009658
-19.366256,8,525.030867
-132.464224,8,525.047516
-9.36461,8,525.059186
-32.696846,8,525.074921
2.670468,8,525.085935
-88.584664,8,525.102533
-16.531314,8,525.116573
-48.590808,8,525.134731
-29.263425,8,525.153054
-6.163858,8,525.166862
-2.99046,8,525.183375
-9.964835,8,525.192911
-101.25139,8,525.212261
5.892116,8,525.229578
-41.76189,8,525.246747
-97.040749,8,525.262684
-12.54966,8,525.280458
1.084431,8,525.292166
-47.396173,8,525.306777
-0.460234,8,525.319297
-18.012289,8,525.338558
4.379168,8,525.361294
-29.054275,8,525.373334
-77.18268,8,525.389375
-116.328609,8,525.401985
-2.331766,8,525.419466
-61.40242,8,525.428767
-23.797813,8,525.4493
-3.589639,8,525.46736
-13.75029,8,525.478555
-23.637449,8,525.494776
-3.985354,8,525.510827
-6.51844,8,525.512372
1.964048,8,525.545946
-72.9686,8,525.559344
-9.333906,8,525.574349
-103.920937,8,525.594927
-93.840356,8,525.606942
1.300796,8,525.621706
-8.258483,8,525.63239
-96.406696,8,525.648886
-1.415534,8,525.664129
-74.210705,8,525.675887
-81.39958,8,525.694009
5.510578,8,525.704004
-122.407404,8,525.723819
-14.464842,8,525.739678
-4.838842,8,525.755413
-92.189521,8,525.775458
-23.240591,8,525.788859
-78.526566,8,525.80805
-46.443492,8,525.821431
8.403686,8,525.83295
-11.830659,8,525.850388
5.826029,8,525.863874
-29.577177,8,525.877531
-60.000762,8,525.892586
-90.502616,8,525.904665
-61.083473,8,525.922564
-21.101253,8,525.935522
-21.444378,8,525.942275
-44.034119,8,525.95446
-171.181294,8,525.976259
-3.129578,8,525.989414
-2.587703,8,525.998413
-105.886832,8,526.012598
-102.501682,8,526.031598
-14.410238,8,526.042616
0.965791,8,526.054599
-0.204546,8,526.063987
-58.494841,8,526.076077
0.589097,8,526.096563
-138.857677,8,526.110551
-14.076847,8,526.131004
-122.477523,8,526.142949
-61.802366,8,526.156148
1.294429,8,526.159131
-10.05879,8,526.177134
-117.796669,8,526.195674
-75.249012,8,526.203687
-133.894506,8,526.219904
-41.026663,8,526.228225
-3.84309,8,526.251103
-35.916369,8,526.267165
4.853747,8,526.280586
-55.160921,8,526.293451
-0.76341,8,526.310645
-6.392411,8,526.310645
-105.976006,8,526.32702
-83.813917,8,526.341773
-119.766775,8,526.360316
6.193184,8,526.375393
1.204448,8,526.386834
-11.080974,8,526.40116
-82.891574,8,526.412139
2.139375,8,526.427022
7.392622,8,526.449465
-23.980634,8,526.461621
7.278915,8,526.476537
-161.193746,8,526.487795
-50.988867,8,526.500791
-40.106535,8,526.511951
-53.44839,8,526.528336
-299.485038,8,526.528336
-42.351398,8,526.543578
-36.172382,8,526.561469
-24.195063,8,526.57547
-34.720923,8,526.599951
-51.355751,8,526.615469
-105.315809,8,526.623219
-30.21042,8,526.639277
-51.583911,8,526.655325
-22.819091,8,526.655325
-39.489678,8,526.671548
-88.290528,8,526.694127
-102.370423,8,526.704127
-93.068339,8,526.71989
-22.214499,8,526.71989
-10.014116,8,526.749255
-1.116441,8,526.753265
-9.000461,8,526.76709
-24.645809,8,526.796275
-8.920069,8,526.807574
-39.499972,8,526.813573
-41.091051,8,526.829746
0.149966,8,526.845889
-26.59533,8,526.849895
-70.391294,8,526.861801
-18.043605,8,526.879585
-16.953352,8,526.897629
-35.234816,8,526.913549
-38.799109,8,526.927495
-103.319688,8,526.938508
-3.605574,8,526.956895
-27.657023,8,526.958894
-55.530327,8,526.974694
4.437596,8,526.998938
-65.833296,8,527.013261
-27.865522,8,527.028464
-73.090398,8,527.032475
-169.720066,8,527.048503
-1.944479,8,527.064556
-141.015759,8,527.064556
-13.136037,8,527.080622
-0.357972,8,527.096665
-23.707059,8,527.121824
-8.967743,8,527.141748
-92.142088,8,527.155798
-1.144626,8,527.168844
-14.976688,8,527.17997
-26.55199,8,527.19603
-68.937006,8,527.209819
-18.442191,8,527.221596
-42.813354,8,527.231682
2.741382,8,527.246043
-78.339807,8,527.25957
-102.78483,8,527.272683
-72.628311,8,527.278475
0.859233,8,527.301137
-59.98444,8,527.317174
-24.166174,8,527.327105
-53.733082,8,527.350392
-56.07662,8,527.360403
-8.918241,8,527.360403
-7.302038,8,527.388135
-109.119004,8,527.410041
-6.399686,8,527.428076
-3.063679,8,527.450221
5.587663,8,527.468211
-82.244878,8,527.480213
-28.849125,8,527.500401
3.480972,8,527.526072
4.652927,8,527.543998
-34.142126,8,527.567469
-64.902318,8,527.581175
-11.954792,8,527.599274
-135.409273,8,527.617399
2.504058,8,527.632398
-3.590212,8,527.652007
-30.338659,8,527.667716
-2.255295,8,527.689967
-1.222595,8,527.696966
-40.415156,8,527.716936
-42.488731,8,527.736928
-60.544682,8,527.746748
-10.291346,8,527.764275
-70.948012,8,527.784764
-30.120703,8,527.794766
1.501783,8,527.809316
-17.338252,8,527.822631
-31.18234,8,527.840777
-16.75931,8,527.856575
-21.240412,8,527.870767
-31.020093,8,527.876277
-45.879871,8,527.904264
4.631656,8,527.921488
-23.517052,8,527.939076
-5.176696,8,527.95315
-22.134182,8,527.961249
10.905901,8,527.98241
-3.994734,8,527.996411
-28.26335,8,528.01341
-28.654429,8,528.01741
-49.252296,8,528.033117
-110.297912,8,528.048838
-76.001437,8,528.062891
4.834412,8,528.076654
-49.408664,8,528.088413
-60.68803,8,528.096231
-89.842822,8,528.119153
-20.235944,8,528.126139
-117.481214,8,528.146497
-11.584612,8,528.154512
-26.223337,8,528.170018
-57.789975,8,528.184069
-21.738332,8,528.19829
3.313176,8,528.215653
-96.494195,8,528.215653
-12.528624,8,528.238755
-18.299909,8,528.252155
-9.508779,8,528.280599
-50.879221,8,528.302357
-20.829506,8,528.310659
-57.54231,8,528.330712
-3.000967,8,528.344711
-106.326957,8,528.360462
-82.876029,8,528.360462
-8.54081,8,528.376371
-30.769765,8,528.394335
-18.769094,8,528.411979
-8.522864,8,528.42909
-56.540084,8,528.444188
-109.58213,8,528.457409
-0.012675,8,528.478688
-116.36648,8,528.492862
-61.580347,8,528.499913
-83.323327,8,528.52463
-1.189574,8,528.535626
-25.228111,8,528.550626
1.390815,8,528.561604
9.434284,8,528.580569
-35.82573,8,528.596083
-38.920158,8,528.608101
-102.208592,8,528.623888
-4.000727,8,528.63366
2.591345,8,528.649451
-6.852236,8,528.668497
-45.275672,8,528.676252
-1.353737,8,528.696783
-60.813718,8,528.707822
-1.130444,8,528.722786
-0.651025,8,528.736845
4.384604,8,528.748889
-11.215329,8,528.763459
-32.840972,8,528.77398
-60.269571,8,528.788027
-8.841506,8,528.805943
-18.338792,8,528.815711
-36.071511,8,528.833233
-22.248667,8,528.845275
-84.061162,8,528.859325
-21.302011,8,528.874276
-102.363574,8,528.885276
-22.191824,8,528.897889
-1.208823,8,528.912304
-35.993563,8,528.92801
0.228216,8,528.943405
-62.488962,8,528.953449
-83.367688,8,528.969595
-12.103622,8,528.979742
-36.7909,8,528.993726
-85.570692,8,529.01393
-28.542411,8,529.02816
-0.118925,8,529.043185
-53.75836,8,529.054267
-2.15594,8,529.059251
-23.915793,8,529.077249
-67.395421,8,529.091365
3.811002,8,529.091365
-84.725889,8,529.107576
-25.056272,8,529.136052
-132.074591,8,529.149081
-6.404787,8,529.154839
-95.317798,8,529.174083
3.083195,8,529.185876
-0.442687,8,529.19898
-47.147186,8,529.217633
-23.500822,8,529.233274
-15.53604,8,529.248274
-143.408948,8,529.259656
-2.533627,8,529.273782
1.453605,8,529.279862
-2.289732,8,529.293604
-17.587668,8,529.315203
-165.777109,8,529.326176
5.16004,8,529.329176
-14.000289,8,529.365009
-128.598626,8,529.376671
-80.367592,8,529.392596
-100.879883,8,529.393849
-0.00979,8,529.418473
-1.455585,8,529.433448
-2.65734,8,529.438448
-7.270198,8,529.456906
-14.96288,8,529.473758
-78.494491,8,529.479477
-31.651827,8,529.495382
-19.744752,8,529.512361
-19.25424,8,529.535102
-63.28611,8,529.546923
2.302657,8,529.566092
-23.198774,8,529.58136
1.747197,8,529.59136
1.000855,8,529.607091
-75.795415,8,529.617663
-127.957244,8,529.629848
10.435409,8,529.647035
5.072289,8,529.657036
-6.123823,8,529.657036
-113.09152,8,529.685515
-4.382851,8,529.702266
6.094729,8,529.72757
-48.616468,8,529.737352
-81.864369,8,529.757165
-14.162702,8,529.768862
-86.065274,8,529.778569
-39.409407,8,529.804538
0.731647,8,529.816311
-15.112731,8,529.832097
-2.70383,8,529.844092
4.483133,8,529.858738
-22.362507,8,529.877425
-1.966791,8,529.901436
7.776223,8,529.925843
-91.877789,8,529.947007
5.355814,8,529.965753
-21.850608,8,529.976502
-40.097402,8,530.000368
-30.170514,8,530.022455
6.496227,8,530.039593
-38.180712,8,530.04761
-18.90153,8,530.063344
5.468635,8,530.078085
1.553422,8,530.105116
-196.690524,8,530.120905
-9.162162,8,530.136102
-4.91786,8,530.146582
-11.196968,8,530.161731
4.543444,8,530.173276
-94.865067,8,530.194426
-68.785328,8,530.212426
7.418796,8,530.219426
-84.771476,8,530.235537
-127.527485,8,530.251676
-183.882222,8,530.267627
-195.09471,8,530.278785
-17.427844,8,530.293689
-128.184722,8,530.310659
-77.372498,8,530.329307
4.280629,8,530.329307
-60.203968,8,530.361072
1.140972,8,530.376242
-44.887857,8,530.377105
-32.726518,8,530.393694
5.467339,8,530.415195
-9.633505,8,530.431347
-32.553864,8,530.447791
-9.45015,8,530.465462
-9.50337,8,530.481149
-21.682165,8,530.491625
-51.750595,8,530.506831
-27.867028,8,530.530296
-53.575817,8,530.542295
-24.131291,8,530.562463
-4.156438,8,530.57609
-20.395907,8,530.59146
1.509922,8,530.60708
-41.999943,8,530.618363
-40.122648,8,530.634587
-242.852443,8,530.647583
-34.90592,8,530.66639
-79.564356,8,530.682618
-59.507706,8,530.6943
-91.00484,8,530.715425
-6.019412,8,530.727167
5.859974,8,530.742725
-33.958639,8,530.758724
-121.942264,8,530.772365
-40.000591,8,530.783819
0.666058,8,530.799066
2.418306,8,530.817083
-17.810269,8,530.833531
-36.837619,8,530.845327
-28.629615,8,530.86225
-9.530436,8,530.874248
-117.466613,8,530.894965
-151.453132,8,530.91732
-1.340719,8,530.929123
-5.546901,8,530.947538
-90.60885,8,530.961447
0.460689,8,530.979105
-96.77501,8,530.99902
8.11877,8,531.011451
-67.003573,8,531.029535
-80.41307,8,531.04223
-138.05291,8,531.06123
-36.674446,8,531.077388
-14.802207,8,531.0895
-55.074004,8,531.11204
-46.800903,8,531.123061
-153.822147,8,531.137984
3.645132,8,531.144706
-156.47444,8,531.170175
-62.844409,8,531.186257
-88.521668,8,531.198258
-76.320425,8,531.204259
-92.866564,8,531.235806
-6.084961,8,531.244361
-191.235713,8,531.259682
-5.948928,8,531.282069
-37.807936,8,531.305139
-4.48279,8,531.325231
-33.422963,8,531.333546
-10.617457,8,531.359617
-27.61402,8,531.366486
-52.100969,8,531.38408
-4.064035,8,531.400737
-8.097191,8,531.413507
-5.054199,8,531.431192
-7.395812,8,531.447779
-168.611897,8,531.46389
-33.238504,8,531.481001
3.73438,8,531.492862
-2.780664,8,531.514461
-24.516153,8,531.527358
-68.01468,8,531.546677
-3.588765,8,531.567587
6.522283,8,531.57959
-72.001632,8,531.597586
-68.903018,8,531.609587
-30.641302,8,531.626587
-0.258433,8,531.642842
-105.140428,8,531.66062
-37.649169,8,531.678093
-60.557947,8,531.691224
-2.87286,8,531.708242
3.340662,8,531.729435
-20.948853,8,531.740208
-5.235911,8,531.751175
-34.523987,8,531.772868
-54.496931,8,531.789242
-36.674662,8,531.808292
-47.700352,8,531.820336
-57.229692,8,531.841091
-70.91955,8,531.852317
-46.446522,8,531.876088
-21.929937,8,531.896947
-95.504418,8,531.912031
-79.659182,8,531.937019
-138.233469,8,531.951158
-109.903652,8,531.968158
-1.133528,8,531.991249
-109.172214,8,532.004581
-50.698496,8,532.024414
6.498965,8,532.038188
-83.077651,8,532.056039
2.970803,8,532.073927
-10.559364,8,532.091933
-196.09685,8,532.114451
3.987758,8,532.129462
-37.198952,8,532.163054
4.950664,8,532.197441
-101.177938,8,532.225304
-23.788135,8,532.263944
-25.427555,8,532.286061
0.784312,8,532.308084
-36.78848,8,532.343148
-29.845027,8,532.381966
1.828686,8,532.416635
-85.224843,8,532.441119
8.384855,8,532.469947
-3.597023,8,532.495966
-9.022078,8,532.51597
-31.051462,8,532.534977
-27.993491,8,532.56497
-3.818596,8,532.577737
-77.182611,8,532.60582
2.5786,8,532.621781
3.966796,8,532.645427
-1.903405,8,532.66626
-38.792833,8,532.684878
-64.788168,8,532.702497
-50.953733,8,532.718508
8.255147,8,532.738597
-29.689015,8,532.75307
3.088811,8,532.779119
3.577546,8,532.801677
-80.846499,8,532.815933
-26.301689,8,532.832618
-9.186227,8,532.845536
-15.309092,8,532.861515
1.917512,8,532.877224
5.70175,8,532.894057
-24.010703,8,532.911789
5.980993,8,532.924041
-1.267928,8,532.941689
-156.253146,8,532.958885
-66.767139,8,532.971269
-75.943973,8,532.998697
-110.330404,8,533.012821
-0.328858,8,533.030531
-9.833518,8,533.04704
-11.276686,8,533.059962
-12.469619,8,533.076961
-9.391261,8,533.09096
-241.325385,8,533.11096
8.169297,8,533.126072
-68.610495,8,533.138188
-23.025684,8,533.154835
-58.213692,8,533.166998
-88.92179,8,533.183718
-30.353093,8,533.208006
1.954087,8,533.22084
-50.028683,8,533.238571
-1.846843,8,533.25284
3.564817,8,533.272331
-39.36455,8,533.292062
-56.768213,8,533.31705
-29.018578,8,533.340452
-168.88296,8,533.356156
-100.029169,8,533.378655
-108.808568,8,533.401029
4.473948,8,533.416115
-40.427676,8,533.448501
-19.309833,8,533.463651
12.268605,8,533.481985
-16.940916,8,533.499883
-67.649852,8,533.514579
-92.941486,8,533.536867
2.165492,8,533.551811
-37.265438,8,533.567998
0.723286,8,533.586188
8.015455,8,533.602153
-24.24029,8,533.620513
-12.763879,8,533.639945
-55.94615,8,533.662578
-41.194937,8,533.687796
-1.361901,8,533.699162
-28.347472,8,533.715386
-39.174932,8,533.73181
-23.559922,8,533.945297
8.428229,8,533.968795
-13.96104,8,533.985993
-43.114743,8,534.009591
6.277628,8,534.024123
-83.720442,8,534.044225
-17.355683,8,534.063429
-42.858545,8,534.07824
7.660928,8,534.102693
1.969534,8,534.123573
-58.650957,8,534.141833
11.031237,8,534.161416
-1.106095,8,534.174435
-64.152857,8,534.19482
-68.786445,8,534.209837
-27.13237,8,534.23337
2.522764,8,534.252155
-29.795819,8,534.266152
1.886227,8,534.283592
-17.017653,8,534.295005
-35.526108,8,534.313954
-63.648986,8,534.340189
-5.279674,8,534.354531
-42.95885,8,534.374662
-74.519171,8,534.390109
-1.264978,8,534.408574
-5.174082,8,534.427206
0.466846,8,534.443893
-62.958383,8,534.462624
-72.340781,8,534.475611
0.629606,8,534.493886
6.025454,8,534.511603
-37.303457,8,534.524374
-26.439008,8,534.549992
-124.473349,8,534.562918
-92.775192,8,534.580827
-2.710865,8,534.597828
-22.475889,8,534.611909
2.147009,8,534.629349
-10.843333,8,534.643931
-2.875108,8,534.66591
-100.829373,8,534.685388
4.437706,8,534.700438
-15.022466,8,534.718793
-14.613809,8,534.733216
-69.896179,8,534.756518
-102.623972,8,534.78622
-9.372589,8,534.799395
6.92749,8,534.817472
-36.773586,8,534.829731
-10.194503,8,534.845934
-3.148608,8,534.861912
-25.366526,8,534.87444
5.538278,8,534.920138
-11.881076,8,534.936141
-188.603851,8,534.961791
5.12908,8,535.009362
-105.950882,8,535.041572
-67.699928,8,535.082682
-50.768802,8,535.106477
0.915004,8,535.136351
-21.663971,8,535.161782
-150.978614,8,535.180873
-91.680512,8,535.203792
-0.311314,8,535.227278
-2.908548,8,535.252748
-6.848571,8,535.27355
4.891273,8,535.289046
-100.282281,8,535.312574
-12.041503,8,535.326533
-24.006931,8,535.348532
0.333311,8,535.360031
-98.871755,8,535.383636
-3.50401,8,535.399435
-51.000205,8,535.413221
6.613675,8,535.432579
-23.193307,8,535.453154
-11.321284,8,535.464935
-19.688633,8,535.481297
-66.406833,8,535.491312
-8.03629,8,535.509113
4.347421,8,535.52462
3.952397,8,535.536114
-105.68803,8,535.561654
-40.106865,8,535.572803
-14.022606,8,535.589663
-39.152271,8,535.606408
-64.693569,8,535.61779
-11.894909,8,535.633841
-112.031193,8,535.645625
-15.636737,8,535.664917
-89.786604,8,535.683737
-50.069353,8,535.694896
-46.533006,8,535.715425
-155.396118,8,535.728522
-12.553524,8,535.745743
-121.888874,8,535.766864
-61.7653,8,535.781531
8.118372,8,535.793516
-36.999953,8,535.809205
-27.955894,8,535.821458
5.458381,8,535.8367
-5.649493,8,535.845729
-148.839896,8,535.865635
-32.074998,8,535.878733
4.231857,8,535.903941
-18.752146,8,535.927005
-43.298024,8,535.940882
-87.197693,8,535.963478
-48.320423,8,535.963478
1.056827,8,535.980383
-47.446141,8,535.996411
-25.935525,8,536.012478
6.049254,8,536.03404
0.656816,8,536.053696
0.750806,8,536.065953
-0.064685,8,536.078766
-59.938079,8,536.095308
2.948981,8,536.112615
6.396964,8,536.136405
-28.574973,8,536.160295
-45.159332,8,536.184454
-30.758228,8,536.195458
5.235764,8,536.212138
4.509061,8,536.228572
-29.486743,8,536.245505
-190.818325,8,536.267646
-45.485493,8,536.278883
-55.42145,8,536.293431
-2.787367,8,536.297158
-2.198583,8,536.314148
-23.792734,8,536.339231
-81.401054,8,536.352055
2.753356,8,536.375024
0.275218,8,536.375024
3.664672,8,536.390731
-42.7736,8,536.41179
1.985578,8,536.426669
3.316329,8,536.4511
6.486946,8,536.462766
-76.318546,8,536.480643
5.498879,8,536.498979
-56.485121,8,536.511542
-64.150662,8,536.527281
-63.882655,8,536.530278
-9.235815,8,536.545424
0.043144,8,536.576147
-39.022967,8,536.592831
-19.368954,8,536.610401
5.341989,8,536.610401
-38.6167,8,536.628027
-84.381588,8,536.643842
-0.126514,8,536.665587
-26.514835,8,536.685475
-31.054318,8,536.707896
-72.584127,8,536.724853
-26.09532,8,536.74284
-155.985802,8,536.743834
-90.628457,8,536.76236
-58.252845,8,536.779765
5.986563,8,536.805547
-110.695116,8,536.822392
-109.605959,8,536.83114
-20.533127,8,536.852754
-71.05692,8,536.862375
-5.535771,8,536.878919
-84.524723,8,536.897803
-18.533145,8,536.910788
-42.147662,8,536.931978
5.881436,8,536.949757
-31.593906,8,536.99957
-6.600655,8,537.03477
-60.555393,8,537.04924
-22.172166,8,537.060467
-40.437909,8,537.076645
3.691454,8,537.107178
-62.362106,8,537.134758
6.403636,8,537.147246
-6.557675,8,537.176867
-18.861768,8,537.196398
-61.808272,8,537.21885
0.635257,8,537.246774
-24.312259,8,537.26029
2.368541,8,537.29289
-42.887316,8,537.297727
-59.936569,8,537.32858
4.998879,8,537.347846
3.610606,8,537.364864
-123.290569,8,537.38533
-62.437844,8,537.400395
-25.691135,8,537.425882
-81.83978,8,537.449828
-72.491048,8,537.472599
-20.137965,8,537.503505
-1.427993,8,537.522654
-91.385596,8,537.544821
-2.35473,8,537.583484
-86.138354,8,537.609677
1.04357,8,537.632208
-43.590302,8,537.647833
-2.274592,8,537.673786
-122.336418,8,537.699542
2.47716,8,537.721465
-32.122484,8,537.743863
4.517002,8,537.75986
-233.769326,8,537.783097
-33.843612,8,537.799457
-59.141133,8,537.813916
-56.474164,8,537.842873
-133.732519,8,537.860655
-16.236507,8,537.882155
-157.184957,8,537.90531
-164.806919,8,537.931015
-91.663436,8,537.960444
-96.785857,8,537.972444
1.766331,8,537.994769
-21.624405,8,538.013764
-76.055123,8,538.02818
-19.605783,8,538.047776
-9.263154,8,538.066449
-1.046231,8,538.085109
-0.549011,8,538.10955
-25.269519,8,538.125044
-170.855582,8,538.145824
2.402122,8,538.160557
-5.828889,8,538.184338
-4.478729,8,538.206802
-5.191561,8,538.222519
-21.490634,8,538.246492
2.840444,8,538.264401
-30.368614,8,538.289732
-79.603336,8,538.307969
0.091049,8,538.32061
-185.835393,8,538.344844
2.986773,8,538.360706
-33.42809,8,538.385281
-24.522214,8,538.403532
8.315224,8,538.418915
-11.228792,8,538.437269
5.206003,8,538.451931
-4.736459,8,538.4707
3.819824,8,538.495376
-22.388535,8,538.50842
11.993049,8,538.527347
-12.904369,8,538.540392
-46.050521,8,538.562732
-43.977876,8,538.586179
0.427045,8,538.604305
-3.560662,8,538.623758
-43.684893,8,538.63638
3.995309,8,538.65497
-34.919967,8,538.6717
-22.21263,8,538.692814
4.330702,8,538.718195
6.726961,8,538.73328
-27.92644,8,538.752288
-77.694279,8,538.76957
-46.833302,8,538.781358
-102.487927,8,538.804883
-59.100638,8,538.819786
-124.725445,8,538.841292
-85.393282,8,538.864046
-27.028887,8,538.878316
-60.097634,8,538.896921
-11.431503,8,538.910706
-84.006475,8,538.931268
-5.507063,8,538.953219
8.089798,8,538.968918
-49.655427,8,538.987369
-67.904929,8,539.000987
-62.981472,8,539.01961
-2.324355,8,539.039459
-77.138834,8,539.052953
-56.641402,8,539.07361
-174.346659,8,539.087657
-40.741904,8,539.104292
-111.658548,8,539.122197
-21.257134,8,539.135037
-62.091498,8,539.15162
-82.037472,8,539.165497
-3.269464,8,539.188577
-65.824302,8,539.204016
-40.014367,8,539.210839
-38.22345,8,539.241692
1.500797,8,539.257105
-2.417723,8,539.274888
-13.69307,8,539.298044
-102.437739,8,539.311744
-36.049574,8,539.330283
-59.416612,8,539.345303
-9.834248,8,539.364072
-40.467532,8,539.382379
1.192385,8,539.395005
-112.840641,8,539.41681
2.964307,8,539.430446
-6.324154,8,539.449016
-20.073982,8,539.470826
-76.207391,8,539.484314
-5.677071,8,539.504891
-3.99231,8,539.519924
-2.293571,8,539.542937
-31.442726,8,539.560107
-58.402348,8,539.573115
-150.088418,8,539.591248
-47.192198,8,539.605137
-16.742729,8,539.626255
-33.162377,8,539.667744
-113.804898,8,539.690132
-1.399649,8,539.722619
-94.015224,8,539.746866
-76.38237,8,539.773483
-47.046412,8,539.802072
-151.56816,8,539.820657
-32.672222,8,539.842944
-57.230701,8,539.866209
-19.041803,8,539.888062
-20.007987,8,539.90599
-18.632239,8,539.920918
-67.847379,8,539.942964
-17.431704,8,539.958057
-7.064904,8,539.986344
-101.783,8,540.012672
-67.684105,8,540.031922
-74.00743,8,540.055523
1.803752,8,540.072633
1.150115,8,540.103995
-33.318676,8,540.130302
-53.006459,8,540.145956
-52.803392,8,540.168914
-12.205284,8,540.184275
3.88261,8,540.210831
-48.576842,8,540.234288
-5.03496,8,540.251984
-43.964382,8,540.280195
-1.528316,8,540.298323
-23.467922,8,540.329347
-10.836327,8,540.351961
-19.214131,8,540.367458
-6.136527,8,540.388386
-62.182095,8,540.403961
-58.308596,8,540.429046
-18.057852,8,540.45102
-6.035825,8,540.468685
-34.047529,8,540.493748
-4.342368,8,540.507859
-3.521086,8,540.526986
-4.663829,8,540.556041
-30.363191,8,540.570789
-22.349735,8,540.589465
-41.121991,8,540.604102
-6.122228,8,540.634933
-97.069214,8,540.669736
-117.784325,8,540.719255
-55.863563,8,540.748923
-21.060944,8,540.770283
-61.727866,8,540.80784
-40.377902,8,540.835376
-116.864035,8,540.854697
-10.972972,8,540.884408
-38.413153,8,540.904403
-62.60199,8,540.91484
0.436246,8,540.942463
-7.262826,8,540.958502
-41.019811,8,540.974591
-4.999732,8,541.063537
-3.124784,8,541.08484
2.222872,8,541.122484
-28.686976,8,541.144892
8.859283,8,541.168758
-15.99115,8,541.185374
-1.076407,8,541.210133
7.000791,8,541.241896
7.946269,8,541.246859
-36.551617,8,541.273759
-42.372713,8,541.28735
-97.678583,8,541.303641
-106.250829,8,541.326414
-3.492177,8,541.34268
-0.554548,8,541.35859
-32.30659,8,541.375753
-2.495581,8,541.401623
-142.50096,8,541.422998
-19.743227,8,541.444884
-24.302091,8,541.4682
-59.324963,8,541.479706
-15.217565,8,541.49527
-1.526745,8,541.520417
0.710317,8,541.545716
4.690829,8,541.564338
-108.243351,8,541.577676
3.939495,8,541.587719
-6.107532,8,541.614432
-121.175569,8,541.629665
-1.360529,8,541.651686
7.110892,8,541.675143
-88.811198,8,541.700798
-42.356081,8,541.720727
-42.481969,8,541.741617
-44.084439,8,541.760114
-4.587233,8,541.780146
2.991035,8,541.80283
-31.303462,8,541.819877
-25.316513,8,541.832621
3.549662,8,541.851087
-26.651616,8,541.863106
2.466612,8,541.882886
-122.93881,8,541.903978
-88.317414,8,541.916023
-30.72602,8,541.935808
-19.084831,8,541.949587
-45.065523,8,541.965389
-68.639377,8,541.983191
7.024436,8,541.99495
-40.782556,8,542.004708
-95.643148,8,542.023935
7.308986,8,542.039215
-86.867978,8,542.047678
-31.602306,8,542.063751
-128.67824,8,542.07779
-98.347031,8,542.089573
-14.686317,8,542.109893
-42.252414,8,542.139962
-27.930772,8,542.143483
-89.527298,8,542.159411
-36.152152,8,542.175458
-92.490045,8,542.202485
-14.543572,8,542.217538
-17.16294,8,542.233502
-0.992728,8,542.249246
-60.336736,8,542.265145
-21.592658,8,542.275162
-54.032921,8,542.292508
-13.311258,8,542.316528
-72.803872,8,542.358459
-9.861168,8,542.385814
-13.620844,8,542.407304
-27.816483,8,542.4314
0.54796,8,542.45309
-16.527173,8,542.476957
-14.887092,8,542.493712
-1.751159,8,542.515617
-7.342189,8,542.54087
-25.796454,8,542.559799
-8.537052,8,542.581696
-134.875939,8,542.58613
-55.775349,8,542.615394
-101.803047,8,542.629511
-35.734132,8,542.655273
-10.912482,8,542.685507
-5.577357,8,542.701984
-39.659925,8,542.721018
-8.29121,8,542.724765
-24.761009,8,542.74062
-30.167984,8,542.756458
2.394381,8,542.772185
-44.283223,8,542.80202
-8.717539,8,542.819424
-15.667516,8,542.819424
-8.924225,8,542.851248
-56.82574,8,542.859259
-3.257459,8,542.882963
-5.274707,8,542.901851
-27.916863,8,542.916628
-0.440418,8,542.930108
1.559407,8,542.948037
-36.129178,8,542.969384
-96.120056,8,542.998821
-101.455172,8,543.009098
-27.112589,8,543.031153
5.170703,8,543.04291
-19.433088,8,543.058674
-5.853711,8,543.075917
4.337228,8,543.091687
-1.442955,8,543.107727
-97.703842,8,543.119133
-0.986106,8,543.135139
-29.425516,8,543.150908
2.819886,8,543.160492
-5.168878,8,543.176948
1.352344,8,543.188204
-106.712609,8,543.203966
-38.292932,8,543.221471
-23.947545,8,543.229606
-19.327494,8,543.251021
-61.448428,8,543.260776
-25.174464,8,543.27679
3.118442,8,543.292852
-33.563547,8,543.292852
-139.817418,8,543.308713
-12.644747,8,543.324773
-44.117466,8,543.346748
-20.944974,8,543.358509
10.948843,8,543.372329
-12.325577,8,543.372329
-29.165161,8,543.388309
-43.609638,8,543.411995
-4.918594,8,543.425991
-3.803545,8,543.447613
5.676103,8,543.454101
-112.731672,8,543.469792
-14.854504,8,543.483647
-11.890608,8,543.501641
-72.202738,8,543.507709
-48.577076,8,543.515366
-33.54854,8,543.539748
-62.509684,8,543.562681
-68.39653,8,543.578555
-88.236531,8,543.594308
-0.440035,8,543.620713
-107.96342,8,543.635442
-49.374193,8,543.643233
5.355521,8,543.662255
-101.024046,8,543.673044
-26.168111,8,543.695195
-7.187486,8,543.704736
-7.091755,8,543.720699
6.828841,8,543.740794
-23.64151,8,543.75242
-33.268412,8,543.772193
-58.824751,8,543.783691
-55.070726,8,543.799266
-45.610218,8,543.818762
3.945296,8,543.830778
-19.538368,8,543.846575
-6.406563,8,543.856609
3.179901,8,543.8704
-32.303807,8,543.887952
-3.559911,8,543.89997
-17.812294,8,543.913729
-0.902522,8,543.92522
-125.918913,8,543.941011
-27.398821,8,543.941011
-69.586529,8,543.957072
-28.029632,8,543.97306
2.410866,8,543.988805
8.054504,8,544.012876
6.29716,8,544.020626
-11.834513,8,544.038539
-79.900729,8,544.051775
-12.053249,8,544.067926
-61.843816,8,544.089238
-80.330434,8,544.11176
-125.055863,8,544.128125
-17.808111,8,544.145098
-38.850976,8,544.16145
-20.064479,8,544.17806
-68.227977,8,544.200769
-46.944436,8,544.211435
-49.348362,8,544.228092
-99.695738,8,544.228092
-41.997223,8,544.259663
-12.732683,8,544.277385
-134.324108,8,544.278374
-33.928933,8,544.294626
-21.444295,8,544.311352
-136.73472,8,544.327893
5.504519,8,544.344997
-6.417264,8,544.374535
-95.651593,8,544.394333
-53.179872,8,544.407326
-103.109987,8,544.410327
-8.448554,8,544.436843
-76.24214,8,544.454263
8.372525,8,544.475814
-74.910639,8,544.489944
-1.205191,8,544.505701
-30.303803,8,544.523437
2.223535,8,544.537509
-64.100297,8,544.553644
-135.102429,8,544.561671
-84.800972,8,544.58564
5.441895,8,544.610225
7.768948,8,544.623695
-2.267105,8,544.646106
-20.213535,8,544.658728
-99.14567,8,544.692661
9.829496,8,544.715628
-2.197018,8,544.73265
5.323652,8,544.755539
-7.270056,8,544.778981
-6.246467,8,544.799112
2.505971,8,544.817929
7.202781,8,544.83165
6.918012,8,544.85779
-40.410184,8,544.883384
-18.503564,8,544.909686
-46.184838,8,544.944987
-5.484543,8,544.971987
-0.641796,8,545.001941
-0.457979,8,545.017805
-62.94742,8,545.042916
-87.354548,8,545.068887
-83.054514,8,545.083506
-47.005441,8,545.093506
0.707819,8,545.119362
-33.427127,8,545.128651
-35.455681,8,545.158378
-80.636486,8,545.21485
-50.490468,8,545.24611
-13.122276,8,545.262699
-46.236876,8,545.292685
-0.260923,8,545.313684
-23.66221,8,545.332354
5.690303,8,545.343004
-86.668772,8,545.358331
-17.504744,8,545.376534
-85.233673,8,545.39055
-41.879987,8,545.40641
3.417535,8,545.43142
-9.511272,8,545.44142
2.238597,8,545.461044
-3.370816,8,545.474619
1.78548,8,545.490922
-81.059471,8,545.506809
-60.045955,8,545.51885
-39.649539,8,545.535664
-26.969843,8,545.552993
-38.623608,8,545.565697
-100.60257,8,545.584444
-93.087853,8,545.593069
-48.537832,8,545.61594
-39.509351,8,545.635634
-31.35609,8,545.645101
-6.748401,8,545.658101
-61.497902,8,545.666321
-240.350302,8,545.695105
-111.245713,8,545.709723
-49.817829,8,545.71994
-40.316281,8,545.734646
1.57907,8,545.747226
1.991662,8,545.760988
-26.826469,8,545.774227
1.030913,8,545.786329
-78.285996,8,545.808132
-8.345096,8,545.820182
-10.272256,8,545.833611
-84.158495,8,545.849011
-9.79354,8,545.853537
-23.609714,8,545.871395
-89.908858,8,545.882892
-37.240096,8,545.898655
-41.605723,8,545.916029
-5.900309,8,545.927785
-81.839716,8,545.941282
-23.499878,8,545.954335
-84.288371,8,545.971874
-17.414528,8,545.993042
4.514224,8,546.006383
-30.58177,8,546.027336
-120.130432,8,546.036756
-34.047528,8,546.057905
-33.050289,8,546.076589
-157.547234,8,546.090729
-17.872753,8,546.112792
-41.248844,8,546.131827
-36.647633,8,546.148569
-11.411665,8,546.167051
-25.771116,8,546.178444
-82.725075,8,546.198438
-17.257913,8,546.20981
-10.300558,8,546.225076
-8.446632,8,546.241057
-132.582207,8,546.255126
-24.202097,8,546.262896
-97.631878,8,546.282511
-40.198766,8,546.298837
-178.963904,8,546.315624
-37.400742,8,546.326425
-22.660891,8,546.34051
-106.713682,8,546.352114
-20.650474,8,546.371041
-19.545245,8,546.389575
-33.035861,8,546.402235
-35.137145,8,546.418631
-75.866268,8,546.428668
9.184252,8,546.443667
-23.534437,8,546.457808
-23.408953,8,546.467043
-6.553932,8,546.484437
-4.133771,8,546.494194
-85.006369,8,546.507954
-114.154671,8,546.526153
-1.450376,8,546.544425
-108.98571,8,546.567692
-17.771631,8,546.583642
5.644739,8,546.600784
-249.953484,8,546.616384
-16.625339,8,546.629802
-94.785045,8,546.647273
-6.276473,8,546.66063
-2.372321,8,546.679304
-3.081775,8,546.700178
-122.78453,8,546.712655
-97.572566,8,546.730387
-72.214585,8,546.742986
0.415727,8,546.757633
2.385114,8,546.780299
-64.448418,8,546.792969
-10.42098,8,546.811823
-21.123073,8,546.823817
-39.191252,8,546.840739
-3.2758,8,546.855024
-44.992923,8,546.866326
-123.85248,8,546.882889
1.429871,8,546.894296
-14.443601,8,546.907282
-10.197376,8,546.921974
-12.876394,8,546.936954
-51.738092,8,546.954202
-32.383847,8,546.964218
-19.190548,8,546.977983
-21.703203,8,546.993313
-16.065408,8,547.005082
-162.415685,8,547.020982
-54.635968,8,547.040798
-31.346775,8,547.056582
-81.212221,8,547.073627
-103.934549,8,547.090726
-88.17713,8,547.107427
-83.208132,8,547.120296
-13.049977,8,547.138453
-31.561492,8,547.164102
-54.071929,8,547.177495
-22.254618,8,547.191494
-1.503073,8,547.193064
-45.332695,8,547.222947
-17.418157,8,547.239496
-5.913987,8,547.25248
-49.289484,8,547.268496
-29.481552,8,547.284624
-9.801872,8,547.302456
-81.422336,8,547.316497
-36.776815,8,547.316497
-94.800506,8,547.348617
-81.621673,8,547.368517
-22.802669,8,547.382728
-15.407217,8,547.4005
1.326248,8,547.411931
-31.038434,8,547.42802
-119.064617,8,547.42802
-31.601947,8,547.445795
-1.638143,8,547.467463
-21.590273,8,547.485024
-90.443166,8,547.493543
-36.837759,8,547.50724
-42.24671,8,547.523309
-49.595257,8,547.541195
-89.086379,8,547.565185
-44.567834,8,547.570945
-65.152549,8,547.588955
-6.796238,8,547.602751
-49.95752,8,547.620923
-50.194908,8,547.634469
8.871427,8,547.650386
-82.953188,8,547.652395
-34.840614,8,547.676553
-1.475884,8,547.695211
-26.964429,8,547.712006
-34.011617,8,547.729869
-24.759666,8,547.739876
-11.544996,8,547.743783
-14.489953,8,547.772759
-64.204931,8,547.783844
4.323275,8,547.79953
-63.805433,8,547.816101
-5.24886,8,547.831494
6.691799,8,547.847234
-41.883504,8,547.849663
3.299193,8,547.866255
-15.97741,8,547.882801
-19.505674,8,547.901545
0.127559,8,547.930488
-24.848855,8,547.932918
-138.958293,8,547.949579
-16.855068,8,547.966371
3.929467,8,547.982997
-30.786244,8,548.004388
-69.919299,8,548.016007
-21.026582,8,548.026919
-39.735634,8,548.026919
-3.516819,8,548.058813
-14.393004,8,548.074914
-11.380576,8,548.076924
-24.196585,8,548.097774
5.12085,8,548.10652
-1.057102,8,548.124611
-23.668322,8,548.138528
-13.753354,8,548.15971
-65.656173,8,548.170413
-17.008127,8,548.186455
-56.947404,8,548.200098
-110.714367,8,548.211123
-31.712919,8,548.227449
-186.673144,8,548.228437
-32.544082,8,548.249657
-68.619506,8,548.266295
-13.703766,8,548.2931
-51.480279,8,548.293679
-25.707709,8,548.316249
-15.666063,8,548.330444
-98.759594,8,548.346145
-15.706708,8,548.361705
-4.728897,8,548.375066
-0.54226,8,548.396218
8.773455,8,548.405739
-96.073434,8,548.4162
-83.805579,8,548.432728
-118.608389,8,548.452571
-111.258036,8,548.480551
-54.522865,8,548.490559
-2.574696,8,548.508879
-98.08751,8,548.525678
-2.575993,8,548.537635
-4.095174,8,548.55459
-77.532082,8,548.56667
-32.450846,8,548.583419
-32.668355,8,548.601115
-4.347993,8,548.617397
-15.820941,8,548.635462
-53.007887,8,548.647039
-13.611341,8,548.660988
-108.544767,8,548.67651
-76.011943,8,548.691679
-9.286373,8,548.709758
7.507508,8,548.720854
1.408969,8,548.740614
-6.987838,8,548.752547
-104.454316,8,548.764305
-24.255778,8,548.779209
-121.052907,8,548.791279
-129.093719,8,548.806321
-8.969978,8,548.820877
-105.693969,8,548.83236
-7.947884,8,548.853923
0.62203,8,548.867111
-37.0889,8,548.884176
-39.862983,8,548.898557
-77.646021,8,548.909865
-3.873039,8,548.923376
-18.130949,8,548.935416
-73.565831,8,548.95107
-52.266165,8,548.971684
1.001827,8,548.98452
5.819937,8,548.99945
-89.097039,8,549.010981
4.105048,8,549.026516
-33.588651,8,549.044122
-69.775784,8,549.056462
-7.048022,8,549.07642
-5.208363,8,549.08854
-83.228378,8,549.10513
-19.333052,8,549.118168
-3.625681,8,549.12518
-148.551898,8,549.141023
-2.313906,8,549.141023
-47.547658,8,549.170708
-19.501529,8,549.17271
-100.333877,8,549.200638
-40.530044,8,549.214397
-103.790668,8,549.230182
5.793705,8,549.235667
-1.18963,8,549.251706
-67.709861,8,549.267505
-79.284659,8,549.283319
-48.958359,8,549.285331
12.530876,8,549.311507
9.373904,8,549.328779
4.660841,8,549.339783
-1.577304,8,549.356788
-35.698242,8,549.370001
6.200241,8,549.376437
-135.208827,8,549.415672
7.102248,8,549.426432
3.296605,8,549.450811
-76.626231,8,549.462897
2.126273,8,549.476421
-99.629914,8,549.497788
-17.64812,8,549.514785
-63.315287,8,549.53779
-54.575836,8,549.551703
-0.865959,8,549.571872
-30.708256,8,549.593577
-3.54333,8,549.607564
-17.659557,8,549.63371
-117.176651,8,549.648589
-75.299164,8,549.665738
-24.665973,8,549.684062
-115.308405,8,549.700185
-56.515284,8,549.720563
-8.443484,8,549.733327
5.609591,8,549.750843
-31.578294,8,549.765113
-68.409265,8,549.77263
3.040871,8,549.792684
-97.659133,8,549.806446
-84.20629,8,549.822191
-41.024872,8,549.850842
5.873423,8,549.866492
-8.03467,8,549.885546
-94.758393,8,549.898685
-73.479044,8,549.915287
-18.450492,8,549.935621
-0.572616,8,549.95027
-14.34991,8,549.973876
6.078096,8,549.98869
-17.450658,8,550.005444
3.541732,8,550.021619
-67.473662,8,550.033524
6.579626,8,550.053999
-0.35713,8,550.070657
2.253556,8,550.088479
-21.438612,8,550.105667
-32.711569,8,550.11776
-125.851393,8,550.134474
-16.45838,8,550.145123
-68.700948,8,550.158179
-7.232698,8,550.174372
-84.6692,8,550.189646
-0.343019,8,550.205286
-1.63102,8,550.216969
-31.218617,8,550.225981
2.941877,8,550.250087
-4.313859,8,550.257578
-5.886332,8,550.273614
-13.710229,8,550.273614
-8.780933,8,550.289553
-99.688274,8,550.312044
-6.6635,8,550.32359
-14.752432,8,550.337374
-47.314807,8,550.339381
-6.6467,8,550.361541
-106.735797,8,550.379691
3.588868,8,550.398047
-21.2981,8,550.417038
-6.28449,8,550.428809
-64.45041,8,550.442955
-196.885115,8,550.456939
-3.385172,8,550.469949
3.31591,8,550.484642
-64.146889,8,550.493557
-15.794992,8,550.514045
-33.121341,8,550.532592
-4.246021,8,550.544595
-26.306121,8,550.559498
-81.581849,8,550.569641
-30.961092,8,550.584619
-16.589265,8,550.604812
-47.454753,8,550.621107
-15.732928,8,550.637537
-70.070983,8,550.648848
-33.566056,8,550.669676
-2.636974,8,550.686907
0.946801,8,550.694393
-17.049717,8,550.710216
-70.813008,8,550.733101
4.593025,8,550.744118
4.647144,8,550.760226
-55.433323,8,550.760226
-129.682288,8,550.793057
-18.120177,8,550.798204
-167.605693,8,550.811397
3.954686,8,550.833021
-91.714746,8,550.849637
-3.366464,8,550.866377
-23.936106,8,550.879526
-16.433397,8,550.899138
-58.946239,8,550.915002
3.61838,8,550.927875
-23.796354,8,550.944147
-13.941158,8,550.949616
4.080294,8,550.977379
-4.398268,8,550.99967
7.572428,8,551.011838
-32.733682,8,551.056179
-26.408874,8,551.072338
-23.844797,8,551.096037
-79.89231,8,551.121729
-16.205764,8,551.141051
-1.191191,8,551.158482
-64.497602,8,551.17131
-33.307701,8,551.182494
-46.070535,8,551.199118
-15.452137,8,551.221775
-110.796936,8,551.241596
-8.8802,8,551.254731
-44.963449,8,551.270082
8.763947,8,551.286076
-76.29685,8,551.297187
-4.546038,8,551.315898
-65.180801,8,551.327558
5.432322,8,551.343151
1.890667,8,551.349173
-95.110861,8,551.365857
-261.822265,8,551.381038
9.125064,8,551.3908
8.350992,8,551.408559
0.197391,8,551.428325
-1.364308,8,551.440365
-18.764921,8,551.440365
-7.850061,8,551.460701
-21.629187,8,551.47924
-166.656279,8,551.495099
-8.560522,8,551.499524
-10.539144,8,551.526434
-2.597187,8,551.536169
-92.219846,8,551.549552
3.740519,8,551.56378
-26.651708,8,551.58293
-5.034122,8,551.599854
-7.810999,8,551.616383
6.364089,8,551.633089
1.712278,8,551.654867
-26.591215,8,551.670937
-57.7872,8,551.682816
-122.782853,8,551.70371
-48.503423,8,551.722795
0.955819,8,551.73942
-131.242415,8,551.755731
-11.991913,8,551.771105
-116.849251,8,551.782611
-0.654737,8,551.799189
-25.646198,8,551.820089
-6.131062,8,551.834666
-74.509516,8,551.851929
-32.31757,8,551.865829
-18.492272,8,551.886594
-65.944829,8,551.899948
-177.354803,8,551.916056
-20.301062,8,551.931495
-15.019278,8,551.932498
-19.187238,8,551.956801
-5.547922,8,551.979567
-62.151911,8,551.995157
6.351618,8,552.015639
1.207142,8,552.030653
8.184358,8,552.049169
-25.41184,8,552.068024
-16.131823,8,552.085929
-39.913881,8,552.104248
-67.596803,8,552.117301
-40.316805,8,552.137883
-14.612306,8,552.161015
-34.568862,8,552.17633
-3.619599,8,552.191707
-60.771462,8,552.214036
-59.446428,8,552.23456
-117.901364,8,552.260765
-60.438144,8,552.273789
-16.476155,8,552.277776
-3.213371,8,552.294053
-2.541517,8,552.323536
-174.144529,8,552.339853
-1.923068,8,552.351009
-60.434538,8,552.360243
-18.582983,8,552.377491
-65.261009,8,552.396181
6.48752,8,552.411889
-19.675141,8,552.431436
-52.269248,8,552.452873
-31.258256,8,552.466294
-32.660746,8,552.491144
-6.770029,8,552.512733
-5.407337,8,552.528909
-86.33257,8,552.549675
-33.322362,8,552.566209
-3.019523,8,552.582918
-20.058579,8,552.599568
-57.5366,8,552.616229
1.744831,8,552.632975
-30.10586,8,552.649605
-55.755949,8,552.673364
-14.41885,8,552.702518
5.482969,8,552.718786
-2.528582,8,552.737511
-51.142192,8,552.749508
-4.471559,8,552.766034
0.724473,8,552.782954
-0.861279,8,552.799217
-7.371039,8,552.816581
-175.122263,8,552.831111
4.146407,8,552.8473
-54.910919,8,552.860887
-18.681712,8,552.871472
-87.658809,8,552.896168
-107.874153,8,552.908825
-39.231309,8,552.915833
-15.399752,8,552.941821
-75.793893,8,552.952481
0.798598,8,552.965916
-69.845337,8,552.980524
-25.45823,8,552.994575
-163.340161,8,553.014431
-73.133951,8,553.025927
-35.410912,8,553.039431
-39.750433,8,553.050928
-15.4805,8,553.066692
-31.105022,8,553.083931
-14.799488,8,553.095977
4.246931,8,553.111912
6.830755,8,553.129582
-28.375207,8,553.146055
-36.083939,8,553.161622
-112.131934,8,553.17362
-79.122353,8,553.194102
2.514276,8,553.208102
-59.53392,8,553.226372
-54.790576,8,553.243162
-131.581565,8,553.257159
-44.841894,8,553.28057
0.492976,8,553.292889
-24.971715,8,553.31081
2.428415,8,553.326981
-49.416589,8,553.339985
6.973336,8,553.359863
-1.394169,8,553.373271
-18.727125,8,553.389552
-56.581065,8,553.406027
-26.599744,8,553.41749
-120.404389,8,553.433131
3.0404,8,553.446406
-8.716096,8,553.467857
-75.547129,8,553.49612
-37.986397,8,553.509126
-20.556162,8,553.528441
-76.357736,8,553.542439
-3.871777,8,553.559184
-17.46921,8,553.58037
-89.992604,8,553.595429
-132.673431,8,553.612748
-107.58227,8,553.624748
-4.455258,8,553.641592
-4.880814,8,553.660801
-67.580326,8,553.679765
-51.102379,8,553.703114
-182.70037,8,553.718055
-85.270157,8,553.736238
-3.060602,8,553.755701
-48.602467,8,553.770263
-47.984588,8,553.79774
-56.678489,8,553.815959
-33.311652,8,553.835642
-6.919929,8,553.854207
-110.149961,8,553.866119
5.507462,8,553.883513
-38.998443,8,553.901278
-125.731057,8,553.919398
-21.726058,8,553.942171
-135.322693,8,553.955111
-1.09779,8,553.971728
-0.94745,8,553.98527
-20.53374,8,554.004306
6.994438,8,554.025464
-36.507293,8,554.038743
-64.642403,8,554.056119
3.626031,8,554.069432
-2.961712,8,554.088323
-81.181734,8,554.106223
-26.30299,8,554.120989
-19.063396,8,554.15026
2.847861,8,554.165822
-12.51275,8,554.183538
-1.598035,8,554.19918
-57.954295,8,554.213867
0.287229,8,554.240507
-10.971559,8,554.257884
-47.393955,8,554.279467
-55.743064,8,554.302133
3.750139,8,554.315777
-21.170077,8,554.337951
-16.652924,8,554.360832
-16.585314,8,554.377599
3.228615,8,554.403104
-42.440787,8,554.421059
-106.031674,8,554.447384
1.713284,8,554.467835
0.740593,8,554.493169
-8.272215,8,554.512844
-20.657772,8,554.53077
-100.061002,8,554.553917
-13.133798,8,554.563422
-81.297223,8,554.593898
1.59387,8,554.616515
-32.864069,8,554.732561
-2.806761,8,554.755044
-29.521262,8,554.770112
-155.657366,8,554.795245
-113.285486,8,554.819868
-26.923721,8,554.837723
-29.701663,8,554.850386
9.462791,8,554.86536
-71.879136,8,554.89307
-93.324676,8,554.9135
-6.614998,8,554.932512
2.224178,8,554.95217
3.702339,8,554.965744
3.558601,8,554.985507
-45.093853,8,555.007458
-104.961114,8,555.024616
-5.620872,8,555.04797
-140.208553,8,555.062805
-42.267173,8,555.080539
-21.017825,8,555.097018
-84.225047,8,555.110887
-8.90829,8,555.130206
2.97578,8,555.147119
0.297208,8,555.164916
5.76222,8,555.182436
-14.903586,8,555.198507
-71.301533,8,555.219273
3.985653,8,555.233529
-102.259963,8,555.256344
-77.195023,8,555.277565
-71.587511,8,555.291561
-71.937301,8,555.309217
-147.437022,8,555.323775
0.66112,8,555.342476
-71.494715,8,555.364114
-103.901758,8,555.378446
-24.413129,8,555.396059
1.917312,8,555.409872
-8.176531,8,555.428211
-25.589632,8,555.450481
3.078225,8,555.462677
-2.824746,8,555.483783
-24.219494,8,555.497187
-40.669496,8,555.515873
-158.559513,8,555.535514
8.107222,8,555.547941
-21.99849,8,555.565825
-10.961126,8,555.585168
-28.350614,8,555.61098
-1.678596,8,555.629617
-33.178028,8,555.634078
-25.973625,8,555.665175
-16.345094,8,555.678816
-33.317981,8,555.694011
-91.858804,8,555.718508
4.937258,8,555.731716
-26.77886,8,555.749678
-79.585021,8,555.76282
-7.436823,8,555.7805
-89.348318,8,555.798217
-18.113143,8,555.814873
-11.668936,8,555.833155
-144.313924,8,555.848296
-48.378347,8,555.866364
-6.2652,8,555.888967
-132.022591,8,555.899727
-6.470581,8,555.916188
1.589031,8,555.930617
-104.482053,8,555.946355
-15.511506,8,555.961953
7.434722,8,555.973625
3.190552,8,555.987689
-17.476446,8,556.019125
5.902897,8,556.032847
-36.308251,8,556.049258
-159.365168,8,556.064892
-47.213198,8,556.082839
-54.204665,8,556.096461
-84.788812,8,556.111406
-17.661775,8,556.127569
1.551671,8,556.132718
-9.662633,8,556.149483
-89.060019,8,556.17063
4.335865,8,556.182597
0.446044,8,556.194036
-47.93079,8,556.213322
-8.177743,8,556.227757
-29.232539,8,556.227757
-71.091896,8,556.253314
-17.352726,8,556.276518
6.876565,8,556.276518
-3.513225,8,556.300768
-15.014041,8,556.311073
-102.278334,8,556.327945
-27.389059,8,556.344292
-160.296069,8,556.35989
-7.941857,8,556.374483
-12.013255,8,556.389069
-31.837204,8,556.40471
-74.183597,8,556.411075
-67.275627,8,556.427892
-193.141573,8,556.449212
-92.563059,8,556.461367
-8.398746,8,556.461367
-27.22032,8,556.47776
-37.563298,8,556.503947
-7.152852,8,556.518499
-48.286112,8,556.527875
-79.64805,8,556.543184
0.160513,8,556.564497
-6.76449,8,556.576215
-87.093488,8,556.596745
-62.866052,8,556.614022
-0.762514,8,556.627917
2.374854,8,556.647129
4.965773,8,556.667417
10.006716,8,556.687144
-40.669282,8,556.695902
-123.323567,8,556.71883
-4.916623,8,556.740602
-51.315895,8,556.752988
-69.595947,8,556.762755
-20.754417,8,556.779003
-65.794145,8,556.8005
-76.784584,8,556.821209
-31.984188,8,556.829071
1.108519,8,556.866483
1.346799,8,556.882277
-5.767801,8,556.904314
2.270412,8,556.929494
-5.60587,8,556.944603
-91.461891,8,556.962471
-37.297784,8,556.978993
-23.502545,8,556.995669
-22.445215,8,557.01096
1.816554,8,557.01096
-109.341526,8,557.029132
-38.753479,8,557.045745
-24.330193,8,557.062165
-10.427698,8,557.095797
-1.936837,8,557.095797
-14.476333,8,557.123918
-88.383834,8,557.13661
-11.389268,8,557.145673
-105.151042,8,557.162411
-8.26764,8,557.178895
-20.478413,8,557.202458
-0.04304,8,557.214283
-25.067991,8,557.229608
-114.339673,8,557.243111
6.570871,8,557.243111
-18.356991,8,557.274364
-0.448063,8,557.278869
-52.560564,8,557.300846
-127.21447,8,557.317005
6.705377,8,557.332826
-135.80051,8,557.347875
-79.395901,8,557.362045
-24.337184,8,557.376585
-50.456478,8,557.392197
-41.816034,8,557.403161
-62.700544,8,557.419471
-23.450763,8,557.434419
-6.571757,8,557.451126
-103.025874,8,557.46906
-56.123218,8,557.482886
-28.966064,8,557.497393
1.503984,8,557.507404
-49.463283,8,557.520176
-62.629301,8,557.53753
1.484605,8,557.549918
-28.970351,8,557.563327
-26.770425,8,557.574937
3.63528,8,557.59032
-19.624728,8,557.605819
-6.883133,8,557.617837
-39.044098,8,557.635341
10.888443,8,557.651059
-59.768824,8,557.665227
-28.479794,8,557.68241
0.940625,8,557.696742
-5.159444,8,557.711733
-35.171752,8,557.722723
-3.526914,8,557.726448
-19.496542,8,557.751594
-0.865202,8,557.759346
2.710694,8,557.776963
2.058365,8,557.790997
-142.507277,8,557.809961
-53.364685,8,557.8272
-17.986731,8,557.8272
2.808525,8,557.859294
-61.03731,8,557.862378
-20.153922,8,557.87894
-98.345458,8,557.895142
-39.514461,8,557.912577
-4.828015,8,557.928525
11.512727,8,557.929556
-0.281132,8,557.945594
1.634844,8,557.976674
-3.191659,8,557.97899
3.894819,8,557.997105
-8.082939,8,558.011292
-175.166182,8,558.027275
-43.356468,8,558.043186
-22.559048,8,558.060825
-8.177345,8,558.079645
-156.291517,8,558.093284
-80.904274,8,558.113006
1.030033,8,558.132663
-14.312601,8,558.146199
-116.064245,8,558.166152
-25.220271,8,558.180632
-40.270062,8,558.199956
-85.569499,8,558.230651
-103.347756,8,558.245307
-28.713922,8,558.263001
-18.345024,8,558.278635
-109.905277,8,558.298206
-51.1373,8,558.322989
-70.636958,8,558.333225
-3.142525,8,558.350549
-22.862157,8,558.369117
-11.189656,8,558.388858
4.597378,8,558.404435
-5.510022,8,558.416126
2.193193,8,558.432724
-3.355413,8,558.450987
6.475228,8,558.4681
-144.879785,8,558.48265
-0.054666,8,558.495337
-19.069621,8,558.509919
-75.081351,8,558.519559
-70.644804,8,558.532708
-43.534324,8,558.549335
0.482173,8,558.563047
-96.197149,8,558.574744
1.430629,8,558.585606
-65.462647,8,558.599349
-1.757881,8,558.6193
-33.381753,8,558.629698
-4.572294,8,558.646357
7.269072,8,558.656957
-26.732074,8,558.666446
-7.080513,8,558.679123
-138.748627,8,558.704612
-146.609861,8,558.712502
-79.161806,8,558.729252
-129.738816,8,558.745403
-7.49965,8,558.760472
-35.29185,8,558.781307
-8.937091,8,558.802026
6.333147,8,558.812353
-114.868622,8,558.826348
-5.306879,8,558.833371
-80.51773,8,558.851674
-54.070999,8,558.865462
-94.834818,8,558.876711
6.619696,8,558.895815
-158.002796,8,558.910197
-6.13819,8,558.922254
-65.624584,8,558.936277
-10.105172,8,558.95006
-14.263894,8,558.970506
-116.56996,8,558.989329
-37.880855,8,559.009284
-10.57201,8,559.032409
-108.494112,8,559.048259
-18.61591,8,559.072601
-107.824202,8,559.099212
-146.254131,8,559.118572
-84.986569,8,559.149233
-73.552331,8,559.171767
-29.485966,8,559.197225
-21.733415,8,559.232224
-4.087856,8,559.249763
-44.674597,8,559.280241
-36.293552,8,559.299849
1.624658,8,559.329549
-0.588119,8,559.36199
-16.653165,8,559.380414
-71.959486,8,559.399847
-46.213422,8,559.423428
-2.633133,8,559.445219
2.198219,8,559.46714
-2.563581,8,559.479656
-38.643593,8,559.497219
-3.25332,8,559.509975
-13.135025,8,559.525496
-192.958708,8,559.546424
-70.382879,8,559.558792
-82.393642,8,559.579795
2.50907,8,559.59247
-96.155712,8,559.609311
-0.336524,8,559.621851
-158.146806,8,559.632769
-0.884315,8,559.64945
-30.846309,8,559.662073
-155.782082,8,559.682081
-0.357409,8,559.706725
-41.250412,8,559.722117
-5.135806,8,559.74806
-96.65597,8,559.760778
-76.932243,8,559.776633
-135.65535,8,559.776633
1.610743,8,559.806374
2.73028,8,559.812015
-97.693643,8,559.834821
-45.696175,8,559.851704
-99.302463,8,559.866063
-11.575394,8,559.8799
-22.146931,8,559.896991
-52.817652,8,559.910415
-71.981567,8,559.9309
3.115519,8,559.943664
0.233315,8,559.966067
-83.124921,8,559.983356
-19.050074,8,560.002389
-40.612551,8,560.01532
-69.564707,8,560.046794
1.575554,8,560.06092
-11.371987,8,560.080572
2.276731,8,560.098238
-3.207703,8,560.122474
-26.352825,8,560.147243
-78.077093,8,560.162611
-132.070132,8,560.187841
-23.58486,8,560.199881
-86.284885,8,560.225492
-58.449779,8,560.245267
-25.267053,8,560.263586
6.957222,8,560.284025
-74.170509,8,560.299274
-31.659139,8,560.32229
-80.766495,8,560.343066
-2.910316,8,560.358401
-78.018734,8,560.381577
-35.904121,8,560.396247
-20.346153,8,560.415943
-11.124914,8,560.436992
-113.423609,8,560.44931
-13.040376,8,560.464964
-20.38436,8,560.475593
-138.490518,8,560.495466
-7.122154,8,560.511588
-0.598173,8,560.523314
-14.008454,8,560.537945
-137.285466,8,560.549299
-14.936268,8,560.565007
-7.682755,8,560.579691
3.952903,8,560.591057
-1.915197,8,560.61301
-99.26458,8,560.623699
-130.444386,8,560.638443
-18.245129,8,560.653028
-32.164668,8,560.666113
-56.011957,8,560.680766
-64.567793,8,560.688278
-4.266384,8,560.705009
-3.247805,8,560.726677
-8.28057,8,560.727165
-65.099267,8,560.742462
-2.845895,8,560.764056
-8.317219,8,560.776072
-6.024736,8,560.791418
8.068557,8,560.805512
1.854443,8,560.820896
3.675381,8,560.832408
-96.730457,8,560.836424
-48.05339,8,560.852527
-41.47007,8,560.868429
-1.204475,8,560.877254
-195.971825,8,560.892669
-1.600793,8,560.908574
2.833604,8,560.924466
-6.838147,8,560.948563
6.379078,8,560.967297
-53.419326,8,560.976052
-51.525521,8,560.992006
-68.033955,8,561.009434
-31.252807,8,561.023462
3.789457,8,561.03936
-54.965953,8,561.055356
2.959809,8,561.067039
-56.325101,8,561.084319
-102.193071,8,561.093817
-104.492138,8,561.108009
-49.460321,8,561.12268
-61.998652,8,561.141757
-59.419934,8,561.164519
-14.152981,8,561.178189
-113.514913,8,561.190915
-92.612118,8,561.206847
-172.633509,8,561.224736
-31.594339,8,561.242504
-121.968147,8,561.253388
-20.49393,8,561.27015
-135.815787,8,561.284017
0.279469,8,561.293837
8.003158,8,561.30928
-72.327689,8,561.325177
-93.842067,8,561.343195
12.315745,8,561.357081
-35.041701,8,561.370197
-36.411326,8,561.385218
-19.001857,8,561.398624
-96.886422,8,561.41537
5.112101,8,561.430861
-21.773211,8,561.446639
3.656786,8,561.463319
-22.877701,8,561.476708
-106.556846,8,561.492808
2.93729,8,561.506631
-1.063991,8,561.528962
-46.488803,8,561.554489
-58.072075,8,561.577661
-25.333183,8,561.599441
-107.893203,8,561.620583
-44.584618,8,561.649264
-15.867013,8,561.707293
6.702121,8,561.733397
-40.164802,8,561.766675
-91.880524,8,561.784812
3.711216,8,561.803599
-22.149592,8,561.817026
-181.120551,8,561.838732
-45.58866,8,561.866137
-64.923078,8,561.878705
-71.621247,8,561.892291
2.985725,8,561.907712
0.964387,8,561.916709
-32.482246,8,561.932733
-0.347982,8,561.945379
-198.002877,8,561.96507
-41.602437,8,561.981824
-20.033907,8,561.982805
-116.094063,8,561.999478
-123.896987,8,562.016052
-27.615325,8,562.032737
6.385167,8,562.049581
-133.9826,8,562.062495
-9.396717,8,562.077111
-116.995344,8,562.092818
-76.019291,8,562.108503
-161.405702,8,562.124332
-122.819407,8,562.124332
7.940205,8,562.145748
0.46602,8,562.162487
-10.197934,8,562.179206
-112.408821,8,562.195828
-86.44751,8,562.212286
6.806457,8,562.22952
-73.244129,8,562.245968
-20.016862,8,562.26265
-88.060024,8,562.277678
-22.740712,8,562.278944
-54.927007,8,562.295434
-119.559748,8,562.321186
5.910451,8,562.329588
-33.815238,8,562.346057
-88.007677,8,562.360816
7.848823,8,562.377926
-90.812837,8,562.37928
-79.718351,8,562.395829
-60.835477,8,562.429098
-63.430214,8,562.443875
-80.633152,8,562.460483
10.284572,8,562.460483
1.886427,8,562.477673
-25.918831,8,562.495473
8.088004,8,562.512671
-41.59389,8,562.528994
-1.821335,8,562.546962
-92.037516,8,562.564812
-8.997048,8,562.576311
-15.464583,8,562.592272
-28.985448,8,562.618114
-18.329988,8,562.62424
-17.823373,8,562.656144
-4.636484,8,562.677486
-71.423283,8,562.687652
-41.792127,8,562.71015
-8.44528,8,562.723249
-5.8958,8,562.742975
-88.982416,8,562.768104
-50.630992,8,562.783393
-75.401236,8,562.793184
-136.230348,8,562.808039
-69.015972,8,562.823699
2.100124,8,562.859044
-3.440158,8,562.873062
-9.679466,8,562.887097
-50.793739,8,562.911694
-115.330311,8,562.932721
-55.946191,8,562.950126
-79.152493,8,562.964122
-42.2011,8,562.996025
-7.86219,8,563.014243
-27.202876,8,563.037132
-22.384551,8,563.059966
-23.714422,8,563.081613
-0.305048,8,563.116772
-27.747937,8,563.139805
-19.162833,8,563.161711
-44.39396,8,563.182643
-16.237338,8,563.197933
-78.419515,8,563.217241
-61.620555,8,563.234971
-15.125485,8,563.251595
-52.712338,8,563.266088
8.643278,8,563.275739
-35.977102,8,563.290363
-19.172156,8,563.299493
-201.358025,8,563.317577
5.273722,8,563.335527
-4.936642,8,563.349423
-79.830635,8,563.36609
8.405791,8,563.375741
-54.508511,8,563.382738
-4.792145,8,563.399855
-34.628467,8,563.416168
-18.894811,8,563.432762
4.581211,8,563.449529
-27.481809,8,563.468076
-124.86307,8,563.482691
-29.411441,8,563.495447
-13.638681,8,563.51578
-36.55704,8,563.528866
-17.390038,8,563.54662
-26.053008,8,563.565331
-49.534649,8,563.578978
-8.56148,8,563.595668
-69.998812,8,563.605606
7.544348,8,563.615133
-58.132293,8,563.631186
7.583405,8,563.649628
-58.070885,8,563.660397
-118.162511,8,563.676855
-17.549428,8,563.693107
-45.263115,8,563.713166
-80.235267,8,563.731889
-17.690871,8,563.748384
-53.169572,8,563.760037
-86.384944,8,563.775489
-2.030446,8,563.798061
0.428362,8,563.811106
0.62814,8,563.827816
4.406871,8,563.844326
4.352036,8,563.862935
-72.609013,8,563.880635
-20.102353,8,563.894272
-22.576153,8,563.921972
-120.757777,8,563.936657
3.27622,8,563.956405
-4.075407,8,563.972004
-2.711906,8,563.989434
-6.558989,8,564.015896
-1.26593,8,564.036566
-42.34181,8,564.068082
-103.3455,8,564.087678
3.804632,8,564.105395
-67.732663,8,564.135664
-116.269697,8,564.151398
-89.580175,8,564.178939
-46.102601,8,564.204381
-35.883613,8,564.218053
-0.738501,8,564.248046
-127.627727,8,564.265028
-24.500341,8,564.289046
-103.731567,8,564.310039
-3.580171,8,564.330718
-20.519612,8,564.358392
-41.393718,8,564.372031
-135.878459,8,564.390702
-82.258991,8,564.411024
-14.75301,8,564.425021
-54.507215,8,564.453048
-2.275564,8,564.473044
-23.107229,8,564.495522
-32.815539,8,564.518058
-32.260413,8,564.535178
-77.161553,8,564.55623
-33.695969,8,564.57774
-11.772444,8,564.595472
-2.13633,8,564.614058
-211.525828,8,564.626722
-16.764645,8,564.647973
-26.896607,8,564.663649
-37.35706,8,564.683784
3.171328,8,564.708448
2.406923,8,564.721963
-22.403357,8,564.738764
-105.524998,8,564.752346
-38.713377,8,564.773705
1.558698,8,564.804218
-53.920399,8,564.820508
-37.106144,8,564.838884
-1.315115,8,564.852419
-21.11243,8,564.872099
9.204504,8,564.890746
-42.651944,8,564.904454
-117.35294,8,564.931799
-120.210722,8,564.947346
-128.236218,8,564.965102
-79.200544,8,564.984783
-5.690734,8,564.999133
2.424328,8,565.025076
-93.811714,8,565.038615
-26.562347,8,565.05631
-87.573173,8,565.073905
-5.518468,8,565.088711
-24.946603,8,565.106391
-26.007253,8,565.118633
-2.607731,8,565.146401
-25.035423,8,565.178603
-11.93049,8,565.197344
0.501414,8,565.21394
-100.323792,8,565.228666
-92.543705,8,565.251361
-23.670848,8,565.268828
-44.833246,8,565.282932
-73.950691,8,565.301112
0.205775,8,565.31431
-12.474379,8,565.334821
-57.557488,8,565.354826
-29.864054,8,565.37874
-93.213357,8,565.401428
-8.756407,8,565.414378
-22.098807,8,565.430778
-55.476718,8,565.447434
-174.683984,8,565.460038
-41.109039,8,565.482593
-135.686606,8,565.496428
5.996593,8,565.515167
-78.243212,8,565.531892
-24.493378,8,565.542802
-44.980176,8,565.561004
-32.165264,8,565.577926
-56.493215,8,565.597388
-13.267356,8,565.621405
-42.228292,8,565.634657
-44.589637,8,565.652411
-23.513342,8,565.665088
-107.499909,8,565.695485
-2.048447,8,565.71811
-36.966338,8,565.732754
-28.045207,8,565.750603
-34.626185,8,565.765399
7.323462,8,565.783667
3.531425,8,565.806435
-10.233306,8,565.818077
-6.13234,8,565.841901
-90.71724,8,565.856479
-54.609382,8,565.876578
-100.36149,8,565.901399
4.806004,8,565.916046
-81.907576,8,565.933752
-94.692831,8,565.947366
-18.912995,8,565.966041
-127.369381,8,565.983699
-113.439062,8,565.997102
-20.615645,8,566.020037
-76.976082,8,566.033684
3.966917,8,566.056956
6.692651,8,566.079794
-101.512319,8,566.09433
7.801419,8,566.11892
-3.037414,8,566.136511
-14.626478,8,566.154351
-2.22547,8,566.171068
-45.73037,8,566.183429
-6.991894,8,566.199654
1.04824,8,566.211807
-76.896926,8,566.233942
-60.170685,8,566.251019
-27.250805,8,566.265253
7.844549,8,566.291529
-2.174431,8,566.305912
-45.683215,8,566.325371
7.364481,8,566.346179
-68.635625,8,566.360014
-120.039626,8,566.378603
-43.12893,8,566.391605
-74.650322,8,566.41008
-33.592924,8,566.428743
6.928574,8,566.44441
-15.177006,8,566.474036
-29.363897,8,566.489711
-22.598144,8,566.514078
0.127542,8,566.539747
-30.516933,8,566.558913
-21.641153,8,566.585644
-56.96854,8,566.603718
-39.122876,8,566.625638
-39.269436,8,566.650398
6.682845,8,566.670419
-15.280449,8,566.699344
-94.32057,8,566.715032
-52.130165,8,566.739836
-100.886564,8,566.758847
-136.092715,8,566.775386
-5.725672,8,566.806291
-106.672745,8,566.82237
-46.774384,8,566.841555
3.873692,8,566.860072
-49.979111,8,566.874404
-90.846813,8,566.897674
-38.312552,8,566.911537
-4.218412,8,566.93093
2.636922,8,566.950449
-19.315161,8,566.963917
-41.426389,8,566.981895
7.64272,8,566.999393
-98.383873,8,567.015615
-39.893944,8,567.029504
-89.865371,8,567.053437
-133.376924,8,567.070021
-25.236705,8,567.083879
-20.655374,8,567.101185
-20.341759,8,567.123724
-3.121059,8,567.137213
-54.137406,8,567.156473
-0.8393,8,567.170877
-4.267694,8,567.187792
-26.442212,8,567.205672
-94.326008,8,567.228805
-79.138766,8,567.258404
0.32117,8,567.280592
-61.180929,8,567.296425
-125.10928,8,567.312701
0.294626,8,567.331569
2.127766,8,567.34841
-15.842839,8,567.363026
-55.303155,8,567.380769
-4.717841,8,567.39911
4.555928,8,567.413293
-118.883506,8,567.431768
-52.677131,8,567.449179
-25.450613,8,567.468822
-117.5518,8,567.488118
-54.837256,8,567.507433
-82.974094,8,567.526031
-14.182492,8,567.539783
-21.6151,8,567.563076
-54.163685,8,567.580776
-12.83098,8,567.594399
3.824103,8,567.610858
4.67764,8,567.625366
-89.873512,8,567.642133
-109.239937,8,567.668116
1.333806,8,567.687766
0.367641,8,567.712892
-12.557409,8,567.724922
-101.661111,8,567.744031
-56.996776,8,567.761821
-54.651532,8,567.775819
-23.596656,8,567.80058
-27.911065,8,567.81541
-100.5582,8,567.832625
3.76239,8,567.852341
8.477899,8,567.866284
6.533507,8,567.884566
-83.873175,8,567.902701
-33.469257,8,567.922458
9.16241,8,567.947551
0.516854,8,567.964331
-72.081303,8,567.981656
-12.755839,8,567.99941
-74.916636,8,568.016634
-11.135445,8,568.034758
-50.377358,8,568.04854
-123.086691,8,568.063035
-18.87572,8,568.079734
-72.495329,8,568.098336
-118.474501,8,568.122611
-17.291851,8,568.135496
-7.800748,8,568.157773
-52.256691,8,568.171284
-4.667063,8,568.188725
-50.932564,8,568.214136
-54.260552,8,568.235028
-101.381893,8,568.252226
8.077251,8,568.266054
-6.934398,8,568.281584
4.393354,8,568.2987
0.702965,8,568.314732
5.057747,8,568.335238
-19.845563,8,568.352765
-39.559883,8,568.371675
-21.393212,8,568.394443
-45.753922,8,568.411042
-129.016113,8,568.430688
-69.633097,8,568.448433
-104.411056,8,568.472037
-72.481656,8,568.490476
-9.4415,8,568.504705
-68.275453,8,568.523419
-9.472984,8,568.537929
-75.331596,8,568.555387
-2.183051,8,568.577555
-82.327737,8,568.591564
-26.359771,8,568.61496
-3.23637,8,568.628171
0.147733,8,568.658174
-63.86168,8,568.703999
-68.827306,8,568.73922
2.020974,8,568.766435
-5.448833,8,568.794033
-44.662722,8,568.831541
-0.19485,8,568.858552
-25.470548,8,568.881392
3.740681,8,568.910884
-47.347928,8,568.94091
-14.929653,8,568.97801
-11.56258,8,569.015234
-82.487544,8,569.045485
-77.837427,8,569.077204
-11.122647,8,569.101577
-188.731031,8,569.1401
-57.682911,8,569.169819
-8.249173,8,569.189363
-48.493076,8,569.215333
7.157113,8,569.235745
-3.803485,8,569.273485
-13.023545,8,569.296177
1.304072,8,569.315623
-34.724831,8,569.348094
-109.380271,8,569.373024
-0.297176,8,569.400842
-61.683303,8,569.425161
-28.917928,8,569.44139
-54.005171,8,569.464257
9.098433,8,569.488389
-42.95752,8,569.514269
-34.619072,8,569.536294
-39.596121,8,569.554321
6.265964,8,569.574333
-26.853671,8,569.591963
3.937791,8,569.610447
-9.39331,8,569.633388
-114.637542,8,569.648382
-1.758868,8,569.666316
-75.958718,8,569.679373
-3.182577,8,569.700346
-57.739563,8,569.716946
-129.388349,8,569.73046
7.862924,8,569.748959
-14.125024,8,569.762199
-64.941877,8,569.778148
-37.84701,8,569.797138
-2.483696,8,569.819175
-22.740649,8,569.848038
-78.87047,8,569.863554
-144.063039,8,569.879849
3.230816,8,569.898238
0.047119,8,569.91117
-17.484132,8,569.933814
-53.728204,8,569.951667
-66.21914,8,569.980807
4.027568,8,570.002331
-78.745917,8,570.015846
-91.059093,8,570.037477
-86.277866,8,570.051468
-101.034537,8,570.072132
-21.80845,8,570.098191
-48.700581,8,570.114192
-27.445213,8,570.133191
-90.97523,8,570.152482
-24.103898,8,570.170122
-4.065269,8,570.186766
-80.849732,8,570.199438
-127.941946,8,570.216132
-13.271635,8,570.229139
-29.808077,8,570.24509
-12.707453,8,570.267385
-43.93925,8,570.285039
-121.000099,8,570.306529
-17.362419,8,570.321116
-61.031046,8,570.338782
-6.303712,8,570.360164
-38.550144,8,570.376807
1.571127,8,570.395467
-86.622622,8,570.407465
-90.161861,8,570.425358
-63.806926,8,570.440922
-7.952433,8,570.452922
-0.035812,8,570.470636
-104.678896,8,570.487097
-74.675623,8,570.504723
-15.581982,8,570.526837
-9.317518,8,570.538848
-42.931195,8,570.555501
-1.892675,8,570.57249
0.188353,8,570.597689
-22.486914,8,570.616338
-53.069947,8,570.632938
-6.879894,8,570.651937
-110.717125,8,570.665936
-15.853212,8,570.68384
3.250011,8,570.705497
-14.645494,8,570.72019
-39.115893,8,570.752394
-61.77974,8,570.768402
-2.945861,8,570.786387
-19.485723,8,570.811221
-51.481828,8,570.824219
6.597836,8,570.841797
-62.879516,8,570.854511
-171.349607,8,570.872159
3.631009,8,570.889324
-103.18129,8,570.902168
1.783548,8,570.923575
-20.656283,8,570.936871
-0.287832,8,570.954525
0.310118,8,570.981901
-58.684409,8,570.9959
4.727912,8,571.016779
-29.019049,8,571.037308
-61.891708,8,571.06079
5.026429,8,571.08027
-107.577284,8,571.093529
-20.973868,8,571.118639
-37.898103,8,571.155283
-12.333076,8,571.179364
-22.958563,8,571.196075
-209.234396,8,571.211045
7.471608,8,571.240886
5.672448,8,571.256707
-86.332359,8,571.274541
-26.617007,8,571.293818
-16.608806,8,571.307719
-115.907819,8,571.328572
-48.677056,8,571.344573
-88.885828,8,571.371239
-44.00375,8,571.391002
-69.191527,8,571.417361
-26.828727,8,571.445325
-25.294774,8,571.473129
8.520505,8,571.504756
-12.325031,8,571.532518
-72.513239,8,571.550921
-21.480976,8,571.582471
-3.401003,8,571.59987
1.983551,8,571.619071
-3.395234,8,571.641808
-150.444439,8,571.656786
-39.153689,8,571.687167
-30.884103,8,571.701483
-49.213893,8,571.72389
-73.354596,8,571.744655
-2.841153,8,571.759314
-3.734156,8,571.786575
-18.2872,8,571.806428
-2.093881,8,571.827742
4.252089,8,571.855617
-3.902959,8,571.86903
-1.088216,8,571.892346
7.473805,8,571.905588
-18.742593,8,571.929741
-31.274054,8,571.947539
-44.205668,8,571.963876
-16.574286,8,571.983059
7.199312,8,571.996234
-92.133306,8,572.016612
-105.730984,8,572.046736
-101.111893,8,572.061343
-14.360442,8,572.076959
7.310126,8,572.082741
-43.395175,8,572.110235
-33.277235,8,572.135475
0.434401,8,572.151091
-31.356183,8,572.169212
-1.283118,8,572.184222
-42.389583,8,572.200599
-13.248048,8,572.215493
-25.63832,8,572.228846
-47.365267,8,572.251915
-36.409311,8,572.267767
-56.569143,8,572.285141
-85.419792,8,572.297362
0.689416,8,572.313898
-14.89491,8,572.33227
-174.121961,8,572.39411
2.834637,8,572.409108
-76.56851,8,572.422361
-11.256814,8,572.429883
-16.036245,8,572.446719
-199.398272,8,572.46074
-28.068662,8,572.47948
-36.857152,8,572.496726
-22.46094,8,572.496726
-216.181913,8,572.513089
-74.828413,8,572.529119
-27.406374,8,572.554724
-12.294316,8,572.57038
-0.518842,8,572.586882
-1.415266,8,572.604534
-14.087124,8,572.617145
-42.055536,8,572.634861
-7.189088,8,572.652541
9.222765,8,572.670163
-29.991083,8,572.703539
-33.215926,8,572.72254
-2.34355,8,572.745488
-16.968274,8,572.767159
-21.743362,8,572.784511
7.635458,8,572.805927
-57.728303,8,572.820567
-141.023203,8,572.842568
-38.376405,8,572.859071
-72.204013,8,572.874618
0.44236,8,572.895538
-91.91998,8,572.914253
-27.312148,8,572.932319
6.097445,8,572.95549
1.952273,8,572.970186
3.477627,8,572.99454
-64.540247,8,573.014148
6.2573,8,573.042144
-14.756567,8,573.065649
-11.046229,8,573.082564
-129.813112,8,573.10395
-43.804853,8,573.320219
-20.10246,8,573.339897
-15.614243,8,573.359538
-75.751306,8,573.376173
-5.954926,8,573.401648
0.820832,8,573.415313
-15.062501,8,573.436885
4.331709,8,573.455697
-20.221335,8,573.47025
3.295345,8,573.490153
3.99246,8,573.503698
-15.198803,8,573.526203
-37.085137,8,573.549286
-32.929507,8,573.560201
-22.813492,8,573.578913
-101.530935,8,573.591913
-123.207589,8,573.610194
-6.174456,8,573.633922
-100.513999,8,573.648555
3.806986,8,573.671625
-2.085024,8,573.68563
-94.259381,8,573.702633
-51.641131,8,573.718233
-0.004285,8,573.733009
-15.693674,8,573.755685
11.960905,8,573.775303
-26.238499,8,573.793942
-89.261303,8,573.812946
-36.377491,8,573.825943
-22.348804,8,573.850118
-45.477203,8,573.863356
-52.307743,8,573.885917
-59.005531,8,573.906561
1.628538,8,573.919568
-2.407952,8,573.937098
-53.293382,8,573.950543
-42.442871,8,573.972245
6.566302,8,573.997558
-22.384977,8,574.012219
-69.82945,8,574.031219
-60.85668,8,574.045571
-20.953585,8,574.06926
-54.583752,8,574.098603
-11.073896,8,574.114287
-92.075079,8,574.140819
-20.594438,8,574.159814
2.501922,8,574.188212
-11.937273,8,574.249534
-5.667458,8,574.268266
-34.700106,8,574.296556
-58.448104,8,574.312921
5.882262,8,574.333196
0.734031,8,574.357584
0.566045,8,574.370587
-115.050662,8,574.395699
-13.820982,8,574.41203
-95.233606,8,574.433973
-106.574089,8,574.455605
-63.212931,8,574.474578
-157.79338,8,574.493531
-89.806747,8,574.507542
1.308376,8,574.526227
-48.109546,8,574.545164
-39.017137,8,574.560673
-42.774007,8,574.585683
-12.209056,8,574.601146
-128.319061,8,574.620221
-88.826054,8,574.646584
-37.424306,8,574.660581
-11.505872,8,574.686585
-52.686962,8,574.702456
-42.328853,8,574.722832
-13.260131,8,574.742654
-6.619981,8,574.758722
-25.789572,8,574.777954
-33.442984,8,574.795948
12.121784,8,574.816322
-101.522272,8,574.834929
-26.42321,8,574.849666
-63.637199,8,574.8723
-67.528579,8,574.8933
-11.934096,8,574.919997
-66.45982,8,574.940421
-43.26679,8,574.955373
-86.409777,8,574.97562
5.461195,8,574.989994
1.389555,8,575.022566
-93.074751,8,575.043458
10.216035,8,575.057966
-81.430649,8,575.078322
-57.031647,8,575.093562
-5.521564,8,575.113261
-22.983249,8,575.139949
-37.876457,8,575.155624
4.210043,8,575.173189
-0.289594,8,575.187899
-98.046321,8,575.205896
-98.160508,8,575.226895
-0.148884,8,575.24659
1.240896,8,575.266237
-29.336358,8,575.289001
-17.688371,8,575.310218
-14.529207,8,575.334228
-33.163552,8,575.358224
-133.359362,8,575.382009
-97.662961,8,575.39652
-58.879998,8,575.416468
0.382502,8,575.434938
-7.865666,8,575.449923
-157.247961,8,575.472369
-66.127827,8,575.485981
-38.434639,8,575.503676
-6.706978,8,575.520349
4.073578,8,575.533965
-94.629504,8,575.556573
-1.002728,8,575.580563
-15.60845,8,575.600913
-66.287224,8,575.624395
-41.274236,8,575.638897
-78.308607,8,575.657651
-98.104922,8,575.672648
-7.140895,8,575.693645
-139.577822,8,575.715301
-49.401085,8,575.72891
-91.099393,8,575.745621
-87.954951,8,575.760285
5.373649,8,575.776904
-1.17963,8,575.798541
-43.757283,8,575.812482
-72.566804,8,575.836123
-0.037665,8,575.851669
-72.628819,8,575.869277
-3.954781,8,575.88642
-2.225053,8,575.904222
-13.728234,8,575.923569
-8.251223,8,575.936917
-19.143888,8,575.954117
-102.429533,8,575.973241
-3.494315,8,575.990047
-0.98526,8,576.012551
-47.223881,8,576.027028
-29.126207,8,576.044618
1.134729,8,576.067271
-18.107736,8,576.081013
-13.368043,8,576.097918
-0.181694,8,576.111917
-45.69479,8,576.134497
-137.506001,8,576.152471
-41.721994,8,576.165755
-24.587079,8,576.184573
-18.756777,8,576.199002
-59.962982,8,576.219022
-2.205483,8,576.238543
-80.036781,8,576.251857
-46.04865,8,576.274271
-54.584388,8,576.288848
-105.962145,8,576.305559
-72.403045,8,576.323249
-105.660648,8,576.341242
-3.725207,8,576.365263
-72.040777,8,576.383597
5.498017,8,576.403906
-33.087428,8,576.424253
5.32376,8,576.460285
-27.054824,8,576.485976
-59.145522,8,576.50263
-20.827413,8,576.529298
0.762955,8,576.560239
-1.119523,8,576.576248
-22.360207,8,576.596625
6.17906,8,576.613317
-117.912556,8,576.634976
-0.342958,8,576.656979
-56.434391,8,576.676961
-44.109994,8,576.69963
-2.405483,8,576.715335
2.423108,8,576.735978
1.632125,8,576.762721
-21.954613,8,576.784344
-95.677623,8,576.813344
-8.909282,8,576.829942
-55.219717,8,576.84964
-43.380608,8,576.868334
-12.349883,8,576.880982
5.114582,8,576.906804
-107.916454,8,576.920494
-19.748805,8,576.94031
-117.690242,8,576.959355
-39.735903,8,576.972476
-105.977762,8,576.991475
-19.961137,8,577.017574
8.96038,8,577.050932
-25.458497,8,577.085066
-36.047202,8,577.102984
-24.379071,8,577.124948
7.347662,8,577.140438
-5.311283,8,577.157804
-6.075671,8,577.178129
-68.300204,8,577.194128
-48.924748,8,577.215373
-2.647149,8,577.236095
-81.580749,8,577.256559
-56.807294,8,577.276685
0.259762,8,577.291021
-32.859558,8,577.315641
-1.650495,8,577.328958
4.948944,8,577.353827
-6.24858,8,577.371291
-116.661533,8,577.382984
-110.377585,8,577.40165
4.499658,8,577.412658
-32.427204,8,577.428588
-4.997937,8,577.448225
2.458049,8,577.466664
-59.046189,8,577.485367
-120.159873,8,577.500857
-96.335857,8,577.520253
9.058786,8,577.545961
-0.852345,8,577.559471
-33.737007,8,577.582918
4.620918,8,577.595555
0.198105,8,577.614201
-59.167169,8,577.635203
1.667542,8,577.654842
-47.811081,8,577.684807
-93.917589,8,577.700936
-27.142287,8,577.721935
2.560413,8,577.740939
-33.191431,8,577.760326
-2.23,8,577.786157
-31.947653,8,577.805779
-47.336929,8,577.82343
-129.475049,8,577.842112
-87.81806,8,577.856726
-25.1919,8,577.876959
-108.453049,8,577.892275
1.468964,8,577.918654
-3.458909,8,577.938085
-45.588084,8,577.95302
-63.949009,8,577.971024
-69.175343,8,577.986238
-51.725296,8,578.008709
-68.436611,8,578.037074
-78.865406,8,578.051788
-103.890324,8,578.070363
5.519617,8,578.083366
-126.18601,8,578.098701
8.473243,8,578.118392
-57.558427,8,578.134201
-23.174268,8,578.15778
-16.824185,8,578.17278
-1.739923,8,578.192778
0.837851,8,578.212782
-60.974656,8,578.226957
-24.760515,8,578.250664
-25.796938,8,578.268255
-51.094199,8,578.288262
-4.371647,8,578.306251
-7.028154,8,578.321283
-24.871562,8,578.339566
-18.071449,8,578.353313
-23.472982,8,578.374993
-68.377907,8,578.394596
-60.947702,8,578.406593
-30.583471,8,578.423016
-16.950393,8,578.43664
-26.149867,8,578.452883
-12.500138,8,578.47345
-61.866394,8,578.490353
-47.632386,8,578.508782
4.084282,8,578.522783
-25.099156,8,578.539156
-113.682514,8,578.556063
-17.876348,8,578.571737
-0.963422,8,578.590158
-24.435489,8,578.612644
-11.018439,8,578.630467
-38.22557,8,578.647102
-127.510264,8,578.661699
-50.604583,8,578.684138
-67.787473,8,578.698806
-13.616452,8,578.721826
-232.34132,8,578.740826
-83.803481,8,578.753956
-4.723407,8,578.772748
-6.545488,8,578.788096
5.08181,8,578.80674
-2.277111,8,578.826993
-210.970686,8,578.848118
-62.833822,8,578.871464
-117.872391,8,578.887093
-84.96135,8,578.913442
1.038028,8,578.949853
-57.338681,8,578.965618
-155.518512,8,578.987148
-7.540883,8,579.001816
-75.801468,8,579.02143
-19.695505,8,579.047817
-43.68984,8,579.068818
-61.606305,8,579.097775
-31.842099,8,579.113459
6.706989,8,579.135128
-94.769133,8,579.154831
-112.325652,8,579.169829
-4.100395,8,579.198861
-35.888214,8,579.217509
-48.165456,8,579.241504
-0.040387,8,579.26428
-43.183412,8,579.278023
-20.512868,8,579.302669
-3.240949,8,579.561358
3.992917,8,579.588838
-63.788911,8,579.649405
-82.092077,8,579.665437
0.446306,8,579.687037
-22.874247,8,579.701881
-118.084721,8,579.727354
-8.810042,8,579.762352
1.282886,8,579.778069
14.877158,8,579.798806
-15.63066,8,579.815393
-42.249019,8,579.836386
-25.497732,8,579.856741
-13.266525,8,579.879011
-59.494999,8,579.901814
-74.847987,8,579.916342
-29.503706,8,579.946008
9.121249,8,579.965388
-43.633232,8,579.986099
-89.6008,8,580.011586
-130.210875,8,580.027501
-3.659615,8,580.049498
-150.875688,8,580.069542
-40.02157,8,580.088081
-43.914875,8,580.107849
-8.662254,8,580.12142
2.696962,8,580.158195
-0.479194,8,580.177994
-189.704584,8,580.196748
-37.990053,8,580.217022
-83.088018,8,580.230982
5.533897,8,580.257154
-7.354631,8,580.286161
3.43944,8,580.307744
-32.621042,8,580.332502
-107.2723,8,580.353998
-159.486981,8,580.376141
-78.56867,8,580.394863
1.321049,8,580.394863
-37.640058,8,580.433598
1.392796,8,580.444352
-247.74178,8,580.469961
-26.314266,8,580.498677
-109.963573,8,580.517636
-68.210214,8,580.544739
-65.864719,8,580.559539
5.96663,8,580.579896
-41.161561,8,580.601087
-93.103084,8,580.616697
-59.802014,8,580.627834
-1.874765,8,580.649559
-147.040536,8,580.661133
-55.181902,8,580.68605
-74.839304,8,580.705575
-46.81878,8,580.724845
-53.876173,8,580.736841
-87.308019,8,580.750845
-13.98848,8,580.778136
-50.074514,8,580.794474
-44.825198,8,580.811047
-22.919501,8,580.828211
-113.311722,8,580.843626
-81.426309,8,580.858225
-27.798983,8,580.869198
-102.51474,8,580.895474
-43.280348,8,580.911038
-190.225979,8,580.929923
-13.443156,8,580.946416
-0.374392,8,580.952428
6.137523,8,580.978045
4.738786,8,580.999279
0.266816,8,581.01578
-88.461017,8,581.02774
-33.875308,8,581.047467
-114.648346,8,581.067745
-42.171364,8,581.081548
-18.147273,8,581.099049
-12.400585,8,581.121592
2.27236,8,581.137917
-5.949167,8,581.156423
-63.306169,8,581.170295
-20.896511,8,581.189187
-85.098967,8,581.20816
-54.731633,8,581.222126
-17.776229,8,581.243127
-72.509453,8,581.255287
-5.077774,8,581.273145
-1.80123,8,581.291002
-24.270122,8,581.305946
-2.943326,8,581.324193
6.093128,8,581.337533
-102.701564,8,581.359214
-7.670058,8,581.381862
-4.05243,8,581.394543
8.962233,8,581.422093
-103.552408,8,581.439404
-51.3314,8,581.466399
-58.451477,8,581.489259
-112.447511,8,581.509534
-44.232894,8,581.533404
-19.517,8,581.549454
-12.605326,8,581.586022
-31.685424,8,581.619291
-49.466096,8,581.641428
-20.091977,8,581.666639
-17.729848,8,581.683905
-42.575889,8,581.71263
-27.456406,8,581.746388
-26.3054,8,581.763415
2.36176,8,581.782413
-50.996518,8,581.799953
-86.487868,8,581.829977
0.09387,8,581.858063
-38.677526,8,581.880284
5.452976,8,581.910826
-51.329152,8,581.942583
-54.877602,8,581.976308
-0.138667,8,582.010273
-17.550528,8,582.034147
-34.699827,8,582.067285
3.819368,8,582.085424
-4.71221,8,582.110153
-67.893841,8,582.152674
-2.031264,8,582.163715
-121.344702,8,582.18701
-5.231924,8,582.205064
-23.086051,8,582.230662
3.118793,8,582.251952
4.991906,8,582.263393
-18.345345,8,582.280988
-2.016542,8,582.305809
-15.45658,8,582.316171
-0.533131,8,582.345663
-28.375673,8,582.363223
-57.01312,8,582.385276
3.863003,8,582.395006
-50.569465,8,582.409333
-25.945471,8,582.431531
-53.983708,8,582.441048
-105.743618,8,582.45674
-12.395096,8,582.45674
-9.683235,8,582.47287
10.798646,8,582.506415
-39.049475,8,582.506415
-15.584682,8,582.520575
-15.3,8,582.545513
-12.691386,8,582.552676
5.444977,8,582.56862
-22.921443,8,582.59477
-96.018913,8,582.628007
-14.949644,8,582.658305
0.859095,8,582.682301
-33.635904,8,582.7013
-66.611041,8,582.713304
1.811636,8,582.74067
-146.331957,8,582.755692
-52.778017,8,582.772929
2.316972,8,582.802495
-131.383277,8,582.829524
4.718613,8,582.855474
-3.088899,8,582.87322
-103.09312,8,582.896001
-55.798595,8,582.919276
-43.41277,8,582.941179
-52.574751,8,582.965893
-49.706188,8,582.98196
2.743199,8,583.001445
-8.306473,8,583.021306
4.997827,8,583.043406
-34.670321,8,583.072538
-34.315058,8,583.090331
-83.007733,8,583.111376
-33.506009,8,583.131939
-4.641575,8,583.149714
0.086624,8,583.173995
6.062088,8,583.189288
1.987464,8,583.214196
-97.780376,8,583.247483
-9.182592,8,583.274532
-48.81617,8,583.303392
-34.149274,8,583.321027
-75.747581,8,583.349857
-45.820189,8,583.384361
6.786227,8,583.394285
-91.755668,8,583.419445
-21.440605,8,583.430866
5.611261,8,583.452623
-0.661165,8,583.47207
-39.625423,8,583.47207
-2.998704,8,583.504372
-10.214512,8,583.525541
3.162036,8,583.54396
-141.103041,8,583.56419
-46.359914,8,583.580535
-19.357616,8,583.613286
3.845717,8,583.630062
-4.028123,8,583.647067
-47.051963,8,583.668582
-0.963947,8,583.685265
8.552851,8,583.717528
-9.572359,8,583.752378
-19.452346,8,583.784751
-172.099113,8,583.806752
-27.49919,8,583.831657
-22.744694,8,583.855072
-0.242738,8,583.875941
-65.23266,8,583.900951
-86.200537,8,583.936651
8.149558,8,583.962913
-52.391016,8,583.986167
-93.181817,8,584.00416
-23.97906,8,584.026467
3.516875,8,584.047468
-55.35435,8,584.063143
-35.513447,8,584.099804
-3.825692,8,584.120537
-1.203226,8,584.151167
-139.708111,8,584.188507
-36.403573,8,584.221649
2.546535,8,584.252879
1.769607,8,584.274879
-5.510162,8,584.310442
-35.753712,8,584.328929
-3.406094,8,584.345797
-20.029531,8,584.3688
0.299974,8,584.3851
-23.991421,8,584.411475
0.075682,8,584.431985
-5.659022,8,584.447491
-54.459985,8,584.467121
-153.547641,8,584.483121
-32.394208,8,584.513179
-7.547376,8,584.53909
2.655931,8,584.556687
-49.273261,8,584.580132
-129.11693,8,584.596128
5.148306,8,584.619282
5.313194,8,585.559828
5.732866,8,585.571461
-34.376628,8,585.586469
-26.434336,8,585.600071
-17.784526,8,585.623123
-42.562115,8,585.639539
5.768663,8,585.65407
3.601984,8,585.679788
-53.998224,8,585.696786
-31.069996,8,585.719442
4.558277,8,585.740155
-55.241541,8,585.755809
5.041681,8,585.7732
-63.376978,8,585.788538
-3.517614,8,585.808542
-2.174582,8,585.833139
-88.954857,8,585.846758
-13.740278,8,585.86547
-30.939599,8,585.880075
-54.428942,8,585.901095
1.162552,8,585.930154
-45.43957,8,585.945737
-19.617518,8,585.979654
-27.239157,8,585.997656
3.363754,8,586.021669
3.667214,8,586.048823
-89.737429,8,586.062458
-1.336683,8,586.082105
-44.287222,8,586.096908
-23.932602,8,586.116055
2.576894,8,586.141167
12.302745,8,586.155824
-44.606333,8,586.182163
-47.472348,8,586.196839
-0.854668,8,586.216485
-5.593576,8,586.234124
0.369972,8,586.250769
-9.203578,8,586.269464
-49.927558,8,586.28209
-53.647654,8,586.299781
-2.288231,8,586.317782
-33.767802,8,586.330783
7.144534,8,586.348782
-24.246599,8,586.365444
-49.510903,8,586.384995
-41.236299,8,586.411038
2.654916,8,586.424036
4.827706,8,586.443758
-6.189801,8,586.457767
-1.236763,8,586.524507
-53.118029,8,586.551165
4.619552,8,586.566737
10.194593,8,586.589111
-1.887733,8,586.607803
-98.649171,8,586.63365
-39.244027,8,586.652645
2.238738,8,586.675406
-22.628412,8,586.701817
-81.922499,8,586.720484
-29.054859,8,586.740195
-5.770671,8,586.758819
-10.548309,8,586.774821
-32.577313,8,586.793814
-9.824853,8,586.805819
-45.800947,8,586.829119
-13.629917,8,586.848832
-18.226578,8,586.86453
-79.192247,8,586.884138
1.421562,8,586.899837
-71.103093,8,586.916474
-59.34928,8,586.942126
-51.727151,8,586.954792
-25.078976,8,586.973462
-25.587263,8,586.98746
4.696206,8,587.005764
5.304068,8,587.024449
-16.660293,8,587.042082
-33.469749,8,587.061446
-1.407367,8,587.073449
-99.182687,8,587.089062
-10.944851,8,587.104062
-103.272219,8,587.11842
-23.55415,8,587.143226
3.330532,8,587.166226
-68.686909,8,587.184843
-43.402054,8,587.20386
-77.881386,8,587.218468
-33.153264,8,587.2381
-46.932576,8,587.252782
-41.521234,8,587.279222
-56.420548,8,587.297874
-60.151764,8,587.311778
-49.154704,8,587.331287
3.183828,8,587.346894
7.503018,8,587.370502
-64.63609,8,587.395707
-65.745625,8,587.409707
-7.170746,8,587.428221
3.434885,8,587.441215
-5.225165,8,587.46453
-14.186253,8,587.487178
-121.169152,8,587.501992
-14.871365,8,587.520517
-71.266961,8,587.534522
2.456605,8,587.552533
-91.67355,8,587.570947
-0.901558,8,587.586755
5.778234,8,587.615606
-18.457131,8,587.630609
-20.375039,8,587.649837
-20.823676,8,587.670493
-30.980007,8,587.686115
2.494161,8,587.922779
-156.211513,8,587.939171
-34.233244,8,588.001382
-177.958991,8,588.022502
-8.235218,8,588.038127
-7.514201,8,588.065509
-21.383472,8,588.085508
2.594695,8,588.113489
3.703658,8,588.140193
-5.650135,8,588.156852
-115.103924,8,588.181342
-128.813954,8,588.197853
4.00513,8,588.217936
1.812603,8,588.239078
-54.827729,8,588.255757
-47.664668,8,588.282783
-1.496473,8,588.299788
-1.579348,8,588.321787
-157.716426,8,588.340789
-44.802795,8,588.355738
-166.291992,8,588.380413
-55.852648,8,588.39642
-22.361722,8,588.41274
-157.586012,8,588.429189
-25.178135,8,588.442181
-15.138002,8,588.460507
-10.250344,8,588.473516
-89.117478,8,588.496817
-10.866159,8,588.515819
-93.78526,8,588.529167
-83.302838,8,588.547859
-63.46759,8,588.563513
-64.394076,8,588.583193
-14.140059,8,588.613545
-119.07408,8,588.627128
-28.549426,8,588.645737
-48.991619,8,588.659751
11.886812,8,588.678551
-38.919164,8,588.698782
-183.996991,8,588.768296
-76.782472,8,588.788666
-60.921067,8,588.803273
-1.582205,8,588.833429
-65.112746,8,588.853431
-50.696626,8,588.872421
4.480185,8,588.904721
-85.176377,8,588.922033
1.094595,8,588.948037
-80.327029,8,588.968618
-3.323396,8,588.985188
-103.13346,8,589.008862
-80.515832,8,589.025503
-3.887062,8,589.044868
-0.850294,8,589.069866
-48.413566,8,589.084397
-35.484592,8,589.105931
0.749479,8,589.123926
-51.319749,8,589.146848
-18.223044,8,589.182209
-80.076797,8,589.200401
-6.949722,8,589.229238
-26.503376,8,589.254824
-108.990112,8,589.28377
4.146896,8,589.3072
-54.715359,8,589.329542
5.434947,8,589.351655
-102.401597,8,589.36665
-19.62767,8,589.385665
-3.03646,8,589.407593
-23.920549,8,589.424579
-6.859431,8,589.447408
-41.26418,8,589.472413
-70.945496,8,589.49542
-12.298169,8,589.519495
-89.073378,8,589.534815
5.07241,8,589.555788
-137.41625,8,589.569491
-15.591661,8,589.58749
5.222536,8,589.607744
-62.683931,8,589.621723
-18.011269,8,589.64484
-63.825425,8,589.661542
3.46698,8,589.68217
3.496929,8,589.706906
-69.890847,8,589.722906
-10.473007,8,589.747784
-3.454325,8,589.764806
8.475581,8,589.782247
-80.52611,8,589.801881
-19.847547,8,589.825158
-95.378869,8,589.849159
-10.874529,8,589.864582
7.530228,8,589.887132
-11.740496,8,589.907689
-103.115186,8,589.922688
-45.010595,8,589.948411
6.98569,8,589.968406
1.80759,8,589.991197
-118.965701,8,590.011189
-57.738134,8,590.026194
-46.477435,8,590.045855
-0.04905,8,590.064701
-15.702425,8,590.095846
4.713512,8,590.117394
-84.61939,8,590.133469
-77.677321,8,590.159592
-24.686045,8,590.18231
-13.383834,8,590.211898
-24.111374,8,590.235243
-122.668844,8,590.25193
-22.67115,8,590.274135
-51.974564,8,590.297934
-4.579803,8,590.319561
-12.017335,8,590.339148
-19.758397,8,590.356289
-66.469025,8,590.378222
-25.448295,8,590.395844
-23.561832,8,590.41552
0.955052,8,590.436794
-26.941621,8,590.460407
-22.354749,8,590.485998
-83.417459,8,590.514452
7.45291,8,590.53418
-38.920338,8,590.554546
-104.22349,8,590.574866
-50.02314,8,590.597694
-9.268818,8,590.612622
-3.283308,8,590.636741
-56.872106,8,590.655224
-18.380371,8,590.668807
-88.315918,8,590.689243
2.578665,8,590.705225
-36.908172,8,590.732941
-159.366184,8,590.754876
-84.926635,8,590.769529
-39.663161,8,590.787453
-109.791353,8,590.802117
-66.636671,8,590.820188
-30.297967,8,590.837279
-80.431608,8,590.852186
-135.301458,8,590.870839
1.069608,8,590.884233
-18.436747,8,590.90242
-98.552919,8,590.920583
2.189411,8,590.935034
-11.852206,8,590.954566
-60.906799,8,590.972462
7.29369,8,590.979858
-4.823426,8,591.00707
-2.460518,8,591.02137
-70.906349,8,591.038132
-68.097391,8,591.04471
-28.266827,8,591.06118
4.745493,8,591.089458
-99.748759,8,591.102634
-5.513588,8,591.119869
-74.735692,8,591.134867
-70.218555,8,591.152716
-12.085422,8,591.174335
-31.915617,8,591.188219
-6.894365,8,591.209801
5.307454,8,591.222949
-31.565604,8,591.240552
8.215358,8,591.259395
-41.845587,8,591.274361
-52.307379,8,591.293514
-67.07878,8,591.311312
0.398079,8,591.33545
-49.304967,8,591.354553
-55.740905,8,591.3681
-0.884352,8,591.390728
-170.743498,8,591.405335
-8.057974,8,591.430128
-20.23214,8,591.451771
-21.870574,8,591.470557
3.775073,8,591.49109
7.205708,8,591.507476
-50.908439,8,591.527553
-30.779671,8,591.553307
-22.843702,8,591.569413
-0.950942,8,591.589633
-6.442416,8,591.604595
-34.449124,8,591.624875
3.907221,8,591.654844
-81.907503,8,591.670502
-56.779633,8,591.691257
-5.543033,8,591.705836
0.216365,8,591.724509
-117.093471,8,591.744489
3.239045,8,591.759114
-59.275678,8,591.783097
-52.323612,8,591.800503
-8.162058,8,591.818514
-59.019534,8,591.836812
3.577516,8,591.85391
-5.522593,8,591.874566
-43.255192,8,591.892565
0.405556,8,591.907446
-5.915564,8,591.927208
-49.905391,8,591.941418
-46.828021,8,591.961653
-0.628341,8,591.974646
6.689185,8,591.997638
4.570571,8,592.019953
-43.978897,8,592.033443
-132.578397,8,592.051104
-7.471227,8,592.063508
7.039769,8,592.08025
-39.813933,8,592.104912
-1.452549,8,592.123475
-20.957624,8,592.144806
-48.077624,8,592.158999
-7.536144,8,592.175206
-157.777709,8,592.195155
-54.563203,8,592.212154
-101.505012,8,592.239547
13.079441,8,592.255725
-26.977868,8,592.277996
-25.984778,8,592.294673
-25.361665,8,592.307508
-41.330112,8,592.330854
3.663019,8,592.348869
-39.628886,8,592.365862
-12.224958,8,592.384867
6.456968,8,592.399847
-3.242436,8,592.417868
3.692482,8,592.429875
2.750603,8,592.448666
-4.344095,8,592.470688
-6.076878,8,592.483571
-15.879476,8,592.499743
-0.076759,8,592.510494
-123.410178,8,592.52802
-11.97482,8,592.55144
-44.834892,8,592.565542
-1.843844,8,592.58745
-2.33941,8,592.600644
2.040902,8,592.61727
7.876686,8,592.632923
-1.949462,8,592.646428
-61.269439,8,592.661806
-98.855054,8,592.675653
-14.565559,8,592.694696
-88.848972,8,592.713496
-1.469064,8,592.726464
-133.220791,8,592.744624
-18.339356,8,592.761261
-44.115665,8,592.777922
-0.747435,8,592.796717
-0.991906,8,592.810219
-16.234694,8,592.825885
-8.457406,8,592.839052
3.302163,8,592.854558
7.204467,8,592.870522
-96.388803,8,592.883549
-60.949705,8,592.900373
1.630189,8,592.913334
-55.058137,8,592.934945
-20.465037,8,592.961512
-95.916238,8,592.974978
-2.798975,8,592.993664
-185.061605,8,593.018586
-16.65846,8,593.03846
-102.316187,8,593.058267
2.333281,8,593.073424
7.434635,8,593.092294
-88.900891,8,593.106177
-113.893547,8,593.12464
1.501211,8,593.150511
-10.362886,8,593.163583
7.446157,8,593.187336
-104.426182,8,593.203575
-10.226836,8,593.223232
-36.750094,8,593.240642
-95.069229,8,593.257399
-19.363296,8,593.275848
-40.171503,8,593.288538
-65.599856,8,593.306515
-57.082048,8,593.323229
-26.93898,8,593.334842
-17.550226,8,593.350633
-77.235024,8,593.368562
-108.664801,8,593.386584
-23.742684,8,593.406722
-21.205324,8,593.411263
-86.592792,8,593.430015
-6.267251,8,593.448799
-2.699036,8,593.463577
8.741945,8,593.480061
0.670802,8,593.497096
-61.518353,8,593.519517
-7.603426,8,593.530026
-138.944827,8,593.546619
-1.441251,8,593.563311
-20.10823,8,593.573327
-77.342653,8,593.594867
-3.931385,8,593.607636
-7.793328,8,593.628681
-7.524949,8,593.64458
-79.993583,8,593.657422
-64.123808,8,593.675066
-155.657058,8,593.688176
-5.058636,8,593.709592
-0.79743,8,593.728392
-70.470012,8,593.740507
-2.358374,8,593.763415
-2.848081,8,593.777752
-51.270137,8,593.796756
-16.798259,8,593.82804
-18.055251,8,593.848917
6.975725,8,593.871073
-86.444557,8,593.886074
0.456323,8,593.904313
-30.593486,8,593.928386
-21.422314,8,593.941696
-24.917943,8,593.960599
-55.231698,8,593.971505
-5.09592,8,593.996783
-84.830743,8,594.012686
-13.64511,8,594.035807
-123.44046,8,594.069424
-57.812497,8,594.084674
-13.406116,8,594.104812
-73.652219,8,594.113373
-5.002728,8,594.130105
1.433893,8,594.156572
-17.105113,8,594.170246
-173.57373,8,594.18947
-27.627219,8,594.211669
-8.652366,8,594.22467
-56.594806,8,594.242342
-4.915987,8,594.26276
6.001258,8,594.282456
-8.62569,8,594.312496
1.083167,8,594.330047
-60.221001,8,594.352967
-0.039086,8,594.371721
-41.860718,8,594.391395
-31.73638,8,594.4113
-12.09674,8,594.427287
-40.234911,8,594.447988
1.714197,8,594.462365
-41.040579,8,594.48432
-28.068385,8,594.503409
-147.945571,8,594.518317
-27.527528,8,594.544777
-16.759759,8,594.558795
-67.190042,8,594.579023
-32.377397,8,594.604797
-82.007502,8,594.619402
-68.202416,8,594.639162
-39.25063,8,594.653694
-9.363495,8,594.67263
-62.220326,8,594.69125
-77.351239,8,594.707914
-80.518154,8,594.726703
-69.264929,8,594.74167
-25.426592,8,594.761628
-121.429897,8,594.78504
-30.101323,8,594.799922
-2.069648,8,594.823755
-104.628893,8,594.839155
-20.231675,8,594.858157
-40.971087,8,594.875704
-9.047851,8,594.890468
-22.188134,8,594.90947
-64.886935,8,594.928388
-32.87392,8,594.947388
-78.837083,8,594.964643
-6.137253,8,594.979549
-105.106331,8,595.002098
-39.352005,8,595.016647
-89.033098,8,595.040295
-15.837135,8,595.060122
-128.774245,8,595.073027
-65.678752,8,595.091367
-107.183713,8,595.105117
-37.230781,8,595.12261
-116.979393,8,595.145988
-15.915934,8,595.160157
-63.445533,8,595.182414
-37.69762,8,595.195022
-8.290263,8,595.216734
-73.107645,8,595.240959
-4.134195,8,595.260269
-167.577159,8,595.278636
-4.037064,8,595.294989
-14.662637,8,595.313889
-105.987454,8,595.333307
-52.034234,8,595.346975
-57.299714,8,595.372209
-83.571659,8,595.390214
-85.995753,8,595.409215
-39.10745,8,595.428312
-37.534899,8,595.44199
-99.589252,8,595.467733
-101.221005,8,595.483729
-130.589477,8,595.498733
-19.626707,8,595.517888
-16.303039,8,595.5329
-18.991816,8,595.550983
-38.162238,8,595.566002
-124.91778,8,595.590028
-108.323943,8,595.611788
-53.184565,8,595.628381
-111.960749,8,595.648736
-13.23524,8,595.668734
-109.126342,8,595.687344
-46.337117,8,595.715034
3.996102,8,595.728234
-93.022801,8,595.748025
-104.522805,8,595.761912
-5.859404,8,595.781326
-19.759679,8,595.799333
-3.292215,8,595.817805
-79.356162,8,595.837802
-36.894287,8,595.851086
-59.004234,8,595.870733
-190.007376,8,595.893536
-6.217567,8,595.908537
-80.981533,8,595.936534
-32.331686,8,595.950981
-2.662787,8,595.970862
-49.402487,8,595.989485
-89.785864,8,596.00342
-46.33741,8,596.022794
-86.86956,8,596.036794
-23.185812,8,596.059705
-6.741041,8,596.079515
-13.159589,8,596.092514
-17.719446,8,596.112847
-130.430989,8,596.125759
-73.913133,8,596.146887
-37.039314,8,596.175824
-65.36715,8,596.194886
-104.386976,8,596.215721
-17.210155,8,596.230433
-100.573265,8,596.250031
-12.419575,8,596.271699
-27.803379,8,596.291349
-50.470061,8,596.319672
-60.331037,8,596.337241
-7.214031,8,596.359287
-8.718421,8,596.387327
-161.621726,8,596.415183
-66.979132,8,596.449182
-111.031168,8,596.465183
-95.733594,8,596.488679
-80.739761,8,596.506947
-15.580008,8,596.52617
-84.398322,8,596.545987
-54.713176,8,596.558991
-6.502585,8,596.57969
-16.971946,8,596.600666
7.395349,8,596.616374
-29.167144,8,596.641811
-55.593242,8,596.65681
-75.90137,8,596.67593
-93.826681,8,596.702849
-21.156494,8,596.718619
-37.697456,8,596.742374
-27.399691,8,596.756166
-21.9204,8,596.775789
-10.530025,8,596.795789
-112.539241,8,596.808791
-47.183054,8,596.829344
-108.646163,8,596.845045
-104.850535,8,596.869615
-163.210199,8,596.888421
-104.716625,8,596.902421
-8.667427,8,596.926409
-13.24279,8,596.941414
-38.788085,8,596.956975
7.083483,8,596.977351
-8.784825,8,596.989825
-55.240384,8,597.008374
-1.968423,8,597.02037
-175.464074,8,597.036757
-131.034055,8,597.053243
-28.542363,8,597.065737
-60.927838,8,597.087414
-64.585154,8,597.100002
1.928352,8,597.118353
1.64701,8,597.144028
4.45353,8,597.155507
-60.936657,8,597.171445
-11.2404,8,597.191756
-77.26215,8,597.209814
-59.597589,8,597.228058
-32.292172,8,597.242066
-59.135215,8,597.259293
-50.445325,8,597.273434
4.723275,8,597.294995
-5.486814,8,597.312436
1.691287,8,597.324411
-44.248806,8,597.347052
-55.122477,8,597.360612
-5.921244,8,597.378064
-62.204396,8,597.399238
2.076953,8,597.409235
-44.721625,8,597.427683
3.156226,8,597.440777
0.744452,8,597.457684
-5.698906,8,597.474469
-34.186431,8,597.486745
-55.470454,8,597.503857
-20.460803,8,597.519166
-21.340315,8,597.540073
-90.620232,8,597.560703
3.560587,8,597.574704
-38.485848,8,597.591326
-24.194593,8,597.60705
-2.657942,8,597.630426
-36.393784,8,597.647438
-15.732436,8,597.659429
-9.842615,8,597.677299
-83.397508,8,597.689396
-3.770364,8,597.706941
-120.29364,8,597.724519
-10.189306,8,597.741918
-112.150012,8,597.763984
-76.746227,8,597.776983
-90.614036,8,597.794048
1.864803,8,597.810725
-11.720691,8,597.823736
-4.511258,8,597.846167
-55.048226,8,597.859076
-41.223903,8,597.876471
-20.541452,8,597.894064
-13.15256,8,597.908077
0.704995,8,597.925677
-12.774173,8,597.939404
-33.490175,8,597.962632
-42.526674,8,597.985631
-0.504735,8,598.002999
-42.126874,8,598.02067
-6.024705,8,598.036451
-1.79417,8,598.054005
-25.626163,8,598.079229
6.903465,8,598.09225
-2.613659,8,598.110228
-128.40695,8,598.123811
-67.976148,8,598.142402
-31.897768,8,598.160662
-29.294175,8,598.178673
-16.821822,8,598.202671
-41.573589,8,598.21723
-46.357676,8,598.235389
-12.653814,8,598.254041
0.906263,8,598.267773
-94.018162,8,598.290418
-229.530662,8,598.304948
-51.823462,8,598.322948
-66.362711,8,598.341485
-69.056501,8,598.355135
-48.197904,8,598.373753
-168.02248,8,598.387442
-80.314182,8,598.410018
-1.717928,8,598.435889
-41.674683,8,598.44787
7.109279,8,598.464785
-42.650745,8,598.481438
-35.850594,8,598.508089
-43.863904,8,598.531391
-15.89625,8,598.545938
-10.145172,8,598.568219
-50.463832,8,598.590364
-18.628328,8,598.620429
-109.036433,8,598.641431
-71.223994,8,598.660723
-39.367863,8,598.692805
-152.098398,8,598.709062
-62.824565,8,598.737425
-30.790244,8,598.758423
-69.152406,8,598.774019
-96.928449,8,598.794017
-50.472268,8,598.816917
-93.073875,8,598.844051
-43.990829,8,598.865725
-41.115447,8,598.882405
3.721227,8,598.903064
-55.184743,8,598.918775
-67.582046,8,598.948072
-25.879964,8,598.975073
-19.020718,8,598.991781
-69.63315,8,599.014845
-112.723519,8,599.031486
-67.596451,8,599.052104
-193.726395,8,599.079758
-23.807302,8,599.095699
-3.011494,8,599.116473
-121.13796,8,599.133867
-138.850786,8,599.155049
-50.143924,8,599.179702
-1.3571,8,599.195069
-102.704803,8,599.220778
-42.875323,8,599.236461
-16.887138,8,599.257173
-44.846363,8,599.276731
-4.045157,8,599.296029
-121.028884,8,599.316777
-4.050061,8,599.3324
4.007934,8,599.35203
-76.603955,8,599.369538
6.875951,8,599.382797
-61.715539,8,599.407636
-6.052015,8,599.422657
-18.275374,8,599.440403
2.435758,8,599.464863
-70.736441,8,599.480865
-38.912358,8,599.503865
-2.089286,8,599.518869
-84.936074,8,599.538489
2.063056,8,599.558157
-5.369624,8,599.572732
-19.036839,8,599.592955
-2.997574,8,599.617739
-54.222144,8,599.636836
-51.776259,8,599.654055
-21.502531,8,599.669441
-144.378952,8,599.694952
-30.967041,8,599.709985
-3.132212,8,599.735437
-17.458764,8,599.755076
-120.946705,8,599.770727
-2.12729,8,599.795553
-2.726621,8,599.80855
-48.629746,8,599.828374
-16.698619,8,599.852373
-92.536477,8,599.86656
-23.608503,8,599.886368
-2.276652,8,599.898959
-4.332094,8,599.921377
11.081723,8,599.947916
-6.899288,8,599.965918
-32.456123,8,599.985935
-21.452606,8,599.999934
-16.33505,8,600.018688
-9.172836,8,600.037365
3.853031,8,600.052022
-40.503688,8,600.075097
-7.545264,8,600.089456
0.043981,8,600.107167
-25.694891,8,600.127393
-77.996213,8,600.140397
-12.064069,8,600.16507
-135.918714,8,600.176073
-65.049628,8,600.197049
5.632123,8,600.216791
-22.563254,8,600.231393
-18.695736,8,600.251171
3.002167,8,600.266087
4.642443,8,600.284085
-56.844285,8,600.310133
-4.150453,8,600.323098
-29.584768,8,600.340264
-29.310807,8,600.354677
-0.007714,8,600.374068
-3.094392,8,600.398152
-28.002198,8,600.415458
-3.023273,8,600.435533
-29.629507,8,600.450062
7.923751,8,600.470747
-34.600036,8,600.490397
-45.225173,8,600.505398
-73.904483,8,600.527936
-139.624157,8,600.545544
3.03583,8,600.566755
-1.608948,8,600.585452
0.381087,8,600.60208
-42.517795,8,600.635347
-32.314768,8,600.65159
-103.670748,8,600.673843
-5.594648,8,600.69289
-62.011074,8,600.708907
-45.155607,8,600.730409
-16.871435,8,600.75002
-80.831911,8,600.769838
1.305969,8,600.790784
-8.206374,8,600.808144
-61.839438,8,600.824721
-0.9763,8,600.839726
-24.335675,8,600.864405
-169.269462,8,600.888637
-14.307455,8,600.903505
-48.050211,8,600.922718
-8.983624,8,600.93672
-43.611888,8,600.96072
-48.370995,8,600.981437
-41.114714,8,600.996436
-37.927982,8,601.01513
3.174585,8,601.03042
-56.194911,8,601.051091
-12.863019,8,601.074744
-10.500631,8,601.096102
-41.740098,8,601.120778
-72.184924,8,601.141424
0.082546,8,601.163754
-4.196888,8,601.188468
5.958613,8,601.20308
-14.258013,8,601.222754
-81.912568,8,601.237367
-82.697468,8,601.260909
-26.595785,8,601.285439
8.51665,8,601.299808
-1.47669,8,601.322329
-24.514726,8,601.338866
-141.98157,8,601.356863
9.176567,8,601.386946
6.633637,8,601.409196
1.930936,8,601.439865
-37.144325,8,601.46268
-25.890686,8,601.48768
3.982176,8,601.512791
-53.657604,8,601.526811
-111.022681,8,601.546801
-12.956416,8,601.561814
-21.692175,8,601.581401
-1.279703,8,601.600034
-34.883874,8,601.618723
-80.988452,8,601.641419
-27.307738,8,601.657145
4.362598,8,601.675722
-33.771434,8,601.695176
-22.197839,8,601.708172
5.564426,8,601.731459
7.74451,8,601.744684
-100.054558,8,601.765249
-200.166512,8,601.784391
-2.998157,8,601.799073
5.599433,8,601.816127
2.353607,8,601.837404
-12.262795,8,601.854139
-79.169856,8,601.877424
4.434015,8,601.892439
3.830148,8,601.909142
-3.64851,8,601.92272
-42.171574,8,601.944731
7.988986,8,601.960742
-151.834915,8,601.974769
-29.457825,8,601.991451
-16.412435,8,602.006067
-8.127739,8,602.024059
4.774066,8,602.048099
-27.614137,8,602.062844
-168.657134,8,602.087423
-133.404619,8,602.101134
-28.940544,8,602.123829
-30.326142,8,602.143883
-30.970789,8,602.166827
-105.062194,8,602.186462
-6.690865,8,602.199181
-157.570502,8,602.218826
-14.916459,8,602.237821
-26.834127,8,602.253134
-27.143919,8,602.274789
-52.239836,8,602.2916
-0.585559,8,602.314677
-79.841293,8,602.337538
-62.455664,8,602.352536
0.796023,8,602.371858
-45.497888,8,602.390378
-8.396197,8,602.408682
4.244685,8,602.428151
-24.608451,8,602.443163
-3.170118,8,602.46216
-22.85045,8,602.475161
-18.297517,8,602.497086
-79.387085,8,602.516085
-66.969234,8,602.526085
1.828571,8,602.551091
2.951944,8,602.563091
-0.20631,8,602.581607
-24.947073,8,602.606106
-147.092138,8,602.624775
-82.38189,8,602.650454
-68.084318,8,602.669718
-68.219352,8,602.697158
-149.220215,8,602.72381
-2.878233,8,602.739467
-4.43597,8,602.759833
4.940303,8,602.781376
-22.765834,8,602.803039
-103.60844,8,602.831794
-12.27155,8,602.847928
-90.836712,8,602.86778
-117.657534,8,602.882498
-80.495983,8,602.903091
5.821933,8,602.923758
-21.491992,8,602.94048
-98.101323,8,602.959268
1.070623,8,602.971965
-25.254466,8,602.989966
-115.414991,8,603.008963
-15.928982,8,603.022964
-84.228523,8,603.055564
-121.588505,8,603.073819
-6.765702,8,603.099135
-55.59016,8,603.120804
-13.551407,8,603.138459
-2.675925,8,603.164797
-110.735714,8,603.181477
4.288859,8,603.201473
-9.413016,8,603.220639
-30.127952,8,603.235458
-120.588055,8,603.261314
-53.22764,8,603.281496
3.464486,8,603.302437
-46.840087,8,603.326438
-5.021136,8,603.339381
-35.573503,8,603.359477
-163.518229,8,603.379123
-4.570981,8,603.398466
3.786679,8,603.418468
7.984533,8,603.433455
-11.738511,8,603.4562
-48.573474,8,603.474883
-12.746214,8,603.495283
-10.798256,8,603.514835
-14.584459,8,603.533831
-39.500862,8,603.562866
-0.197285,8,603.587451
7.109934,8,603.607172
2.068472,8,603.628493
-69.169788,8,603.643488
-12.954906,8,603.664831
-13.383105,8,603.682475
0.157517,8,603.715588
-9.793815,8,603.742872
-6.174142,8,603.759872
-245.798282,8,603.779497
-79.01376,8,603.800644
5.106376,8,603.823217
-100.676322,8,603.845408
-3.371147,8,603.861409
-97.876294,8,603.879643
1.483189,8,603.895249
5.748703,8,603.92087
-66.215239,8,603.946139
-18.338558,8,603.963144
-90.284266,8,603.984469
8.940991,8,604.000124
-104.121795,8,604.024799
-60.082126,8,604.046533
-69.577997,8,604.062549
-19.071155,8,604.086548
-1.157601,8,604.101147
-51.976267,8,604.121387
-90.296106,8,604.145518
-79.714927,8,604.160496
-1.206851,8,604.180501
-39.056427,8,604.195161
-81.053846,8,604.21482
-43.724153,8,604.235511
2.969247,8,604.255116
-160.757241,8,604.2738
-185.733788,8,604.289465
-113.393909,8,604.308467
-14.827487,8,604.332499
-4.966659,8,604.35201
3.31345,8,604.372159
-108.236636,8,604.386492
6.220863,8,604.406474
-13.52116,8,604.425855
-23.137437,8,604.441521
-90.78962,8,604.465866
10.276254,8,604.481522
3.238471,8,604.501192
-1.869153,8,604.520189
-29.201992,8,604.534189
-111.791753,8,604.553187
-10.163529,8,604.57019
-19.638408,8,604.592487
10.18496,8,604.611821
-87.576749,8,604.625819
-21.641568,8,604.646197
10.666016,8,604.660815
-80.6371,8,604.68447
8.052138,8,604.70517
-24.525877,8,604.724628
5.977535,8,604.74818
0.464396,8,604.780532
-2.028929,8,604.807848
8.228808,8,604.834631
-111.746344,8,604.848632
3.405279,8,604.8689
-32.767513,8,604.883522
-98.651114,8,604.900241
-27.364097,8,604.922788
-113.594551,8,604.93679
-83.283719,8,604.954789
7.115784,8,604.968338
0.322386,8,604.985598
-33.073565,8,605.005173
2.683745,8,605.017903
-150.659533,8,605.042538
-98.273172,8,605.056233
-74.5378,8,605.097132
-8.253844,8,605.113811
-2.849576,8,605.127829
2.273967,8,605.150216
-96.392319,8,605.164227
-124.446806,8,605.179445
-14.868162,8,605.193443
-48.87791,8,605.206762
-28.12694,8,605.225266
0.26173,8,605.238473
-2.207524,8,605.261821
-2.964383,8,605.283816
-19.402712,8,605.297118
-42.72094,8,605.314821
-80.05773,8,605.326817
-78.549311,8,605.344145
-62.782987,8,605.366815
-69.057649,8,605.380814
-17.353241,8,605.399167
5.48118,8,605.412828
5.475208,8,605.429473
-1.583362,8,605.444091
3.437417,8,605.455103
-26.830086,8,605.48281
-64.562703,8,605.495811
-125.239516,8,605.515299
0.264587,8,605.533503
6.17977,8,605.546196
-20.952921,8,605.564762
-52.960892,8,605.58078
-98.775608,8,605.598779
-11.214438,8,605.61726
-1.877429,8,605.630577
-0.77979,8,605.647208
-57.226487,8,605.659206
4.132314,8,605.681634
6.712864,8,605.711399
12.506886,8,605.736499
-68.929716,8,605.763787
-3.91208,8,605.783786
2.241766,8,605.811161
-88.613004,8,605.833168
10.250012,8,605.844978
1.603646,8,605.862956
-6.437421,8,605.875948
-33.589228,8,605.894112
-41.454395,8,605.917398
-32.277706,8,605.934402
-65.824162,8,605.957175
1.732255,8,605.972874
-56.231474,8,605.991315
-0.186279,8,606.00962
-59.033814,8,606.023835
-48.547758,8,606.049839
-21.987934,8,606.066838
-30.306014,8,606.088834
-15.292105,8,606.115081
-21.08877,8,606.1367
2.423468,8,606.165862
-17.164704,8,606.185519
-87.795521,8,606.21188
-93.57423,8,606.243549
-93.126073,8,606.268095
-65.624075,8,606.288526
4.93895,8,606.303447
-22.164884,8,606.324861
-2.923192,8,606.352097
-9.218844,8,606.378467
-36.344796,8,606.397145
-0.902795,8,606.412843
-61.167814,8,606.432521
-24.417512,8,606.451158
0.489707,8,606.463855
-7.78006,8,606.492556
-3.495934,8,606.508226
-1.353011,8,606.524904
-58.053085,8,606.544175
-32.661744,8,606.55918
-5.189448,8,606.576812
-49.73939,8,606.595814
9.308748,8,606.614506
-53.593074,8,606.633043
1.846188,8,606.647129
-7.067933,8,606.665526
-114.615087,8,606.678512
3.185522,8,606.695518
4.249245,8,606.721841
-17.879576,8,606.736539
-91.590982,8,606.754206
-21.322648,8,606.768859
4.432812,8,606.790497
6.258781,8,606.813176
-8.320695,8,606.838217
6.111566,8,606.877016
-86.192894,8,606.898346
-0.263947,8,606.923814
-46.898605,8,606.95
-50.88015,8,606.971924
-108.237171,8,607.000851
-63.846023,8,607.018009
-17.529363,8,607.040009
-52.187083,8,607.067009
3.808733,8,607.086012
-10.356621,8,607.107601
-74.995385,8,607.126827
-48.314332,8,607.150818
-86.439161,8,607.181564
-86.673104,8,607.197322
-111.54776,8,607.220975
6.570193,8,607.235346
-63.691747,8,607.260339
-23.64951,8,607.291712
-17.638371,8,607.315341
-71.435697,8,607.337666
-45.707304,8,607.354321
3.104578,8,607.380242
-73.203966,8,607.401521
-88.104409,8,607.416974
-69.37317,8,607.43698
-22.306031,8,607.451226
0.396027,8,607.476517
-12.564455,8,607.502869
-135.428976,8,607.517319
-32.672176,8,607.541035
-20.633735,8,607.555836
-75.181828,8,607.57339
-56.739763,8,607.606514
-174.113008,8,607.631789
-29.685191,8,607.655791
-7.106989,8,607.675153
-25.877189,8,607.701913
-88.068373,8,607.731762
-28.035446,8,607.749876
-113.444281,8,607.771134
2.762026,8,607.78518
8.888019,8,607.804184
-1.943762,8,607.834626
2.417573,8,607.849373
-5.2091,8,607.871988
-24.429174,8,607.887685
3.509425,8,607.908676
-21.60605,8,607.930675
3.250521,8,607.950671
-29.533122,8,607.970442
3.396749,8,607.989138
6.238847,8,608.009341
-37.403425,8,608.031603
-21.71438,8,608.057354
3.718443,8,608.087961
-25.106191,8,608.103959
-86.065239,8,608.124058
-88.247815,8,608.146652
-163.224125,8,608.162005
-8.180081,8,608.187061
-80.475455,8,608.202423
-5.998087,8,608.226017
-125.372427,8,608.250462
-18.203468,8,608.265834
-86.32674,8,608.286536
-18.46049,8,608.305259
-18.675907,8,608.32494
-69.122838,8,608.350541
-20.655409,8,608.364888
2.303748,8,608.38356
-29.608193,8,608.39674
-57.583811,8,608.417912
-8.242357,8,608.437249
8.316412,8,608.456245
-118.208769,8,608.48169
-2.814916,8,608.499347
-147.974285,8,608.523448
4.299037,8,608.546436
0.314712,8,608.57043
-86.725727,8,608.604831
-70.033289,8,608.622625
-88.681076,8,608.64835
-19.612963,8,608.676225
-3.892548,8,608.699393
-22.142908,8,608.728719
3.845832,8,608.754875
-91.128882,8,608.783222
-2.453573,8,608.809501
-110.542709,8,608.825058
-45.385119,8,608.847405
-110.163739,8,608.868507
-2.343351,8,608.897357
-156.780502,8,608.927556
2.022872,8,608.949062
-23.70937,8,608.980826
-118.310667,8,608.996359
-15.319453,8,609.015312
-96.833963,8,609.036689
-141.371452,8,609.051396
-42.810194,8,609.072371
6.443883,8,609.091935
1.579364,8,609.112923
-31.147799,8,609.134736
4.803847,8,609.149881
-23.033843,8,609.173117
4.859908,8,609.189592
-20.260178,8,609.210903
-5.178115,8,609.231472
-88.249142,8,609.242471
-63.515415,8,609.262874
-67.800716,8,609.27687
-60.989468,8,609.296284
-14.790364,8,609.317287
4.98363,8,609.330604
-51.747988,8,609.348226
5.962341,8,609.359224
-144.379417,8,609.377562
7.283682,8,609.398006
-11.33491,8,609.411005
-7.980805,8,609.435047
6.946944,8,609.448607
-86.398247,8,609.467282
-14.081337,8,609.485891
2.516029,8,609.499666
1.613755,8,609.517365
-77.71719,8,609.534366
4.942068,8,609.55212
-8.890648,8,609.571898
-104.477501,8,609.58653
-109.102209,8,609.608109
-16.490802,8,609.620819
-77.742674,8,609.639818
-71.770784,8,609.667462
-27.51221,8,609.685726
-2.095156,8,609.708275
3.889501,8,609.721976
-5.212675,8,609.739636
8.104853,8,609.759632
-30.339372,8,609.781086
-82.870529,8,609.800601
-45.05338,8,609.817921
-206.132587,8,609.848792
3.808631,8,609.876003
4.229147,8,609.900386
-24.992497,8,609.929696
4.971126,8,609.952246
-109.662579,8,609.981714
-63.885553,8,610.006271
-15.490421,8,610.041938
5.858493,8,610.078066
-19.9359,8,610.10398
-35.184216,8,610.124739
-0.292365,8,610.148489
-69.199172,8,610.163481
2.00043,8,610.187478
9.249744,8,610.207195
-30.293052,8,610.233721
-30.816277,8,610.257292
-18.258297,8,610.273949
-102.48105,8,610.298353
-48.993194,8,610.314917
-122.16531,8,610.344285
-27.105141,8,610.365641
2.807092,8,610.384563
-38.073102,8,610.418849
-67.129301,8,610.439812
-3.488846,8,610.458731
8.076274,8,610.482918
-5.99533,8,610.495677
-175.984214,8,610.519435
3.338865,8,610.531874
-14.491784,8,610.550665
-150.517234,8,610.567054
-44.760321,8,610.580908
-8.123659,8,610.598479
-60.201554,8,610.612475
-85.710765,8,610.632629
-85.943334,8,610.64882
-6.838462,8,610.664134
-6.482174,8,610.68871
-108.339104,8,610.706669
-77.847231,8,610.72493
-173.437843,8,610.742135
-18.847484,8,610.754823
-12.826482,8,610.760804
-41.789012,8,610.780877
-47.398643,8,610.793012
-22.523202,8,610.811211
-19.342378,8,610.829332
-39.324324,8,610.841438
-40.389544,8,610.857595
-24.941777,8,610.875494
-4.131602,8,610.896125
-3.135858,8,610.90555
-102.420264,8,610.923681
-18.298563,8,610.937679
6.399716,8,610.956642
0.681076,8,610.970391
-5.107093,8,610.996532
-74.149912,8,611.020747
-11.234235,8,611.038739
-100.239606,8,611.060437
-15.935769,8,611.077612
-73.806444,8,611.100977
-2.618373,8,611.129762
-29.927786,8,611.150799
-82.743942,8,611.172436
-135.358005,8,611.192168
-11.454977,8,611.207388
-76.274867,8,611.233039
-20.067751,8,611.249358
-129.881887,8,611.268357
-35.911018,8,611.287398
4.700957,8,611.302889
-68.441447,8,611.323053
-147.20495,8,611.339869
-8.403004,8,611.358649
-34.314623,8,611.382689
-47.981368,8,611.395491
-153.147589,8,611.415048
5.944568,8,611.427738
6.047493,8,611.451953
-69.052287,8,611.46767
-24.522686,8,611.4807
-44.350967,8,611.498338
-93.056303,8,611.510487
-4.035274,8,611.528653
-102.929295,8,611.546881
-28.042497,8,611.56432
-9.30312,8,611.586271
-7.500039,8,611.599551
-5.270231,8,611.622809
-122.454873,8,611.640015
-44.441236,8,611.651997
-0.763436,8,611.673015
-12.470514,8,611.686014
-34.205192,8,611.702014
-18.648832,8,611.719389
-76.959821,8,611.731391
-70.676577,8,611.748052
-8.138758,8,611.75937
-100.258375,8,611.780774
-24.947717,8,611.798317
-82.6858,8,611.810404
-21.967918,8,611.825712
-21.987106,8,611.841909
-44.964004,8,611.859908
2.831537,8,611.874909
-84.021869,8,611.889689
-67.043056,8,611.904784
-67.567707,8,611.91677
-20.701679,8,611.932698
-53.986614,8,611.949769
-78.340437,8,611.96411
6.642716,8,611.991929
3.386688,8,612.006474
-4.189661,8,612.022984
-80.578871,8,612.039078
-21.178016,8,612.051006
6.681562,8,612.067237
-33.103611,8,612.07879
-3.146582,8,612.094383
-35.211906,8,612.114086
-11.18722,8,612.126262
-66.406343,8,612.141775
-29.388696,8,612.152865
-16.720616,8,612.176134
-113.416171,8,612.194907
-112.096024,8,612.213887
-48.269084,8,612.23289
-83.733266,8,612.242886
-102.018131,8,612.25815
0.807741,8,612.276413
-14.307416,8,612.290478
-17.730894,8,612.306485
0.031474,8,612.321482
-145.113183,8,612.337251
-25.235593,8,612.352607
-14.280356,8,612.364452
-6.008103,8,612.38489
-88.432514,8,612.395525
-97.330418,8,612.416342
-17.393269,8,612.43581
-98.417068,8,612.448833
1.225545,8,612.463809
0.590194,8,612.476101
-13.188521,8,612.491759
-0.880038,8,612.507717
-19.597751,8,612.51883
-92.065596,8,612.536375
-75.936135,8,612.548048
5.91246,8,612.564918
-88.213093,8,612.586267
-29.996498,8,612.599181
-45.580929,8,612.616224
-1.521994,8,612.627738
12.779497,8,612.644355
-36.825566,8,612.66552
7.720338,8,612.67852
-120.740569,8,612.694518
-12.58397,8,612.70771
-18.944871,8,612.723912
-53.885302,8,612.739578
-2.769267,8,612.755841
-22.904725,8,612.775335
-44.342945,8,612.786053
-5.209748,8,612.801148
-28.760378,8,612.82005
-8.435512,8,612.831635
-32.297556,8,612.848342
-17.703926,8,612.863939
-35.854873,8,612.879784
-92.610414,8,612.895385
-19.799117,8,612.906487
7.044615,8,612.921359
-43.180991,8,612.933191
-65.514705,8,612.949193
-16.38044,8,612.971758
2.985976,8,612.98511
-102.507586,8,613.000608
6.283328,8,613.012522
-91.22403,8,613.027665
-31.56757,8,613.042499
-59.89458,8,613.053921
-12.217146,8,613.067611
-97.789969,8,613.08657
-57.892982,8,613.104744
-0.43312,8,613.126846
-17.793023,8,613.142074
-19.691461,8,613.165602
-16.738088,8,613.182285
-101.178607,8,613.209954
-5.715129,8,613.23215
-0.242663,8,613.245437
-238.747545,8,613.263587
-66.598218,8,613.275729
-1.344787,8,613.293031
-94.031398,8,613.312689
-19.340831,8,613.325314
-128.241614,8,613.340687
6.761995,8,613.357713
-38.354056,8,613.375944
-6.958683,8,613.400197
-56.534491,8,613.418657
-18.264663,8,613.436508
-68.52559,8,613.450762
-38.661206,8,613.470861
10.792836,8,613.491151
-4.430365,8,613.505381
-112.347277,8,613.523804
-34.685205,8,613.541197
-141.128842,8,613.5592
-2.564994,8,613.576667
4.850581,8,613.590587
-12.036491,8,613.615822
3.782396,8,613.628507
-49.928059,8,613.649604
-23.533056,8,613.667853
-60.133398,8,613.682349
-32.849128,8,613.700279
-53.60819,8,613.713063
-69.712405,8,613.73021
10.997551,8,613.747353
-17.99326,8,613.761297
-21.089124,8,613.783532
-5.145912,8,613.796579
-71.47406,8,613.814142
-45.207857,8,613.834858
10.286031,8,613.846789
-17.433605,8,613.865169
-91.422685,8,613.877609
-23.928284,8,613.897616
-38.023535,8,613.9146
-193.360505,8,613.926615
-51.934304,8,613.943598
-6.331827,8,613.955471
-218.376674,8,613.971229
-4.250248,8,613.986906
-47.177737,8,614.001058
-7.117104,8,614.019984
-9.917755,8,614.031149
-91.73,8,614.047353
-26.16125,8,614.061057
-38.606156,8,614.074346
-6.311489,8,614.093544
-41.834683,8,614.106636
-35.181502,8,614.12663
-20.201353,8,614.144011
2.525218,8,614.155756
-5.088956,8,614.171657
-184.885605,8,614.182553
4.162722,8,614.201649
-0.343033,8,614.222774
-56.926277,8,614.237957
-20.438955,8,614.254497
3.100212,8,614.26571
3.04439,8,614.28199
2.28114,8,614.297502
9.980456,8,614.30956
-14.181881,8,614.324726
-24.479294,8,614.340068
-25.864842,8,614.353674
-145.701087,8,614.370019
-75.922226,8,614.382622
-21.205286,8,614.404139
-42.671911,8,614.416928
-5.541057,8,614.431927
6.922417,8,614.450179
-92.190231,8,614.461719
-73.695712,8,614.477775
-63.980411,8,614.480569
-130.28942,8,614.497155
-8.578243,8,614.514186
-161.1601,8,614.53053
-1.868628,8,614.545491
-12.217364,8,614.545491
-43.066552,8,614.572499
-2.376187,8,614.590542
-12.25312,8,614.604597
-3.839059,8,614.620401
-79.131864,8,614.632184
-64.506076,8,614.647286
-2.870432,8,614.661482
-60.680867,8,614.674578
-146.858858,8,614.687575
-24.911485,8,614.697703
5.569546,8,614.71169
-31.998906,8,614.719688
1.951042,8,614.719688
-30.730232,8,614.753759
-41.210322,8,614.759507
-24.879355,8,614.767733
-16.245593,8,614.783491
-55.270366,8,614.80963
-79.611249,8,614.829303
-0.808038,8,614.832052
-44.473124,8,614.853482
-51.50229,8,614.868438
7.922482,8,614.878143
-29.202647,8,614.896764
1.959406,8,614.909727
-27.760829,8,614.923394
-3.66631,8,614.949085
4.612416,8,614.962013
3.4774,8,614.977097
-12.243545,8,614.989193
0.852418,8,614.998216
-7.511084,8,615.018601
1.946212,8,615.034813
-63.156677,8,615.046335
-15.550005,8,615.064188
-12.476947,8,615.079158
-61.944298,8,615.094074
-68.907305,8,615.101593
1.345688,8,615.131655
-9.825124,8,615.145644
5.639932,8,615.164978
-108.698224,8,615.181973
-42.912411,8,615.193973
-35.096524,8,615.20988
-83.872511,8,615.20988
-89.365717,8,615.225761
0.42847,8,615.259772
-190.612958,8,615.263066
-43.689001,8,615.287709
-79.789919,8,615.301694
2.592655,8,615.317748
-97.457805,8,615.34187
-58.466634,8,615.356226
-61.137728,8,615.362925
-5.564676,8,615.378625
2.420062,8,615.401464
-22.872943,8,615.415029
-75.869145,8,615.429771
-14.015757,8,615.444642
-71.861849,8,615.456956
-26.716101,8,615.463544
-42.888228,8,615.492685
5.273148,8,615.506389
-64.795005,8,615.51649
-5.315792,8,615.531312
-97.424234,8,615.548889
-40.3291,8,615.56294
-24.767162,8,615.57878
-16.310899,8,615.59444
6.041727,8,615.59444
-76.87515,8,615.623875
-147.646459,8,615.628115
-90.808009,8,615.641839
-13.906794,8,615.659937
1.496057,8,615.676127
8.56583,8,615.696134
-29.64864,8,615.718374
-22.74067,8,615.729501
-1.246043,8,615.735595
-51.316429,8,615.757255
-14.792938,8,615.767302
-38.255768,8,615.807573
-29.578044,8,615.821482
-8.676863,8,615.845601
-39.869317,8,615.859939
-16.228976,8,615.876588
-15.054417,8,615.893571
0.229693,8,615.91144
-11.134635,8,615.934225
-62.032931,8,615.948364
-45.861325,8,615.962645
-49.757867,8,615.970531
-53.390506,8,615.995595
3.493377,8,616.012623
6.620994,8,616.024733
-22.894572,8,616.044236
-118.796451,8,616.062321
-16.677854,8,616.076344
-33.427994,8,616.092486
-28.490161,8,616.096499
-17.698378,8,616.12485
1.579926,8,616.15111
-21.949878,8,616.164439
-50.459812,8,616.179772
-6.3228,8,616.188776
-9.662512,8,616.203941
4.262317,8,616.220025
5.895129,8,616.220025
1.916101,8,616.237835
-25.475004,8,616.263291
-16.15763,8,616.277205
-25.25441,8,616.282197
3.82485,8,616.295362
5.191429,8,616.315353
-80.122582,8,616.328782
-73.629379,8,616.346915
8.350281,8,616.363074
-59.994736,8,616.379779
-62.131511,8,616.39446
-15.6118,8,616.39543
1.354114,8,616.413448
-4.471216,8,616.430791
-16.882081,8,616.430791
-0.079471,8,616.44685
-189.402634,8,616.464724
-0.113776,8,616.48817
-6.143668,8,616.501159
-80.561955,8,616.514406
-32.450339,8,616.529519
10.016885,8,616.548033
-26.88676,8,616.562382
-100.666154,8,616.578234
-28.027011,8,616.578234
-167.978819,8,616.59873
-13.469609,8,616.613223
-2.89477,8,616.629934
-14.846034,8,616.641551
-14.955188,8,616.657526
-17.216766,8,616.675608
-8.489887,8,616.687106
6.824364,8,616.703314
0.841055,8,616.720509
-2.044916,8,616.731505
-126.57052,8,616.744462
-45.228156,8,616.755222
-20.666033,8,616.770723
2.550885,8,616.785092
-13.504036,8,616.795092
5.239023,8,616.809091
-183.175081,8,616.823288
-32.412903,8,616.837378
-89.088384,8,616.85473
-3.017245,8,616.864742
-23.034899,8,616.881862
-128.423278,8,616.891623
-49.952589,8,616.904859
-57.535265,8,616.918876
-85.813238,8,616.934845
-17.853639,8,616.949522
-31.699596,8,616.959054
-17.556864,8,616.974818
-7.257297,8,616.988807
-6.363333,8,617.004213
-5.767399,8,617.0201
-40.320284,8,617.036339
-5.063004,8,617.050884
9.132807,8,617.066606
-22.560667,8,617.078405
-21.784275,8,617.092453
-38.707989,8,617.102394
-20.86324,8,617.115922
5.229457,8,617.129039
-18.875889,8,617.148737
-5.019212,8,617.163297
0.149012,8,617.174835
-191.209692,8,617.190621
-3.752139,8,617.208407
-91.092562,8,617.223338
1.079597,8,617.240473
4.367735,8,617.258471
-14.355699,8,617.26647
-33.785973,8,617.280317
9.703923,8,617.303421
-0.539879,8,617.313556
-168.470547,8,617.330975
-37.869871,8,617.34715
-13.229534,8,617.359791
-22.029754,8,617.372923
-20.436765,8,617.378677
-102.206379,8,617.401886
4.751023,8,617.414054
5.320964,8,617.4304
-1.388344,8,617.4304
-57.676026,8,617.45476
-16.417982,8,617.460759
-4.908021,8,617.480745
-0.97463,8,617.499414
-89.858258,8,617.508417
-2.084127,8,617.514603
-46.905667,8,617.530612
-7.418072,8,617.530612
-107.645912,8,617.562268
-51.405376,8,617.56428
-179.880826,8,617.580047
-63.45778,8,617.596596
10.185592,8,617.620681
-42.72333,8,617.636291
-44.140238,8,617.6442
-39.615124,8,617.661566
2.804689,8,617.672702
-38.927036,8,617.687673
-175.274578,8,617.688673
-96.510986,8,617.713355
-132.206462,8,617.723277
-0.060714,8,617.73639
7.259237,8,617.754392
-56.07175,8,617.768522
6.643546,8,617.786852
8.08742,8,617.797865
-59.362747,8,617.797865
-76.274905,8,617.829821
-10.774414,8,617.831835
-14.434788,8,617.847856
-12.65923,8,617.86187
-21.424585,8,617.87783
-39.291939,8,617.901763
-69.795947,8,617.92237
-115.976836,8,617.93712
-15.951734,8,617.944114
3.637558,8,617.964214
-16.234943,8,617.975969
-30.938515,8,617.993326
-63.743387,8,618.002511
-95.296489,8,618.015507
3.909374,8,618.023505
2.475654,8,618.039624
3.107969,8,618.055342
-2.430855,8,618.055342
-6.420554,8,618.08712
-148.511661,8,618.098755
-97.95217,8,618.118171
-151.13376,8,618.135111
-17.364335,8,618.153482
-22.607639,8,618.161014
5.940881,8,618.185115
-11.330793,8,618.203931
-24.148963,8,618.2205
3.181268,8,618.23363
-70.567041,8,618.250782
-28.848615,8,618.266404
-12.568881,8,618.281513
-58.550749,8,618.305766
-10.710487,8,618.321241
-60.592865,8,618.344324
-44.287001,8,618.344324
-50.302645,8,618.378835
-27.758824,8,618.397506
-4.714604,8,618.413738
-95.630655,8,618.438203
-28.423377,8,618.448603
-16.304086,8,618.46264
-63.131637,8,618.495533
3.736662,8,618.497067
-0.015647,8,618.52795
-15.155486,8,618.5309
5.296748,8,618.548037
-0.484472,8,618.570474
-2.412756,8,618.581742
-64.741414,8,618.599612
4.329389,8,618.613525
-9.394081,8,618.629366
-109.148844,8,618.645039
5.412195,8,618.656254
-20.78486,8,618.672799
6.489411,8,618.684231
-79.675374,8,618.698
3.92148,8,618.711648
-55.878048,8,618.727061
-47.54948,8,618.7482
-101.957692,8,618.75938
-31.509112,8,618.771941
-85.717604,8,618.783962
-4.820753,8,618.793976
2.250393,8,618.797994
-27.575016,8,618.817261
-31.725093,8,618.829465
-151.66156,8,618.854552
4.850062,8,618.869619
2.821225,8,618.882058
-32.454668,8,618.891593
-46.277461,8,618.90732
-63.298473,8,618.930597
6.98238,8,618.940616
-10.437637,8,618.954189
1.985902,8,618.964438
-121.600448,8,618.978309
2.467908,8,618.991141
7.622169,8,619.000898
5.252651,8,619.0142
-39.350578,8,619.022877
11.040783,8,619.040162
-11.331792,8,619.05599
1.296785,8,619.068023
-71.988011,8,619.083963
-7.313992,8,619.094964
-17.708321,8,619.109343
3.219358,8,619.122846
-57.348952,8,619.134428
-56.697611,8,619.150191
0.470742,8,619.164226
-82.31748,8,619.179559
4.284049,8,619.196728
4.163335,8,619.208728
5.467256,8,619.230462
-33.914026,8,619.241691
-5.471953,8,619.260783
5.920107,8,619.276001
4.086279,8,619.29014
-11.391524,8,619.308167
5.276458,8,619.313229
-31.462913,8,619.32985
2.975602,8,619.349879
-45.441335,8,619.363428
-10.635326,8,619.386966
-0.308331,8,619.399831
-21.412005,8,619.414829
-35.32515,8,619.434414
-10.376083,8,619.446456
-60.743614,8,619.46226
-42.639,8,619.474008
-83.447442,8,619.494027
-29.055156,8,619.509869
-29.086681,8,619.521152
-5.656713,8,619.535983
-19.755904,8,619.54703
3.080199,8,619.562814
-1.346339,8,619.57685
-80.575932,8,619.588643
-33.80832,8,619.610058
-45.199397,8,619.62227
-34.349647,8,619.637485
-23.245866,8,619.652121
-33.220406,8,619.663642
-18.471594,8,619.678972
-70.050661,8,619.688843
-85.529513,8,619.711274
-63.296396,8,619.713154
3.215205,8,619.737203
-3.865759,8,619.752204
6.542076,8,619.763274
-82.303641,8,619.781534
-0.111766,8,619.799326
-40.278457,8,619.799326
-3.121619,8,619.830641
-36.537833,8,619.830641
4.463153,8,619.861503
4.306568,8,619.877785
-110.317927,8,619.888893
-88.411454,8,619.904934
-19.297881,8,619.910841
-139.830021,8,619.932083
-1.262271,8,619.942344
-3.071653,8,619.956627
-73.971277,8,619.976089
-82.374483,8,619.986108
-2.081854,8,619.991866
-24.600933,8,620.006042
-9.010308,8,620.026043
1.542201,8,620.043836
-28.106653,8,620.055991
-93.682216,8,620.069706
-9.445378,8,620.085084
-58.250109,8,620.097181
-59.530175,8,620.11051
-92.697423,8,620.124524
-12.455808,8,620.139908
1.501422,8,620.165177
-10.198576,8,620.177346
-4.437772,8,620.1946
-51.160597,8,620.208627
-250.295728,8,620.223314
-70.204501,8,620.239785
-6.389691,8,620.25263
-23.09665,8,620.274292
4.534257,8,620.284347
-84.452492,8,620.299245
4.593685,8,620.322148
-40.595321,8,620.333251
-47.529977,8,620.346792
-155.591375,8,620.363399
-30.138877,8,620.382297
-19.943092,8,620.397607
-9.971808,8,620.399611
-41.097354,8,620.413911
-67.829003,8,620.430898
4.674097,8,620.44686
-6.906476,8,620.462977
-25.656752,8,620.462977
-49.622576,8,620.499095
-6.400306,8,620.501096
-37.275244,8,620.531511
-86.913469,8,620.550101
-16.363054,8,620.561811
-105.512731,8,620.580113
-62.875665,8,620.60554
-81.552375,8,620.633067
-2.590905,8,620.656127
-155.748392,8,620.676007
-5.493462,8,620.690038
-68.625831,8,620.715378
-97.141073,8,620.739729
-81.665469,8,620.958697
8.511227,8,621.021964
-71.077633,8,621.057836
-165.564498,8,621.063001
-119.480138,8,621.092841
5.504876,8,621.113043
-111.445644,8,621.125042
-18.467916,8,621.141042
-153.554432,8,621.141042
-91.373779,8,621.176518
-33.784898,8,621.186608
-5.424165,8,621.202724
-7.516638,8,621.202724
3.570354,8,621.218869
-5.205195,8,621.236654
-27.397482,8,621.264
-69.487539,8,621.28091
-78.205909,8,621.298048
-128.725427,8,621.298048
2.907948,8,621.327672
-51.885509,8,621.342276
-51.545096,8,621.354285
-6.813727,8,621.368965
-164.297407,8,621.386646
6.433795,8,621.395991
-29.253387,8,621.415111
-5.706617,8,621.431052
-3.971848,8,621.481005
-69.378593,8,621.497731
1.742413,8,621.512893
3.600973,8,621.528973
-102.837062,8,621.530973
-3.114413,8,621.54706
-65.292603,8,621.54706
-122.396678,8,621.566338
-3.359891,8,621.580869
-13.82185,8,621.594732
-71.197899,8,621.622827
-8.393581,8,621.630177
-6.936079,8,621.652829
-143.619669,8,621.672817
-71.22943,8,621.683829
-75.098004,8,621.698738
-45.232274,8,621.704855
3.199263,8,621.720882
-19.023981,8,621.738623
-4.920841,8,621.752368
-74.373788,8,621.76341
6.196349,8,621.772862
7.012019,8,621.7928
-1.515655,8,621.808033
-59.382937,8,621.813039
-52.923584,8,621.829797
-27.556134,8,621.855297
-61.954061,8,621.868618
-7.34019,8,621.880617
-17.768707,8,621.889618
2.548661,8,621.901801
-29.072229,8,621.910362
-76.966398,8,621.924866
-13.156822,8,621.938627
-54.75434,8,621.950521
-121.518435,8,621.954005
-43.386513,8,621.970058
-0.224245,8,621.993513
-14.439126,8,622.008874
-20.326918,8,622.016855
-43.84441,8,622.034318
-2.696041,8,622.034318
2.719331,8,622.065433
8.008888,8,622.079446
-15.163393,8,622.079446
9.17852,8,622.105298
-10.348137,8,622.117301
-116.621547,8,622.131891
1.090539,8,622.144415
-35.102386,8,622.154431
-8.035866,8,622.173745
12.108403,8,622.187576
-9.528021,8,622.201624
-91.65727,8,622.21742
-14.212552,8,622.227348
-13.075049,8,622.238999
-51.754116,8,622.250651
0.270561,8,622.264692
-4.026325,8,622.283246
4.888659,8,622.294622
-121.397001,8,622.309162
-8.406453,8,622.320318
-41.719506,8,622.336318
-19.32894,8,622.353845
-162.209671,8,622.366474
2.722064,8,622.384139
-3.87212,8,622.395409
-3.329711,8,622.409607
0.586499,8,622.413732
-61.815844,8,622.436033
-1.710751,8,622.441024
7.12798,8,622.457045
-22.622264,8,622.47623
-42.357296,8,622.492744
2.425949,8,622.504608
8.012336,8,622.523251
-81.303935,8,622.536984
-109.126059,8,622.559783
-2.116454,8,622.561724
-11.12365,8,622.588642
-93.096637,8,622.607642
-1.796489,8,622.619646
-170.224071,8,622.633735
0.558672,8,622.64845
4.04673,8,622.657462
-71.537271,8,622.672696
-13.492267,8,622.672696
-4.805399,8,622.688798
-23.278515,8,622.720915
-56.697477,8,622.722922
-19.566832,8,622.737149
-3.108068,8,622.755323
-8.972892,8,622.77353
-115.223888,8,622.786621
-90.214084,8,622.795622
-77.03624,8,622.81181
-125.85285,8,622.826958
-50.375687,8,622.843248
-42.163573,8,622.859243
-115.35637,8,622.872159
-40.177796,8,622.890158
-151.039468,8,622.902716
-110.775161,8,622.917519
-65.596732,8,622.927521
-110.395792,8,622.943751
-25.111825,8,622.9599
-208.23249,8,622.967919
-3.622932,8,622.981681
-53.124677,8,622.996382
-114.242704,8,623.00594
-1.611148,8,623.016452
-27.391918,8,623.028145
0.804378,8,623.043649
-4.150203,8,623.059527
-42.13433,8,623.071185
-39.32103,8,623.084971
-56.699755,8,623.09685
-6.62806,8,623.109851
4.312484,8,623.125771
-31.001683,8,623.137006
2.792461,8,623.158762
-2.595968,8,623.170702
-21.070164,8,623.188222
-90.807202,8,623.205371
-134.973014,8,623.21637
3.183122,8,623.237206
-47.173634,8,623.25496
-51.963296,8,623.275265
-21.466939,8,623.300152
-15.436976,8,623.314775
-105.161933,8,623.335962
-30.269779,8,623.352026
-45.608851,8,623.377815
-87.063206,8,623.396673
3.227508,8,623.414887
1.310533,8,623.438019
-19.108697,8,623.454045
-65.89682,8,623.47588
-30.963111,8,623.498113
-46.057064,8,623.515646
-53.53209,8,623.538083
-22.119025,8,623.547991
-210.742222,8,623.547991
-0.498064,8,623.579684
-80.250511,8,623.59973
-113.958873,8,623.61376
-19.558469,8,623.630416
1.996516,8,623.646778
-11.024581,8,623.659849
-18.654953,8,623.672832
-32.185989,8,623.688742
-126.741347,8,623.712821
-4.71695,8,623.720982
-43.995739,8,623.744985
0.315627,8,623.756082
-18.043769,8,623.766069
-44.730007,8,623.781971
-18.401577,8,623.79794
-72.332517,8,623.79794
-20.918878,8,623.813763
-23.163853,8,623.82959
7.703651,8,623.854502
-23.821902,8,623.870627
-11.785122,8,623.875675
11.507768,8,623.900929
-83.562158,8,623.916432
-64.2265,8,623.926929
-27.08002,8,623.946166
-13.688037,8,623.96279
-11.52389,8,623.973835
-7.725561,8,623.988372
-130.7481,8,623.995013
-9.435728,8,624.015293
-28.169733,8,624.03402
-18.825288,8,624.041771
-129.766408,8,624.061688
-97.235275,8,624.073672
-3.053526,8,624.089836
-91.56217,8,624.09495
0.265575,8,624.110999
-58.90681,8,624.129545
-119.533538,8,624.144936
-70.230159,8,624.16067
-29.489689,8,624.1745
0.59565,8,624.1745
4.44859,8,624.202865
1.857044,8,624.213447
4.396269,8,624.227465
-4.478721,8,624.24683
-44.290058,8,624.260881
-15.31525,8,624.268655
-68.847765,8,624.281006
-137.82939,8,624.300568
3.722042,8,624.312569
-127.094968,8,624.321832
6.725526,8,624.33582
-99.258013,8,624.346924
-39.128609,8,624.363457
-39.763607,8,624.378758
-49.868245,8,624.378758
-100.932904,8,624.395449
-45.004289,8,624.416047
-16.034484,8,624.430649
-81.860058,8,624.448056
-58.856603,8,624.462071
7.392251,8,624.47984
-57.467201,8,624.47984
5.002949,8,624.508265
-3.689939,8,624.52353
1.397174,8,624.531973
-87.476525,8,624.547747
-56.181585,8,624.547747
-73.960106,8,624.563797
-11.214076,8,624.5971
-35.534667,8,624.599104
-69.215943,8,624.622241
-75.107709,8,624.637134
-55.925396,8,624.65568
-66.564697,8,624.673702
-95.498914,8,624.686023
-34.999903,8,624.700422
-35.407589,8,624.711655
-31.638636,8,624.724528
-59.822839,8,624.737292
-16.402439,8,624.754151
-2.178097,8,624.763261
-19.875719,8,624.785954
-1.941775,8,624.799948
-19.355865,8,624.810949
-22.043468,8,624.810949
2.291096,8,624.838132
2.379991,8,624.851216
-9.755498,8,624.860217
-60.142162,8,624.881057
-27.430447,8,624.89159
-54.362182,8,624.907687
-79.245396,8,624.907687
-21.983199,8,624.923798
-7.188893,8,624.954031
2.550411,8,624.954031
-13.883173,8,624.97892
-82.628164,8,624.990117
2.340773,8,625.005923
-123.890579,8,625.020533
-109.588633,8,625.03635
-30.987972,8,625.052113
10.402151,8,625.061115
2.137178,8,625.07595
-32.12424,8,625.091281
2.421714,8,625.102777
-14.305736,8,625.121722
-62.899698,8,625.127088
-57.293327,8,625.148984
-121.057198,8,625.164887
-0.06544,8,625.176465
-27.254577,8,625.189814
-8.71303,8,625.195822
-35.92364,8,625.211683
-25.739871,8,625.225378
-4.2304,8,625.227381
8.026746,8,625.254665
-80.276132,8,625.263807
-99.408067,8,625.27617
-14.009826,8,625.29121
-140.908208,8,625.30342
-76.122181,8,625.318874
-8.622639,8,625.331294
-0.023013,8,625.345906
-30.973766,8,625.364054
-0.893557,8,625.375056
-72.625865,8,625.3894
-8.942939,8,625.395826
-86.294989,8,625.414306
-13.505692,8,625.426474
-55.596752,8,625.436936
-22.376264,8,625.452699
-39.358547,8,625.462196
6.282776,8,625.475469
3.478644,8,625.497712
6.384653,8,625.509837
-21.224955,8,625.527174
-69.840676,8,625.541335
-53.501835,8,625.5563
-119.668866,8,625.572672
-20.062689,8,625.585671
-146.999684,8,625.606451
-28.546813,8,625.618503
3.451477,8,625.638221
-111.097312,8,625.657178
-2.13537,8,625.67305
-23.075089,8,625.688732
-13.986826,8,625.702647
-83.197766,8,625.728356
-50.498424,8,625.738296
-41.059555,8,625.752034
-62.863654,8,625.773972
0.68317,8,625.785994
-22.810382,8,625.797975
-19.518822,8,625.817834
4.853805,8,625.833857
-36.904501,8,625.847921
-61.29752,8,625.868834
5.625918,8,625.889842
-39.24866,8,625.905951
-11.645069,8,625.917482
-2.398499,8,625.937109
-89.104655,8,625.938852
-26.595887,8,625.954834
-0.720329,8,625.970626
-17.871012,8,625.988644
-78.808735,8,626.011849
-3.763041,8,626.016941
-2.695489,8,626.037844
-72.128485,8,626.05127
-45.693176,8,626.067321
-69.358672,8,626.079816
-12.500269,8,626.104144
-28.216785,8,626.119138
-46.52038,8,626.129639
2.010971,8,626.146079
-49.521991,8,626.163413
-22.250736,8,626.175029
-44.296034,8,626.191118
4.796352,8,626.207306
2.365646,8,626.218513
-35.228488,8,626.235526
-13.282573,8,626.251364
1.690943,8,626.262846
-69.140091,8,626.280761
-53.896577,8,626.280761
-2.924493,8,626.29982
-93.295379,8,626.314687
-153.726855,8,626.328979
0.816336,8,626.348098
-21.633077,8,626.36299
1.375577,8,626.375991
-16.89897,8,626.378918
-9.60194,8,626.398395
-19.976891,8,626.414604
-94.415508,8,626.430663
-12.09892,8,626.448027
1.760997,8,626.448027
-49.698525,8,626.464083
-34.68738,8,626.481423
-78.272128,8,626.497314
-7.422172,8,626.51437
-172.25057,8,626.525125
3.531875,8,626.540519
-54.018946,8,626.556069
-57.993195,8,626.569345
-2.018763,8,626.591115
-14.769846,8,626.602368
-28.501795,8,626.617708
4.36936,8,626.632708
7.727089,8,626.642708
-57.079054,8,626.655708
-3.801284,8,626.661032
2.630053,8,626.680128
-114.869039,8,626.696755
-21.590148,8,626.704812
-47.995504,8,626.724883
5.67484,8,626.726883
0.819377,8,626.744656
-30.59593,8,626.763557
-108.145055,8,626.774689
-94.880719,8,626.790844
3.49471,8,626.790844
-117.076041,8,626.806907
-0.228432,8,626.822845
1.498378,8,626.840913
3.335144,8,626.86016
-39.379864,8,626.870485
-235.676751,8,626.888497
-4.935376,8,626.896871
-19.369663,8,626.918393
6.491668,8,626.936368
-109.415654,8,626.948367
0.369688,8,626.963718
-20.588303,8,626.969725
-87.410444,8,626.985795
-18.543254,8,627.0019
-65.855813,8,627.003906
-9.144199,8,627.030066
-58.800438,8,627.033713
1.474097,8,627.051515
7.216106,8,627.069769
-12.480909,8,627.07868
3.52866,8,627.094478
-47.535727,8,627.113066
6.356533,8,627.113066
-2.595882,8,627.141915
1.364156,8,627.152041
-84.150002,8,627.165628
-32.082918,8,627.18022
1.850581,8,627.189133
-7.718775,8,627.204737
-16.15408,8,627.216764
0.283472,8,627.230534
-1.779379,8,627.248575
-81.613856,8,627.259247
5.708765,8,627.276371
-17.813722,8,627.288369
-26.862544,8,627.297388
-8.909882,8,627.312421
5.901656,8,627.327878
3.253593,8,627.342325
-135.154296,8,627.355618
-65.417478,8,627.369403
4.020265,8,627.378626
-5.979624,8,627.394653
-2.304195,8,627.408782
-34.753764,8,627.417124
-87.357583,8,627.430432
-17.369503,8,627.452364
-11.411022,8,627.470393
-18.971348,8,627.478146
-112.815494,8,627.497383
-21.537297,8,627.512524
-18.63375,8,627.51652
-40.408823,8,627.539506
-3.538338,8,627.557844
-32.404319,8,627.573585
-53.880753,8,627.592259
-78.521795,8,627.608879
-45.338965,8,627.62086
-57.716033,8,627.640167
-9.728587,8,627.653051
-78.003082,8,627.674782
-73.609541,8,627.691472
-18.142169,8,627.694441
-37.872643,8,627.709195
-9.643922,8,627.731499
7.867208,8,627.735502
-53.835333,8,627.753699
-189.652185,8,627.772398
1.258903,8,627.783395
6.965635,8,627.799574
2.467064,8,627.817743
-74.368436,8,627.837879
-8.684677,8,627.844793
-21.605811,8,627.860923
-27.713626,8,627.860923
-25.897175,8,627.893212
-77.940922,8,627.908683
-59.281166,8,627.919687
-21.339655,8,627.933889
-19.153003,8,627.944805
-16.274444,8,627.953884
1.097442,8,627.969847
-59.335096,8,627.990848
-81.044284,8,628.017203
-169.414106,8,628.03334
-15.105616,8,628.056495
-84.364536,8,628.063505
-17.523441,8,628.095161
-18.552433,8,628.111154
3.233934,8,628.127197
7.907789,8,628.143324
-22.727459,8,628.160926
-18.924418,8,628.172923
0.845146,8,628.200987
6.306949,8,628.216744
-76.276929,8,628.230352
-7.593791,8,628.245051
4.376086,8,628.265668
11.365221,8,628.28471
-9.883248,8,628.302979
-15.186194,8,628.312736
6.400202,8,628.339404
0.899411,8,628.34692
-28.501407,8,628.369829
-1.382982,8,628.381938
3.341179,8,628.403936
2.222428,8,628.422468
5.271372,8,628.441941
-18.432468,8,628.462772
8.596007,8,628.475066
7.002205,8,628.486052
-28.596863,8,628.504657
8.456326,8,628.514709
-118.009608,8,628.533508
-175.771332,8,628.54555
-74.645025,8,628.561141
-59.190038,8,628.576601
-48.092711,8,628.589701
-62.542487,8,628.604293
-60.384718,8,628.616329
-4.457757,8,628.630117
-18.94396,8,628.64994
-36.827856,8,628.6651
-20.835598,8,628.679614
-73.736026,8,628.690373
-25.741057,8,628.704392
-131.360199,8,628.722129
-2.79977,8,628.734317
-17.421775,8,628.746768
1.872929,8,628.758764
-48.633089,8,628.778593
3.309167,8,628.79493
-52.06868,8,628.806332
-79.633983,8,628.813334
-76.10385,8,628.833255
5.649512,8,628.851293
-2.070394,8,628.865414
-38.820529,8,628.874641
-27.762111,8,628.877384
-52.86643,8,628.900859
-2.362324,8,628.914041
-11.590446,8,628.923039
-13.562692,8,628.923039
-72.527914,8,628.938838
-43.110953,8,628.963569
-86.815794,8,628.97069
-42.002041,8,628.996483
4.409724,8,629.011755
-27.759907,8,629.02584
4.095529,8,629.03185
-5.595917,8,629.04796
-76.990617,8,629.064128
-98.970066,8,629.252676
-23.701548,8,629.275675
3.553017,8,629.294013
-99.622305,8,629.333926
-78.628658,8,629.352637
-1.911841,8,629.374941
-0.371929,8,629.40012
-187.208827,8,629.414127
-17.674222,8,629.429122
3.229916,8,629.446976
-8.018161,8,629.45879
-30.057825,8,629.481615
-0.427597,8,629.491714
-49.37027,8,629.500715
-22.985417,8,629.514994
-95.450024,8,629.530824
4.801792,8,629.545799
-1.75812,8,629.568413
-51.695622,8,629.592422
-66.632366,8,629.611243
-23.020381,8,629.627182
-108.196691,8,629.644968
5.601605,8,629.660983
-207.552797,8,629.674714
-41.792956,8,629.7018
7.042179,8,629.713805
-53.501386,8,629.719798
-3.819768,8,629.735866
-143.879652,8,629.758082
-76.177728,8,629.768107
-178.429432,8,629.779967
-131.302639,8,629.810301
1.559859,8,629.824277
2.623854,8,629.828096
-56.064464,8,629.85484
-23.479097,8,629.86133
-110.966773,8,629.875407
-0.894949,8,629.893432
-20.842851,8,629.9146
-25.146041,8,629.929896
-194.802549,8,629.937893
-26.554676,8,629.953702
-79.626103,8,629.963604
-114.780129,8,630.168545
5.031031,8,630.223672
-11.573649,8,630.238755
1.979646,8,630.255091
-37.406977,8,630.271001
-73.659157,8,630.289272
-210.832078,8,630.306795
-22.990853,8,630.320881
-3.511717,8,630.337904
0.613513,8,630.351005
-16.289294,8,630.369004
-10.354922,8,630.395647
-60.875096,8,630.413005
-29.852199,8,630.437127
-28.475271,8,630.451305
-69.921972,8,630.469307
-52.398271,8,630.486449
-2.423936,8,630.504008
-56.223593,8,630.520872
-4.761232,8,630.535553
4.745241,8,630.552668
7.289336,8,630.570735
-53.766126,8,630.583592
1.506548,8,630.599953
-115.940744,8,630.616365
8.394648,8,630.634588
-95.881845,8,630.655043
-53.472442,8,630.674409
-85.19994,8,630.69218
-10.850739,8,630.704225
-20.579245,8,630.721638
3.131203,8,630.742028
-182.288992,8,630.757896
-60.787808,8,630.773612
-27.044379,8,630.78965
-26.907472,8,630.806926
-12.790999,8,630.812927
-93.960764,8,630.84328
7.219719,8,630.864744
5.393567,8,630.874743
-124.40678,8,630.891601
-10.036093,8,630.906508
-53.913908,8,630.9167
-11.66183,8,630.9348
-16.172437,8,630.951999
-26.354926,8,630.969411
-8.51324,8,630.986513
-70.215659,8,630.996333
-12.933546,8,631.014565
-53.186121,8,631.026478
-59.981732,8,631.031564
-109.079973,8,631.064887
6.825366,8,631.064887
-35.277054,8,631.078906
-20.398878,8,631.094691
-9.904479,8,631.112993
-16.252582,8,631.132722
-148.486114,8,631.141721
-20.599256,8,631.163027
-98.337902,8,631.17389
-90.739249,8,631.17389
4.616206,8,631.202024
-0.801461,8,631.211781
0.335525,8,631.231588
-87.997759,8,631.246299
-34.275946,8,631.251298
-13.08528,8,631.281297
-70.604457,8,631.293315
-30.015496,8,631.30943
-36.295144,8,631.322374
-64.118226,8,631.336241
-164.876623,8,631.35025
-78.441376,8,631.360254
3.350197,8,631.374128
-15.368744,8,631.388597
-133.885496,8,631.403854
-90.399128,8,631.414683
-45.729376,8,631.430813
-191.582214,8,631.447855
-3.063943,8,631.460564
7.463592,8,631.474804
-174.352498,8,631.480468
-1.615879,8,631.497661
-6.722669,8,631.52173
1.129923,8,631.535238
-22.07922,8,631.546354
-4.971173,8,631.563334
-4.322829,8,631.563334
-13.7401,8,631.595112
-53.212938,8,631.595112
-114.930413,8,631.629199
1.687538,8,631.643322
-5.57627,8,631.643322
-18.299128,8,631.669325
-0.978029,8,631.680202
-71.393603,8,631.690125
1.51614,8,631.706128
2.73319,8,631.726952
-56.967809,8,631.741952
-64.946682,8,631.756909
0.242237,8,631.77739
-36.140144,8,631.796857
-17.391481,8,631.808407
8.821005,8,631.824209
-6.397599,8,631.832206
-20.174458,8,631.846262
8.071137,8,631.871413
-2.995826,8,631.887413
-38.540651,8,631.903849
-19.449809,8,631.918651
-19.055084,8,631.935404
0.407255,8,631.944404
-119.396807,8,631.965652
-63.68715,8,631.98625
-25.98889,8,631.998265
-40.308167,8,632.001264
-21.553587,8,632.01718
-64.731416,8,632.033179
-35.831699,8,632.04932
-197.01205,8,632.067446
-30.187092,8,632.083576
-11.363765,8,632.098515
-53.286416,8,632.109569
-4.299177,8,632.110573
-16.674246,8,632.128985
-39.330079,8,632.144238
-42.989092,8,632.171026
-32.468665,8,632.183336
3.840669,8,632.199387
-65.28439,8,632.210363
10.243952,8,632.223027
0.219281,8,632.238652
-49.79579,8,632.248682
-94.31968,8,632.262465
-33.98522,8,632.266218
-80.989536,8,632.291796
3.876223,8,632.29556
-31.374924,8,632.312752
-83.650919,8,632.329297
-38.367516,8,632.347022
-124.723904,8,632.360815
-120.490906,8,632.38147
5.335452,8,632.39151
-126.16882,8,632.406039
-11.87869,8,632.416422
-37.190676,8,632.431553
-27.152976,8,632.446671
-30.079266,8,632.457671
-0.734566,8,632.472671
0.167418,8,632.482945
-146.664855,8,632.501747
-0.429945,8,632.521947
-124.768045,8,632.53345
-11.165501,8,632.549417
-67.535905,8,632.558417
-18.084418,8,632.572964
-28.383133,8,632.585126
-11.950836,8,632.594378
-13.232973,8,632.611673
-40.087813,8,632.619683
2.271453,8,632.635734
0.644387,8,632.651242
-25.538907,8,632.665529
-11.43321,8,632.685091
3.024311,8,632.694606
-12.005593,8,632.711279
-88.245567,8,632.733541
-43.947877,8,632.745308
6.499454,8,632.76128
13.210922,8,632.773365
-6.38926,8,632.787324
7.080775,8,632.804441
-116.812251,8,632.814102
-78.354505,8,632.837808
-9.194866,8,632.849581
2.880604,8,632.871262
-165.406675,8,632.891174
9.706053,8,632.906021
-64.534228,8,632.926455
-67.752641,8,632.940385
-1.603017,8,632.962491
-5.497894,8,632.982531
-13.997483,8,632.99853
-12.062836,8,633.014817
-4.52778,8,633.030231
0.791659,8,633.044811
2.572061,8,633.058221
-3.97225,8,633.081698
-51.311275,8,633.10148
-96.134276,8,633.11048
-145.896442,8,633.127168
-31.281715,8,633.146281
-25.051919,8,633.162055
-43.568681,8,633.184104
-4.893805,8,633.198077
-54.627482,8,633.219053
-29.383182,8,633.237376
-60.080312,8,633.243126
9.298241,8,633.274883
-84.503199,8,633.281317
-1.421811,8,633.295569
-0.69374,8,633.323478
-40.358366,8,633.329139
-43.444643,8,633.346965
-25.939727,8,633.360006
-80.170378,8,633.384418
-12.287868,8,633.400098
-62.931846,8,633.414539
-56.47095,8,633.432546
-29.049929,8,633.445794
3.18807,8,633.464684
5.065292,8,633.482979
-4.585602,8,633.498077
6.791849,8,633.519499
-60.017834,8,633.531652
-16.779331,8,633.547298
-2.859402,8,633.547298
0.015618,8,633.573304
-22.908015,8,633.589804
-138.453229,8,633.602115
-26.507589,8,633.612128
-15.104187,8,633.636552
-28.693325,8,633.647213
-42.658201,8,633.661312
-49.915841,8,633.673048
9.243045,8,633.691502
-16.003729,8,633.710119
-51.687435,8,633.725835
-104.507793,8,633.741083
-73.03457,8,633.752084
-8.449299,8,633.769216
-50.269215,8,633.785794
-74.051169,8,633.800732
-24.308087,8,633.812846
9.688702,8,633.831233
-101.535254,8,633.846662
-13.205315,8,633.864464
-48.254238,8,633.875461
4.055348,8,633.893269
-48.140706,8,633.906507
-142.297248,8,633.92227
-42.818107,8,633.937772
-97.200113,8,633.952109
-13.176462,8,633.965893
-21.271787,8,633.978887
-17.110921,8,633.992524
-3.77701,8,634.008287
-10.249164,8,634.018042
-37.899274,8,634.033467
-16.896251,8,634.049083
-53.003228,8,634.064364
11.061275,8,634.081949
-133.720511,8,634.093182
-5.43037,8,634.095189
2.146148,8,634.109025
-44.113985,8,634.126943
0.535239,8,634.140851
-38.25779,8,634.160909
-193.474925,8,634.178093
5.804597,8,634.193305
-44.200657,8,634.204219
-18.735552,8,634.223594
-30.683392,8,634.235483
-128.965361,8,634.24439
-111.437613,8,634.265902
-37.750021,8,634.284802
1.216427,8,634.295569
-37.846694,8,634.295569
-2.278668,8,634.31266
-82.139681,8,634.329183
-90.299654,8,634.344958
-17.791437,8,634.361163
6.57713,8,634.371691
-65.838128,8,634.394863
1.827342,8,634.405964
-7.872986,8,634.419966
-79.436072,8,634.431247
9.126555,8,634.446405
-78.389238,8,634.462121
-50.244312,8,634.481994
-20.224493,8,634.500262
-103.453424,8,634.513263
-32.602626,8,634.522178
-63.083587,8,634.532273
-55.889643,8,634.546873
-4.954113,8,634.564703
2.509931,8,634.580563
7.753928,8,634.595222
-91.496224,8,634.6208
-88.786433,8,634.637258
-160.372171,8,634.652733
-4.21442,8,634.669163
-161.475569,8,634.677943
0.864422,8,634.693342
-31.209303,8,634.693342
-5.508561,8,634.727468
-129.812858,8,634.741355
-14.547953,8,634.741355
-8.046631,8,634.757428
-108.525059,8,634.775174
-41.55037,8,634.793254
-56.94747,8,634.811053
-9.643071,8,634.821215
-14.236448,8,634.83925
-165.797542,8,634.846273
-74.141008,8,634.860392
-4.800092,8,634.88038
-25.459249,8,634.892502
-29.149301,8,634.897069
-9.543335,8,634.913722
-56.157316,8,634.930423
-29.775722,8,634.949387
-9.287806,8,634.96071
5.62415,8,634.978628
-97.382734,8,634.99095
5.117987,8,635.000945
4.161578,8,635.017073
-15.570914,8,635.017073
-51.173673,8,635.046518
-2.409902,8,635.057822
-112.819357,8,635.063822
-43.908124,8,635.128575
-39.056051,8,635.140467
-40.069004,8,635.162043
-13.504381,8,635.173043
10.166392,8,635.190742
-32.302006,8,635.215015
-46.800025,8,635.231454
-7.120807,8,635.243486
-1.151709,8,635.268927
-9.392252,8,635.289491
-59.166563,8,635.306149
-1.777252,8,635.320909
-38.902935,8,635.340934
-60.653663,8,635.352269
-33.200258,8,635.380091
-21.700727,8,635.398217
6.033797,8,635.401963
-42.444913,8,635.431614
-40.895482,8,635.447023
-81.334292,8,635.462955
-25.095578,8,635.486079
-72.035903,8,635.495986
-21.236163,8,635.501078
5.550391,8,635.515086
-39.579257,8,635.533488
-6.965852,8,635.546104
4.527181,8,635.566209
-0.61888,8,635.580067
-16.800009,8,635.600318
-128.221562,8,635.61359
4.221382,8,635.639687
-33.975365,8,635.653348
-79.590194,8,635.662704
-106.953869,8,635.680297
-38.504711,8,635.693024
-102.715494,8,635.712
-2.050796,8,635.719995
-29.910235,8,635.737842
-60.057975,8,635.746955
-91.816964,8,635.768552
-1.644176,8,635.784626
-28.106031,8,635.794538
-20.377149,8,635.814929
1.086155,8,635.824838
-15.524052,8,635.846728
-47.279773,8,635.866552
-38.035595,8,635.880494
10.496155,8,635.897285
-37.965974,8,635.907272
-92.964359,8,635.922082
2.576469,8,635.936235
-14.435446,8,635.949903
4.170183,8,635.965861
-24.541485,8,635.977617
3.675071,8,635.993589
5.976929,8,636.014802
-128.101013,8,636.026088
-5.143125,8,636.042263
-32.406668,8,636.047359
-32.01077,8,636.063302
-25.218691,8,636.079064
-19.564023,8,636.09492
-71.847772,8,636.113002
-83.481584,8,636.121411
-33.05907,8,636.137135
-15.958195,8,636.153243
-172.274593,8,636.167875
-14.226689,8,636.186596
-9.373747,8,636.194509
-20.956981,8,636.212918
7.661233,8,636.236038
0.923944,8,636.249624
-31.611356,8,636.267428
-42.663265,8,636.284168
8.558366,8,636.297858
-106.692293,8,636.317079
-1.228209,8,636.329199
6.721278,8,636.329199
-8.477829,8,636.35641
-66.419329,8,636.372622
-5.605856,8,636.378889
-60.928816,8,636.399028
-63.599408,8,636.414909
0.756954,8,636.431172
3.268287,8,636.448224
2.64343,8,636.462241
-136.585282,8,636.462241
-107.242937,8,636.491537
9.599518,8,636.502801
-109.406644,8,636.516806
-58.929277,8,636.530988
2.31336,8,636.549466
-15.184366,8,636.561954
-102.670137,8,636.577998
-13.134872,8,636.59403
4.764667,8,636.610106
-84.526689,8,636.610106
-21.876814,8,636.641925
-19.883963,8,636.650831
-23.000382,8,636.665025
3.692378,8,636.683503
-72.841877,8,636.695503
-46.516518,8,636.710502
5.931346,8,636.71133
-42.720194,8,636.744085
-76.786764,8,636.767129
-89.477801,8,636.781527
-5.104207,8,636.799854
-63.721137,8,636.811855
-21.831859,8,636.812853
-80.334448,8,636.830609
3.6106,8,636.844831
-8.063815,8,636.860864
-44.112766,8,636.880295
-42.018829,8,636.892419
-1.583685,8,636.913752
-4.565266,8,636.922738
-77.127803,8,636.938886
8.77596,8,636.954711
-37.758404,8,636.970588
-6.548243,8,636.986579
-7.704144,8,637.00271
-42.105979,8,637.01697
-2.88434,8,637.028221
-7.905105,8,637.032311
0.560016,8,637.048246
-15.900732,8,637.064072
-109.650594,8,637.080109
-0.840589,8,637.096075
3.991188,8,637.111952
-19.93216,8,637.131102
-3.492665,8,637.141404
9.038634,8,637.157234
3.140024,8,637.167084
-51.465736,8,637.181991
-193.628092,8,637.202482
-12.688607,8,637.213894
-2.04931,8,637.230107
-29.172367,8,637.240108
-3.053296,8,637.255108
-105.982685,8,637.270429
-5.547965,8,637.28085
-7.568201,8,637.30419
-21.245792,8,637.317097
-9.838871,8,637.331254
-39.91939,8,637.346463
-42.910563,8,637.355461
-50.52052,8,637.360461
-5.351686,8,637.379182
-6.004779,8,637.395803
-91.603024,8,637.409365
-32.038656,8,637.414562
0.419465,8,637.439323
-2.984682,8,637.4506
-79.9299,8,637.470868
-10.849883,8,637.491675
-5.357111,8,637.505023
1.864925,8,637.531206
2.741467,8,637.549317
-87.389454,8,637.568513
-7.239961,8,637.58922
-10.296988,8,637.604918
-88.864985,8,637.636624
-39.261925,8,637.65233
8.136443,8,637.668174
1.4306,8,637.689965
-14.470366,8,637.699942
-81.390053,8,637.725641
-23.814534,8,637.745216
-6.6981,8,637.763325
-0.031294,8,637.78241
-5.14721,8,637.78241
-7.005298,8,637.810294
-22.98696,8,637.845536
-0.985025,8,637.874755
-11.237471,8,637.891756
-62.806243,8,637.906876
-30.985086,8,637.918211
-16.02628,8,637.939547
-2.435223,8,637.959238
6.209495,8,637.9828
-26.211918,8,637.992831
-21.322435,8,638.009713
-59.489543,8,638.022712
-2.340431,8,638.031793
-15.362175,8,638.053412
-14.791691,8,638.065082
-18.845656,8,638.079234
-53.774094,8,638.098526
-47.406893,8,638.110518
-17.060584,8,638.12629
-47.303291,8,638.129638
4.601643,8,638.158403
-71.048127,8,638.158403
-37.885355,8,638.192305
-114.593692,8,638.208451
-15.866,8,638.21846
-41.858938,8,638.231742
1.004687,8,638.235353
-17.144508,8,638.25316
-26.563921,8,638.263386
-18.683926,8,638.285919
-50.970597,8,638.301464
-59.624151,8,638.313471
-10.26391,8,638.328585
7.377588,8,638.344431
2.792269,8,638.344431
9.0279,8,638.373667
-19.409896,8,638.378984
-69.811473,8,638.395714
3.469851,8,638.414289
-61.781189,8,638.430274
-18.432998,8,638.438813
-34.030068,8,638.454895
-35.452443,8,638.470578
-25.775086,8,638.480738
-17.384913,8,638.499193
-104.64541,8,638.51509
-0.822773,8,638.532264
-32.125485,8,638.545449
-74.55363,8,638.559095
1.053628,8,638.569118
-22.224152,8,638.58288
5.11202,8,638.592892
-27.009603,8,638.607168
-45.296576,8,638.624702
-12.622344,8,638.636241
-10.048023,8,638.65181
4.774123,8,638.664961
-9.013684,8,638.68341
-63.231278,8,638.702815
3.799026,8,638.716426
-92.223312,8,638.736069
-104.213728,8,638.747632
-14.811913,8,638.76185
-29.758712,8,638.766849
-12.587975,8,638.782818
-35.003859,8,638.803092
-12.827268,8,638.815975
-39.406539,8,638.835238
-159.639131,8,638.85003
-119.460861,8,638.863303
-23.482642,8,638.886496
-3.170966,8,638.900037
-99.692204,8,638.913821
-33.749002,8,638.928611
2.42958,8,638.928611
-22.774742,8,638.958842
-31.01763,8,638.96981
-42.983851,8,638.982955
-55.346151,8,638.997175
-22.455682,8,639.007176
-10.644998,8,639.023378
3.1356,8,639.033516
-38.364404,8,639.045515
-45.506627,8,639.067666
-43.528822,8,639.078665
-133.258458,8,639.091817
0.372028,8,639.102928
-18.383201,8,639.118763
-31.619322,8,639.129925
-17.478181,8,639.142599
-91.70969,8,639.160362
-37.174785,8,639.175513
-19.990971,8,639.190486
-27.343025,8,639.203487
4.478851,8,639.214629
-26.269209,8,639.235282
-39.732219,8,639.237287
-22.40921,8,639.261043
2.370212,8,639.279899
0.186516,8,639.282719
-11.803486,8,639.29575
-52.653042,8,639.312699
-28.851073,8,639.329134
5.304707,8,639.348024
5.049807,8,639.357021
-8.529112,8,639.369412
-2.084092,8,639.379164
-208.97825,8,639.400937
-26.022828,8,639.420034
-11.373618,8,639.431152
6.976656,8,639.431152
-30.727879,8,639.453923
0.139299,8,639.466422
-28.438804,8,639.480622
-37.429932,8,639.496847
-104.426743,8,639.512176
-66.563495,8,639.514361
-84.308107,8,639.540531
-37.333503,8,639.54744
-19.062931,8,639.567256
-24.459514,8,639.580963
5.344288,8,639.59699
-1.386753,8,639.611186
-24.313864,8,639.626933
4.369537,8,639.639178
-20.387885,8,639.641172
3.704728,8,639.657039
2.893256,8,639.67815
-4.889994,8,639.696455
8.732824,8,639.704683
-29.463202,8,639.720825
8.518563,8,639.736966
-18.957484,8,639.751185
-70.547226,8,639.767235
-13.878594,8,639.783173
-31.543335,8,639.798326
3.611766,8,639.820796
-1.296999,8,639.839838
-94.834314,8,639.857791
-0.600029,8,639.87077
-2.16431,8,639.886142
4.587191,8,639.90016
-3.308135,8,639.919014
-23.22049,8,639.941501
-66.061375,8,639.961734
-67.657125,8,639.985618
-2.984551,8,640.006317
0.399317,8,640.028823
-72.40834,8,640.059478
2.242175,8,640.079993
-10.826232,8,640.096451
-19.596691,8,640.109427
-192.544817,8,640.127393
3.384502,8,640.15098
-2.057458,8,640.165884
-128.936638,8,640.185032
-2.556845,8,640.200388
-214.695392,8,640.218955
-6.804049,8,640.243791
-4.190773,8,640.251491
-79.777741,8,640.287041
-61.118387,8,640.298043
-21.140085,8,640.312826
-46.268791,8,640.333452
-8.879523,8,640.346503
0.076742,8,640.365553
-2.321836,8,640.378324
5.80069,8,640.395324
7.205646,8,640.411321
-20.029211,8,640.426525
-22.555324,8,640.446426
-79.425988,8,640.457841
3.359372,8,640.461847
-23.572493,8,640.492938
-0.057781,8,640.497619
-27.324301,8,640.514075
-47.011867,8,640.531501
-124.113817,8,640.547142
-78.186747,8,640.562841
-86.25889,8,640.576212
1.683532,8,640.592385
-8.274839,8,640.606564
-155.33,8,640.622677
8.933103,8,640.641596
9.202784,8,640.641596
-220.825736,8,640.668574
-13.507167,8,640.679247
-28.887699,8,640.695312
-9.151363,8,640.716246
-19.723695,8,640.726246
-25.370578,8,640.741159
-3.471092,8,640.751076
2.177323,8,640.766836
3.196849,8,640.78241
-22.741543,8,640.793051
-25.65428,8,640.810479
-84.154469,8,640.825495
-19.865025,8,640.854971
-40.597427,8,640.88377
-17.326415,8,640.897003
-65.350281,8,640.914811
-92.050664,8,640.92481
9.841883,8,640.943826
-127.086444,8,640.963024
-22.240222,8,640.97565
-20.439079,8,640.991683
-19.345141,8,641.002236
-19.663834,8,641.01949
-41.891892,8,641.046763
-58.256886,8,641.058887
4.783658,8,641.074982
-1.663936,8,641.081469
-21.06828,8,641.103003
-68.946049,8,641.110756
4.834643,8,641.129585
3.034445,8,641.150107
-61.767088,8,641.160277
-153.900675,8,641.172274
-107.237993,8,641.187664
-33.349485,8,641.199428
-7.135146,8,641.220434
-20.723095,8,641.231752
-88.41993,8,641.251873
-133.807458,8,641.269642
-10.827601,8,641.281674
-31.736494,8,641.297418
-16.899011,8,641.297418
-97.565159,8,641.323021
-12.306423,8,641.337862
-39.823543,8,641.349397
-77.122435,8,641.36922
-29.386389,8,641.381212
-19.12499,8,641.399082
-97.592605,8,641.419698
-48.68271,8,641.431067
-40.697722,8,641.446036
7.704311,8,641.457602
-70.452574,8,641.474066
-0.642397,8,641.493066
-25.151484,8,641.501069
8.145819,8,641.517883
-3.227277,8,641.530375
-76.420606,8,641.543946
-25.399729,8,641.560001
-106.869887,8,641.56939
-64.984994,8,641.589449
-1.119246,8,641.603532
2.584157,8,641.618815
-43.151739,8,641.632596
-222.189264,8,641.642479
-37.025902,8,641.654738
-113.420209,8,641.667454
-35.931176,8,641.682503
-31.056403,8,641.697424
-4.063799,8,641.710601
-21.255395,8,641.723614
-21.072128,8,641.731624
8.143883,8,641.74718
3.217348,8,641.763211
-6.293142,8,641.77498
4.950489,8,641.790775
-14.631203,8,641.800547
-1.433567,8,641.819484
-1.554161,8,641.834039
-27.249597,8,641.844074
-0.766801,8,641.859401
-0.373958,8,641.869412
-85.965237,8,641.884656
-2.602118,8,641.898808
-4.717137,8,641.910991
-22.845192,8,641.934683
-29.650949,8,641.94486
-33.48078,8,641.960323
3.55742,8,641.974917
-19.495795,8,641.986623
-20.585537,8,642.002536
7.486538,8,642.014163
3.26438,8,642.036973
-64.619431,8,642.054262
-29.333867,8,642.067267
-143.282346,8,642.083369
-90.721107,8,642.09437
-44.50206,8,642.108051
-48.172827,8,642.125622
-0.501902,8,642.145023
-35.644232,8,642.160786
-134.746694,8,642.172558
-28.063221,8,642.188355
-68.901415,8,642.203948
-41.598442,8,642.215517
-11.803622,8,642.231569
-51.124391,8,642.243564
-47.533074,8,642.262568
-115.027638,8,642.276202
4.746742,8,642.292122
-107.545767,8,642.312272
-10.652893,8,642.328311
3.067392,8,642.343623
-56.850024,8,642.356183
-2.692107,8,642.375201
-40.527653,8,642.396065
-76.616431,8,642.408315
-3.244739,8,642.430291
-108.724655,8,642.447336
-4.034872,8,642.459355
-113.511004,8,642.479186
-50.080312,8,642.49788
-23.057545,8,642.527481
-20.902485,8,642.55744
-119.024559,8,642.575727
-133.311756,8,642.601853
5.054232,8,642.615552
-0.606557,8,642.638395
-20.465361,8,642.654766
-46.847148,8,642.661864
-59.29717,8,642.690264
7.385365,8,642.703251
-69.457238,8,642.704255
-2.534698,8,642.736393
-148.369926,8,642.746616
-23.015664,8,642.770419
-164.644066,8,642.784335
-34.815006,8,642.80033
-66.689559,8,642.813625
-59.87413,8,642.813625
-131.738968,8,642.845687
-24.606204,8,642.845687
5.268083,8,642.863548
-6.317202,8,642.879687
-7.725671,8,642.901483
-107.95689,8,642.916654
-156.979487,8,642.922654
-32.010933,8,642.938842
1.300579,8,642.96326
-68.642095,8,642.970875
-126.952339,8,642.986659
-26.749969,8,642.986659
-24.92294,8,643.017134
-0.53762,8,643.032042
5.440552,8,643.032042
-76.380831,8,643.063134
4.139458,8,643.074124
-51.61637,8,643.087837
-23.893678,8,643.096455
-12.05687,8,643.114549
-19.987253,8,643.135548
3.593479,8,643.141461
-120.414209,8,643.165841
-19.86538,8,643.177303
-45.279403,8,643.192648
-95.86094,8,643.202965
6.671376,8,643.221895
-38.219253,8,643.236804
1.588857,8,643.252831
-28.049853,8,643.267333
-12.959323,8,643.28499
-83.324501,8,643.295886
11.143371,8,643.313863
-3.507006,8,643.336595
5.957579,8,643.346635
-177.689548,8,643.362401
-60.998084,8,643.374446
-20.730956,8,643.391845
-221.003465,8,643.406294
-3.758075,8,643.418133
-32.844456,8,643.433911
-86.069477,8,643.445926
-37.38027,8,643.459858
-75.551327,8,643.473648
-6.947939,8,643.489984
-117.957079,8,643.514872
-38.862335,8,643.526577
1.530197,8,643.541986
-7.950701,8,643.560304
-0.103836,8,643.576461
-116.601011,8,643.595458
-42.221189,8,643.607457
-15.336267,8,643.623001
-8.428546,8,643.639052
-29.041973,8,643.648838
-1.721446,8,643.665873
-101.590494,8,643.67287
-99.904878,8,643.688752
-30.754397,8,643.706672
-105.935668,8,643.720465
3.592617,8,643.736212
-93.176139,8,643.752203
-122.614141,8,643.770505
-112.33493,8,643.784577
-38.378331,8,643.796611
-65.537483,8,643.810389
-29.074338,8,643.824395
-76.528156,8,643.839784
5.948798,8,643.846275
-67.91318,8,643.862174
-7.267797,8,643.886189
0.959132,8,643.897189
-81.358973,8,643.910372
2.500906,8,643.925874
-94.654247,8,643.941114
10.260526,8,643.949135
-17.862697,8,643.965175
-1.72362,8,643.982883
-25.193187,8,643.997082
-15.165227,8,644.008114
-144.479279,8,644.025124
-79.395887,8,644.038795
-11.561964,8,644.052482
-34.503268,8,644.070189
-4.177335,8,644.080236
-40.800298,8,644.100766
-2.43746,8,644.112885
-37.210467,8,644.131853
-16.781987,8,644.144789
-12.004843,8,644.163853
-91.103029,8,644.181455
-33.472762,8,644.192729
-27.626197,8,644.207919
-21.404727,8,644.222833
-31.221052,8,644.238091
5.201101,8,644.260349
5.168069,8,644.274147
-46.574974,8,644.289366
-150.928099,8,644.306639
-50.573836,8,644.31723
-69.216896,8,644.332289
-99.518091,8,644.343786
-15.890399,8,644.358879
-21.162668,8,644.376952
-9.96028,8,644.389585
-49.310594,8,644.404101
-23.844463,8,644.41666
-41.428056,8,644.431828
-22.204148,8,644.450375
-42.150637,8,644.461523
-30.113917,8,644.479761
2.988745,8,644.489734
-9.740297,8,644.505495
-29.092652,8,644.520832
-134.033444,8,644.531281
-35.081039,8,644.544823
-70.245702,8,644.554354
-6.729203,8,644.569581
-13.760966,8,644.587368
-155.617066,8,644.597127
-13.730296,8,644.617649
-100.083131,8,644.629769
-32.683891,8,644.643767
-82.288064,8,644.658766
-13.925729,8,644.669614
-37.662911,8,644.684617
-6.591527,8,644.698802
-112.818387,8,644.714854
-99.517282,8,644.732485
-97.131522,8,644.744232
-43.222464,8,644.760374
-11.769667,8,644.766374
-37.678598,8,644.791897
-13.826497,8,644.820087
-2.884131,8,644.831714
-138.108728,8,644.845851
-7.469363,8,644.862318
-112.641523,8,644.876343
-71.593207,8,644.91396
-24.700819,8,644.933561
-2.452496,8,644.957329
-104.648603,8,644.974521
-20.637492,8,644.997181
-153.283801,8,645.019606
-11.586877,8,645.035603
-119.407863,8,645.069245
-1.588097,8,645.083266
3.857903,8,645.094288
-18.168841,8,645.110236
-14.662754,8,645.126231
-66.966466,8,645.145027
-19.034252,8,645.156349
8.094237,8,645.16917
-22.335401,8,645.182888
-80.776287,8,645.192886
-88.843766,8,645.203887
-69.885311,8,645.218784
-74.668032,8,645.237608
-6.444687,8,645.251691
3.427808,8,645.26903
-83.688243,8,645.282878
-115.652606,8,645.296016
-9.878222,8,645.311261
-15.260572,8,645.31329
-36.249935,8,645.330455
-6.858232,8,645.34632
-55.489032,8,645.363571
-33.105252,8,645.378373
-82.913246,8,645.379105
1.991984,8,645.395984
-77.549187,8,645.42135
-0.438917,8,645.431143
-25.840429,8,645.446364
-28.2822,8,645.446364
-20.001083,8,645.471856
15.10007,8,645.481158
-92.89494,8,645.495698
8.284257,8,645.497734
-43.52568,8,645.524572
-109.269974,8,645.532579
-36.425691,8,645.54826
-26.289538,8,645.54826
-25.146367,8,645.580138
3.52153,8,645.596032
2.328467,8,645.596032
-69.673429,8,645.625385
-48.694994,8,645.638631
-87.377548,8,645.653793
-126.301973,8,645.667792
-44.764706,8,645.68002
-28.866763,8,645.699424
-26.04582,8,645.710424
-6.409101,8,645.724632
-137.906915,8,645.740802
-1.572161,8,645.750803
-10.402126,8,645.770467
0.263966,8,645.788424
-2.175066,8,645.804197
-5.936485,8,645.817989
-46.92013,8,645.82977
-39.042589,8,645.843816
-5.366395,8,645.855702
-41.014213,8,645.868999
0.59461,8,645.883033
1.48772,8,645.894805
-46.408586,8,645.912697
-13.676584,8,645.922468
-79.452321,8,645.93179
-10.638156,8,645.956587
1.733561,8,645.96758
-113.899048,8,645.96958
-54.133572,8,645.985449
-73.474023,8,646.012306
-12.667568,8,646.030187
-100.575719,8,646.041282
-102.550924,8,646.056298
0.554803,8,646.067285
-163.302855,8,646.078155
-101.408978,8,646.093258
-274.224899,8,646.109143
-6.044144,8,646.125151
-49.27326,8,646.14098
-5.317402,8,646.163063
2.977192,8,646.184527
0.397884,8,646.197967
-63.543835,8,646.213605
-59.933571,8,646.234886
-28.941561,8,646.2533
-72.73056,8,646.261297
-1.185767,8,646.286898
-77.435078,8,646.297894
-83.80522,8,646.315622
-48.972856,8,646.330184
-56.538818,8,646.345004
-24.017483,8,646.366987
-3.006615,8,646.382931
-8.182151,8,646.394177
-34.870658,8,646.407177
-14.083655,8,646.414765
-170.955507,8,646.431373
0.056013,8,646.447474
9.846152,8,646.465225
-88.17539,8,646.480986
-25.193155,8,646.480986
-43.111882,8,646.4976
-142.669335,8,646.51497
-26.250383,8,646.531515
2.780715,8,646.547257
-50.063947,8,646.563257
-83.081953,8,646.563257
-37.074332,8,646.578907
-27.707824,8,646.597551
-86.582454,8,646.618423
0.732839,8,646.63361
-26.905947,8,646.643915
-95.323537,8,646.656924
-101.285181,8,646.656924
-25.498494,8,646.672829
-81.629111,8,646.69732
-102.461648,8,646.704948
-48.190304,8,646.728231
-54.252141,8,646.735337
-28.024846,8,646.75348
-71.028152,8,646.769293
-63.441975,8,646.778162
1.72192,8,646.793441
-30.486605,8,646.805769
-57.378007,8,646.806787
-66.049655,8,646.82257
-41.268514,8,646.845171
-1.624354,8,646.863256
-7.78548,8,646.870509
-20.131037,8,646.887852
-70.522228,8,646.901671
9.254986,8,646.917643
-19.877947,8,646.930633
-0.151449,8,646.944241
-88.39813,8,646.954266
-28.19943,8,646.970009
-4.973732,8,646.970009
-195.567866,8,646.989326
-18.615424,8,647.006808
1.203989,8,647.030034
-1.945056,8,647.047961
-17.398374,8,647.059277
-121.449149,8,647.063183
-40.269361,8,647.078877
-2.142239,8,647.094794
7.987341,8,647.117472
-137.527752,8,647.129188
-10.812186,8,647.145629
-38.904167,8,647.156626
-97.490836,8,647.172729
4.697015,8,647.191899
-80.098802,8,647.203672
-69.912802,8,647.225479
-14.198388,8,647.239535
-41.097522,8,647.253519
-104.066555,8,647.269633
-76.705283,8,647.281307
-61.917834,8,647.300378
-166.994695,8,647.313545
-37.975983,8,647.339341
-97.657139,8,647.35639
-75.127603,8,647.370175
-49.849428,8,647.388055
-71.411746,8,647.400254
-4.397979,8,647.419691
-17.533468,8,647.441861
-39.798008,8,647.459122
-35.710222,8,647.462871
-28.807505,8,647.489097
-43.542168,8,647.50108
-76.832276,8,647.515056
-27.703657,8,647.53142
-7.602012,8,647.550692
-19.28387,8,647.566483
-145.863392,8,647.578241
-4.309254,8,647.599124
-142.744942,8,647.610122
-22.747742,8,647.626228
-38.607913,8,647.642082
-20.542302,8,647.657845
-27.588816,8,647.672119
-65.887026,8,647.687373
-6.649119,8,647.702373
4.564512,8,647.713603
-30.823326,8,647.71959
7.250455,8,647.735543
-143.455933,8,647.751655
-27.043265,8,647.767604
-1.232888,8,647.767604
-89.452341,8,647.797159
2.854844,8,647.817294
-123.045281,8,647.828904
-151.682259,8,647.844814
-16.996301,8,647.855312
-76.983086,8,647.870853
11.062882,8,647.88463
-40.253932,8,647.899159
-17.333547,8,647.914344
-98.298431,8,647.922344
-3.89143,8,647.937549
-12.229197,8,647.938549
-88.864564,8,647.965368
1.149255,8,647.982618
-212.170139,8,647.986363
-6.224782,8,648.012844
-34.211838,8,648.028386
-4.740519,8,648.0403
-24.432847,8,648.047282
-14.487579,8,648.063105
-60.576254,8,648.078309
-9.955471,8,648.094073
-19.712156,8,648.105302
-3.294522,8,648.119043
-102.061282,8,648.126067
-69.398111,8,648.151392
-15.75862,8,648.170014
4.958482,8,648.173016
1.597724,8,648.18876
-77.19132,8,648.204716
-46.609605,8,648.206771
4.122576,8,648.24065
-11.211148,8,648.253623
-217.924385,8,648.2666
0.921026,8,648.28121
0.573672,8,648.298322
-82.750786,8,648.312787
1.50118,8,648.324636
-32.68824,8,648.349415
-69.745268,8,648.36043
-5.203256,8,648.377413
-5.784381,8,648.37912
-84.939948,8,648.397476
-8.940312,8,648.414194
-18.47451,8,648.429514
-99.591254,8,648.431414
-41.347644,8,648.461865
-60.669122,8,648.463988
-77.028872,8,648.481132
-9.175611,8,648.497814
-34.57774,8,648.513339
-3.518381,8,648.531499
-1.166063,8,648.531499
-18.302328,8,648.546409
-86.811915,8,648.562325
-27.624886,8,648.578166
6.545883,8,648.599873
-39.48068,8,648.611633
3.11303,8,648.625067
-135.196783,8,648.635521
6.70687,8,648.650759
6.167461,8,648.665999
-62.203228,8,648.680017
7.346964,8,648.696693
-74.170679,8,648.706316
-4.79621,8,648.721364
-76.934118,8,648.735441
-155.74867,8,648.747409
-67.2184,8,648.75348
-34.191888,8,648.773529
-1.447027,8,648.793549
-124.181965,8,648.807603
-114.247867,8,648.820736
-39.672928,8,648.836801
-117.626298,8,648.846755
