#{"t_start": 1779523575.4009054, "env_id": "None"}
r,l,t
-187.049036,8,0.085665
-187.58257,8,0.08725
-164.506123,8,0.089211
-176.140981,8,0.090204
-286.326105,8,0.094203
-47.510471,8,0.098501
-59.34822,8,0.099499
-202.782406,8,0.101499
-267.943067,8,0.104499
-55.633441,8,0.106197
-51.190921,8,0.10829
-86.532053,8,0.109308
-100.19819,8,0.112623
-30.135205,8,0.115618
-17.055989,8,0.120902
-130.541896,8,0.120902
-82.735846,8,0.125745
-142.736445,8,0.12802
-107.416475,8,0.1295
-24.693006,8,0.133548
-95.469939,8,0.136807
-90.0346,8,0.137899
-277.132276,8,0.139906
-101.444154,8,0.140905
-26.553311,8,0.144892
-46.805411,8,0.14603
-58.470913,8,0.14603
-87.92181,8,0.14603
-201.092024,8,0.155967
-41.868741,8,0.16143
-25.194098,8,0.16143
-192.711365,8,0.21286
-20.96624,8,0.215777
-72.967109,8,0.215777
-90.475849,8,0.215777
-177.37877,8,0.215777
-137.138183,8,0.225969
-186.243238,8,0.225969
-113.606707,8,0.230043
-52.126292,8,0.233178
-115.709342,8,0.237861
-117.208283,8,0.237861
-137.742821,8,0.237861
-107.873092,8,0.237861
-125.866651,8,0.245772
-81.057239,8,0.249526
-65.187325,8,0.251531
-67.871054,8,0.251531
-145.277365,8,0.255608
-50.383075,8,0.255608
-67.989758,8,0.255608
-171.713924,8,0.264606
-192.561467,8,0.269239
-86.339856,8,0.271137
-52.015363,8,0.272234
-69.530892,8,0.27422
-200.99087,8,0.277842
-58.027341,8,0.279867
-15.619008,8,0.279867
-171.296787,8,0.285648
-247.586849,8,0.289034
-174.761093,8,0.291038
-32.228779,8,0.292034
-175.262015,8,0.301639
-42.722825,8,0.308373
-32.971244,8,0.312296
-53.120694,8,0.31262
-84.988861,8,0.317713
-183.059022,8,0.321817
-139.776187,8,0.324344
-141.981595,8,0.327269
-46.527582,8,0.330482
-144.969732,8,0.335484
-69.008735,8,0.338038
-144.620473,8,0.341046
-60.101195,8,0.34406
-110.399771,8,0.353006
-103.860117,8,0.354005
-62.667626,8,0.356519
-66.02646,8,0.358523
-86.241303,8,0.362849
-45.863021,8,0.364865
-188.615048,8,0.367155
-160.446595,8,0.368156
-36.68667,8,0.372239
-116.326781,8,0.374254
-46.165484,8,0.375852
-126.722781,8,0.376858
-18.810022,8,0.389698
-121.080828,8,0.389698
-98.314929,8,0.389698
-96.514236,8,0.396635
-82.934035,8,0.396635
2.651142,8,0.405645
-200.044845,8,0.409909
-84.835887,8,0.409909
-53.231726,8,0.417646
-55.448658,8,0.419652
-67.872736,8,0.421658
-113.13783,8,0.421658
-79.717278,8,0.425799
-58.1677,8,0.430151
-53.433295,8,0.435814
-110.128283,8,0.435814
-223.210703,8,0.435814
-96.970979,8,0.435814
-92.473241,8,0.435814
-78.239655,8,0.446398
-120.03847,8,0.446398
-155.365026,8,0.453513
-200.670511,8,0.455626
-105.791608,8,0.455626
-162.186133,8,0.462991
-39.265514,8,0.47087
-149.282648,8,0.47087
-88.379405,8,0.478325
-1.501694,8,0.485785
-24.950476,8,0.485785
-34.256408,8,0.490956
-91.645924,8,0.496398
-65.523342,8,0.502424
-112.321398,8,0.505437
-105.301937,8,0.507575
-96.299973,8,0.512457
-98.96249,8,0.52095
-44.925409,8,0.809519
-35.369225,8,0.825974
-128.447037,8,0.843704
-57.381507,8,0.857148
-23.999223,8,0.87068
-164.27013,8,0.879462
-148.088341,8,0.887928
-42.923911,8,0.900394
-127.429443,8,0.907486
-117.656943,8,0.915445
-120.322276,8,0.921521
-54.421593,8,0.931649
-59.102553,8,0.935755
-132.553949,8,0.950742
-27.401339,8,0.955699
-59.832972,8,0.977955
-54.335441,8,0.987827
-37.137831,8,0.996264
-201.268405,8,1.006391
-56.68616,8,1.01958
-128.772519,8,1.027819
-57.011618,8,1.037714
-231.857309,8,1.057646
-45.755763,8,1.070879
-99.57475,8,1.08425
-185.373103,8,1.093831
-34.285163,8,1.108707
-227.933496,8,1.123602
-50.376626,8,1.133563
-40.021807,8,1.142618
-46.289362,8,1.148829
-137.797312,8,1.167582
-93.405831,8,1.175671
-57.243868,8,1.185609
-156.118632,8,1.195195
-162.308054,8,1.212448
-3.823051,8,1.222581
-101.65476,8,1.231691
-94.968987,8,1.244064
-41.410123,8,1.257956
-96.265768,8,1.268217
-29.913743,8,1.277728
-106.628189,8,1.290594
-150.216568,8,1.30581
-82.937637,8,1.319744
-62.818405,8,1.329138
-113.94947,8,1.339102
-115.531487,8,1.352098
-21.262365,8,1.36241
-33.591219,8,1.371174
-126.860684,8,1.379135
-268.614339,8,1.399178
-321.529306,8,1.406682
-150.156112,8,1.415786
-89.757075,8,1.423142
-63.999398,8,1.437947
-121.100285,8,1.443946
-102.651296,8,1.455701
-148.430517,8,1.466181
-115.384024,8,1.479796
-108.356887,8,1.490806
-224.620128,8,1.502263
-86.748977,8,1.510783
-218.454334,8,1.529538
-134.889651,8,1.545578
-118.448046,8,1.554628
-23.056169,8,1.563723
-66.081104,8,1.575736
-170.273354,8,1.587706
-23.648952,8,1.598146
-9.543805,8,1.607661
-70.348891,8,1.619691
-100.414397,8,1.625851
-84.227147,8,1.636111
-121.93216,8,1.644125
-74.395672,8,1.655554
-297.552662,8,1.671342
-88.113022,8,1.678884
-79.267619,8,1.685547
-63.879897,8,1.70219
-148.528642,8,1.710699
-77.187221,8,1.720305
-59.202723,8,1.726823
-52.191467,8,1.739982
-75.041102,8,1.74818
-82.614525,8,1.755721
-199.397751,8,1.769361
-71.480751,8,1.783128
-24.549844,8,1.79722
-37.389767,8,1.806739
-150.144975,8,1.815713
-124.189837,8,1.824447
-61.549025,8,1.834531
-76.838983,8,1.855825
-23.436491,8,1.869395
-100.107266,8,1.885533
-120.813062,8,1.891619
-133.300037,8,1.901124
-39.369676,8,1.907638
-27.056452,8,1.919545
-73.817551,8,1.927851
-75.970045,8,1.939992
-69.285757,8,1.949553
-66.891502,8,1.959721
-83.256962,8,1.968442
-172.804604,8,1.97599
-15.903488,8,1.985521
-88.004783,8,2.00114
-49.126012,8,2.009658
-158.770783,8,2.018916
-102.994355,8,2.024679
-10.263899,8,2.040007
-154.792418,8,2.052621
-67.53048,8,2.067416
-83.842651,8,2.075923
-41.654717,8,2.089615
-176.808937,8,2.101232
-145.542997,8,2.112734
-49.707567,8,2.129447
-42.532389,8,2.141968
-70.265791,8,2.150812
-71.307747,8,2.160471
-23.008869,8,2.171495
-218.303464,8,2.18565
-81.824028,8,2.196031
-141.35035,8,2.206275
-54.59117,8,2.220846
-147.972502,8,2.237018
-63.05546,8,2.245535
-32.205876,8,2.255598
-54.957348,8,2.264839
-63.744636,8,2.276913
-144.501122,8,2.285811
-87.973938,8,2.294878
-44.208578,8,2.304092
-9.94958,8,2.320061
-43.960357,8,2.329417
-36.350883,8,2.339962
-67.098604,8,2.355839
-82.28553,8,2.370452
-103.478214,8,2.379365
-87.377173,8,2.389703
-78.53558,8,2.402298
-49.418437,8,2.415794
-119.563079,8,2.426087
-92.138742,8,2.439061
-104.530566,8,2.44898
-51.78791,8,2.461637
-100.448477,8,2.475793
-77.442622,8,2.485854
-144.944161,8,2.498162
-94.095728,8,2.519873
-23.862837,8,2.532525
-52.199802,8,2.544043
-94.329547,8,2.548252
-10.432345,8,2.569369
-86.569589,8,2.583833
-59.363422,8,2.590884
-27.372945,8,2.605881
-62.149042,8,2.617769
-134.478008,8,2.626917
-72.049071,8,2.636935
-85.707762,8,2.645797
-159.738629,8,2.663853
-78.292508,8,2.672367
-82.59496,8,2.681356
-65.657186,8,2.690008
-113.383797,8,2.705692
-137.902303,8,2.715743
-63.923113,8,2.72388
-100.353537,8,2.732399
-31.048458,8,2.743913
-43.820102,8,2.752344
-161.629234,8,2.761492
-139.943636,8,2.769363
-61.366501,8,2.779365
-118.816574,8,2.79373
-187.23609,8,2.804194
-129.55832,8,2.817834
-54.270786,8,2.831509
-162.061993,8,2.840862
-70.335049,8,2.851216
-156.741621,8,2.859832
-30.986138,8,2.873689
-140.765255,8,2.883356
-92.515596,8,2.891909
-30.51437,8,2.903157
-119.408227,8,2.915755
-77.243361,8,2.937105
-35.226846,8,2.945963
-43.669712,8,2.955831
-28.290085,8,2.972515
-41.424138,8,2.981467
-106.35861,8,2.992101
-153.961615,8,3.003223
-44.731038,8,3.015738
-136.013091,8,3.023796
-60.801674,8,3.033561
-22.362807,8,3.043085
-19.358571,8,3.067442
-108.690321,8,3.079431
-162.870733,8,3.101268
-126.157917,8,3.115426
-35.552982,8,3.133693
-253.51893,8,3.146619
-50.095312,8,3.168419
-172.102155,8,3.183499
-84.739404,8,3.197166
-51.210118,8,3.206684
-129.088632,8,3.217796
-72.969374,8,3.225435
-68.700242,8,3.239137
-115.080491,8,3.248163
-53.468324,8,3.263916
-127.947504,8,3.273435
-187.274351,8,3.29829
-202.978664,8,3.308805
-73.039327,8,3.315636
-15.292585,8,3.325721
-97.062365,8,3.340025
-21.782349,8,3.350353
-101.759406,8,3.35742
-94.456137,8,3.369417
-142.243025,8,3.381819
-191.28401,8,3.391522
-144.288731,8,3.404661
-135.928947,8,3.420069
-33.876026,8,3.432316
-136.762096,8,3.440826
-59.790218,8,3.45222
-80.999758,8,3.459873
-217.735879,8,3.472386
-130.921219,8,3.479997
-294.932579,8,3.485399
-123.493015,8,3.498237
-77.651144,8,3.509758
-36.836789,8,3.517859
-110.203077,8,3.531502
-180.216755,8,3.546708
-148.042288,8,3.557844
-73.590124,8,3.569542
-279.936165,8,3.578115
-47.553787,8,3.585693
-140.980727,8,3.600262
-55.420976,8,3.607829
-102.965405,8,3.615542
-121.263745,8,3.625647
-49.962077,8,3.640171
-143.00845,8,3.647778
-91.474319,8,3.655827
-52.96964,8,3.665508
-221.045934,8,3.681925
-59.565147,8,3.691596
-35.646459,8,3.701208
-38.188994,8,3.707748
-54.413992,8,3.720669
-101.685622,8,3.729472
-37.282724,8,3.738106
-41.039344,8,3.746105
-102.719868,8,3.75964
-71.359211,8,3.770372
-56.926986,8,3.776886
-74.846895,8,3.78556
-25.860309,8,3.804237
-166.391168,8,3.812765
-122.426532,8,3.820855
-244.208422,8,3.831601
-32.193261,8,3.842108
-55.782266,8,3.848579
-129.101048,8,3.855715
-45.720727,8,3.872648
-33.695188,8,3.881664
-141.565085,8,3.89101
-127.220797,8,3.902294
-68.501239,8,3.909977
-90.897852,8,3.92286
-119.640401,8,3.937287
-41.909397,8,3.946102
-67.511813,8,3.956248
-148.309731,8,3.967658
-41.130793,8,3.976275
-47.763246,8,3.987661
-118.048835,8,3.997206
-55.582565,8,4.007726
-186.977631,8,4.015809
-35.661643,8,4.025674
-83.810631,8,4.035526
-48.037015,8,4.048118
-86.876581,8,4.061563
-80.773105,8,4.071605
-72.29208,8,4.079356
-64.080592,8,4.090521
-124.519795,8,4.104471
-52.916402,8,4.112816
-89.771326,8,4.120581
-130.814571,8,4.135516
-134.524488,8,4.144132
-50.897592,8,4.156596
-82.798834,8,4.166495
-63.207121,8,4.177053
-49.337676,8,4.185495
-51.325814,8,4.202572
-64.613728,8,4.211302
-138.987394,8,4.225612
-38.735316,8,4.236734
-136.143596,8,4.244825
-102.372422,8,4.253118
-63.446942,8,4.265793
-91.863265,8,4.275572
-36.937696,8,4.285666
-78.21824,8,4.296149
-182.806283,8,4.310071
-68.167237,8,4.323668
-127.720835,8,4.337723
-105.232976,8,4.344732
-58.61303,8,4.356517
-97.913456,8,4.364857
-41.400596,8,4.373376
-67.437091,8,4.381827
-123.83915,8,4.39403
-99.381753,8,4.40323
-162.228332,8,4.410752
-127.321472,8,4.420881
-98.303065,8,4.437069
-169.684598,8,4.446122
-107.583588,8,4.457525
-55.494305,8,4.475779
-160.702493,8,4.491517
-34.28187,8,4.508081
-224.121071,8,4.519053
-64.073414,8,4.530584
-91.217039,8,4.548098
-143.163734,8,4.559598
-123.776854,8,4.572458
-92.277081,8,4.585665
-159.633105,8,4.598367
-44.317991,8,4.605426
-44.235186,8,4.620748
-68.806171,8,4.635723
-113.751989,8,4.650072
-68.487585,8,4.663102
-66.782658,8,4.673671
-138.982074,8,4.685783
-150.150061,8,4.698231
-67.968985,8,4.705878
-43.914944,8,4.721106
-59.278217,8,4.735692
-102.702047,8,4.752195
-36.66377,8,4.761534
-176.85966,8,4.776402
-123.362349,8,4.787428
-131.297215,8,4.805671
-101.91547,8,4.819671
-103.735623,8,4.830151
-52.491206,8,4.839759
-85.398736,8,4.853861
-70.883458,8,4.863023
-168.457665,8,4.871414
-56.971211,8,4.879827
-29.966751,8,4.896504
-198.506255,8,4.905645
-76.148705,8,4.915629
-13.832314,8,4.920748
-80.424593,8,4.941862
-163.89809,8,4.955432
-96.591383,8,4.964355
-25.634025,8,4.973615
-188.914243,8,4.988883
-124.127837,8,5.002208
-71.778527,8,5.010928
-1.215763,8,5.021666
-99.78673,8,5.029933
-80.93806,8,5.044998
-201.156731,8,5.054546
-96.240845,8,5.064564
-81.087087,8,5.079181
-142.745611,8,5.100068
-165.119979,8,5.11788
-165.368932,8,5.125778
-61.286516,8,5.140844
-174.305651,8,5.153102
-120.88316,8,5.165051
-196.94096,8,5.171472
-46.279957,8,5.187806
-64.360371,8,5.187806
-33.573054,8,5.202871
-80.576666,8,5.209938
-96.230677,8,5.225799
-93.222985,8,5.241105
-148.543394,8,5.252291
-23.50387,8,5.261811
-48.942172,8,5.274134
-121.284629,8,5.285525
-30.471129,8,5.292722
-155.54803,8,5.304645
-57.132073,8,5.315644
-123.534815,8,5.323722
-151.308338,8,5.338154
-121.11237,8,5.347714
-102.292541,8,5.361287
-107.864648,8,5.372455
-41.765339,8,5.389596
-51.093715,8,5.402369
-35.230877,8,5.415793
-124.463736,8,5.425825
-123.824743,8,5.436002
-60.946215,8,5.450102
-87.497489,8,5.467447
-57.714842,8,5.476966
-147.506025,8,5.488284
-122.644049,8,5.499228
-107.444443,8,5.515768
-22.770003,8,5.625414
-30.322731,8,5.646153
-42.423277,8,5.662883
-184.140824,8,5.683891
-95.156591,8,5.69413
-58.408492,8,5.705912
-110.597987,8,5.720484
-21.160921,8,5.738146
-41.553315,8,5.748214
-72.100836,8,5.757852
-68.898743,8,5.769423
-33.356046,8,5.787546
-21.075972,8,5.800622
-91.143843,8,5.809705
-60.550475,8,5.838151
-134.304349,8,5.974569
-102.373758,8,5.981876
-139.838633,8,5.990541
-204.170661,8,6.003319
-110.439094,8,6.015779
-117.659387,8,6.020495
-87.05061,8,6.033534
-106.662487,8,6.042231
-57.097343,8,6.048108
-152.466151,8,6.065641
-145.648426,8,6.07573
-130.475335,8,6.08954
-74.098557,8,6.105371
-60.93444,8,6.116411
-38.849674,8,6.12566
-92.168566,8,6.136114
-117.185129,8,6.148197
-87.917211,8,6.155825
-60.741239,8,6.166488
-45.380093,8,6.174583
-59.037524,8,6.185836
-94.878075,8,6.199316
-152.725979,8,6.206923
-44.468513,8,6.215894
-88.019141,8,6.233593
-59.562187,8,6.24238
-198.769912,8,6.250292
-81.514442,8,6.259886
-82.23603,8,6.273513
-200.974503,8,6.28172
-44.217771,8,6.291862
-36.887479,8,6.303335
-147.951978,8,6.31568
-77.248211,8,6.321718
-20.47622,8,6.329721
-69.757557,8,6.339922
-147.233887,8,6.35554
-94.615293,8,6.368456
-81.828496,8,6.377979
-14.076975,8,6.387705
-97.678267,8,6.401771
-94.754407,8,6.411006
-46.78547,8,6.421929
-29.147429,8,6.431008
-82.600021,8,6.442525
-40.676229,8,6.452594
-148.296284,8,6.459673
-100.271438,8,6.471416
-167.290247,8,6.479444
-106.257163,8,6.498259
-91.190712,8,6.506765
-84.796812,8,6.519559
-48.022954,8,6.531074
-96.827567,8,6.541602
-142.113406,8,6.552181
-76.697261,8,6.56171
-79.96178,8,6.577021
-51.303098,8,6.587511
-53.253455,8,6.598513
-31.047032,8,6.611747
-60.580918,8,6.615728
-102.604675,8,6.640604
-148.135269,8,6.650349
-52.667049,8,6.658014
-57.493621,8,6.670385
-126.597954,8,6.677922
-52.217477,8,6.685398
-82.655681,8,6.69349
-132.050904,8,6.705676
-89.386877,8,6.712809
-21.452747,8,6.721897
-29.86214,8,6.732989
-93.282232,8,6.742502
-80.55639,8,6.754367
-64.501286,8,6.769485
-103.486667,8,6.779006
-134.632866,8,6.791575
-181.521046,8,6.80021
-87.399356,8,6.80872
-71.766402,8,6.819612
-31.613295,8,6.832141
-60.35397,8,6.841667
-104.959104,8,6.848244
-20.095244,8,6.860458
-58.683628,8,6.875861
-127.198699,8,6.885826
-24.454224,8,6.902203
-196.749753,8,6.912738
-66.883867,8,6.925704
-110.293812,8,6.934154
-123.984029,8,6.940691
-125.699908,8,6.948197
-67.506301,8,6.955739
-105.126532,8,6.968476
-20.335754,8,6.976997
-29.966241,8,6.98823
-58.883661,8,7.00148
-202.600379,8,7.009047
-40.037164,8,7.018596
-27.062049,8,7.034248
-220.807913,8,7.046141
-67.467296,8,7.048148
-117.78604,8,7.064827
-38.315299,8,7.074345
-80.645105,8,7.087355
-41.402812,8,7.100161
-83.163173,8,7.107676
-57.597021,8,7.115478
-33.235652,8,7.130392
-136.919005,8,7.135454
-95.515728,8,7.145464
-74.119157,8,7.155747
-210.222803,8,7.174536
-63.559603,8,7.184123
-228.413273,8,7.18968
-43.015696,8,7.199319
-21.548056,8,7.212756
-131.825459,8,7.221702
-63.897236,8,7.231549
-54.067585,8,7.238086
-18.865788,8,7.250176
-217.674129,8,7.259778
-142.772306,8,7.269415
-131.453287,8,7.27693
-217.183046,8,7.292931
-95.323638,8,7.303246
-179.344978,8,7.308767
-99.054756,8,7.315419
-41.721537,8,7.328268
-216.549785,8,7.341584
-147.234042,8,7.348229
-116.872325,8,7.355791
-192.619935,8,7.372358
-10.167399,8,7.381831
-141.921339,8,7.387451
-60.2131,8,7.400739
-37.634613,8,7.415879
-61.665976,8,7.415879
-83.334549,8,7.434104
-150.440037,8,7.443625
-76.326709,8,7.459008
-42.822021,8,7.469392
-38.20177,8,7.476904
-27.528861,8,7.485587
-36.657085,8,7.500258
-146.138497,8,7.508815
-23.486692,8,7.515817
-74.017118,8,7.520799
-37.800205,8,7.539819
-138.424572,8,7.54827
-17.062191,8,7.567451
-95.126159,8,7.575994
-65.403342,8,7.585534
-27.657275,8,7.600277
-22.058766,8,7.608999
-58.115404,8,7.615813
-90.429536,8,7.628595
-38.744717,8,7.638566
-59.605672,8,7.646069
-10.676252,8,7.655524
-43.561052,8,7.665789
-188.778947,8,7.682314
-23.645258,8,7.690993
-98.142169,8,7.703373
-26.235462,8,7.715618
-174.640601,8,7.720743
-53.743231,8,7.733346
-221.52684,8,7.742076
-62.327762,8,7.754315
-139.811437,8,7.759968
-109.22842,8,7.770456
-118.267541,8,7.777975
-59.940158,8,7.78572
-106.33026,8,7.802255
-79.215193,8,7.817143
-178.841238,8,7.824243
-64.604832,8,7.836291
-73.348609,8,7.843305
-89.483674,8,7.850705
-36.641625,8,7.859432
-59.509559,8,7.869665
-158.13179,8,7.876292
-166.013961,8,7.883418
-158.948693,8,7.891505
-125.002953,8,7.905483
-127.236035,8,7.917904
-96.62482,8,7.931967
-96.798445,8,7.935795
-37.811983,8,7.955982
-138.731043,8,7.968634
-12.527342,8,7.979153
-49.282633,8,7.989316
-115.219157,8,8.00219
-172.178418,8,8.012446
-59.21297,8,8.019881
-146.19341,8,8.027445
-68.420708,8,8.043587
-156.435023,8,8.057281
-63.378667,8,8.077037
-32.257892,8,8.102376
-165.659622,8,8.127485
-37.835845,8,8.153123
-118.208181,8,8.171549
-70.580509,8,8.185711
-120.648987,8,8.207825
-76.739233,8,8.218607
-142.807036,8,8.23764
-133.802945,8,8.25069
-93.769982,8,8.274521
-110.88978,8,8.285505
-45.817451,8,8.299361
-33.034481,8,8.317539
-43.346239,8,8.33671
-26.073384,8,8.346672
-142.8672,8,8.363958
-99.582668,8,8.37903
-44.92417,8,8.401312
-60.718374,8,8.411834
-94.216695,8,8.423015
-85.508946,8,8.4351
-148.014566,8,8.44675
-68.194175,8,8.457823
-41.854784,8,8.469815
-236.009788,8,8.480177
-45.601047,8,8.504777
-130.906978,8,8.515702
-44.569397,8,8.525872
-55.143907,8,8.535841
-32.609392,8,8.555462
-42.093579,8,8.565602
-18.93859,8,8.577888
-112.276191,8,8.588285
-20.289779,8,8.603467
-62.371982,8,8.618159
-186.263882,8,8.627783
-51.648943,8,8.642698
-17.51047,8,8.663977
-92.663589,8,8.677017
-38.613952,8,8.687645
-48.737311,8,8.698292
-39.813811,8,8.712864
-25.250916,8,8.725462
-1.036645,8,8.743236
-25.422433,8,8.755752
-136.159831,8,8.769475
-43.250688,8,8.777997
-88.629574,8,8.787515
-156.488075,8,8.795568
-11.318409,8,8.807615
2.145581,8,8.815451
-22.91246,8,8.833064
-59.505728,8,8.840585
-91.732561,8,8.856916
-48.931556,8,8.866473
-46.049829,8,8.875979
-67.916699,8,8.885686
-48.983773,8,8.9005
-121.19558,8,8.910053
-23.278495,8,8.917881
-54.140177,8,8.927678
-74.744479,8,8.9417
-65.359019,8,8.954481
-25.466846,8,8.970409
-42.882086,8,8.979448
-127.829729,8,8.990845
-91.561553,8,8.998854
-16.736113,8,9.010913
-86.534852,8,9.015813
-57.683299,8,9.033173
-41.178457,8,9.042731
-98.333098,8,9.050474
-117.86545,8,9.062897
-1.596987,8,9.076189
-128.467896,8,9.085476
-73.712055,8,9.1036
-39.232599,8,9.111307
-99.609563,8,9.117609
3.132511,8,9.13433
-145.902407,8,9.141063
-161.194248,8,9.14837
-154.895387,8,9.160946
-84.321873,8,9.169617
-47.947969,8,9.178348
-205.439132,8,9.193156
-58.349983,8,9.207662
-124.002932,8,9.219813
-145.397942,8,9.236653
-59.0481,8,9.249516
-58.848999,8,9.259476
-44.184345,8,9.269823
-73.386592,8,9.279251
-50.227189,8,9.289595
-42.950407,8,9.307555
-61.824691,8,9.315652
-22.091311,8,9.325735
-119.896276,8,9.335603
-19.445251,8,9.346293
-118.258419,8,9.355709
-112.031162,8,9.365535
-37.933169,8,9.379718
-101.167144,8,9.390781
-12.372835,8,9.396513
-29.43846,8,9.405895
-36.395402,8,9.415601
-74.998106,8,9.432498
-51.39266,8,9.440575
-8.921158,8,9.446513
-56.129042,8,9.460644
-75.271415,8,9.470706
-75.72442,8,9.479743
-184.23718,8,9.485686
-21.153042,8,9.505774
-53.842326,8,9.519597
-92.68202,8,9.525604
-25.281934,8,9.544786
-99.516475,8,9.557571
-73.142602,8,9.570906
-123.045192,8,9.581868
-41.151395,8,9.589917
-125.9101,8,9.600645
-46.867164,8,9.613115
-48.716877,8,9.624306
-50.167545,8,9.635522
-32.667112,8,9.645598
-55.850885,8,9.670445
-37.172106,8,9.685404
-36.741864,8,9.701764
-54.672861,8,9.710312
-13.406063,8,9.722057
-42.964843,8,9.73161
-81.25603,8,9.742639
-36.954153,8,9.75018
-151.533445,8,9.76943
-9.9565,8,9.780197
-101.608338,8,9.790432
-40.728119,8,9.800281
-81.652408,8,9.819587
-35.062364,8,9.825608
-43.458765,8,9.835688
-99.786825,8,9.844702
-78.152451,8,9.856894
-24.047989,8,9.867394
-172.260915,8,9.875412
-19.837768,8,9.887919
-122.82477,8,9.901359
-36.682784,8,9.908883
-20.206554,8,9.91958
-181.87775,8,9.925602
-69.519727,8,9.939765
-120.919809,8,9.952256
2.269667,8,9.962972
-23.147683,8,9.972495
-72.604717,8,9.98553
-21.961724,8,9.993704
-54.380586,8,10.007861
-189.824087,8,10.020889
-87.160288,8,10.035633
-145.780172,8,10.047186
-21.975345,8,10.05584
-68.060602,8,10.070424
-147.947855,8,10.087653
-149.444528,8,10.106708
-87.584685,8,10.11552
-42.231767,8,10.139577
-101.488558,8,10.155734
-80.48628,8,10.168191
-59.597175,8,10.178725
-70.68021,8,10.185878
-43.749098,8,10.205721
-156.000649,8,10.215752
-88.221199,8,10.229257
-31.432482,8,10.246288
-19.000591,8,10.262925
-63.957718,8,10.272458
-75.137082,8,10.289668
-56.665807,8,10.303297
-73.301628,8,10.317871
-59.388124,8,10.329314
-56.20564,8,10.339585
-52.374781,8,10.355693
-33.292682,8,10.370554
-48.289442,8,10.381872
-79.755221,8,10.38564
-225.309356,8,10.403227
-45.318146,8,10.420205
-46.205547,8,10.43308
-116.198466,8,10.45578
-44.349142,8,10.497658
-80.190591,8,10.522055
-54.150295,8,10.540632
-66.534328,8,10.55968
-134.452951,8,10.593815
-146.61799,8,10.617872
-78.825276,8,10.634419
-35.782465,8,10.65025
-74.176609,8,10.663822
-109.176557,8,10.716596
-87.514381,8,10.729761
-71.998846,8,10.755856
-96.883664,8,10.784734
-84.435474,8,10.804406
-227.210847,8,10.825534
-117.050041,8,10.842458
-21.540587,8,10.848198
-102.814854,8,10.873675
-36.394356,8,10.887915
-34.85155,8,10.904438
-86.525083,8,10.917447
-85.894916,8,10.94273
-27.824075,8,10.955633
-31.489926,8,10.970863
-71.141011,8,10.991737
-21.728154,8,11.01175
-203.251873,8,11.027544
-86.583296,8,11.041693
-202.062605,8,11.06865
-37.363105,8,11.088604
-61.943721,8,11.102373
-39.00227,8,11.116432
-57.279411,8,11.134273
-159.213569,8,11.155329
-169.892857,8,11.174585
-113.226462,8,11.189769
-39.777535,8,11.20595
-324.914925,8,11.229737
-134.488453,8,11.243881
-137.691445,8,11.257597
-24.64175,8,11.304589
-111.15777,8,11.378142
-99.983094,8,11.391858
-56.284707,8,11.406826
-108.729498,8,11.425567
-87.334696,8,11.437784
-118.063801,8,11.457836
-109.291375,8,11.477023
-132.061777,8,11.495738
-163.387418,8,11.521923
-36.980404,8,11.5417
-145.19272,8,11.557822
-61.441222,8,11.571736
-85.523518,8,11.59074
-47.595479,8,11.605339
-59.3275,8,11.617798
-91.94799,8,11.632124
-41.035414,8,11.648608
-26.361999,8,11.663269
-184.822653,8,11.674038
-104.131052,8,11.687443
-53.315213,8,11.703783
-43.00988,8,11.718493
-135.483572,8,11.729805
-41.269497,8,11.740992
-39.854141,8,11.75909
-46.452659,8,11.778343
-145.200391,8,11.791782
-20.630092,8,11.804776
-135.014557,8,11.823732
-115.503234,8,11.838641
-128.382641,8,11.852279
-84.803389,8,11.865548
-44.750232,8,11.888517
-160.569085,8,11.90734
-1.860037,8,11.921639
-5.02303,8,11.932565
-128.514963,8,11.949792
-56.040718,8,11.959315
-151.162415,8,11.972003
-46.062806,8,11.982315
-12.698508,8,12.002626
-153.772756,8,12.008146
-91.356959,8,12.020064
-44.875109,8,12.031937
-57.560407,8,12.038063
-45.367515,8,12.055359
-48.037789,8,12.071796
-105.387979,8,12.081591
-141.94035,8,12.099979
-109.50647,8,12.122124
-113.296104,8,12.134167
-59.818803,8,12.142733
-75.873712,8,12.154785
-70.041308,8,12.164048
-95.710962,8,12.176075
-91.914666,8,12.185368
-80.239411,8,12.204345
-145.016034,8,12.219866
-47.159438,8,12.251034
-38.707311,8,12.26559
-83.263631,8,12.281606
-58.866976,8,12.285626
-42.300495,8,12.307587
-71.009628,8,12.317776
-25.960509,8,12.338423
-23.49971,8,12.348752
-102.809716,8,12.365561
-13.52167,8,12.377099
-6.128656,8,12.388572
-25.195714,8,12.400414
-95.279849,8,12.410762
-56.897847,8,12.425853
-17.194657,8,12.441766
-24.688608,8,12.457301
-68.469257,8,12.465799
-30.697209,8,12.477687
-104.437447,8,12.491509
-146.09719,8,12.503352
-101.025284,8,12.512922
-54.937223,8,12.522409
-38.174083,8,12.540742
-36.749773,8,12.550219
-117.188456,8,12.56405
-76.9433,8,12.578146
-37.966403,8,12.59089
-45.47725,8,12.603359
-3.215806,8,12.612878
-31.723682,8,12.624092
-38.95903,8,12.636703
-65.190439,8,12.64471
-155.073502,8,12.654344
-229.535781,8,12.663978
-39.918725,8,12.725832
-0.094135,8,12.736864
-2.601235,8,12.746735
-33.822433,8,12.757502
-155.346184,8,12.778095
-30.710342,8,12.785405
-230.139659,8,12.808838
-188.1402,8,12.82353
-130.336432,8,12.841705
-131.188075,8,12.850224
-184.155318,8,12.87051
-72.065328,8,12.883623
-53.051215,8,12.901512
-139.123707,8,12.9117
-169.885245,8,12.927543
-35.730961,8,12.938975
-98.246202,8,12.957804
-46.939909,8,12.969685
-130.087708,8,12.979626
-45.526064,8,12.985734
-39.57349,8,13.004294
-225.562274,8,13.01545
-111.060045,8,13.023516
-67.32486,8,13.035639
-17.182118,8,13.05388
-63.463576,8,13.063426
-102.881173,8,13.073939
-26.795919,8,13.085685
-104.691503,8,13.108864
-21.678905,8,13.129674
-70.561667,8,13.143759
-38.359128,8,13.165623
-66.805034,8,13.185526
-95.67137,8,13.200658
-59.275729,8,13.211197
-81.84914,8,13.223543
-41.620865,8,13.240758
-65.323509,8,13.254028
-183.987801,8,13.270592
-65.680334,8,13.284205
-57.621854,8,13.299802
-22.768014,8,13.31751
-171.668699,8,13.330157
-76.881736,8,13.346272
-203.9708,8,13.355686
-41.758877,8,13.370672
-24.944746,8,13.387444
-20.520751,8,13.398397
-55.157697,8,13.416769
-26.617786,8,13.426602
-38.555273,8,13.437963
-54.754157,8,13.448235
-135.386841,8,13.462992
-37.628416,8,13.479582
-81.605594,8,13.504462
-38.204589,8,13.515651
-34.034729,8,13.537556
0.215465,8,13.552389
-1.112122,8,13.565581
-149.355395,8,13.574597
-124.581861,8,13.592436
-69.561764,8,13.608019
-26.358641,8,13.627675
-177.466359,8,13.64389
-56.006782,8,13.663016
-151.808797,8,13.677106
-42.071253,8,13.701025
-94.957636,8,13.715526
-50.042815,8,13.738797
-154.819576,8,13.74836
-80.504691,8,13.762715
-156.624945,8,13.774597
-83.905011,8,13.791542
-18.719963,8,13.808028
-123.643589,8,13.815616
-20.2152,8,13.832725
-23.103691,8,13.852845
-122.549962,8,13.866629
-72.415576,8,13.877141
-61.361758,8,13.893734
-164.903181,8,13.909896
-64.648925,8,13.921508
-19.263529,8,13.932917
-17.185481,8,13.94294
-56.503144,8,13.955848
-59.625866,8,13.971602
-18.710288,8,13.981731
-136.606051,8,13.990836
-21.04734,8,14.006912
-117.300127,8,14.017462
-38.233211,8,14.02761
-34.871832,8,14.042966
-58.870163,8,14.057778
-52.569323,8,14.070497
-65.40151,8,14.085518
-188.535283,8,14.096416
-39.059843,8,14.106967
-78.231571,8,14.115524
-34.019319,8,14.127324
-100.112724,8,14.138851
-65.999924,8,14.152301
-39.023444,8,14.161691
-225.09269,8,14.171597
-36.261123,8,14.179546
-104.669348,8,14.204418
-36.517472,8,14.212607
-16.495833,8,14.21763
-147.91333,8,14.233763
0.486097,8,14.2463
-52.834593,8,14.25537
-46.186217,8,14.261562
-39.984827,8,14.272548
-13.847376,8,14.28542
-106.44208,8,14.295527
-64.34053,8,14.304271
-46.262306,8,14.315363
-133.071552,8,14.333718
1.406605,8,14.343799
-42.93277,8,14.354022
-87.570324,8,14.361603
-42.923082,8,14.374682
-33.640111,8,14.385771
-173.271599,8,14.396785
-124.484486,8,14.407906
-55.78722,8,14.415396
-65.146275,8,14.425869
-54.732123,8,14.440825
-32.753464,8,14.448223
-63.942762,8,14.464105
-7.625196,8,14.479642
-35.770146,8,14.485764
-30.100641,8,14.501547
-88.944179,8,14.513011
-5.547837,8,14.520544
-132.686264,8,14.53374
-37.662952,8,14.543052
-46.261137,8,14.55579
-40.372303,8,14.569579
-72.833105,8,14.579543
-5.581277,8,14.589106
-87.454307,8,14.601389
-44.292077,8,14.615482
-48.464722,8,14.625543
-83.953383,8,14.636436
-51.787936,8,14.646307
-77.423109,8,14.655651
-65.277265,8,14.674534
-55.63502,8,14.685598
-115.490664,8,14.702369
-8.581331,8,14.71491
-54.191817,8,14.725549
-24.255034,8,14.738154
-89.288586,8,14.753627
-54.602978,8,14.767597
-107.167897,8,14.787897
-62.841613,8,14.801455
-102.294099,8,14.812944
-34.958594,8,14.825383
-99.887707,8,14.834708
-29.51922,8,14.841244
-21.885394,8,14.855458
-32.353744,8,14.864255
-18.866999,8,14.874773
-48.374508,8,14.885673
-14.299224,8,14.905982
-20.192692,8,14.919653
-149.83649,8,14.93696
-94.001259,8,14.94865
-218.268192,8,14.96664
-43.882096,8,14.976159
-35.228919,8,14.985591
-38.780237,8,14.990703
-175.744332,8,15.00695
-135.811869,8,15.022338
-85.691967,8,15.033844
-25.803667,8,15.044411
-74.817099,8,15.055629
-25.227883,8,15.068608
-107.379947,8,15.075608
-183.591392,8,15.087701
-97.335626,8,15.103366
-159.745962,8,15.111876
-90.918921,8,15.123666
-84.500678,8,15.138218
-65.132323,8,15.151271
-143.067049,8,15.16187
-141.479879,8,15.171508
-25.882843,8,15.182019
4.967877,8,15.197376
-98.431019,8,15.20588
-80.952229,8,15.215858
-19.413261,8,15.232006
-3.571724,8,15.244533
-129.534246,8,15.259564
-41.85563,8,15.270621
-55.788408,8,15.27715
-43.776993,8,15.291518
-72.74115,8,15.301384
-16.210735,8,15.309952
-70.552911,8,15.315558
-108.731799,8,15.33072
-58.112054,8,15.340243
-126.560934,8,15.348261
-65.577753,8,15.355889
-140.935408,8,15.378112
-28.780331,8,15.385696
3.963947,8,15.404868
-102.05651,8,15.414148
-15.865592,8,15.425532
-64.850187,8,15.435804
-19.663419,8,15.444332
-43.121465,8,15.455782
-147.77245,8,15.469702
-136.338708,8,15.478286
-129.570037,8,15.490785
-98.115473,8,15.500434
-18.06633,8,15.519493
-78.186033,8,15.527581
-97.731295,8,15.540245
-77.802504,8,15.550392
-113.991963,8,15.564072
-38.18614,8,15.573593
-95.281892,8,15.583961
-43.332576,8,15.591609
-61.445081,8,15.609909
-111.546494,8,15.621654
-155.119139,8,15.631682
-103.154358,8,15.641206
-65.270856,8,15.657707
-37.276505,8,15.675573
-67.765104,8,15.687713
-37.486778,8,15.70353
-17.925563,8,15.723429
-93.369386,8,15.734817
-65.979701,8,15.747736
-15.937432,8,15.755774
-166.833471,8,15.77335
-43.748984,8,15.787705
-39.285617,8,15.80142
-60.180864,8,15.81094
-47.665323,8,15.825485
-48.397091,8,15.852422
-13.319262,8,15.867754
-70.085354,8,15.877264
-70.406194,8,15.891909
-113.377368,8,15.903465
-279.286769,8,15.914962
-38.697661,8,15.925565
-25.529834,8,15.941298
-38.400717,8,15.95743
-96.785178,8,15.970673
-65.516757,8,15.983799
-54.836485,8,15.999511
-94.232578,8,16.009026
-45.523628,8,16.015607
-108.77202,8,16.039269
-39.872306,8,16.064114
-37.842931,8,16.075636
-51.493111,8,16.08765
-34.348994,8,16.098401
-89.84918,8,16.109922
-29.647669,8,16.115421
2.574123,8,16.130772
-21.281388,8,16.141294
-89.654,8,16.148268
-109.271262,8,16.168578
-43.922845,8,16.184321
-38.595017,8,16.194953
-40.333643,8,16.210015
-21.337184,8,16.221857
-27.863638,8,16.231175
-24.534449,8,16.240716
-12.986412,8,16.255469
-43.435661,8,16.265657
-110.107872,8,16.27367
-50.543749,8,16.285528
-153.317464,8,16.300382
-63.569261,8,16.307903
-53.354408,8,16.3156
-61.747608,8,16.330927
-70.166062,8,16.343566
-62.160414,8,16.352327
-13.109995,8,16.355379
-37.546596,8,16.36957
-65.284781,8,16.381642
-88.846629,8,16.391731
-60.580299,8,16.405379
-53.662624,8,16.415433
-71.219825,8,16.432098
-124.297466,8,16.44605
-1.061291,8,16.457435
-45.426061,8,16.477155
-59.90358,8,16.491779
-80.662409,8,16.504328
-80.464338,8,16.51998
-96.590788,8,16.532803
-31.614833,8,16.550643
-216.112165,8,16.564132
-54.721948,8,16.574544
-6.199397,8,16.589651
-67.223713,8,16.606957
-52.603831,8,16.616577
-63.702265,8,16.633894
-111.582669,8,16.648401
-137.01411,8,16.672818
-43.063838,8,16.685688
-15.440112,8,16.701415
-116.527823,8,16.716727
-61.839028,8,16.736937
-43.974065,8,16.753571
-66.240016,8,16.766685
-26.656984,8,16.778201
-58.398546,8,16.794429
-21.696383,8,16.806061
-48.432694,8,16.815521
-172.499542,8,16.829393
-91.536886,8,16.852566
-54.838966,8,16.859671
-136.866529,8,16.874743
-93.47412,8,16.885671
-20.605176,8,16.904514
-22.857272,8,16.915526
-44.320448,8,16.925508
-55.41389,8,16.938056
-48.788832,8,16.951653
7.302034,8,16.965598
-47.722317,8,16.977135
-65.056164,8,17.001781
-130.234878,8,17.021709
-22.191315,8,17.041103
-211.613489,8,17.048735
-61.343816,8,17.064162
-29.468277,8,17.079644
-16.720386,8,17.090768
-97.733482,8,17.108132
-68.225538,8,17.119586
-5.220088,8,17.135714
-108.369124,8,17.144223
-134.677053,8,17.155326
-5.814764,8,17.166778
-11.901077,8,17.179627
-54.341887,8,17.191723
-60.806057,8,17.201432
-77.163277,8,17.211951
-21.914049,8,17.229804
-41.264741,8,17.237935
-18.269586,8,17.246302
-18.255257,8,17.255636
-112.268947,8,17.270075
-123.772102,8,17.27943
-41.228887,8,17.287636
-51.105548,8,17.297589
-174.234194,8,17.311184
-140.180646,8,17.320692
-114.72032,8,17.338066
-20.774383,8,17.348347
-21.483704,8,17.363106
-38.145813,8,17.370643
-66.134471,8,17.378189
-68.022618,8,17.385719
-29.92356,8,17.402172
-81.1069,8,17.409709
-152.883857,8,17.41938
-119.010568,8,17.428895
-163.152428,8,17.442913
-100.279157,8,17.458116
-21.101833,8,17.471702
-123.552637,8,17.482244
-17.553415,8,17.496407
-44.931755,8,17.510055
-44.385566,8,17.519585
-136.267951,8,17.534093
-56.583033,8,17.548679
-93.524361,8,17.55574
-59.792252,8,17.573707
-61.782971,8,17.582041
-54.636239,8,17.59963
-69.456072,8,17.609325
-95.422465,8,17.618682
-35.967833,8,17.637494
-106.718101,8,17.650935
-36.538171,8,17.655488
-60.416375,8,17.66966
-62.624351,8,17.677174
-38.883325,8,17.690485
-252.582878,8,17.704571
-21.888992,8,17.715606
-124.143961,8,17.723689
-41.696884,8,17.739744
-60.721958,8,17.748772
-48.411957,8,17.757872
-54.695021,8,17.771639
-22.807571,8,17.787446
-31.01074,8,17.800782
-56.683533,8,17.809913
-94.610378,8,17.819482
-143.331877,8,17.833852
-41.853437,8,17.843968
-206.35742,8,17.855502
-5.43562,8,17.869703
-50.338081,8,17.882073
-31.021556,8,17.89086
-41.186938,8,17.90549
-21.774148,8,17.915585
-62.360365,8,17.93817
-91.415582,8,17.952618
-155.967581,8,17.961502
-40.970912,8,17.971741
-38.395317,8,17.985682
-23.032891,8,17.997425
-78.837218,8,18.00692
-73.449707,8,18.017544
-14.869557,8,18.039048
-67.910086,8,18.053849
-86.330815,8,18.067559
-33.807528,8,18.085615
-7.025628,8,18.113109
-88.407757,8,18.132154
-60.102741,8,18.150355
-168.484733,8,18.185687
-112.064559,8,18.205546
-48.645253,8,18.218543
-162.666295,8,18.231906
-158.92362,8,18.250121
-106.970571,8,18.273869
-104.965765,8,18.290707
-90.48948,8,18.309105
-45.594195,8,18.332111
-198.647138,8,18.354398
-45.724149,8,18.390231
-67.486142,8,18.407391
-30.828711,8,18.424142
-39.716894,8,18.443743
-6.420294,8,18.46153
-48.133481,8,18.477104
-203.05518,8,18.492142
-132.08539,8,18.513191
-169.829024,8,18.528611
-63.826917,8,18.545591
-46.883046,8,18.563412
-123.046975,8,18.57974
-25.267636,8,18.605798
-80.128198,8,18.629785
-63.135506,8,18.644638
-75.171964,8,18.663388
-44.08647,8,18.682016
-43.825784,8,18.693628
-43.471658,8,18.705756
-101.809976,8,18.724016
-71.236124,8,18.740676
-42.539166,8,18.755849
-123.888202,8,18.770461
-48.807265,8,18.793067
-127.94124,8,18.80858
-41.710981,8,18.83207
-130.440103,8,18.854784
-43.787385,8,18.876069
-22.311568,8,18.892604
-89.544369,8,18.908281
-269.955829,8,18.92113
-55.702135,8,18.942889
-6.694867,8,18.954154
-13.493496,8,18.971407
-56.352264,8,18.985857
-93.436497,8,19.003553
-49.121796,8,19.015659
-70.717664,8,19.0357
-85.027241,8,19.046482
-70.515405,8,19.070674
-131.413659,8,19.087358
-34.746181,8,19.103344
-31.410424,8,19.117685
-20.598453,8,19.140882
-30.699503,8,19.157354
-29.142589,8,19.170875
-94.77476,8,19.189423
-142.559178,8,19.207835
-78.639131,8,19.219867
-63.530268,8,19.2346
-73.666575,8,19.253344
-37.741861,8,19.270012
2.247848,8,19.282822
-32.604246,8,19.298931
-25.916286,8,19.30988
-46.004857,8,19.325675
-2.649478,8,19.337602
-62.798393,8,19.349208
-88.207992,8,19.359812
-80.662719,8,19.375511
-38.015761,8,19.38797
-91.721473,8,19.396983
-45.016708,8,19.417423
-115.740017,8,19.429938
-92.587618,8,19.439602
-15.131559,8,19.446474
0.375271,8,19.463609
-17.405666,8,19.613256
-44.503529,8,19.62576
-19.953684,8,19.640135
-73.448025,8,19.655754
-126.753523,8,19.670546
-73.0951,8,19.679796
-13.236046,8,19.690541
-8.414552,8,19.704741
-177.090063,8,19.723868
-57.243366,8,19.735474
-109.350071,8,19.740393
-180.49954,8,19.757704
-5.371437,8,19.771896
-116.622195,8,19.779966
-31.613963,8,19.790584
-107.666916,8,19.796618
-22.526945,8,19.81543
-83.309014,8,19.822448
-3.604131,8,19.833999
-18.946341,8,19.842603
-62.470223,8,19.857543
-44.515995,8,19.870903
-72.118022,8,19.885763
-18.345738,8,19.895413
-121.435853,8,19.907722
-195.2307,8,19.919933
-43.539661,8,19.928609
-172.280575,8,19.935694
-67.252043,8,19.949688
-134.571401,8,19.959791
-16.064055,8,19.971907
-90.069936,8,19.985867
-38.388057,8,20.001592
-29.562639,8,20.015554
-47.775423,8,20.026067
-61.735341,8,20.036345
-3.424891,8,20.049588
-23.439913,8,20.059657
-25.649322,8,20.070262
-38.457077,8,20.079682
-64.432707,8,20.097637
-107.112596,8,20.107153
-77.206602,8,20.115734
-42.198305,8,20.123782
-145.268005,8,20.138345
-88.733179,8,20.150614
-142.589928,8,20.162803
-93.175992,8,20.175571
-21.460363,8,20.187616
-68.317593,8,20.187616
-153.104673,8,20.20788
-44.108679,8,20.218616
-19.824617,8,20.234203
-7.54807,8,20.242275
-44.966041,8,20.252326
-139.816835,8,20.261663
-31.814238,8,20.274655
-27.566939,8,20.285661
-33.440786,8,20.300679
-19.562614,8,20.308202
-62.931217,8,20.320825
-194.589002,8,20.333847
-21.393949,8,20.340858
-41.600952,8,20.346321
-26.061032,8,20.364204
-146.703695,8,20.373755
-54.199992,8,20.38202
-85.264274,8,20.387671
-25.25366,8,20.402158
-29.860855,8,20.40968
-17.14976,8,20.429767
-14.921804,8,20.44192
-79.465283,8,20.45545
-200.196123,8,20.46547
-39.991361,8,20.475546
-116.246148,8,20.485508
-3.206941,8,20.500461
-29.274353,8,20.508969
-13.473197,8,20.519565
-30.527461,8,20.52765
-13.874532,8,20.54078
-59.483908,8,20.555916
-138.977075,8,20.565773
-43.822143,8,20.582076
-98.324928,8,20.590806
-16.445515,8,20.605666
-75.068576,8,20.613071
-17.647576,8,20.620938
-89.178628,8,20.639399
-124.777936,8,20.650725
-67.9758,8,20.659792
-51.540553,8,20.670693
-159.962328,8,20.68312
-28.620126,8,20.692892
-76.864892,8,20.705455
-57.576049,8,20.717943
-58.009024,8,20.740825
-25.791703,8,20.753695
-59.13406,8,20.771875
-57.749517,8,20.782393
-22.975821,8,20.798614
-40.372453,8,20.80814
-107.233443,8,20.819712
-36.817675,8,20.83277
-127.286995,8,20.903602
-27.32672,8,20.915597
-206.374807,8,20.925626
-119.115728,8,20.938183
-19.88396,8,20.957679
-21.106757,8,20.970696
-84.397639,8,20.979731
-5.706063,8,21.004554
-29.333011,8,21.021748
-42.183465,8,21.033889
-190.849143,8,21.04393
-35.513851,8,21.055421
-38.41841,8,21.071712
-72.687871,8,21.081801
-2.329669,8,21.093977
-42.331582,8,21.106607
-31.466212,8,21.136647
-36.706903,8,21.148509
-39.205143,8,21.155558
-79.443878,8,21.172702
-64.300764,8,21.18793
-12.809403,8,21.203541
-139.742919,8,21.21762
-91.280689,8,21.236432
-67.15666,8,21.252437
-168.794897,8,21.263982
6.238306,8,21.274334
-19.378533,8,21.285802
-40.238076,8,21.299562
-2.929566,8,21.315727
-32.190588,8,21.328536
-35.482111,8,21.339449
-54.212949,8,21.357901
-172.935622,8,21.367731
-17.00703,8,21.376246
-52.201988,8,21.387533
-47.424662,8,21.400672
-63.127459,8,21.410229
-64.278485,8,21.420733
-34.529018,8,21.431899
-226.487534,8,21.444299
-55.349932,8,21.464357
-47.006538,8,21.475385
-98.053825,8,21.485491
-61.445647,8,21.49955
-74.862558,8,21.515727
-14.571969,8,21.530282
-101.922167,8,21.5416
-28.941377,8,21.558925
-16.238198,8,21.577502
-68.899791,8,21.585795
-145.246425,8,21.602701
-68.830305,8,21.621677
-287.035602,8,21.635883
-16.43217,8,21.646307
-24.394642,8,21.664204
-32.622212,8,21.687548
-119.290425,8,21.698561
-65.633758,8,21.708128
-51.802896,8,21.720725
-8.929978,8,21.739403
-22.828029,8,21.751318
-62.740175,8,21.763209
-51.090766,8,21.774788
-70.041902,8,21.790497
-35.588584,8,21.806017
2.3816,8,21.815763
-56.589098,8,21.831129
-31.880992,8,21.846841
-17.715379,8,21.85742
-132.102286,8,21.868631
-167.628491,8,21.878149
-95.338404,8,21.891765
-17.754485,8,21.903666
-139.930365,8,21.919124
-42.595977,8,21.928709
-94.212946,8,21.94233
-52.433349,8,21.946179
-5.96852,8,21.961865
-67.629747,8,21.97468
-20.569231,8,21.9879
-70.719156,8,21.999738
-162.449767,8,22.010257
-86.715482,8,22.021188
-14.184069,8,22.040463
-19.078,8,22.051003
-163.395503,8,22.059661
-14.45969,8,22.070714
-138.633743,8,22.083753
-65.831302,8,22.093922
-36.495774,8,22.105606
-82.665161,8,22.11764
-17.631641,8,22.134001
-55.375953,8,22.142571
-93.356993,8,22.155455
-130.844045,8,22.166662
-29.034865,8,22.17819
-2.349922,8,22.189871
-115.628754,8,22.200726
-64.383551,8,22.210862
-27.458537,8,22.225422
-75.223271,8,22.237423
-85.411614,8,22.246265
-32.282249,8,22.255742
-30.423877,8,22.278294
-115.402503,8,22.289604
-104.792891,8,22.300516
-37.476366,8,22.403624
-11.696627,8,22.415646
-61.441612,8,22.415646
-121.186959,8,22.433943
-33.138121,8,22.443983
-13.226442,8,22.455534
-92.642295,8,22.467209
-52.724548,8,22.476722
-20.192077,8,22.487911
-71.745273,8,22.509432
-12.355232,8,22.520429
-54.582665,8,22.533001
-20.327349,8,22.544121
-94.345075,8,22.555554
-65.70281,8,22.571764
-138.216052,8,22.580272
-66.313494,8,22.590957
-65.705275,8,22.604495
-91.136155,8,22.616791
-63.413898,8,22.627318
-103.395858,8,22.637441
-110.909647,8,22.650805
-35.797888,8,22.666855
-96.751363,8,22.674863
-20.759855,8,22.685429
-19.254792,8,22.698573
-38.747295,8,22.709095
-40.363168,8,22.720042
-14.30232,8,22.733905
-35.420889,8,22.746384
-36.055244,8,22.755473
-45.453399,8,22.766706
-144.143307,8,22.776218
-99.285911,8,22.78793
-10.51417,8,22.802711
-32.888163,8,22.813115
-25.120778,8,22.82093
10.809823,8,22.83646
-19.340839,8,22.844023
-5.068482,8,22.85561
-22.029313,8,22.867662
-15.513427,8,22.878192
-155.675504,8,22.885583
-20.544212,8,22.900658
-62.915944,8,22.910207
-101.644642,8,22.920891
-54.605179,8,22.932848
-96.856293,8,22.948469
-73.257086,8,22.955518
-46.280774,8,22.973865
-76.382947,8,22.981886
-3.361591,8,22.990572
-13.735638,8,23.002765
-71.028083,8,23.017545
-28.371564,8,23.027018
-238.982526,8,23.039315
-99.990331,8,23.046302
-17.169337,8,23.06435
-29.030642,8,23.076473
-8.7033,8,23.097654
-117.489203,8,23.108182
-31.185494,8,23.121726
-17.592103,8,23.133793
-37.186183,8,23.143826
-103.938821,8,23.15461
-50.542796,8,23.169714
-31.514749,8,23.179533
-121.225548,8,23.191792
-38.930402,8,23.206089
-63.800797,8,23.220446
-59.206373,8,23.23089
-83.678796,8,23.240408
-131.291641,8,23.259931
-155.133904,8,23.27963
-75.959906,8,23.291944
-209.947409,8,23.309088
-74.661405,8,23.324265
-99.014228,8,23.34142
-202.719738,8,23.353734
-143.74608,8,23.367641
-53.096011,8,23.379509
-11.213409,8,23.393838
-49.715355,8,23.408239
-69.726876,8,23.419625
-126.925902,8,23.443046
-85.924234,8,23.460782
-49.706053,8,23.473865
-18.311728,8,23.485595
-135.434385,8,23.495661
-107.950403,8,23.510175
-46.275876,8,23.515613
-53.150894,8,23.533892
-53.216464,8,23.54865
-99.509665,8,23.565835
-45.711803,8,23.577365
-37.036535,8,23.589891
-39.666334,8,23.601641
3.221646,8,23.623889
-98.465358,8,23.6364
-83.496665,8,23.646135
3.273096,8,23.657704
-4.73561,8,23.677213
-122.099011,8,23.687662
-105.837087,8,23.699565
-64.612144,8,23.708079
-114.377934,8,23.723676
-96.229205,8,23.736444
-11.568945,8,23.746814
-12.686161,8,23.757833
-52.583554,8,23.77626
-47.749736,8,23.790441
-18.133999,8,23.802698
-106.529019,8,23.812232
-34.256177,8,23.825664
-54.596848,8,23.836433
-158.432138,8,23.846399
-63.305585,8,23.855767
-46.217853,8,23.870709
-103.159558,8,23.879572
-111.894931,8,23.889877
-41.959117,8,23.904565
-37.720111,8,23.917703
-39.194331,8,23.930912
-17.227641,8,23.941428
-85.190682,8,23.950814
-24.240328,8,23.965482
-1.420179,8,23.975508
-43.673255,8,23.985738
-14.316862,8,23.993874
-58.337334,8,24.007182
-97.203967,8,24.019953
-7.099024,8,24.030871
-42.080284,8,24.039412
-17.552342,8,24.05341
-40.321872,8,24.06805
-202.740526,8,24.0766
-52.946058,8,24.08566
-138.481447,8,24.101543
-54.530809,8,24.109106
-4.026976,8,24.119938
-20.765996,8,24.128542
-20.412931,8,24.144535
-12.298436,8,24.15618
-34.072389,8,24.16881
-58.079068,8,24.178329
-110.734763,8,24.192636
-67.866839,8,24.204478
-72.653116,8,24.221656
-22.293176,8,24.234182
-100.07023,8,24.250838
-204.933688,8,24.259755
-8.690694,8,24.271777
-137.545119,8,24.282128
-52.971862,8,24.291672
1.42205,8,24.303493
-39.556824,8,24.311014
-81.97783,8,24.319654
-41.69408,8,24.331894
-79.794908,8,24.341434
-38.474521,8,24.359858
-18.044577,8,24.369859
-94.505932,8,24.381934
-29.046034,8,24.393897
-96.838877,8,24.396865
-59.934965,8,24.412362
-85.691659,8,24.425753
-90.642589,8,24.43611
2.252379,8,24.446461
-186.97464,8,24.455531
-24.17366,8,24.472808
-74.493217,8,24.482186
-36.182481,8,24.49178
-20.411875,8,24.508241
1.608733,8,24.515934
-154.002197,8,24.527908
-40.2214,8,24.539405
-37.759319,8,24.548704
-37.706156,8,24.563156
-40.267365,8,24.571733
-33.692637,8,24.582368
-72.158053,8,24.592043
-5.716144,8,24.606328
-11.890337,8,24.61571
-51.039672,8,24.625737
-145.883024,8,24.641126
-0.596847,8,24.646457
-164.767305,8,24.663205
-39.553119,8,24.670779
-136.905549,8,24.681824
-29.026575,8,24.701617
-35.53536,8,24.709126
-38.25049,8,24.719633
-95.052996,8,24.730895
-34.684748,8,24.742409
-126.292755,8,24.752643
-57.149145,8,24.760757
-34.502091,8,24.771724
-144.441535,8,24.787671
-15.431636,8,24.799565
-78.648801,8,24.807072
-88.411653,8,24.820757
-104.374761,8,24.835426
-95.051085,8,24.842454
-35.114037,8,24.849727
-44.571432,8,24.86318
-41.812304,8,24.877299
-38.816391,8,24.885823
-38.381602,8,24.897584
-5.250178,8,24.905602
-174.455141,8,24.92539
-11.198728,8,24.939422
-17.585392,8,24.949173
-47.325493,8,24.957822
-42.544504,8,24.971448
-171.143092,8,24.979542
-35.014441,8,24.985677
-48.03912,8,24.998662
-52.488853,8,25.013244
-221.789818,8,25.023785
-41.037762,8,25.035489
-95.895033,8,25.046559
-48.216019,8,25.060932
-104.379974,8,25.074753
-42.966741,8,25.084201
-271.494198,8,25.087757
-120.620368,8,25.106287
-47.816281,8,25.115649
-69.613986,8,25.123738
-84.542768,8,25.133924
-53.927239,8,25.143995
-148.560973,8,25.15797
-18.672499,8,25.169902
-112.674752,8,25.179396
-125.532355,8,25.190869
-108.472828,8,25.208838
-23.523019,8,25.219516
-11.768423,8,25.22983
-64.417155,8,25.242436
-40.82525,8,25.255877
-0.956102,8,25.270829
-56.268794,8,25.279771
-30.207666,8,25.290849
-13.755354,8,25.302024
-70.288537,8,25.310651
-50.796237,8,25.321673
-7.695035,8,25.339581
-44.685042,8,25.348427
-0.748974,8,25.368825
-123.660375,8,25.383447
-92.362984,8,25.39552
-49.486637,8,25.407115
-129.432662,8,25.417872
-54.694236,8,25.427554
-79.669811,8,25.442544
-29.31284,8,25.453444
-18.535734,8,25.464238
-84.848405,8,25.473777
-96.370962,8,25.485728
-94.66982,8,25.503675
0.02548,8,25.517633
-6.034832,8,25.529873
-38.561141,8,25.544298
-42.956203,8,25.555519
-65.733928,8,25.565883
-52.072939,8,25.575398
-115.752138,8,25.587812
-8.767457,8,25.599545
-33.597016,8,25.609062
-47.257247,8,25.623699
-59.062326,8,25.63742
-13.524311,8,25.646352
-27.217021,8,25.657397
-47.495157,8,25.673939
-124.420894,8,25.689941
-37.375568,8,25.701704
-37.215846,8,25.717415
-47.807399,8,25.72654
1.522908,8,25.750237
-147.810702,8,25.762959
-39.564281,8,25.775704
-12.495523,8,25.787728
-24.710497,8,25.80814
-19.239694,8,25.819746
-148.49075,8,25.833892
-52.325539,8,25.855457
-67.863497,8,25.871793
-146.165406,8,25.881809
-98.846458,8,25.891961
-83.819474,8,25.902638
-49.526329,8,25.917765
-55.84984,8,25.928835
-52.461191,8,25.940499
-35.168297,8,25.951711
-72.815267,8,25.972893
-128.479479,8,25.9854
-69.760763,8,25.996579
-43.06231,8,26.01216
-5.862671,8,26.037432
-77.199476,8,26.050082
1.456193,8,26.061492
0.714052,8,26.075824
-189.858969,8,26.09682
-58.593733,8,26.105398
2.399311,8,26.113112
-9.295627,8,26.125415
-137.84778,8,26.140598
-114.593667,8,26.148921
-135.521587,8,26.161793
-19.688769,8,26.173503
-33.782107,8,26.185848
-136.979291,8,26.207368
-52.460308,8,26.215689
-9.475875,8,26.229869
-24.184292,8,26.243486
-254.131711,8,26.25291
-82.71192,8,26.259493
-107.95126,8,26.271787
-1.76715,8,26.287556
-33.141697,8,26.299016
-74.175028,8,26.310871
-69.948661,8,26.315631
-20.260387,8,26.415734
-37.666142,8,26.436644
-25.379163,8,26.446441
-75.088657,8,26.456441
-77.582245,8,26.469762
-44.745415,8,26.478278
-37.741156,8,26.487966
-56.115453,8,26.498571
-19.87334,8,26.512146
-60.39624,8,26.519936
-36.241376,8,26.527616
-34.165632,8,26.539558
-28.253872,8,26.55661
-26.785304,8,26.567836
-4.784839,8,26.584007
-8.943268,8,26.591018
-117.267244,8,26.607368
-30.244821,8,26.615921
-53.289715,8,26.625593
-44.024048,8,26.635856
-89.325276,8,26.646274
-29.675702,8,26.655585
-179.511676,8,26.671816
-15.844365,8,26.682901
-80.407362,8,26.694427
-25.047928,8,26.704768
-1.759514,8,26.715393
-160.774643,8,26.725509
-98.817331,8,26.738379
-99.575139,8,26.74662
-20.365308,8,26.75578
-23.683905,8,26.763284
-69.766111,8,26.77483
-20.564442,8,26.785873
-49.787227,8,26.794028
-17.0388,8,26.804747
-48.436952,8,26.815681
-103.823307,8,26.825723
-123.224478,8,26.8357
-169.181133,8,26.853166
-140.048029,8,26.868829
-23.902743,8,26.877332
-15.31483,8,26.887544
-5.802643,8,26.902311
-41.208486,8,26.913335
-39.193699,8,26.915846
-101.182037,8,26.929997
-12.463595,8,26.940538
-145.034333,8,26.955452
-24.471461,8,26.96586
-50.213698,8,26.973397
-69.28717,8,26.987436
-140.986709,8,27.003503
-64.931778,8,27.020777
-84.342162,8,27.030201
-67.722131,8,27.035743
-11.081159,8,27.058425
-34.647681,8,27.071124
-128.384462,8,27.082102
-124.1285,8,27.091662
-57.619048,8,27.105898
-151.797488,8,27.115452
-27.664285,8,27.135457
-82.889368,8,27.151067
1.038357,8,27.167494
-88.605611,8,27.177559
-5.979272,8,27.189532
-91.880329,8,27.203329
-59.05358,8,27.217147
-41.446879,8,27.226668
-21.113031,8,27.237633
-18.162281,8,27.255432
-21.769046,8,27.265539
-16.802759,8,27.282561
-113.603338,8,27.285574
-24.534807,8,27.303312
-11.997788,8,27.323909
-104.168936,8,27.335784
-3.62979,8,27.34634
-82.193287,8,27.357591
-76.997819,8,27.375489
-6.937761,8,27.387822
-87.306417,8,27.399708
-58.089768,8,27.412229
-186.658239,8,27.431863
-72.29914,8,27.443378
-37.063976,8,27.455606
-137.904251,8,27.469737
-10.602959,8,27.492868
-29.805813,8,27.505765
-35.274692,8,27.519444
-36.547668,8,27.536623
-48.459433,8,27.550923
-119.982671,8,27.570843
-97.610545,8,27.580207
-111.704388,8,27.605379
-128.070137,8,27.625569
-13.845348,8,27.645892
-46.033364,8,27.700875
-59.777777,8,27.71995
-13.215491,8,27.735532
-85.065473,8,27.755806
-60.62246,8,27.769795
-89.546772,8,27.781857
-16.864313,8,27.799057
-114.136082,8,27.810024
-95.291955,8,27.82571
-145.063362,8,27.844314
-105.493509,8,27.860472
-78.862321,8,27.875688
-42.597001,8,27.891728
-39.436965,8,27.908051
-69.734409,8,27.925792
-38.382719,8,27.937883
-39.139956,8,27.962613
-5.145293,8,27.974316
-2.786255,8,27.992355
-162.982318,8,28.003916
-26.426574,8,28.018857
-110.772351,8,28.034539
-9.968865,8,28.053426
-7.594709,8,28.071672
-99.30345,8,28.083157
-19.526448,8,28.092672
-57.082725,8,28.10745
-5.379461,8,28.121215
-31.410083,8,28.154731
-18.012352,8,28.171827
-68.550242,8,28.195495
-18.594301,8,28.211701
-60.045739,8,28.222957
-49.010556,8,28.235552
-97.647308,8,28.255702
-37.351349,8,28.265862
-137.884384,8,28.283949
-20.174432,8,28.301975
-70.613598,8,28.321816
-13.744423,8,28.337414
-39.64156,8,28.361541
-30.019849,8,28.377747
-60.846567,8,28.403074
-80.89285,8,28.425378
-39.369018,8,28.451189
-40.253394,8,28.471422
-52.759121,8,28.491541
-66.637651,8,28.513628
-17.293589,8,28.537828
-20.927483,8,28.554352
-3.630961,8,28.575555
-45.685758,8,28.589835
-46.995179,8,28.607871
-22.536152,8,28.63501
-55.832223,8,28.663409
-42.445972,8,28.682632
-172.377075,8,28.703629
-17.798703,8,28.721676
-119.825636,8,28.744233
-10.956033,8,28.76028
-23.546665,8,28.776858
-56.448944,8,28.790883
-124.029166,8,28.805593
-9.782556,8,28.816463
-13.386085,8,28.825799
-37.538868,8,28.842385
-95.687185,8,28.858229
-145.365662,8,28.871749
-24.263247,8,28.893779
-39.362702,8,28.905833
-70.452727,8,28.923258
-114.880906,8,28.942236
-134.552714,8,28.964046
-62.708892,8,28.983163
-118.514439,8,29.006827
-38.408634,8,29.018482
-55.785994,8,29.028026
-70.44056,8,29.042095
-115.333576,8,29.065751
-25.851862,8,29.07915
-18.275351,8,29.091591
-27.16143,8,29.103612
-92.30558,8,29.123858
-24.166584,8,29.135506
-43.993777,8,29.147918
-115.922176,8,29.159451
-26.570111,8,29.17548
-36.611134,8,29.185387
-58.4688,8,29.199066
-108.002229,8,29.209338
-65.513162,8,29.251272
-17.540052,8,29.284076
-54.831187,8,29.29853
-48.195025,8,29.313574
-175.532332,8,29.334307
-122.106332,8,29.355419
0.453962,8,29.370243
-116.878062,8,29.387367
-35.984722,8,29.407138
-21.970867,8,29.420673
-121.912001,8,29.435827
-2.911978,8,29.448504
-38.045347,8,29.471406
-35.250721,8,29.493597
-3.712744,8,29.509254
-34.784039,8,29.525486
-58.96796,8,29.548497
-13.326202,8,29.55981
-26.131708,8,29.570744
-34.781887,8,29.59078
-63.762592,8,29.605622
-24.537215,8,29.619424
-99.877846,8,29.628985
-42.719523,8,29.638192
-9.288931,8,29.655566
-149.289053,8,29.673581
-4.029827,8,29.687823
-136.93472,8,29.702871
-86.420017,8,29.719683
0.471016,8,29.733975
-37.137513,8,29.745515
0.302519,8,29.757719
-81.280899,8,29.77354
-17.74555,8,29.787615
-38.128798,8,29.798956
-72.448728,8,29.808348
-2.766277,8,29.828766
-10.394708,8,29.842291
-67.779795,8,29.858399
-133.723132,8,29.869852
-106.556891,8,29.88394
-6.94216,8,29.894457
-43.644869,8,29.909137
-82.469328,8,29.921984
-24.354391,8,29.939761
-99.569964,8,29.95117
-46.726316,8,29.961691
-25.23898,8,29.971984
-108.682148,8,29.986095
-61.090558,8,29.996627
-34.15076,8,30.014043
-23.433742,8,30.02556
-45.308694,8,30.049495
-116.553541,8,30.061869
-19.557429,8,30.074006
-55.301895,8,30.082459
-40.558257,8,30.096723
-18.111364,8,30.107519
-39.150263,8,30.122267
-28.802897,8,30.132264
-57.590622,8,30.147701
-23.278064,8,30.163333
-49.199933,8,30.173885
-5.373704,8,30.192451
-40.026401,8,30.207696
-36.740011,8,30.218882
-66.639203,8,30.229943
-32.309516,8,30.240867
-104.603825,8,30.254676
-41.18209,8,30.269581
-101.838731,8,30.279995
-74.065132,8,30.291562
-90.261218,8,30.302983
-101.441739,8,30.311576
-192.830531,8,30.322877
-18.764642,8,30.338581
-17.287344,8,30.353717
-55.226656,8,30.363415
-50.396556,8,30.373483
-31.758251,8,30.390602
-4.756902,8,30.400808
-27.746579,8,30.416905
-16.797858,8,30.426504
-16.414539,8,30.43544
-120.28304,8,30.453128
-4.06207,8,30.462985
-4.087177,8,30.470799
-22.128115,8,30.485543
-63.76212,8,30.507795
-272.549128,8,30.516031
-13.327851,8,30.527544
-23.945959,8,30.541757
-114.62209,8,30.558798
-37.417319,8,30.569462
-17.443281,8,30.582101
-41.034972,8,30.594622
-212.814872,8,30.609479
-62.409734,8,30.624172
-37.461775,8,30.635526
-85.360529,8,30.650128
-75.536014,8,30.670152
-8.299968,8,30.684574
-62.791371,8,30.696674
-97.766632,8,30.708292
-6.134148,8,30.722951
-10.283399,8,30.737706
-9.721693,8,30.752191
-37.0351,8,30.767838
-46.540294,8,30.784036
-92.764074,8,30.796584
-4.150534,8,30.809659
2.793562,8,30.826005
-104.177608,8,30.84087
6.083014,8,30.865986
-38.021472,8,30.881074
-58.167045,8,30.891591
-43.327302,8,30.911802
-134.015501,8,30.92549
-38.548546,8,30.93749
-22.874509,8,30.951262
-18.801196,8,30.973832
-77.089877,8,30.988526
-2.263441,8,31.002762
-39.272207,8,31.015388
-35.284863,8,31.033971
-116.40623,8,31.053187
-51.405134,8,31.065665
-24.392465,8,31.077686
-75.457149,8,31.099185
-16.120317,8,31.105597
-125.626952,8,31.122893
1.571769,8,31.135644
-88.978883,8,31.154317
-0.562268,8,31.165752
-19.185921,8,31.177883
-76.687967,8,31.190567
-28.462283,8,31.209796
-57.158264,8,31.220499
-9.132634,8,31.235887
-25.177876,8,31.250372
-109.315838,8,31.267779
-34.351355,8,31.275794
-10.835419,8,31.287619
-89.643979,8,31.300983
-37.272352,8,31.3218
-40.029977,8,31.332896
-90.533689,8,31.344119
-112.502706,8,31.357661
-102.703093,8,31.374744
-37.842101,8,31.387928
-134.350385,8,31.403958
-118.143798,8,31.415378
-0.588435,8,31.435867
-86.722295,8,31.446547
-29.152866,8,31.456136
-35.473861,8,31.466753
-160.026223,8,31.481379
-4.648874,8,31.490915
-19.30511,8,31.501374
-51.443976,8,31.511472
-123.66871,8,31.520521
-40.889434,8,31.532228
-47.937595,8,31.540932
-52.394105,8,31.567607
-35.104141,8,31.587679
-23.024607,8,31.60388
-57.378795,8,31.617867
-63.837985,8,31.632051
5.590896,8,31.648906
7.407583,8,31.657984
-115.300885,8,31.670033
-25.864604,8,31.68181
-86.365173,8,31.698351
-143.196372,8,31.71568
-52.584975,8,31.724031
-45.757826,8,31.741656
-45.879574,8,31.755625
-33.907254,8,31.767946
-61.456738,8,31.783975
-77.50394,8,31.793549
-136.833071,8,31.809292
-20.471057,8,31.817437
-113.55845,8,31.831943
-64.426634,8,31.843462
-175.971297,8,31.855849
-36.43184,8,31.868883
-95.332944,8,31.879756
-16.072776,8,31.890829
-87.19768,8,31.915894
-1.672744,8,31.929712
-36.511683,8,31.941541
-8.530945,8,31.95433
-109.036523,8,31.975742
-69.611263,8,31.989991
-35.217076,8,32.000808
-16.333064,8,32.009325
-21.048632,8,32.029469
-106.093513,8,32.039706
-5.819246,8,32.050454
-58.893621,8,32.061602
-0.04671,8,32.079466
-42.631322,8,32.090856
-140.499206,8,32.101448
-143.170922,8,32.111602
-110.068978,8,32.125718
-41.224354,8,32.139697
2.876833,8,32.150533
-80.536587,8,32.161444
-44.599351,8,32.175472
-42.330392,8,32.185539
-189.158414,8,32.197641
-34.619813,8,32.207149
-38.034453,8,32.220969
-105.76077,8,32.229483
-37.46012,8,32.247886
-33.725508,8,32.257549
-93.019838,8,32.271672
-101.829677,8,32.283535
-18.763124,8,32.291633
-53.121815,8,32.298029
-0.093908,8,32.309151
-22.417115,8,32.320809
-101.917771,8,32.325366
-72.154889,8,32.345655
-80.786692,8,32.358466
-60.591093,8,32.372505
-50.674416,8,32.379546
-56.564356,8,32.390396
-25.03361,8,32.405651
-28.870611,8,32.415674
-46.356984,8,32.42175
-45.37288,8,32.433897
-67.667419,8,32.441506
-50.534049,8,32.457716
-88.083715,8,32.467171
-50.281878,8,32.475694
-26.796669,8,32.491433
-52.412391,8,32.499206
-57.888428,8,32.517864
6.807095,8,32.525425
-32.158137,8,32.537374
4.220919,8,32.552899
-18.652722,8,32.561466
-4.332293,8,32.575799
-93.033672,8,32.585402
-72.565899,8,32.597989
-39.730901,8,32.605811
-58.443309,8,32.617623
-141.912784,8,32.625762
-63.870156,8,32.640872
-13.339068,8,32.658032
-93.582724,8,32.668201
0.958807,8,32.685668
-43.449881,8,32.694797
-112.721501,8,32.706641
-117.508779,8,32.716447
-55.981917,8,32.733164
-47.856532,8,32.746186
-26.790534,8,32.758563
-55.066286,8,32.770811
-101.527095,8,32.785987
-77.695262,8,32.802584
-40.523566,8,32.824354
-15.99125,8,32.866559
-55.9763,8,32.943728
-16.479093,8,32.975946
-64.827751,8,32.998693
-136.41338,8,33.065911
-20.179292,8,33.10029
-54.631866,8,33.149309
-59.602921,8,33.178459
-44.074384,8,33.19954
-42.960526,8,33.253649
-5.21451,8,33.287724
-38.704467,8,33.315376
-21.540199,8,33.351377
-60.118308,8,33.378898
-135.549113,8,33.40287
-128.534354,8,33.427547
-34.352421,8,33.450355
-0.17555,8,33.473586
-35.551192,8,33.493447
-43.858445,8,33.534707
-105.547943,8,33.553538
-77.1977,8,33.583392
-96.556635,8,33.607181
-58.517629,8,33.63539
-94.093141,8,33.655332
-40.359104,8,33.692601
-95.521672,8,33.720447
-49.934246,8,33.765405
-18.221761,8,33.783355
-72.511804,8,33.805737
-87.80425,8,33.82745
-37.849271,8,33.844276
-72.723069,8,33.867522
-14.756904,8,33.889707
-32.354253,8,33.907595
-54.403634,8,33.923442
-3.069351,8,33.939415
-3.329483,8,33.965771
-15.128328,8,33.985543
-24.692519,8,33.995692
-121.335451,8,34.005614
-39.492621,8,34.024479
-40.153839,8,34.035628
-27.347365,8,34.052221
-90.541893,8,34.064136
-9.480753,8,34.081038
-112.154483,8,34.099001
-15.864638,8,34.109613
-12.097492,8,34.123711
-40.047114,8,34.140574
-18.443814,8,34.158468
-41.366197,8,34.17153
-59.114659,8,34.181638
-83.476734,8,34.205653
-29.882026,8,34.217606
-17.367579,8,34.228134
-113.232286,8,34.240919
-15.562138,8,34.261948
-43.306726,8,34.274101
-47.495675,8,34.28681
-100.763707,8,34.297638
-14.638488,8,34.31653
-40.805881,8,34.33305
-134.917712,8,34.346399
-49.83353,8,34.355563
-19.097125,8,34.37537
-72.835609,8,34.389658
-68.774305,8,34.399064
-8.378084,8,34.41304
-35.536934,8,34.434067
-6.403095,8,34.450639
-14.652692,8,34.46785
-61.159713,8,34.481072
-92.988703,8,34.50037
-137.044157,8,34.515537
-55.132773,8,34.538376
-37.03327,8,34.553669
-85.127717,8,34.570043
-26.491577,8,34.580976
-12.386446,8,34.592991
-192.286582,8,34.599587
-78.270225,8,34.618157
-34.31025,8,34.630985
-1.31131,8,34.640807
-120.747175,8,34.655498
-59.900246,8,34.674347
-155.232991,8,34.687648
-60.817787,8,34.704127
-33.372936,8,34.715523
-68.519289,8,34.733489
-36.664005,8,34.744519
-15.832632,8,34.757305
-13.975025,8,34.774247
2.247598,8,34.789595
-25.093791,8,34.802381
-105.050308,8,34.815377
-39.892733,8,34.825578
-13.423618,8,34.835492
-73.10382,8,34.853055
-13.768558,8,34.864552
-33.036146,8,34.885396
-15.96402,8,34.899314
-179.040388,8,34.90572
-79.45939,8,34.920702
-81.916233,8,34.931001
-42.276634,8,34.94361
-67.252277,8,34.95586
-201.401802,8,34.968782
-95.385023,8,34.977912
-138.599722,8,34.991798
-2.947519,8,35.005828
-159.385898,8,35.018584
-36.223384,8,35.035664
-38.098502,8,35.048854
-41.830146,8,35.063361
-59.640508,8,35.080932
-39.500525,8,35.092167
-9.867621,8,35.106755
-29.353505,8,35.118162
-43.655276,8,35.13348
-2.069145,8,35.135492
-21.936462,8,35.155526
-76.810939,8,35.165982
3.069369,8,35.183992
-115.065987,8,35.199809
-45.841982,8,35.22393
-108.694304,8,35.235811
-27.120871,8,35.246818
-7.092302,8,35.255924
-46.807136,8,35.266639
-71.928792,8,35.285624
-83.295836,8,35.293634
-11.222269,8,35.302645
1.410624,8,35.315651
-65.296235,8,35.325713
-25.262139,8,35.337904
-31.521761,8,35.347968
-117.839993,8,35.365676
-5.49634,8,35.375762
-8.255031,8,35.395717
-110.396398,8,35.405561
-144.031703,8,35.415807
-23.186455,8,35.425703
4.225601,8,35.435531
-31.319995,8,35.452834
-38.491228,8,35.465763
-55.151736,8,35.472833
-83.990629,8,35.475959
-11.253139,8,35.498775
-20.618228,8,35.511294
-26.444493,8,35.525856
-124.44947,8,35.535852
-69.314724,8,35.54703
-56.514983,8,35.565451
-8.366471,8,35.579783
-37.245564,8,35.589779
-79.089421,8,35.601329
-67.860384,8,35.612755
-30.803713,8,35.625873
-98.355796,8,35.635798
-20.276453,8,35.649824
-60.972528,8,35.66588
0.90645,8,35.686515
-103.173835,8,35.701755
-4.706189,8,35.718827
-167.185841,8,35.734063
-13.016596,8,35.744587
1.968575,8,35.757485
-40.281519,8,35.771613
-21.856312,8,35.801819
-50.628057,8,35.819678
-36.916604,8,35.833199
-29.804087,8,35.848311
-29.169,8,35.863557
-85.325792,8,35.88177
-57.146217,8,35.907461
-6.847616,8,35.920894
-39.842349,8,35.938688
-12.558154,8,35.954358
-120.577841,8,35.969503
-44.902607,8,35.983591
-22.781971,8,35.999711
-108.619166,8,36.017865
-18.68057,8,36.029475
-45.965725,8,36.0412
-86.472948,8,36.057263
-68.932259,8,36.073361
-67.43121,8,36.093092
-60.509614,8,36.105686
-16.284412,8,36.125728
-150.943651,8,36.145374
-4.810232,8,36.165414
-57.933897,8,36.182751
-129.324989,8,36.200792
-15.246687,8,36.213315
-143.468609,8,36.24884
-70.227167,8,36.268911
-22.379172,8,36.296739
-44.088242,8,36.313271
-11.860857,8,36.326494
-26.991849,8,36.35239
-61.5878,8,36.371455
-95.913837,8,36.383249
-49.772543,8,36.397958
-4.269565,8,36.412217
-8.812891,8,36.427717
-155.526695,8,36.443314
-100.72231,8,36.455463
-92.549899,8,36.473355
-77.185897,8,36.489078
-134.087697,8,36.501766
-29.405971,8,36.513853
-30.014994,8,36.531519
-101.717731,8,36.547545
-57.914098,8,36.555648
-200.895473,8,36.575553
-31.478014,8,36.587645
-111.44713,8,36.603329
-144.652148,8,36.617706
-20.778662,8,36.63038
-44.475128,8,36.648403
-15.386179,8,36.665481
-46.477137,8,36.675532
-26.123857,8,36.691694
-65.049347,8,36.705469
-93.556526,8,36.727349
-42.41158,8,36.737786
-9.513261,8,36.756799
-90.559321,8,36.767488
-95.717308,8,36.785724
-30.20465,8,36.807714
-102.390299,8,36.823795
2.654514,8,36.836713
-35.522193,8,36.852346
-4.588668,8,36.871436
-11.061993,8,36.884758
-12.161492,8,36.900845
-54.585056,8,36.928388
-136.262946,8,36.935433
-47.532148,8,36.957855
-20.988987,8,36.973716
-38.841548,8,36.993742
-86.102799,8,37.008369
-5.331167,8,37.017562
-8.966345,8,37.039338
-1.901117,8,37.063138
-26.988842,8,37.078173
-19.456165,8,37.09273
-231.060232,8,37.105426
-155.08728,8,37.121603
-9.410292,8,37.151295
-44.347664,8,37.165502
-54.567961,8,37.183688
-21.616935,8,37.207042
-337.949356,8,37.223575
-14.065952,8,37.237768
-35.528347,8,37.26086
-46.03605,8,37.288386
-158.085952,8,37.3038
-98.766339,8,37.317638
-27.012743,8,37.333731
-65.534736,8,37.355265
-142.149093,8,37.38207
8.351162,8,37.39749
-36.396609,8,37.413335
-95.116211,8,37.437757
3.000443,8,37.45564
-51.184713,8,37.485613
-74.754093,8,37.507763
-53.193195,8,37.532106
-24.317348,8,37.54782
-57.826476,8,37.572889
-72.357524,8,37.601327
-119.710578,8,37.632098
-6.626213,8,37.657813
-28.016766,8,37.689647
-26.115828,8,37.713486
8.464191,8,37.735589
-16.887086,8,37.752872
-31.547724,8,37.77201
-121.445932,8,37.792657
-3.066995,8,37.824078
-2.483388,8,37.850417
-24.424096,8,37.875927
-54.006476,8,37.895588
-111.128332,8,37.927361
-89.726186,8,37.950102
-47.458464,8,37.973683
-101.725455,8,37.989835
-92.10814,8,38.014651
-24.268694,8,38.0353
-3.751655,8,38.055459
-1.65419,8,38.074083
-110.334665,8,38.09941
-24.689703,8,38.12099
-35.961398,8,38.142034
-47.392138,8,38.177874
-160.974883,8,38.206446
6.683168,8,38.226375
-34.388041,8,38.269823
-137.875879,8,38.302595
-45.027536,8,38.329349
-27.711653,8,38.35736
-0.000988,8,38.407422
-17.577736,8,38.437416
-88.27542,8,38.504247
-118.861735,8,38.537388
-41.424229,8,38.573583
-98.556655,8,38.63534
-20.106821,8,38.693923
-49.457597,8,38.768948
-54.71031,8,38.802515
-50.167376,8,38.837164
-123.477124,8,38.874595
-28.388817,8,38.907448
-38.756684,8,38.933223
-88.332494,8,38.957086
-69.368275,8,38.996635
-85.449753,8,39.018576
-78.510833,8,39.04169
-0.092679,8,39.069832
-91.938469,8,39.108728
-132.275495,8,39.137774
-22.779644,8,39.165349
-35.38572,8,39.191778
-15.168886,8,39.233629
-67.049605,8,39.26027
-2.260243,8,39.291847
-11.873025,8,39.321689
0.625984,8,39.362518
-51.476057,8,39.385756
-26.67493,8,39.409528
2.887647,8,39.425434
-24.299511,8,39.458017
-55.318655,8,39.481143
-5.641709,8,39.504602
-31.583985,8,39.520074
-77.483845,8,39.54751
-56.224015,8,39.568715
-14.932831,8,39.586832
-55.57151,8,39.604296
-18.135444,8,39.624474
-45.279588,8,39.64245
-96.984483,8,39.656548
-0.713781,8,39.675611
-115.763786,8,39.702845
-33.152223,8,39.718725
-23.378448,8,39.737221
-2.426364,8,39.759273
-17.290001,8,39.779825
-27.700696,8,39.805586
-3.209285,8,39.820365
-43.519595,8,39.839355
-43.128351,8,39.856741
-124.491153,8,39.871247
-86.727437,8,39.887177
-15.78553,8,39.903131
-89.110731,8,39.928474
-68.124243,8,39.944249
-27.715809,8,39.959398
-79.038044,8,39.979815
-48.758534,8,40.007697
-28.203877,8,40.038997
-109.495951,8,40.056818
-6.127464,8,40.073359
-3.011082,8,40.10051
-69.549616,8,40.119778
-29.789494,8,40.138158
-53.708919,8,40.159187
-51.60555,8,40.182831
-46.076971,8,40.200594
-82.382028,8,40.215697
-12.328227,8,40.233968
-44.125333,8,40.255557
-16.118089,8,40.27843
-14.60231,8,40.303619
-23.268066,8,40.320323
-87.246815,8,40.341451
-34.727111,8,40.359034
-107.401267,8,40.375714
-13.447707,8,40.39655
-87.109721,8,40.415601
-45.869322,8,40.430769
-7.950715,8,40.44751
-111.573628,8,40.461277
-25.668611,8,40.48085
-20.343667,8,40.4942
-86.663313,8,40.519912
-159.354683,8,40.534441
-72.05162,8,40.55192
3.286019,8,40.560934
-94.855282,8,40.573828
-112.342488,8,40.587774
-158.437637,8,40.603432
-16.417777,8,40.61781
-279.16112,8,40.633254
-144.415286,8,40.645342
-69.300024,8,40.663345
-2.898935,8,40.676089
-26.421728,8,40.691395
-113.367919,8,40.705765
2.657616,8,40.732335
-41.114432,8,40.744391
-156.195034,8,40.75549
-107.597523,8,40.767645
-3.511532,8,40.785703
-75.916275,8,40.799511
-20.281859,8,40.807285
-0.083813,8,40.825716
3.213181,8,40.847276
-66.439577,8,40.861415
-47.848528,8,40.875564
-3.33096,8,40.895562
-40.626071,8,40.909748
-37.731293,8,40.924113
-132.556593,8,40.935686
-0.759106,8,40.949392
-36.800519,8,40.970698
-143.779796,8,40.989456
-14.625832,8,41.001762
-24.136668,8,41.017401
-64.158286,8,41.031787
-13.880131,8,41.044366
-25.14373,8,41.060505
-9.203759,8,41.075341
-127.637728,8,41.095301
-37.349798,8,41.105667
-61.401739,8,41.119159
-123.791156,8,41.133426
-26.920618,8,41.145275
-102.725546,8,41.158726
-6.616607,8,41.17959
-34.41042,8,41.185355
-26.979524,8,41.207311
-31.720305,8,41.217398
-15.397182,8,41.225485
-17.554292,8,41.246555
-30.770144,8,41.268722
-70.660356,8,41.287839
-2.358793,8,41.305385
-23.805316,8,41.319444
0.080768,8,41.409374
-30.607878,8,41.424644
-0.66731,8,41.442397
-89.05356,8,41.45809
-67.481179,8,41.478877
8.200857,8,41.498028
-110.834739,8,41.522427
-15.025811,8,41.545372
-18.963502,8,41.565719
-92.739354,8,41.58747
-25.335614,8,41.599777
-82.694996,8,41.617332
-44.016005,8,41.643714
-204.922226,8,41.660407
-52.105172,8,41.681155
-169.7613,8,41.697801
-12.885643,8,41.72335
-18.793513,8,41.739117
-47.706579,8,41.75948
-69.827808,8,41.77577
-47.99767,8,41.797631
-18.35047,8,41.818542
-32.997037,8,41.83164
-105.802448,8,41.855664
-93.221811,8,41.875416
-118.293265,8,41.893312
-43.943386,8,41.907494
0.483471,8,41.915781
-20.54895,8,41.94347
-176.819405,8,41.959586
-87.19508,8,41.983972
-159.999159,8,41.995327
-73.702702,8,42.015582
-63.856333,8,42.031789
-96.464722,8,42.053638
-6.262918,8,42.078918
1.678499,8,42.097803
-151.338775,8,42.115417
-16.033995,8,42.133715
9.5355,8,42.153405
-62.659778,8,42.174616
-10.24593,8,42.195685
-144.094065,8,42.212939
-107.076892,8,42.237684
-6.436845,8,42.268442
-26.464573,8,42.288001
-57.469585,8,42.322233
-38.637341,8,42.344592
-65.823196,8,42.371165
-15.260214,8,42.387139
-50.78856,8,42.434446
-41.97398,8,42.457444
-22.706648,8,42.48759
-1.732638,8,42.515292
-14.407003,8,42.532929
-58.120467,8,42.557842
-16.281278,8,42.580644
-32.885884,8,42.599981
-88.841215,8,42.618248
-25.959496,8,42.645717
-51.724708,8,42.686758
-29.210788,8,42.718688
-47.84558,8,42.747913
-46.881889,8,42.768545
-1.845904,8,42.796617
-3.382691,8,42.816293
-12.263337,8,42.834756
-61.863514,8,42.851074
-14.359402,8,42.867807
-100.578807,8,42.883473
-109.010578,8,42.902877
-206.643179,8,42.919997
-60.013037,8,42.941658
-126.542429,8,42.957904
-59.671888,8,42.971255
-2.206136,8,42.985202
-163.094,8,43.004032
-15.848857,8,43.020591
-213.168396,8,43.035163
-14.199128,8,43.055104
-23.468704,8,43.073615
0.090346,8,43.088616
-183.122989,8,43.104438
-37.764012,8,43.11744
-26.76418,8,43.149704
-106.938282,8,43.172232
-116.528298,8,43.18823
-39.848921,8,43.206745
-57.782618,8,43.227307
-3.797231,8,43.281406
-140.151392,8,43.295404
-128.82744,8,43.31325
-34.054302,8,43.332069
-7.401204,8,43.357076
-8.632155,8,43.396598
-82.472215,8,43.422992
3.188607,8,43.487037
-103.801596,8,43.521405
-60.193516,8,43.545404
-73.83927,8,43.560411
-37.605229,8,43.581074
6.5022,8,43.600963
2.684625,8,43.613967
-81.981204,8,43.627968
-94.298336,8,43.644694
-4.273034,8,43.658095
-21.888456,8,43.673699
-0.593024,8,43.691716
-27.861287,8,43.714049
-5.39567,8,43.730895
-157.820565,8,43.742901
-9.530358,8,43.755902
-30.933774,8,43.774371
-8.870251,8,43.789549
-114.841503,8,43.802773
-100.293335,8,43.817771
-42.011825,8,43.833993
-47.262541,8,43.847481
-122.117945,8,43.865452
-41.563126,8,43.879454
-33.990241,8,43.900126
-95.564271,8,43.925745
-14.011842,8,43.948838
-49.038832,8,43.962336
-30.69745,8,43.992632
-72.396647,8,44.009181
-4.436835,8,44.025122
-17.359765,8,44.045613
-64.728029,8,44.067332
-61.175028,8,44.082721
-61.951137,8,44.094731
-30.933684,8,44.112942
-21.187392,8,44.140022
-66.289974,8,44.171422
-65.475313,8,44.20068
-92.802507,8,44.219175
-85.53487,8,44.242783
-29.341637,8,44.260332
-29.541208,8,44.279663
-4.134114,8,44.2926
-26.958317,8,44.311454
-15.63793,8,44.324553
1.528177,8,44.34034
5.921676,8,44.354353
-45.145485,8,44.374591
-13.686028,8,44.393914
-70.431452,8,44.415249
-53.253066,8,44.435697
-1.999621,8,44.454493
-144.256699,8,44.469894
-33.942929,8,44.487841
-6.16556,8,44.510491
-22.638291,8,44.527618
-2.441156,8,44.548976
-105.006651,8,44.563653
-39.998655,8,44.579092
-96.088023,8,44.594385
11.69557,8,44.60866
-61.151028,8,44.645148
-27.985152,8,44.676542
-0.96672,8,44.699332
-47.881879,8,44.718286
2.739258,8,44.74121
-40.948085,8,44.763149
-59.373485,8,44.793108
-57.433237,8,44.811611
-65.406224,8,44.840173
-8.407091,8,44.859268
-93.778017,8,44.885102
-36.315856,8,44.902843
-25.160143,8,44.920768
-199.892684,8,44.942934
-96.782848,8,44.96859
-23.545419,8,44.980639
-40.752951,8,44.992692
-48.349535,8,44.998818
-88.694101,8,45.031222
-0.508225,8,45.050643
9.518688,8,45.097761
-22.769649,8,45.121058
-53.67282,8,45.147523
-31.817651,8,45.175111
1.656584,8,45.208276
0.043457,8,45.231013
-11.747084,8,45.26834
-42.748359,8,45.290993
-58.221789,8,45.313514
-61.980909,8,45.330637
-87.953901,8,45.352247
2.594034,8,45.373062
-35.581402,8,45.387543
-102.587009,8,45.409226
-104.186502,8,45.433923
-88.504417,8,45.453074
-178.965828,8,45.471803
-37.509454,8,45.4891
-19.697255,8,45.535995
-79.877532,8,45.554706
-19.386628,8,45.569244
-36.866765,8,45.586377
-31.511347,8,45.6107
-8.36382,8,45.663934
-106.484733,8,45.698773
1.391648,8,45.729463
-25.417303,8,45.753421
-31.334029,8,45.778885
-28.679035,8,45.795061
-85.074834,8,45.813514
-5.601248,8,45.835259
-126.434019,8,45.856029
0.982952,8,45.870559
-21.87949,8,45.890194
4.34875,8,45.914775
-91.46984,8,45.935288
-44.966212,8,45.970705
-12.672139,8,45.988004
-56.173764,8,46.012248
-61.202339,8,46.026235
1.885852,8,46.041643
-82.366661,8,46.060651
-3.355012,8,46.080475
-119.119163,8,46.103729
-2.817088,8,46.123373
-55.337115,8,46.139376
-30.138179,8,46.157586
-33.043611,8,46.172107
-2.285811,8,46.187159
-27.263618,8,46.202994
-26.122052,8,46.218919
-70.018415,8,46.226922
3.379545,8,46.241922
-59.182965,8,46.25476
-10.616411,8,46.271097
-23.941094,8,46.288189
-91.074288,8,46.312189
-66.379258,8,46.336858
-44.625313,8,46.359656
-30.584835,8,46.376156
-62.418371,8,46.390821
-5.392651,8,46.405396
-4.788588,8,46.430962
-55.801231,8,46.442556
-44.329514,8,46.453247
-58.92899,8,46.476507
-38.567988,8,46.493112
-58.220003,8,46.506711
-88.421402,8,46.518466
-80.728573,8,46.538523
-103.383692,8,46.561583
1.649235,8,46.572955
-12.915298,8,46.599398
6.636214,8,46.618291
-49.747606,8,46.649778
-45.09856,8,46.666079
-4.86027,8,46.707971
-67.578827,8,46.724111
-84.317984,8,46.75121
-202.140758,8,46.779058
-6.05316,8,46.804281
-19.273341,8,46.840535
-54.411835,8,46.867057
-17.648049,8,46.907512
-101.28139,8,46.942968
-0.578404,8,47.004061
-129.73565,8,47.031314
-29.195332,8,47.057387
-72.644757,8,47.076001
-92.652564,8,47.098726
-13.80786,8,47.124376
-141.266671,8,47.145198
7.845579,8,47.173815
-100.79235,8,47.20302
-45.300888,8,47.224019
-76.551819,8,47.24445
-23.477074,8,47.257925
-47.467322,8,47.278713
-36.113218,8,47.299328
-32.903172,8,47.312325
-24.653291,8,47.326565
-73.990313,8,47.34346
-97.943704,8,47.365986
-86.750827,8,47.387944
-28.587232,8,47.406129
-122.453058,8,47.427105
-27.515565,8,47.48529
-46.915457,8,47.546417
-99.78459,8,47.574496
7.491812,8,47.6392
-24.075986,8,47.683145
-82.927623,8,47.723024
8.624907,8,47.763333
-26.016606,8,47.808643
-24.019695,8,47.854105
-89.072347,8,47.887849
-46.888085,8,47.918424
-30.30989,8,47.946832
-103.89315,8,48.009649
-165.24161,8,48.036559
-19.416854,8,48.060977
-37.995955,8,48.086973
-13.607424,8,48.124448
-26.807035,8,48.142431
-96.294815,8,48.155554
-33.257674,8,48.185093
-43.630098,8,48.208186
-13.774506,8,48.244093
-101.62225,8,48.264352
-0.699986,8,48.289154
-22.136566,8,48.315475
-103.808728,8,48.358482
-88.512294,8,48.414822
-94.608955,8,48.461759
-37.299754,8,48.488382
-35.923425,8,48.505959
-48.170982,8,48.52376
-28.521797,8,48.543643
3.504859,8,48.572574
-7.632311,8,48.594077
-28.593241,8,48.614721
-129.935172,8,48.633144
-16.048668,8,48.658139
-75.529424,8,48.691431
-92.399673,8,48.712756
-123.438444,8,48.733298
-8.889287,8,48.75634
-56.12482,8,48.773662
-4.591213,8,48.799189
-36.682537,8,48.818117
-53.04003,8,48.836576
-66.242897,8,48.85329
-14.200243,8,48.873186
-1.238463,8,48.892277
-2.888559,8,48.930338
-44.465695,8,48.95122
-115.613834,8,48.970753
-41.596965,8,48.986353
-20.588968,8,49.002692
7.221622,8,49.020162
-96.965954,8,49.032111
-68.194804,8,49.046656
-18.397421,8,49.064953
-14.288729,8,49.078117
-68.373387,8,49.090224
-41.093763,8,49.103141
-30.293283,8,49.123664
-51.805105,8,49.140958
-27.380542,8,49.158252
6.326564,8,49.167879
-21.043827,8,49.189968
-121.033712,8,49.201687
-103.419682,8,49.210706
-113.359615,8,49.221624
-62.575493,8,49.234413
-22.361599,8,49.256568
-91.431074,8,49.272977
-6.977331,8,49.284284
-130.18765,8,49.30719
-112.394242,8,49.320564
-75.844018,8,49.334561
-15.672475,8,49.351668
-73.804558,8,49.374453
-3.511823,8,49.388455
-46.550649,8,49.402835
-127.239216,8,49.421125
-119.436228,8,49.438985
-173.971504,8,49.454334
-24.585883,8,49.472805
-59.632256,8,49.503695
-8.945829,8,49.527807
-58.364668,8,49.553782
-73.81848,8,49.573216
-131.664772,8,49.602589
-17.536887,8,49.623242
-36.358767,8,49.640444
-12.180725,8,49.656292
-151.318706,8,49.672178
-94.697363,8,49.692652
-61.70296,8,49.719771
-19.712524,8,49.736375
-18.54545,8,49.757331
-37.753985,8,49.781669
-47.453115,8,49.801155
-35.968858,8,49.822831
-49.978326,8,49.849748
-50.962761,8,49.889187
-24.728958,8,49.912551
-114.96095,8,49.929876
-59.976302,8,49.960605
-59.526614,8,49.985368
-74.245745,8,50.007024
-58.868027,8,50.024511
-11.161776,8,50.04138
-49.437377,8,50.082089
-28.65947,8,50.103203
-5.841928,8,50.119398
-27.430007,8,50.140662
-5.128318,8,50.192754
-45.811324,8,50.231784
-42.498232,8,50.253718
-20.651658,8,50.274178
-34.233289,8,50.296709
-14.109121,8,50.31453
-2.063488,8,50.331721
-149.610023,8,50.344463
-51.793775,8,50.367712
0.601891,8,50.385246
8.351685,8,50.407036
-73.064452,8,50.424407
-46.870583,8,50.444715
-31.159578,8,50.463406
-117.406819,8,50.475703
-39.140626,8,50.4939
-70.399002,8,50.519693
-57.06514,8,50.538255
-25.224745,8,50.553382
-207.305761,8,50.57243
-53.77044,8,50.583165
-28.240393,8,50.608662
-47.723113,8,50.623805
-54.659203,8,50.644085
-15.482332,8,50.661212
-36.241501,8,50.680396
-87.899284,8,50.69048
-9.377473,8,50.703117
-5.301621,8,50.716637
-0.519578,8,50.726637
-33.35408,8,50.730984
5.045608,8,50.754241
-112.616936,8,50.764059
-43.889876,8,50.77773
-4.79835,8,50.787622
-1.089967,8,50.797437
-6.208002,8,50.818473
-132.195468,8,50.833057
-103.764344,8,50.852221
-112.137443,8,50.860258
-81.158206,8,50.957351
-4.528987,8,50.969347
-102.002503,8,50.991023
-22.9507,8,51.003147
-3.09931,8,51.024733
-23.7232,8,51.039481
2.605281,8,51.053189
-75.132498,8,51.072968
-19.817852,8,51.103492
4.060368,8,51.123681
-90.69442,8,51.144621
-4.221252,8,51.159394
-12.107924,8,51.174996
-13.542047,8,51.194535
0.417289,8,51.211316
-119.912969,8,51.226261
-37.619727,8,51.241817
-40.252152,8,51.25474
-30.55202,8,51.267426
-4.073372,8,51.283035
-29.694745,8,51.305812
-34.559136,8,51.322343
-62.599765,8,51.335074
-100.151767,8,51.353141
-57.019077,8,51.370421
-47.100048,8,51.382007
-76.024374,8,51.39488
-49.17123,8,51.399906
-3.889909,8,51.426365
-101.410285,8,51.437886
-110.135859,8,51.447729
-1.900269,8,51.447729
-24.317022,8,51.470751
-15.71263,8,51.480819
-74.327017,8,51.480819
1.443939,8,51.50512
-120.279151,8,51.52008
-211.743247,8,51.534669
-82.249089,8,51.549302
-12.900474,8,51.559346
-77.927396,8,51.570864
-19.096465,8,51.583998
-43.932434,8,51.593274
-14.076237,8,51.608028
-68.391232,8,51.624183
-32.671802,8,51.638165
-155.942537,8,51.655969
-81.222406,8,51.668979
-54.686826,8,51.690764
-16.76009,8,51.70167
-31.772223,8,51.714816
0.423529,8,51.718089
-11.037242,8,51.739002
-24.240912,8,51.747437
-66.722794,8,51.758513
-43.731841,8,51.772911
-118.142679,8,51.787048
0.694678,8,51.799696
-106.401233,8,51.812343
-22.082383,8,51.824653
2.043329,8,51.845502
-35.334963,8,51.858112
-53.414882,8,51.871113
-54.585999,8,51.890169
-38.898725,8,51.909922
-74.772511,8,51.923728
-138.725047,8,51.938401
-40.636116,8,51.951765
-31.950035,8,51.969418
-3.163303,8,51.983068
-54.408891,8,52.002748
-36.913876,8,52.017433
-16.056481,8,52.040009
-46.546265,8,52.066941
-14.718631,8,52.084283
-26.766284,8,52.10927
-9.209093,8,52.154969
-20.933765,8,52.177497
-17.249817,8,52.246478
-21.094248,8,52.264021
-21.336871,8,52.283556
-131.374846,8,52.29962
-34.940261,8,52.343464
10.137126,8,52.373351
-5.16326,8,52.402632
-53.62391,8,52.42318
-72.895463,8,52.44345
-8.293292,8,52.456866
-31.528775,8,52.473099
-79.544426,8,52.490588
-19.23706,8,52.502848
-21.487988,8,52.5134
-189.987361,8,52.530857
-52.551633,8,52.542901
-11.060738,8,52.563093
-64.998034,8,52.579111
7.198825,8,52.609865
13.047337,8,52.625861
-131.5518,8,52.645628
-38.037594,8,52.664418
-16.894859,8,52.680011
-15.947089,8,52.692675
-128.545949,8,52.707405
-73.321776,8,52.727403
-29.200086,8,52.768583
-39.421488,8,52.792586
-1.09571,8,52.828457
-59.54215,8,52.858757
10.441935,8,52.889161
-15.515398,8,52.906459
-24.304573,8,52.926135
-63.388076,8,52.939906
-83.645822,8,52.964522
5.936838,8,52.971314
-19.847962,8,53.006607
2.469483,8,53.023731
-42.47823,8,53.051261
-8.440962,8,53.064227
3.36802,8,53.085201
-23.915873,8,53.097759
-13.520076,8,53.124375
-77.275309,8,53.135075
-37.963182,8,53.15498
-128.415714,8,53.189215
-9.534743,8,53.219898
-4.842894,8,53.23927
-65.261835,8,53.257119
-26.747794,8,53.273944
0.804683,8,53.295662
-65.007654,8,53.322364
-9.805959,8,53.338848
-90.790628,8,53.35805
-83.184843,8,53.380191
-23.94456,8,53.395382
-138.584622,8,53.408384
-25.795545,8,53.424399
-21.099893,8,53.449948
-10.760861,8,53.46617
-80.796578,8,53.478169
0.774321,8,53.488441
-12.761111,8,53.5041
-38.892456,8,53.514925
-6.172913,8,53.525168
-26.746759,8,53.542097
-102.431073,8,53.557023
-16.240629,8,53.569151
-48.323164,8,53.580076
5.107406,8,53.591959
-29.745909,8,53.611023
-0.110115,8,53.624004
-58.656911,8,53.634484
-116.615358,8,53.642484
0.498824,8,53.661318
-10.923251,8,53.672522
-22.476213,8,53.683109
-43.172354,8,53.692583
-23.044359,8,53.706625
-89.721676,8,53.717066
-23.753819,8,53.729018
-93.815604,8,53.739512
-48.937301,8,53.76139
1.405478,8,53.77358
-65.594243,8,53.785244
-155.625634,8,53.795033
-190.982072,8,53.809081
-33.102853,8,53.821573
-28.312457,8,53.833696
-18.201104,8,53.844287
-147.597772,8,53.856318
-145.29368,8,53.868526
-37.05473,8,53.876526
-116.990031,8,53.887099
2.247027,8,53.897584
-37.163831,8,53.917749
-80.273999,8,53.933172
-58.305296,8,53.943172
-14.440976,8,53.956705
-58.966424,8,53.97501
-14.074113,8,53.980484
-32.076343,8,54.005624
-147.800973,8,54.023987
-46.303578,8,54.038246
-126.692494,8,54.047038
-42.91138,8,54.058239
-21.996684,8,54.063825
-138.720014,8,54.08672
-56.910241,8,54.097084
-8.285098,8,54.097084
-1.365415,8,54.124639
-16.109703,8,54.134752
-33.458771,8,54.144783
-17.079169,8,54.155175
-44.311289,8,54.169199
-50.19278,8,54.181208
0.621334,8,54.191475
-6.517296,8,54.201962
-0.71519,8,54.221532
-53.851495,8,54.23147
-31.134166,8,54.235789
6.378465,8,54.255664
-86.110578,8,54.265278
-50.791415,8,54.27999
-7.073696,8,54.28417
-33.623931,8,54.302782
-5.91067,8,54.314785
-66.501909,8,54.324734
5.634404,8,54.336483
-54.749235,8,54.346714
-16.856193,8,54.348044
-0.312521,8,54.366149
-168.31426,8,54.383915
-69.833174,8,54.393943
-30.076833,8,54.404769
-16.888228,8,54.42298
-102.713224,8,54.439563
-159.74852,8,54.455577
-17.180413,8,54.471457
2.454088,8,54.481488
4.638826,8,54.498253
-18.42514,8,54.507677
-30.729743,8,54.522104
-30.8535,8,54.534011
-3.381597,8,54.548363
-21.506241,8,54.571259
-20.725607,8,54.589648
-75.497425,8,54.601335
-103.434727,8,54.611349
-60.476877,8,54.625392
-9.493647,8,54.642608
-112.044633,8,54.652534
-124.406959,8,54.66762
-44.049588,8,54.686185
-146.739251,8,54.704753
5.336401,8,54.72159
-2.618732,8,54.744018
-89.937177,8,54.764986
-39.334818,8,54.781135
-14.405662,8,54.799716
-81.958899,8,54.799716
-0.218038,8,54.823952
-4.216519,8,54.831666
3.232699,8,54.847669
-19.317931,8,54.8643
-46.009952,8,54.8643
-76.724653,8,54.888726
-0.329786,8,54.900228
-136.095689,8,54.911195
-201.261047,8,54.923986
-68.319426,8,54.928111
-48.265341,8,54.948823
-141.728407,8,54.962374
-9.475381,8,54.965151
-61.9838,8,54.980764
-84.065431,8,54.996753
-52.820631,8,54.996753
-20.365913,8,55.012903
-68.71731,8,55.012903
-38.318369,8,55.029035
-53.584462,8,55.049163
-26.759237,8,55.060771
-68.846164,8,55.078816
-36.295614,8,55.082824
-25.471801,8,55.099356
-56.083879,8,55.110481
-90.000518,8,55.110481
-6.618493,8,55.13197
-12.864821,8,55.140484
-125.428492,8,55.158226
-6.975465,8,55.158226
-44.695541,8,55.174243
-168.893092,8,55.188027
-147.553502,8,55.190032
-55.31093,8,55.210029
-49.252641,8,55.224133
-100.995544,8,55.235917
-71.236336,8,55.245586
-107.895521,8,55.26176
-26.522663,8,55.271532
8.842787,8,55.27956
3.940713,8,55.291328
0.449319,8,55.300622
2.470967,8,55.300622
-150.704749,8,55.318653
-152.832365,8,55.330671
-20.643697,8,55.33614
-142.937338,8,55.348787
-2.994562,8,55.371367
-4.122319,8,55.382608
-9.826208,8,55.394671
-34.227784,8,55.404685
1.31949,8,55.412438
-15.76395,8,55.422191
9.47578,8,55.434613
-97.550373,8,55.442137
-27.882927,8,55.455692
-80.006445,8,55.465453
2.330111,8,55.477452
-9.209618,8,55.492121
-59.284108,8,55.505516
-9.323239,8,55.516435
-95.657655,8,55.525755
-25.925484,8,55.53451
-97.945796,8,55.547811
-24.710037,8,55.559271
2.737356,8,55.571839
-102.553825,8,55.580547
-2.395021,8,55.589458
-31.757089,8,55.601827
-85.154865,8,55.619035
-11.610884,8,55.624037
-60.352958,8,55.641293
-3.458827,8,55.652324
-8.896058,8,55.662112
-89.241942,8,55.664288
-81.298081,8,55.680604
-111.326905,8,55.680604
-113.539761,8,55.697228
-4.858425,8,55.713814
-29.866928,8,55.713814
-114.86008,8,55.730494
-1.935948,8,55.747161
-11.413598,8,55.750801
-69.25727,8,55.767118
-10.469034,8,55.780498
-35.9392,8,55.786083
-25.45915,8,55.802788
-17.974108,8,55.810819
-22.111381,8,55.820001
-24.016095,8,55.836546
-44.679367,8,55.846747
-33.670225,8,55.854474
-20.387131,8,55.86618
-5.459028,8,55.877232
-20.302063,8,55.888513
-5.249803,8,55.897742
-75.459117,8,55.907737
-51.223592,8,55.922913
-33.35901,8,55.930459
-27.174392,8,55.940416
-10.116562,8,55.956176
-15.440919,8,55.970498
-100.534373,8,55.978499
-15.320192,8,55.98913
-16.832818,8,55.999127
-30.085473,8,56.01224
-33.433463,8,56.021837
-80.893193,8,56.032085
1.261334,8,56.043102
-27.620235,8,56.064478
-18.436813,8,56.077653
-28.693109,8,56.087446
0.615795,8,56.098472
-64.228445,8,56.105468
-16.245984,8,56.127025
-70.569001,8,56.136977
-142.471701,8,56.145984
-23.803681,8,56.156048
0.897736,8,56.173213
-50.100802,8,56.183182
-93.007405,8,56.195114
-62.579395,8,56.214517
-0.823842,8,56.224819
-17.94332,8,56.234872
2.342111,8,56.245061
-54.186209,8,56.252897
-147.512202,8,56.266247
4.958626,8,56.27025
5.233565,8,56.289795
-33.857449,8,56.302638
-22.093061,8,56.302638
-38.00104,8,56.319671
2.298626,8,56.330172
-6.783723,8,56.339936
-6.073011,8,56.356488
-35.139751,8,56.367652
-22.898798,8,56.376431
-29.752954,8,56.386175
-141.05336,8,56.386175
-114.853121,8,56.40281
-9.564175,8,56.417649
-51.828315,8,56.430199
-30.985053,8,56.439858
-14.612896,8,56.448899
-11.937945,8,56.456587
-12.661732,8,56.47177
-19.004377,8,56.483211
-1.282327,8,56.493387
-36.640701,8,56.502934
-15.913367,8,56.519557
-67.184122,8,56.531249
-28.250201,8,56.541656
-66.975749,8,56.551181
-103.820485,8,56.564399
-77.120111,8,56.574799
-16.073347,8,56.585143
-81.011334,8,56.595179
-87.76224,8,56.596185
-64.032524,8,56.614252
-34.959437,8,56.631658
-144.603925,8,56.631658
-150.929388,8,56.658194
0.237905,8,56.666713
-0.382586,8,56.676726
-44.107079,8,56.686858
-5.969632,8,56.694618
-1.245288,8,56.708457
-8.545565,8,56.714268
6.141409,8,56.714268
2.534787,8,56.731001
-6.691004,8,56.752728
1.921861,8,56.767625
-20.943552,8,56.77767
-167.23963,8,56.783112
-25.788709,8,56.805223
-15.409112,8,56.815961
2.369755,8,56.823972
-92.956848,8,56.838148
-43.026456,8,56.850192
-7.117282,8,56.865981
-5.319051,8,56.873737
-59.003193,8,56.88984
6.219819,8,56.907682
1.60425,8,56.919739
2.543772,8,56.935623
-0.638876,8,56.95073
-51.296503,8,56.962384
1.858086,8,56.963928
-10.573453,8,56.989642
-7.378946,8,57.007264
-29.013194,8,57.02054
-5.546362,8,57.032677
-64.824278,8,57.038197
-9.690514,8,57.048445
-98.626097,8,57.069962
-82.627682,8,57.085198
5.619762,8,57.099495
-55.352376,8,57.114503
-1.169682,8,57.114503
-6.328894,8,57.138666
-24.936663,8,57.149483
-36.722354,8,57.163992
-21.011478,8,57.174481
-12.660535,8,57.182832
-67.225742,8,57.197193
-9.925195,8,57.213825
-9.768599,8,57.224092
6.043589,8,57.234899
3.066619,8,57.246738
-2.280495,8,57.263894
-48.338821,8,57.267371
-12.208041,8,57.280964
-23.622985,8,57.280964
-22.450561,8,57.309124
4.212993,8,57.318563
-26.77291,8,57.333052
-78.210297,8,57.342807
-58.078581,8,57.347247
-9.349611,8,57.363886
-52.2741,8,57.363886
-104.924239,8,57.384761
-2.052607,8,57.403846
-4.349247,8,57.413935
-58.217161,8,57.425475
-65.694583,8,57.441701
0.273272,8,57.457911
-23.62174,8,57.47047
-12.746583,8,57.480191
-27.620815,8,57.490598
-48.847756,8,57.506361
-116.693365,8,57.51748
-146.809306,8,57.527677
-7.522304,8,57.539187
-75.481417,8,57.557637
-6.233331,8,57.574874
-74.57879,8,57.586873
-43.744319,8,57.59787
-2.867152,8,57.613404
-114.323628,8,57.624448
-82.922119,8,57.635448
-14.783827,8,57.646535
-80.000517,8,57.789049
-16.190281,8,57.798846
-19.020728,8,57.806809
-143.670665,8,57.81455
-68.377365,8,57.825761
-6.135368,8,57.839919
-3.238103,8,57.848965
-15.2354,8,57.858238
-26.964959,8,57.869597
-143.498744,8,57.883339
-18.676138,8,57.891334
-142.596615,8,57.900905
-6.784653,8,57.911326
-55.826203,8,57.919573
-13.322979,8,57.931295
-7.741831,8,57.936292
-36.588094,8,57.953374
-111.277383,8,57.963738
-111.179544,8,57.964575
-57.740777,8,57.988494
-17.913432,8,57.99956
-24.779043,8,58.015633
3.147545,8,58.021778
-40.611828,8,58.04021
-9.381754,8,58.053994
-74.195544,8,58.063921
-8.077941,8,58.073021
-107.133273,8,58.090391
1.710732,8,58.107383
2.033,8,58.121368
4.121518,8,58.134367
-56.012949,8,58.147668
-14.892134,8,58.162667
-47.988658,8,58.173661
-32.866356,8,58.183177
1.610673,8,58.193137
-58.260993,8,58.208086
-3.720268,8,58.221099
-50.851348,8,58.232102
-0.041818,8,58.242225
-39.144672,8,58.256461
4.373853,8,58.265573
-1.089573,8,58.2748
-79.034896,8,58.288546
-95.897072,8,58.302908
-27.784082,8,58.302908
-37.47643,8,58.319479
-39.885258,8,58.319479
-105.73144,8,58.341833
-24.305302,8,58.352883
-87.530823,8,58.362529
-24.390359,8,58.369551
-119.834488,8,58.385187
-159.995394,8,58.393713
-34.520286,8,58.402919
-0.767484,8,58.417612
-45.631815,8,58.430349
-51.413019,8,58.440001
-1.020764,8,58.452909
-22.686079,8,58.464446
3.017921,8,58.470827
-18.931197,8,58.486568
3.548276,8,58.486568
-16.626065,8,58.503258
-50.41957,8,58.51755
-90.684421,8,58.51991
-0.756377,8,58.53922
-44.633584,8,58.54879
-84.356904,8,58.570968
-34.953543,8,58.581144
-186.011985,8,58.581144
-30.501753,8,58.599502
-4.752403,8,58.613932
-161.783726,8,58.613932
-24.004525,8,58.630504
-48.313339,8,58.640852
-76.829092,8,58.647207
-6.172293,8,58.662623
-106.998503,8,58.672124
-44.812754,8,58.68289
-40.554354,8,58.697225
-12.906223,8,58.697225
-24.65556,8,58.722551
-23.866056,8,58.730518
-50.73333,8,58.730518
-0.934165,8,58.747282
-89.00816,8,58.763897
-39.532387,8,58.763897
-10.159736,8,58.785112
9.551362,8,58.79489
-145.464925,8,58.806921
-0.493155,8,58.813902
-81.158192,8,58.830636
-101.838527,8,58.849257
-91.218939,8,58.852022
-66.834004,8,58.865981
-20.207374,8,58.885407
5.317178,8,58.897265
-59.649623,8,58.907058
-105.327479,8,58.921846
-2.306781,8,58.93566
-12.517519,8,58.943689
-7.354939,8,58.953496
-25.54499,8,58.966642
-112.943437,8,58.980571
-84.662915,8,58.997463
-19.385325,8,59.077824
9.152809,8,59.091895
-7.138051,8,59.107796
-6.886165,8,59.120005
-10.556556,8,59.134285
6.305434,8,59.146349
-47.612733,8,59.155122
-41.493561,8,59.172576
6.668512,8,59.184907
-56.171605,8,59.199308
-3.979642,8,59.214532
-38.192513,8,59.227576
-55.467322,8,59.246948
-10.987207,8,59.260305
-45.867566,8,59.276695
-105.671173,8,59.292733
-148.708761,8,59.30373
4.020546,8,59.316497
-0.560594,8,59.33132
1.770863,8,59.34045
-55.712781,8,59.360218
-97.064931,8,59.369595
-49.576495,8,59.386257
-47.568496,8,59.400933
-35.234605,8,59.416878
-6.426589,8,59.419888
-22.640043,8,59.436444
-18.865178,8,59.455824
-82.03882,8,59.471127
-142.705423,8,59.482337
-45.263642,8,59.496006
6.286748,8,59.505507
3.620016,8,59.516562
-1.131109,8,59.519558
-131.390553,8,59.536294
-35.081289,8,59.552959
-56.23063,8,59.568578
0.55001,8,59.589261
-69.108811,8,59.601556
2.353228,8,59.621522
-46.81624,8,59.632506
-26.173743,8,59.642511
-40.238445,8,59.657394
-28.851392,8,59.668265
-4.68396,8,59.678623
-63.356249,8,59.687552
-87.873533,8,59.705379
-159.711903,8,59.715017
-35.391677,8,59.724771
-13.258474,8,59.736515
-95.645426,8,59.751271
-11.276387,8,59.758811
-12.556074,8,59.774698
-59.451585,8,59.774698
-7.086699,8,59.796469
-104.750516,8,59.810236
-21.09171,8,59.819095
-6.802165,8,59.828146
8.878277,8,59.841911
-43.668595,8,59.851925
-128.792529,8,59.861679
-19.859283,8,59.872343
-4.573093,8,59.887559
-48.32836,8,59.896165
-42.83305,8,59.903198
-11.380718,8,59.903198
-167.793878,8,59.92463
-56.389238,8,59.932992
-35.386466,8,59.952741
5.506405,8,59.963525
-58.758494,8,59.967964
-53.775011,8,59.980506
-78.004192,8,59.980506
-64.459862,8,59.998293
-72.708948,8,60.015981
-1.316263,8,60.033298
-7.349409,8,60.033298
-23.205975,8,60.047267
-48.618632,8,60.066567
-53.009747,8,60.082879
-13.778718,8,60.096828
-55.091248,8,60.10868
-13.325128,8,60.12636
-43.130625,8,60.139963
-77.560847,8,60.150964
-59.842217,8,60.167805
-77.597081,8,60.181767
-65.510128,8,60.19932
-110.702897,8,60.211609
-78.102805,8,60.222435
-83.957411,8,60.239051
-14.922669,8,60.248289
-133.320188,8,60.260249
-2.3516,8,60.265043
-49.752485,8,60.281793
-24.71004,8,60.298492
-19.668143,8,60.311591
-52.549063,8,60.32019
2.716868,8,60.330626
3.013822,8,60.348408
-36.375909,8,60.398525
-90.299776,8,60.398525
-53.159843,8,60.415036
-124.964227,8,60.43159
-44.746472,8,60.43159
-111.323671,8,60.453462
-195.04548,8,60.465258
-71.69431,8,60.476881
2.209215,8,60.485793
-179.169042,8,60.493545
-91.421349,8,60.51176
-57.231727,8,60.515024
2.754895,8,60.536415
-50.735879,8,60.55089
-32.940681,8,60.564932
-61.640079,8,60.575446
-64.769787,8,60.581156
2.522302,8,60.581156
10.314255,8,60.608988
-21.983539,8,60.623006
-24.519038,8,60.63463
-12.481009,8,60.64264
-21.557691,8,60.655593
-2.00718,8,60.66711
-11.373812,8,60.680735
-13.473344,8,60.690414
-66.891803,8,60.705433
-57.666366,8,60.715757
-44.466824,8,60.724756
-6.326491,8,60.738457
-15.130054,8,60.750854
-59.071944,8,60.759819
1.531768,8,60.762564
-155.168135,8,60.778691
-84.80212,8,60.780631
-12.945722,8,60.796611
5.658373,8,60.808391
-4.100427,8,60.823325
-32.457599,8,60.83637
-18.633324,8,60.848778
-20.32789,8,60.859818
-119.103884,8,60.867843
-0.33643,8,60.882159
-0.060083,8,60.893234
-3.285098,8,60.903308
-16.08348,8,60.915401
-10.639682,8,60.931389
-40.811829,8,60.931389
-69.42154,8,60.951932
4.439751,8,60.963118
-118.231781,8,60.977604
-133.881158,8,60.98112
-38.841908,8,60.997908
-51.740522,8,60.997908
-125.829774,8,61.010926
-76.699584,8,61.028877
-113.727251,8,61.038891
-112.590126,8,61.046569
-43.622705,8,61.062562
-27.586755,8,61.071298
-18.824126,8,61.082344
0.560202,8,61.096137
-92.87648,8,61.119763
0.923437,8,61.131635
-124.651698,8,61.142635
-127.166015,8,61.15231
-131.173616,8,61.168933
-13.250899,8,61.178424
-165.145553,8,61.188104
-32.334809,8,61.202059
-8.805871,8,61.215818
-67.142395,8,61.215818
0.355271,8,61.234466
1.009983,8,61.242465
-17.153466,8,61.261272
-68.260697,8,61.270703
-4.985781,8,61.285204
-1.084388,8,61.296845
-38.722927,8,61.310881
6.115925,8,61.320343
-9.69709,8,61.331281
-33.413082,8,61.341423
-128.548078,8,61.355133
-41.538476,8,61.366141
-50.758096,8,61.376006
-0.800195,8,61.387295
-39.549589,8,61.406012
-18.079992,8,61.423242
-11.064623,8,61.434339
9.888963,8,61.447162
-124.582229,8,61.46224
-0.756862,8,61.472781
-16.386842,8,61.485187
-28.780996,8,61.49695
-13.716515,8,61.514591
-151.555477,8,61.520015
1.562111,8,61.535273
-21.000044,8,61.54563
-43.995945,8,61.553262
-37.285411,8,61.569901
3.936109,8,61.583241
-26.832123,8,61.586645
-58.559139,8,61.603313
0.644113,8,61.619949
-7.137254,8,61.619949
-5.578948,8,61.64192
-59.072281,8,61.658761
-17.96818,8,61.669908
-15.915929,8,61.685208
-83.342213,8,61.69685
-12.89389,8,61.710879
-15.130924,8,61.723301
3.503883,8,61.7461
-146.395275,8,61.758791
-143.217573,8,61.774755
0.955333,8,61.786703
-20.663405,8,61.798876
-15.317773,8,61.814527
-215.599592,8,61.828882
-0.616846,8,61.836722
-4.855539,8,61.854164
-39.711581,8,61.866251
-154.731106,8,61.881222
-18.825138,8,61.899884
-43.921644,8,61.921297
-5.333591,8,61.935237
1.31374,8,61.949409
6.628033,8,61.961446
-91.522436,8,61.976773
-71.356267,8,61.990394
-9.98744,8,62.011442
7.375263,8,62.029528
-51.64764,8,62.042265
-2.851473,8,62.057488
-1.274088,8,62.087433
-17.145559,8,62.105502
-36.254767,8,62.120158
-87.717617,8,62.14208
-26.005857,8,62.158261
4.373317,8,62.173833
-23.298702,8,62.195324
-180.304381,8,62.210014
1.756527,8,62.226981
-3.524342,8,62.239894
-136.095998,8,62.25091
-111.799377,8,62.264131
-26.001417,8,62.281219
-17.56641,8,62.293481
-139.312707,8,62.309188
-15.240905,8,62.324599
1.510265,8,62.338738
10.981066,8,62.351039
-85.279093,8,62.353024
-34.435381,8,62.369678
-0.898392,8,62.38637
-101.748528,8,62.38637
-22.922017,8,62.403718
-53.702844,8,62.419259
-42.324924,8,62.432343
-10.459751,8,62.436343
-8.540889,8,62.45276
-27.260183,8,62.45997
-81.908618,8,62.46968
-83.174621,8,62.485748
-91.03536,8,62.497907
3.196607,8,62.508404
-103.973243,8,62.523716
-95.1426,8,62.539599
-2.783261,8,62.549896
1.816496,8,62.560195
-183.319659,8,62.569643
-4.036654,8,62.581273
-35.92203,8,62.591866
-77.752501,8,62.60093
-58.10754,8,62.62043
-72.216134,8,62.630835
-3.835177,8,62.641287
-23.78018,8,62.646294
-5.226468,8,62.668131
-104.526202,8,62.681387
-104.50761,8,62.691494
2.67876,8,62.700675
-2.384818,8,62.714535
-2.871909,8,62.726601
-2.790439,8,62.737706
-17.456153,8,62.748067
-21.284391,8,62.762138
-18.566996,8,62.78131
-0.774349,8,62.789589
-30.386272,8,62.806164
-19.409246,8,62.818167
0.591367,8,62.828086
-30.438246,8,62.837174
-64.329696,8,62.840188
-18.677744,8,62.859938
-13.035917,8,62.870349
-14.389171,8,62.885893
-2.066952,8,62.897913
-51.59965,8,62.910252
1.522108,8,62.924851
3.847626,8,62.936368
5.026562,8,62.949989
-1.731247,8,62.964566
-2.710013,8,62.974314
-2.223111,8,62.986666
-4.823428,8,63.001001
-26.910684,8,63.014604
-36.720869,8,63.020136
-36.798535,8,63.03421
13.427468,8,63.036674
-18.793277,8,63.056735
-54.717336,8,63.067565
-86.281176,8,63.084859
-2.456052,8,63.101923
-44.08518,8,63.220082
-82.643299,8,63.230324
-41.105236,8,63.239783
-105.835653,8,63.249476
0.725117,8,63.261609
-7.726318,8,63.265459
-6.697447,8,63.281747
-33.482976,8,63.281747
-66.926652,8,63.298371
-72.343156,8,63.320052
-9.109317,8,63.337631
5.39954,8,63.347319
-1.411353,8,63.363598
-31.989968,8,63.366044
-53.369477,8,63.380595
4.611764,8,63.380595
1.383588,8,63.4044
-36.873106,8,63.413838
-8.452319,8,63.413838
-67.376801,8,63.435173
-30.021537,8,63.452226
-49.743903,8,63.463633
0.267485,8,63.468022
-8.042467,8,63.483488
-147.42868,8,63.505397
1.449209,8,63.514889
-13.530791,8,63.525868
-119.718864,8,63.534597
-40.47072,8,63.5494
9.60432,8,63.5494
-76.000334,8,63.56593
-53.142045,8,63.59346
-117.782868,8,63.611151
-12.508962,8,63.623898
-45.286197,8,63.635452
-74.576041,8,63.653805
6.521469,8,63.668805
4.778944,8,63.685762
-17.602489,8,63.698166
-40.66151,8,63.709642
-20.085077,8,63.725489
-34.124144,8,63.736179
-12.104426,8,63.749249
-46.747217,8,63.757505
-92.269069,8,63.773783
-1.397418,8,63.784536
-18.946195,8,63.794536
-74.2201,8,63.809389
-6.308172,8,63.825395
-38.0535,8,63.840448
-12.648529,8,63.852911
-45.221119,8,63.860678
-11.529712,8,63.86673
-19.635254,8,63.882514
8.512123,8,63.890513
2.088736,8,63.899143
-92.020345,8,63.910152
-36.955367,8,63.9135
2.366044,8,63.931253
-36.525279,8,63.942611
-7.655582,8,63.959717
-116.733439,8,63.972516
1.113617,8,63.981158
-23.399408,8,63.992715
-30.126596,8,63.999781
-53.85478,8,64.016787
-54.45177,8,64.026785
-114.933385,8,64.038483
-34.063099,8,64.05104
-28.653767,8,64.062325
3.421455,8,64.075248
-98.493496,8,64.094341
3.388653,8,64.113813
2.578874,8,64.130543
12.38118,8,64.140744
1.864921,8,64.148856
-215.490229,8,64.168174
0.360801,8,64.178472
-13.632937,8,64.191001
-91.32088,8,64.204959
-6.684359,8,64.222915
-54.248671,8,64.236
-49.092919,8,64.246994
-96.976907,8,64.255534
-95.052232,8,64.279543
-57.226135,8,64.29952
0.337482,8,64.311625
8.347122,8,64.327168
-34.145276,8,64.345562
-43.707984,8,64.348593
-92.432394,8,64.371176
-34.027373,8,64.388885
-79.523335,8,64.398674
-4.419754,8,64.415251
-69.976142,8,64.430287
6.055864,8,64.432078
-172.48116,8,64.459759
-1.150688,8,64.504789
-53.237508,8,64.521659
-9.341932,8,64.534587
-23.758799,8,64.550904
-16.635296,8,64.550904
-85.652139,8,64.571413
-3.258706,8,64.58206
3.294077,8,64.597797
-112.345241,8,64.599179
-4.091294,8,64.623894
-66.040063,8,64.636141
-124.704492,8,64.65106
-23.977011,8,64.661072
-126.980637,8,64.675319
-52.43666,8,64.689698
-25.054474,8,64.703951
-37.562004,8,64.71452
9.756765,8,64.715516
-26.898341,8,64.73806
-7.973551,8,64.752199
-81.468218,8,64.7654
-79.555414,8,64.779401
-20.851399,8,64.790979
-60.539563,8,64.799514
-39.569417,8,64.816101
-15.936493,8,64.828148
-3.541715,8,64.843214
-7.004539,8,64.86017
-51.255492,8,64.872898
-72.110911,8,64.883488
-41.59286,8,64.893528
-12.143621,8,64.908326
-147.355394,8,64.920462
-48.265041,8,64.930973
4.971957,8,64.931978
-58.066247,8,64.954565
-12.545253,8,64.965831
-16.794621,8,64.97766
-37.076011,8,64.993814
1.436932,8,65.00969
-18.648498,8,65.023773
-29.030527,8,65.036297
-40.336583,8,65.048881
-34.063661,8,65.06751
-113.835797,8,65.086771
-56.275853,8,65.098781
-64.499057,8,65.110294
-8.297393,8,65.125614
-85.328532,8,65.138121
-35.109472,8,65.148618
-41.769776,8,65.158376
-27.208226,8,65.177806
-4.518181,8,65.194385
-155.103595,8,65.202642
6.141528,8,65.22188
-196.819355,8,65.235685
-42.315104,8,65.245684
-103.341681,8,65.248209
-47.335959,8,65.270576
-203.086085,8,65.284703
-19.030539,8,65.294704
-62.926836,8,65.305194
1.55357,8,65.317471
-135.923588,8,65.333907
-7.308563,8,65.344945
-84.8182,8,65.354987
-86.40598,8,65.364764
1.695266,8,65.37672
-44.64663,8,65.388789
-112.785057,8,65.400094
5.36111,8,65.412233
-34.723229,8,65.432313
-104.372189,8,65.44553
-54.150159,8,65.459529
-49.452145,8,65.470994
-0.516499,8,65.488078
-2.603952,8,65.509685
-26.414027,8,65.521879
-5.94971,8,65.538284
-116.632444,8,65.555597
-5.097046,8,65.567508
-43.541858,8,65.579297
-4.531757,8,65.596965
-30.495569,8,65.616014
-19.298021,8,65.627012
-99.962063,8,65.639489
-29.625548,8,65.657279
-25.983001,8,65.676832
-79.971024,8,65.694635
-189.716978,8,65.707885
-143.445613,8,65.718356
-29.832175,8,65.735435
-15.812567,8,65.745448
-25.603103,8,65.75823
3.144688,8,65.768867
-2.320034,8,65.783531
-22.873484,8,65.800069
6.608331,8,65.817931
-40.8406,8,65.823576
-34.012587,8,65.843532
-67.334611,8,65.855713
-23.695399,8,65.869047
-29.423981,8,65.887565
-5.172454,8,65.900379
-73.564167,8,65.911709
-24.867231,8,65.922993
-23.47054,8,65.934501
2.17921,8,65.945501
-37.25038,8,65.955493
-2.446386,8,65.966311
-89.953251,8,65.974321
-102.657129,8,65.980676
-11.439209,8,65.980676
-20.321034,8,66.00729
-169.879447,8,66.014282
-2.761886,8,66.030666
-21.56079,8,66.044088
-2.670652,8,66.052541
-26.728479,8,66.062541
5.792352,8,66.082342
3.660246,8,66.096006
-20.931851,8,66.111006
-66.888692,8,66.123655
-13.98879,8,66.132311
-9.816423,8,66.148759
-29.584359,8,66.156987
-17.455251,8,66.172133
-59.40434,8,66.184093
-13.158842,8,66.199632
-97.563204,8,66.199632
-18.826791,8,66.224661
-138.471982,8,66.238182
-210.279997,8,66.249675
-21.751578,8,66.259675
-49.908483,8,66.269295
-3.830187,8,66.283181
-130.93118,8,66.293215
2.037043,8,66.307451
-48.806475,8,66.322465
-10.837446,8,66.340195
-49.847388,8,66.351781
-9.418916,8,66.361537
-2.444635,8,66.373025
-10.498274,8,66.386836
2.941858,8,66.39731
-24.938718,8,66.405665
-60.991323,8,66.415649
-57.891842,8,66.417869
-24.717494,8,66.440112
-2.869925,8,66.454491
-6.606281,8,66.462489
-50.435697,8,66.484435
-75.265675,8,66.49742
-56.678939,8,66.507738
-35.814053,8,66.516929
-132.137361,8,66.538224
-41.852941,8,66.549739
-2.614595,8,66.558737
6.709927,8,66.570708
-96.088428,8,66.58968
-22.842369,8,66.605447
-218.088123,8,66.618123
-58.068965,8,66.63273
-0.832595,8,66.651738
-59.077413,8,66.664134
-94.853962,8,66.683625
-158.867364,8,66.693626
-46.236878,8,66.709709
5.95818,8,66.724059
-157.63208,8,66.737725
2.000329,8,66.748868
6.91964,8,66.76447
-7.798829,8,66.775763
-10.81238,8,66.7934
-14.453748,8,66.807214
-2.780342,8,66.825982
-66.334205,8,66.842272
-0.017146,8,66.858081
-110.987814,8,66.873886
-97.803293,8,66.890429
2.803077,8,66.908325
-7.834936,8,66.921806
-46.607854,8,66.936093
-24.303312,8,66.947762
-1.593294,8,66.947762
-23.745245,8,66.972129
-29.317673,8,66.985215
-76.848069,8,67.007419
-17.891033,8,67.024002
-66.263721,8,67.036961
2.588684,8,67.05019
-96.315209,8,67.07062
6.18495,8,67.091509
-301.173244,8,67.109378
-95.955637,8,67.128857
-61.652873,8,67.144994
-48.225386,8,67.150017
-163.47525,8,67.166355
-36.110643,8,67.183101
-18.90837,8,67.197007
-2.771798,8,67.199994
-11.131243,8,67.224368
-57.823531,8,67.23915
0.506819,8,67.250192
-21.756474,8,67.264676
-46.271049,8,67.2758
-38.213294,8,67.284061
3.590826,8,67.304346
0.599774,8,67.315729
-16.089482,8,67.319823
-81.234516,8,67.335083
-9.407468,8,67.359871
-79.898234,8,67.364581
1.117421,8,67.387028
-48.949677,8,67.398535
-20.77209,8,67.413758
-73.196872,8,67.414959
-38.050541,8,67.43699
1.748417,8,67.451727
-70.679447,8,67.464227
-19.631504,8,67.464227
-81.448484,8,67.484732
-2.545915,8,67.499003
-45.566015,8,67.515725
-73.973661,8,67.517934
1.076649,8,67.534265
-66.918231,8,67.558344
-0.591759,8,67.570907
-17.938917,8,67.585233
-138.464427,8,67.58724
-102.691452,8,67.603745
-68.392533,8,67.61839
7.637021,8,67.620399
-30.970559,8,67.638776
-76.161785,8,67.64958
-59.524721,8,67.664338
-86.56561,8,67.668968
-13.723898,8,67.685063
7.429543,8,67.703947
-20.389082,8,67.724929
-10.945703,8,67.74045
6.415444,8,67.75643
-8.582075,8,67.772958
-32.469164,8,67.789706
-38.241841,8,67.803831
-72.778505,8,67.815869
-9.936933,8,67.826612
-108.64278,8,67.84219
-188.826801,8,67.851686
-123.527455,8,67.868549
-69.744331,8,67.882413
-48.197064,8,67.916765
-20.552921,8,67.934765
-6.627872,8,67.949365
-19.835117,8,67.966762
-99.052127,8,67.99147
-20.694641,8,68.02315
-4.128207,8,68.046525
5.214469,8,68.060986
0.202825,8,68.082365
-232.231361,8,68.107281
-58.986019,8,68.132608
-45.525971,8,68.144607
-55.679242,8,68.167943
-107.844542,8,68.177942
-139.006588,8,68.188947
-31.798923,8,68.202133
-13.799498,8,68.220897
-47.015532,8,68.239491
7.011945,8,68.253261
2.813562,8,68.265765
-144.433926,8,68.282918
-127.659601,8,68.29494
-102.552606,8,68.308414
-89.418244,8,68.321415
8.904314,8,68.337525
-15.314079,8,68.362358
-10.245457,8,68.389514
-195.054151,8,68.407124
-176.734044,8,68.431472
3.58368,8,68.447122
-20.852767,8,68.476781
-83.306091,8,68.502302
-147.252028,8,68.527342
-95.430163,8,68.552819
1.671859,8,68.574064
-12.828708,8,68.592537
-12.730573,8,68.609961
-10.82368,8,68.638083
-25.608732,8,68.652145
-8.710974,8,68.667923
-33.197606,8,68.688391
-163.063772,8,68.707556
1.355533,8,68.724685
-9.891063,8,68.740377
6.527729,8,68.758201
-59.974662,8,68.772897
-55.281128,8,68.786677
-42.610601,8,68.800685
-159.23133,8,68.839191
-48.036756,8,68.856238
-43.251609,8,68.885157
0.661068,8,68.902989
-50.971594,8,68.941847
-72.572024,8,68.966138
-11.538338,8,68.984966
-8.529219,8,69.004787
-26.471854,8,69.027996
2.738767,8,69.054242
-40.857124,8,69.07322
-1.989791,8,69.10044
-75.427841,8,69.128038
2.179288,8,69.154043
-33.454635,8,69.187459
-66.174486,8,69.209162
-118.711543,8,69.235568
8.850402,8,69.255037
-13.873289,8,69.270556
-5.843836,8,69.290008
-64.203864,8,69.309136
-2.910214,8,69.327074
-10.65301,8,69.342471
-77.787619,8,69.353359
-79.370361,8,69.36514
-63.61198,8,69.390316
-26.814009,8,69.39608
-117.71661,8,69.419688
6.273392,8,69.432826
-111.742982,8,69.449552
-75.441261,8,69.457124
-2.358036,8,69.480819
-6.933506,8,69.48615
-6.468608,8,69.50831
-15.585831,8,69.521922
5.922268,8,69.535006
5.285109,8,69.551207
-140.732062,8,69.562208
-85.799999,8,69.574266
-0.024846,8,69.592656
1.480604,8,69.611344
-100.129966,8,69.622468
-141.285225,8,69.626486
-32.122017,8,69.646565
-4.914848,8,69.658508
-63.614143,8,69.671542
0.40926,8,69.688554
-44.994495,8,69.700191
-74.071106,8,69.713889
-103.930606,8,69.726956
-28.5847,8,69.737452
-23.107481,8,69.748259
-57.061259,8,69.767821
-85.067897,8,69.77847
-94.715066,8,69.789158
-13.896639,8,69.803142
0.47105,8,69.817938
-38.500819,8,69.829305
-6.268442,8,69.842174
-52.944606,8,69.853926
-38.268543,8,69.871205
-136.806442,8,69.883064
-161.054944,8,69.894869
-32.407599,8,69.908649
-102.705239,8,70.049532
-7.74498,8,70.059294
-85.44512,8,70.069333
-19.111894,8,70.081624
0.151886,8,70.094824
-3.860305,8,70.106632
-40.491572,8,70.118707
-50.633743,8,70.126707
-35.009007,8,70.14172
-63.73421,8,70.150316
-20.23577,8,70.158315
-21.685753,8,70.164319
-58.979118,8,70.180068
-66.704413,8,70.195622
-19.346297,8,70.206803
-26.682874,8,70.217724
-30.253148,8,70.229725
-84.096775,8,70.24086
-52.783042,8,70.247858
-15.387168,8,70.26176
-36.115109,8,70.275068
-21.889872,8,70.284516
-60.304856,8,70.294516
-51.750955,8,70.303334
-108.36685,8,70.315807
7.472286,8,70.327565
-26.854013,8,70.337608
3.900039,8,70.347974
-6.364002,8,70.362432
7.171314,8,70.376133
-12.545708,8,70.386336
5.276022,8,70.396096
-4.859524,8,70.407881
-32.97927,8,70.418879
-66.652517,8,70.430432
-3.627854,8,70.441191
-27.42206,8,70.453522
1.369975,8,70.463932
-21.69501,8,70.472797
-53.292834,8,70.493422
-2.054558,8,70.506242
-75.761406,8,70.51725
-87.481016,8,70.519583
-18.432618,8,70.538333
1.594647,8,70.551759
-51.291375,8,70.559758
10.925988,8,70.568758
-9.704133,8,70.577753
-66.934234,8,70.5885
-48.6364,8,70.598974
-96.034405,8,70.612506
-2.859128,8,70.619343
-18.340345,8,70.628296
3.307169,8,70.628296
-25.789826,8,70.644258
8.498043,8,70.662383
-51.433718,8,70.666517
-24.384589,8,70.684158
-26.385317,8,70.691652
-53.151284,8,70.70125
-51.452721,8,70.717412
-89.662062,8,70.727189
-87.424582,8,70.737221
-13.14424,8,70.751022
-21.519055,8,70.764271
-107.130151,8,70.770279
-99.06338,8,70.77972
-45.896941,8,70.787752
-77.639225,8,70.791766
-64.685123,8,70.809293
4.904235,8,70.819757
-48.160322,8,70.819757
-39.416133,8,70.838079
-21.104997,8,70.855277
1.327982,8,70.865127
-21.254563,8,70.878168
-70.65336,8,70.892935
-2.564011,8,70.903186
-6.832335,8,70.912681
-14.832898,8,70.914685
-87.367442,8,70.938863
0.177184,8,70.950509
-157.142432,8,70.959477
-63.387648,8,70.968805
-3.623137,8,70.981942
-90.541072,8,70.989708
4.794264,8,70.999736
-48.183983,8,71.00952
-122.278113,8,71.02557
-61.760815,8,71.039356
-16.376459,8,71.048644
-7.914633,8,71.052657
-30.953134,8,71.07195
-3.948704,8,71.086355
-8.930444,8,71.099019
-32.427472,8,71.111377
-42.546493,8,71.124903
-11.778058,8,71.134935
-127.724416,8,71.141934
-1.262823,8,71.156931
5.236743,8,71.175638
3.219511,8,71.190519
-21.805612,8,71.200666
-2.880621,8,71.204074
-5.986189,8,71.224746
-79.181129,8,71.233743
-116.92063,8,71.244606
5.490778,8,71.25529
-69.468802,8,71.331516
-41.631311,8,71.342236
-93.06995,8,71.352236
0.59248,8,71.362235
2.987497,8,71.379232
4.02446,8,71.392979
-54.761472,8,71.40411
-7.788547,8,71.413153
-4.384476,8,71.425643
-85.55635,8,71.435179
-2.869888,8,71.443208
-20.663434,8,71.452988
-19.039821,8,71.461061
-11.633358,8,71.461061
-78.347359,8,71.482928
-33.86221,8,71.495253
-36.751412,8,71.510387
-37.995026,8,71.526184
-8.24841,8,71.538224
-72.963418,8,71.547993
-6.245018,8,71.557866
5.717715,8,71.571675
-76.208434,8,71.571675
-19.496761,8,71.587505
2.188787,8,71.6055
-187.950191,8,71.624902
-109.391891,8,71.635076
-14.337709,8,71.649513
-14.132434,8,71.66568
-12.270108,8,71.680398
3.584306,8,71.697078
-28.8177,8,71.709011
-94.863016,8,71.721485
3.355756,8,71.739439
-27.674922,8,71.753963
-0.818914,8,71.766969
-0.531726,8,71.783825
-60.893033,8,71.79542
-22.197935,8,71.813037
-48.969411,8,71.825768
-100.403788,8,71.846041
-24.6758,8,71.856939
-0.118202,8,71.873515
-78.19529,8,71.886812
2.154109,8,71.902108
1.098939,8,71.90352
-112.63537,8,71.920143
-38.812257,8,71.936502
-104.818554,8,71.95295
-10.050064,8,71.966912
-100.042013,8,71.970292
-101.647393,8,71.987535
-17.693645,8,72.000784
-51.522248,8,72.004124
-60.968109,8,72.020055
-46.85228,8,72.037017
-12.757236,8,72.050194
4.170027,8,72.053584
-84.748184,8,72.076501
-54.903034,8,72.089358
-122.622252,8,72.103616
-183.150364,8,72.116734
-13.219455,8,72.127706
-4.263534,8,72.136754
3.295031,8,72.151759
-54.316003,8,72.16511
1.044053,8,72.16511
-2.427751,8,72.189408
-46.632,8,72.212121
-26.225673,8,72.224913
-45.143477,8,72.236794
-4.720395,8,72.24806
-52.478637,8,72.263096
-87.527346,8,72.27621
-104.545631,8,72.288235
-28.662874,8,72.303657
-16.593206,8,72.319235
-3.332945,8,72.332021
-39.869075,8,72.338919
0.094828,8,72.354033
-95.52323,8,72.374126
-9.844535,8,72.384435
-21.235465,8,72.386844
2.860869,8,72.405341
6.81308,8,72.423101
-20.915617,8,72.434579
-57.573823,8,72.436579
-10.519005,8,72.453112
-17.990892,8,72.466633
-153.304671,8,72.470632
-87.625679,8,72.484284
4.596064,8,72.487283
-12.642244,8,72.507106
-105.201935,8,72.519894
-15.839394,8,72.536513
-70.166112,8,72.549177
8.337847,8,72.562206
0.76999,8,72.569883
5.616306,8,72.58356
-1.894633,8,72.586559
-39.679965,8,72.603155
-79.353779,8,72.618854
-47.923669,8,72.619855
-16.310848,8,72.636676
-5.195345,8,72.658175
-96.149103,8,72.669961
-36.429745,8,72.686491
4.322381,8,72.686491
-4.72337,8,72.703166
-58.951415,8,72.714792
-2.328725,8,72.71535
-14.282394,8,72.734399
-27.553499,8,72.74805
1.682669,8,72.756626
-91.177199,8,72.77218
-41.507368,8,72.781956
-21.389553,8,72.795718
-0.093893,8,72.8095
-55.104891,8,72.820135
2.185958,8,72.831178
-0.586281,8,72.842847
-36.482588,8,72.852881
-24.581821,8,72.860646
-18.510721,8,72.87068
-58.270196,8,72.884589
-30.111507,8,72.894081
-31.885725,8,72.903816
-39.157251,8,72.913846
0.224784,8,72.925522
-55.490734,8,72.933551
-124.747933,8,72.946896
-23.438913,8,72.957315
-2.689723,8,72.972396
-113.018691,8,72.980422
11.488573,8,72.992458
3.346562,8,73.004242
-132.498098,8,73.016161
-20.584824,8,73.024173
-8.312346,8,73.033932
-114.848012,8,73.037944
-0.609762,8,73.053459
-0.016336,8,73.064535
-85.189309,8,73.076573
-25.743454,8,73.088635
-75.682532,8,73.105401
-79.600587,8,73.115816
1.203977,8,73.125815
-67.129918,8,73.135087
-13.264166,8,73.147443
4.394665,8,73.15663
0.410543,8,73.167259
-26.104527,8,73.177284
-5.924815,8,73.190545
-140.81284,8,73.19947
-20.399147,8,73.216832
-58.74506,8,73.234732
-5.34993,8,73.265728
-98.132341,8,73.270171
-155.434326,8,73.284526
8.774043,8,73.295455
-61.093457,8,73.309097
3.255801,8,73.321435
-34.082311,8,73.340562
-26.763264,8,73.353958
-55.263444,8,73.372084
-7.103093,8,73.384722
-0.44769,8,73.396567
-11.224515,8,73.412345
7.804271,8,73.425351
-25.213785,8,73.441573
-17.739795,8,73.452937
2.277069,8,73.463188
-5.128675,8,73.472121
-17.505707,8,73.486881
-93.787087,8,73.500083
-8.726781,8,73.503446
2.143844,8,73.520183
-79.256068,8,73.535397
-77.082922,8,73.544264
-9.915728,8,73.558543
-50.659513,8,73.570148
-73.063285,8,73.586857
-7.158507,8,73.598102
-2.318287,8,73.603501
-91.547294,8,73.622157
-46.024303,8,73.632423
-23.50369,8,73.636759
-61.985783,8,73.652245
-24.807449,8,73.668969
1.631817,8,73.670367
-8.483112,8,73.686964
-49.242518,8,73.699202
-31.892123,8,73.716808
-58.090838,8,73.720221
-119.510796,8,73.735443
2.100658,8,73.735443
-39.529142,8,73.753445
-6.889624,8,73.768729
-32.021823,8,73.772728
-21.99737,8,73.7927
-114.091189,8,73.798428
-20.553844,8,73.819908
-90.554225,8,73.822918
-60.100428,8,73.840555
-70.690076,8,73.85502
1.79474,8,73.871099
-46.632403,8,73.881445
-103.706607,8,73.891573
-46.690518,8,73.910338
-23.490015,8,73.923513
-50.21143,8,73.934442
-84.992994,8,73.944398
-33.694003,8,73.962265
-38.215724,8,73.971924
-93.705335,8,73.983448
-47.987917,8,73.993806
-88.452574,8,74.007546
-63.853354,8,74.019911
-46.188653,8,74.035614
-26.891968,8,74.049253
-39.620377,8,74.065934
-36.12237,8,74.081613
2.700084,8,74.097108
-11.604941,8,74.1112
4.060437,8,74.134797
-119.392538,8,74.146147
-46.142478,8,74.158583
-48.457269,8,74.169875
-30.13242,8,74.188643
-140.479712,8,74.202154
-112.043697,8,74.218818
3.319215,8,74.230806
-57.43804,8,74.249286
-46.48421,8,74.253285
-8.519672,8,74.269876
-31.319651,8,74.286517
-37.058235,8,74.30122
-124.069656,8,74.303242
-1.633009,8,74.319834
-69.519696,8,74.33161
-17.060915,8,74.344134
-181.855891,8,74.359677
9.759803,8,74.367733
-46.049143,8,74.385041
-53.289207,8,74.398863
-68.208498,8,74.398863
-73.135364,8,74.414116
-97.372405,8,74.414116
8.764177,8,74.440962
2.536644,8,74.455771
-61.014372,8,74.465552
-4.72019,8,74.478285
-9.553586,8,74.492515
-2.339905,8,74.501547
-94.572017,8,74.511537
-13.537141,8,74.518141
-173.568563,8,74.541115
-39.137275,8,74.550882
-83.845335,8,74.560819
-2.291215,8,74.560819
-24.877929,8,74.58675
-19.899719,8,74.595586
2.238696,8,74.605619
-26.928148,8,74.615657
-38.078444,8,74.627446
-11.891173,8,74.636773
-0.028879,8,74.647187
-51.082742,8,74.658291
-2.087866,8,74.664199
-58.960855,8,74.680889
-12.225761,8,74.696165
-152.198951,8,74.701585
0.567082,8,74.714171
4.565178,8,74.714171
-1.491572,8,74.736354
-32.767097,8,74.744384
-15.245131,8,74.755583
-22.226599,8,74.766178
-4.466539,8,74.766178
1.067378,8,74.781053
-0.211132,8,74.797747
-117.659307,8,74.814196
-0.322813,8,74.82243
-9.85994,8,74.830951
-78.094176,8,74.842779
-42.982633,8,74.847461
-17.728131,8,74.863117
-140.167468,8,74.864154
8.647145,8,74.884947
-88.339826,8,74.892698
-2.614361,8,74.900586
-49.52392,8,74.913674
-30.436822,8,74.920858
-5.783272,8,74.939136
-11.360123,8,74.949795
-1.928156,8,74.957822
1.723622,8,74.97317
-22.592486,8,74.980867
-38.610075,8,74.989887
-252.404136,8,74.997902
-77.931578,8,75.01635
0.859016,8,75.025298
-119.407675,8,75.03594
8.97608,8,75.045977
-132.358474,8,75.048088
-62.381335,8,75.068305
-147.46445,8,75.085016
-113.680296,8,75.096558
-160.802964,8,75.097565
1.205059,8,75.114266
-170.032663,8,75.114266
-43.666865,8,75.130855
-31.005256,8,75.14753
-14.042747,8,75.160585
-92.739178,8,75.166111
-140.189688,8,75.177315
-45.245344,8,75.180843
-15.890336,8,75.199808
-36.253453,8,75.199808
-173.631192,8,75.214183
10.140197,8,75.231366
-57.815141,8,75.231366
-47.537989,8,75.254586
2.336012,8,75.262615
-46.844032,8,75.264259
1.482557,8,75.280996
-34.094478,8,75.280996
-2.976003,8,75.299564
5.629932,8,75.313787
-64.615938,8,75.314216
-8.762981,8,75.333057
-12.482498,8,75.333057
-172.801797,8,75.482216
-18.401634,8,75.501398
-149.504799,8,75.50941
-87.170666,8,75.518724
-82.152449,8,75.52923
-12.800885,8,75.540894
-84.556483,8,75.540894
-34.173674,8,75.559051
-54.842599,8,75.564334
-57.550127,8,75.582461
-120.198325,8,75.588977
-108.012139,8,75.60687
-34.770458,8,75.620729
-11.374026,8,75.633846
3.242072,8,75.641845
-21.332501,8,75.651615
0.174703,8,75.663611
-89.864683,8,75.667621
-36.721277,8,75.679753
-4.143218,8,75.679753
-96.708524,8,75.706887
0.537008,8,75.71737
-42.899163,8,75.726891
-162.980081,8,75.735623
-88.575443,8,75.745713
-80.167391,8,75.761245
-25.105068,8,75.761245
-16.117729,8,75.780709
-3.78217,8,75.790361
-32.667247,8,75.796383
-68.866752,8,75.808457
-64.783999,8,75.808457
2.521963,8,75.828646
7.16912,8,75.842396
-50.246212,8,75.85215
-18.130229,8,75.865733
-64.004405,8,75.87794
4.301433,8,75.887961
5.561048,8,75.89545
-60.018291,8,75.901197
5.384538,8,75.917103
-65.541334,8,75.929411
-69.538032,8,75.93925
1.122287,8,75.948894
2.534737,8,75.959378
-5.290985,8,75.968913
-21.525067,8,75.978946
-7.424971,8,75.987917
-9.315808,8,76.003428
-81.09627,8,76.011179
4.394925,8,76.020686
-44.031986,8,76.03319
-31.353247,8,76.046782
0.923729,8,76.056561
-62.63193,8,76.064587
-11.776409,8,76.070349
-190.716295,8,76.092417
-58.171922,8,76.099432
-29.996255,8,76.099432
-23.623013,8,76.121926
-68.646592,8,76.143278
-1.937554,8,76.147845
-153.337045,8,76.147845
-118.072798,8,76.166359
-96.422549,8,76.183141
-71.868026,8,76.191174
-2.678398,8,76.198003
-8.818613,8,76.198003
-22.689126,8,76.223832
-103.33306,8,76.231305
-82.229448,8,76.231305
-125.942243,8,76.251866
-13.372862,8,76.264542
-0.573051,8,76.283493
-18.617435,8,76.283493
-73.924308,8,76.305677
-15.8703,8,76.318697
-7.763717,8,76.328737
-22.913624,8,76.33884
-184.396428,8,76.349532
-53.922545,8,76.367026
-41.653065,8,76.377056
-203.395947,8,76.387073
-5.394984,8,76.395097
2.101797,8,76.397631
8.902711,8,76.427707
-20.295209,8,76.443331
-43.312272,8,76.453902
-112.815203,8,76.468253
-37.313213,8,76.478277
-22.008251,8,76.480856
-81.823232,8,76.505675
-0.153111,8,76.521743
-88.808725,8,76.530919
-30.270921,8,76.548805
-28.42468,8,76.564204
-1.155286,8,76.57816
-3.676729,8,76.590394
2.689769,8,76.609661
-64.099184,8,76.623881
0.491919,8,76.636945
-70.689619,8,76.647542
-26.487263,8,76.658438
-3.999206,8,76.674306
-83.144981,8,76.688953
-115.727397,8,76.697603
-36.723556,8,76.697603
-8.834941,8,76.718433
-22.013559,8,76.764137
-9.252367,8,76.786982
-49.624288,8,76.797603
-68.672139,8,76.809975
-9.610854,8,76.824311
-65.156377,8,76.839486
-3.10976,8,76.847578
-82.716197,8,76.857605
-107.645317,8,76.872098
-40.279555,8,76.88085
-124.72377,8,76.883004
-46.686799,8,76.901351
-46.859701,8,76.914336
-18.00186,8,76.921911
-43.546274,8,76.930441
-78.365056,8,76.940479
6.352869,8,76.979958
1.216743,8,76.992002
-52.530029,8,76.993751
8.537634,8,77.009419
-47.568682,8,77.025161
-96.347456,8,77.032099
7.344949,8,77.043151
-33.401526,8,77.048756
-80.477833,8,77.068281
-7.585296,8,77.083626
-30.044961,8,77.086622
-14.33769,8,77.107307
4.736116,8,77.122496
-5.768986,8,77.131497
-48.998459,8,77.14368
-31.918978,8,77.153403
-56.300437,8,77.166857
-6.882915,8,77.177813
-21.72314,8,77.19207
-28.542286,8,77.203258
6.452906,8,77.217848
2.475388,8,77.227117
-93.412911,8,77.236559
-31.158882,8,77.249189
-132.408115,8,77.267881
2.494774,8,77.280131
-28.166338,8,77.29383
-43.532774,8,77.305636
-16.827358,8,77.319599
-20.599224,8,77.319599
-106.688451,8,77.337091
-4.542356,8,77.350858
-96.783555,8,77.364485
-88.369984,8,77.369788
-86.792293,8,77.384843
-19.365531,8,77.393359
-28.554641,8,77.41391
-128.481095,8,77.419812
-26.271176,8,77.43452
-48.144532,8,77.444641
-22.571121,8,77.463308
-2.771702,8,77.471997
1.378478,8,77.488705
-20.916065,8,77.503057
6.377038,8,77.521964
7.776355,8,77.534636
-0.419407,8,77.548273
-56.733491,8,77.561355
-55.859508,8,77.577707
-175.593067,8,77.663073
-23.012404,8,77.684584
-119.088298,8,77.698647
-41.677018,8,77.716851
2.850758,8,77.730465
-37.723659,8,77.740397
-29.250142,8,77.757013
5.644536,8,77.770251
3.641462,8,77.781444
2.842703,8,77.786811
-79.108431,8,77.801189
-22.602823,8,77.815821
6.939465,8,77.824043
-40.108688,8,77.836941
-6.008382,8,77.8536
-69.818884,8,77.870751
-25.757001,8,77.886604
-22.449999,8,77.898185
-30.623655,8,77.910753
-223.08918,8,77.915387
-8.635455,8,77.94055
-45.623113,8,77.956256
-27.590526,8,77.972099
-25.350505,8,77.992191
-44.358201,8,78.010207
0.311534,8,78.033028
-28.558238,8,78.042001
-14.193154,8,78.065154
-17.358166,8,78.070889
-18.793579,8,78.086987
-15.047883,8,78.1036
-17.070496,8,78.120339
-48.778408,8,78.132534
-16.280219,8,78.142336
-92.413001,8,78.15383
-8.035588,8,78.168877
-1.090615,8,78.170297
4.802767,8,78.197243
-56.055193,8,78.20926
-104.597064,8,78.220344
-19.766336,8,78.235208
-20.785818,8,78.244162
-77.757248,8,78.253591
-6.589241,8,78.267912
-12.782833,8,78.270314
-190.422284,8,78.286916
-66.621689,8,78.299078
3.653752,8,78.30449
-76.891964,8,78.323151
-96.861448,8,78.336979
-10.941228,8,78.351367
-19.277869,8,78.365886
10.433716,8,78.370242
-58.801452,8,78.387042
-13.898498,8,78.39723
-10.531949,8,78.409578
-9.063475,8,78.418825
3.952557,8,78.428142
5.611835,8,78.436702
5.109882,8,78.454101
-107.125546,8,78.464351
-18.108849,8,78.466355
-50.381145,8,78.488571
-88.680524,8,78.502693
-83.390586,8,78.515558
3.602563,8,78.526947
-146.563581,8,78.538998
-35.996356,8,78.555739
-54.758444,8,78.560421
-39.289295,8,78.574978
-58.00483,8,78.58991
-13.622154,8,78.605585
4.23578,8,78.621989
5.482935,8,78.634699
-31.345551,8,78.637005
-14.493385,8,78.665455
0.053019,8,78.67958
-36.810838,8,78.683602
-65.838393,8,78.70096
-7.662304,8,78.716685
-17.305689,8,78.726718
-48.731117,8,78.732487
-29.525033,8,78.74855
-32.527996,8,78.76547
4.331365,8,78.776966
-104.607779,8,78.793071
-4.566878,8,78.804625
-27.064265,8,78.815791
5.831618,8,78.836601
-10.538842,8,78.850197
-97.392265,8,78.862443
-15.763028,8,78.877367
-6.836751,8,78.889908
-32.801764,8,78.911981
0.041028,8,78.924956
-43.709848,8,78.940209
-3.232599,8,78.952208
-20.934154,8,78.967949
-197.378395,8,78.980988
-85.429523,8,78.998196
-42.682624,8,79.019787
-53.816433,8,79.032575
-46.725356,8,79.039586
-50.138423,8,79.063748
-71.019638,8,79.077263
0.218844,8,79.09497
-65.130324,8,79.110411
-5.644181,8,79.127271
2.92443,8,79.139712
-97.724696,8,79.151293
-42.279492,8,79.153684
-23.124481,8,79.170258
-3.678009,8,79.18695
-20.543951,8,79.203691
-33.712714,8,79.219949
-29.736446,8,79.240568
-16.370681,8,79.252568
-26.560833,8,79.264881
7.415209,8,79.278454
-197.884506,8,79.287054
-4.737353,8,79.30361
-9.16465,8,79.320254
-23.154024,8,79.330537
-18.357329,8,79.33694
-66.724386,8,79.358285
6.634247,8,79.365854
-15.930571,8,79.38464
-42.275861,8,79.39771
-118.292573,8,79.39771
4.574391,8,79.414284
-6.899299,8,79.433899
-96.808779,8,79.448709
-92.893054,8,79.471051
4.444161,8,79.481587
-3.268724,8,79.497675
-129.1852,8,79.513896
-85.760998,8,79.529799
-9.74755,8,79.553755
6.862248,8,79.566392
-19.340622,8,79.591574
-1.995153,8,79.606255
-58.248389,8,79.616557
-6.837179,8,79.631531
3.968219,8,79.648417
5.194883,8,79.659471
-171.508904,8,79.664934
2.126465,8,79.680598
-22.658861,8,79.688859
4.878225,8,79.713886
-35.91081,8,79.723886
-63.996491,8,79.739329
7.129182,8,79.75627
-18.193555,8,79.768265
-122.169147,8,79.782964
-2.009598,8,79.789999
4.055656,8,79.810312
-128.334751,8,79.829866
-39.867429,8,79.841502
3.851535,8,79.853645
-66.580002,8,79.86893
0.086055,8,79.870348
-25.790257,8,79.88699
-73.907239,8,79.907526
-66.157132,8,79.921252
-13.667696,8,79.934694
-39.442042,8,79.945091
-131.803279,8,79.953409
-5.484908,8,79.970046
-50.302684,8,79.970046
9.121325,8,79.98663
-4.478809,8,80.00108
-15.363259,8,80.012133
-102.040424,8,80.020016
-67.542678,8,80.030572
-75.343901,8,80.039198
-133.54969,8,80.057969
-229.218331,8,80.068999
-3.879503,8,80.083516
-59.181164,8,80.094612
6.079002,8,80.107235
-28.930716,8,80.116235
-95.533179,8,80.12445
4.211805,8,80.133689
2.786932,8,80.144634
-35.420097,8,80.153362
6.944227,8,80.169999
-161.52995,8,80.169999
-1.218658,8,80.200268
-46.457103,8,80.203259
-102.90078,8,80.224009
-68.798367,8,80.233695
-2.817833,8,80.245605
7.006132,8,80.253181
4.942182,8,80.264575
-105.409961,8,80.274608
-57.911453,8,80.289868
-9.366399,8,80.298358
6.950483,8,80.309468
7.432254,8,80.319487
3.639389,8,80.333269
-28.565652,8,80.347063
-4.365856,8,80.35682
0.382643,8,80.366853
-22.336626,8,80.378462
-13.447412,8,80.39118
-0.194123,8,80.403896
-16.272537,8,80.411923
-21.731182,8,80.423144
-76.671869,8,80.431175
-131.203365,8,80.43894
-5.155234,8,80.44897
-25.710577,8,80.460819
-70.067774,8,80.466582
-53.319442,8,80.486453
-49.128117,8,80.486453
4.152265,8,80.51415
-149.083001,8,80.518337
-47.811816,8,80.539375
-94.269371,8,80.549409
-92.273598,8,80.561184
-3.335229,8,80.576892
-119.464842,8,80.587974
-44.05661,8,80.595004
-62.474472,8,80.617151
5.252412,8,80.628957
-79.711285,8,80.647272
-62.667501,8,80.65011
-117.635131,8,80.672783
-13.786887,8,80.68091
-14.69332,8,80.68091
0.52717,8,80.697582
-12.752533,8,80.716455
-118.291544,8,80.730905
7.024195,8,80.730905
-45.868086,8,80.751774
-68.327055,8,80.76647
-64.534278,8,80.777879
-92.389578,8,80.792103
0.282154,8,80.805205
-23.283063,8,80.938915
-14.230792,8,80.956327
-1.341701,8,80.966331
-20.897286,8,80.976065
-204.129796,8,80.987952
-91.62129,8,80.988951
-88.021566,8,81.007262
-45.921461,8,81.017262
-8.085769,8,81.031249
-18.710193,8,81.040181
8.48182,8,81.049234
-32.912589,8,81.068148
-227.275025,8,81.081585
-77.583975,8,81.093052
7.590542,8,81.106225
-0.949361,8,81.117277
-33.649192,8,81.130294
-0.402215,8,81.141744
-56.206582,8,81.154307
-16.948735,8,81.16691
-17.170364,8,81.189726
5.17801,8,81.205779
0.305145,8,81.218387
-4.038948,8,81.234959
-11.387987,8,81.252944
-87.74282,8,81.265982
-22.36593,8,81.277746
-24.339195,8,81.292649
3.748653,8,81.306601
-1.559776,8,81.323826
-37.935943,8,81.33382
-14.88649,8,81.345529
0.436757,8,81.363892
-3.669292,8,81.38094
-127.461647,8,81.393641
5.866348,8,81.404941
-16.976593,8,81.431853
-72.752665,8,81.444866
-9.909648,8,81.457331
-16.398212,8,81.473177
-42.052834,8,81.487488
-59.986718,8,81.49926
-130.997153,8,81.508271
1.912636,8,81.530321
-1.749026,8,81.549681
4.292848,8,81.55864
-29.534711,8,81.57477
-142.421689,8,81.587603
1.181962,8,81.614946
-87.372919,8,81.633543
-3.304011,8,81.649546
-20.483666,8,81.66078
-16.125918,8,81.670064
-30.876621,8,81.690908
-53.861887,8,81.70609
2.992838,8,81.721579
-17.358507,8,81.743576
5.154471,8,81.756494
-29.396982,8,81.772845
-23.932805,8,81.787246
-39.437137,8,81.806863
3.481902,8,81.824899
-2.935609,8,81.840907
-97.346199,8,81.858524
-39.62671,8,81.874231
0.964099,8,81.886842
-85.807278,8,81.898333
-10.135481,8,81.906251
-112.565568,8,81.921247
-35.705024,8,81.937649
-101.008633,8,81.955807
-30.12879,8,81.969034
3.1118,8,81.985767
-136.056678,8,82.003404
-62.599636,8,82.016985
-41.479285,8,82.020066
-23.71996,8,82.042887
-40.41842,8,82.053277
-37.132351,8,82.069954
-22.675776,8,82.08666
-138.53324,8,82.105552
-46.210106,8,82.124496
-15.120985,8,82.13966
-102.128987,8,82.153839
-3.622223,8,82.178112
-150.521262,8,82.231957
-105.870116,8,82.253272
3.679005,8,82.269078
-22.630134,8,82.290095
-17.656636,8,82.300852
-3.394627,8,82.302859
-71.660768,8,82.325072
-44.169124,8,82.332549
-115.992623,8,82.355057
2.166445,8,82.366603
-77.357785,8,82.37062
-65.271995,8,82.390833
-91.364619,8,82.405912
-18.907455,8,82.422726
-12.944929,8,82.437949
-2.711445,8,82.451932
-82.273972,8,82.466969
-21.848646,8,82.468981
-42.01943,8,82.490188
-99.935528,8,82.501867
-50.06185,8,82.518527
-21.252264,8,82.537518
-6.298887,8,82.551253
-98.147116,8,82.566981
-115.799972,8,82.575978
-12.017507,8,82.586995
-29.494786,8,82.603675
-2.004429,8,82.620014
-1.631116,8,82.636814
-18.297582,8,82.649291
-22.610223,8,82.661934
-26.565075,8,82.677621
-97.847944,8,82.688847
-21.28729,8,82.70413
-3.046759,8,82.716139
-3.034782,8,82.729933
-23.084945,8,82.743457
-8.982669,8,82.755784
4.522789,8,82.770508
-28.695013,8,82.78709
-60.94159,8,82.797018
3.402378,8,82.803783
-72.51525,8,82.819033
-31.270441,8,82.833707
-1.115522,8,82.837148
-11.193363,8,82.853818
-36.167193,8,82.868146
-89.014871,8,82.877217
-106.963094,8,82.887192
-31.198642,8,82.900311
-83.484996,8,82.910693
-23.9144,8,82.927508
4.690513,8,82.936113
-88.85179,8,82.949356
-47.477025,8,82.955316
-161.872591,8,82.976138
-48.891986,8,82.986629
-3.782462,8,82.99737
10.90815,8,83.003644
-19.28806,8,83.020011
-103.043433,8,83.034648
-87.074497,8,83.043396
-23.105558,8,83.053447
-25.689651,8,83.078581
-7.025079,8,83.095782
-87.316286,8,83.109444
-36.388795,8,83.122572
-48.079825,8,83.138538
9.284948,8,83.148351
10.91513,8,83.159918
-14.187355,8,83.166748
0.361075,8,83.186063
-43.635389,8,83.200628
10.673678,8,83.211738
-77.321312,8,83.226287
6.73202,8,83.250669
-97.694063,8,83.279034
-34.143404,8,83.30544
-6.576651,8,83.32554
-21.972798,8,83.358465
-24.499786,8,83.380294
-39.73167,8,83.401298
-6.446493,8,83.414765
-3.81379,8,83.439649
-56.241854,8,83.458344
-28.646192,8,83.479338
-61.874563,8,83.49517
-89.533202,8,83.518293
-87.691715,8,83.541007
3.662214,8,83.562912
-36.759396,8,83.580748
9.670569,8,83.605652
-49.502383,8,83.623633
-26.909626,8,83.635
-50.473554,8,83.658249
-1.965273,8,83.69138
-19.965918,8,83.712761
3.126677,8,83.7371
-13.041827,8,83.749063
-3.616185,8,83.768501
-17.269897,8,83.787186
-33.716179,8,83.811357
-73.197741,8,83.829299
2.770534,8,83.856285
-27.72612,8,83.873383
-9.179131,8,83.892379
-31.122818,8,83.916237
-9.050541,8,83.941129
-15.23309,8,83.96268
-58.561634,8,83.988799
-94.587112,8,84.022123
9.539681,8,84.053662
-70.770702,8,84.077596
-81.519065,8,84.110251
-64.182795,8,84.144076
-2.45258,8,84.175925
-87.959207,8,84.200689
2.193936,8,84.219693
-106.128636,8,84.232363
-72.928993,8,84.254346
-37.1957,8,84.265099
-77.766255,8,84.2753
-32.66365,8,84.290201
-0.957263,8,84.309547
6.2915,8,84.322555
-65.958026,8,84.336472
1.985364,8,84.360318
-11.877231,8,84.37837
8.099833,8,84.392238
2.218779,8,84.407418
-76.162689,8,84.422331
-2.759342,8,84.439663
-61.76141,8,84.452467
-18.592556,8,84.465358
-59.08053,8,84.484489
-29.444722,8,84.501658
-3.458908,8,84.516127
-90.816238,8,84.530219
-177.759034,8,84.550523
-38.615021,8,84.569524
-63.641391,8,84.583734
-64.033312,8,84.597397
-21.932654,8,84.612576
-19.806746,8,84.627214
-145.860086,8,84.643269
-67.850785,8,84.657071
4.336947,8,84.668577
-12.88975,8,84.68361
-11.006439,8,84.699657
-26.907113,8,84.711432
-1.954232,8,84.727204
-2.733853,8,84.745113
3.636689,8,84.754882
-26.458414,8,84.764924
-1.154583,8,84.771695
-95.18464,8,84.786515
-0.382502,8,84.80089
-64.076635,8,84.815034
-36.878182,8,84.824029
-99.832696,8,84.837012
-22.389439,8,84.845012
-22.642494,8,84.855239
-1.894747,8,84.865273
-37.642193,8,84.881257
-48.387723,8,84.894055
-2.538128,8,84.91401
-11.530956,8,84.92702
5.058794,8,84.941018
1.114314,8,84.953747
-38.661527,8,84.965783
-24.857886,8,84.976664
-35.178388,8,84.990607
-138.557872,8,85.004319
-21.528765,8,85.015017
-103.58707,8,85.025013
4.970294,8,85.043015
-103.703907,8,85.058534
-26.399283,8,85.071323
-134.764245,8,85.085625
-5.072345,8,85.101069
-73.891811,8,85.112074
-18.685839,8,85.124072
7.682969,8,85.137814
-104.407686,8,85.15348
-112.81591,8,85.165011
-12.133242,8,85.176011
-1.726551,8,85.188554
-0.863897,8,85.205251
-34.019997,8,85.222406
-13.95201,8,85.234245
-66.946188,8,85.234245
1.433792,8,85.265633
-19.578736,8,85.278547
-77.781544,8,85.290802
-52.927702,8,85.30182
-3.691682,8,85.318076
-124.589731,8,85.331265
-103.152535,8,85.342573
-39.792783,8,85.353572
-72.323,8,85.373983
0.268615,8,85.384982
-22.914014,8,85.400448
-26.306219,8,85.409455
-71.714253,8,85.422262
-5.649167,8,85.431261
-6.774292,8,85.431261
-168.343481,8,85.44722
-109.953226,8,85.45124
-99.306266,8,85.465246
2.22973,8,85.483172
-4.072309,8,85.492925
-28.12785,8,85.507185
-94.029078,8,85.516706
-22.044538,8,85.533166
3.582452,8,85.542421
-61.717091,8,85.557756
-35.635982,8,85.565785
-99.099544,8,85.579209
-30.061985,8,85.586962
6.271802,8,85.60081
-7.385869,8,85.610847
-88.346908,8,85.618875
-9.61672,8,85.629416
-40.295788,8,85.642501
-80.785177,8,85.652272
-55.906789,8,85.662305
6.829513,8,85.675553
1.530567,8,85.691321
-27.177862,8,85.701335
-81.170959,8,85.711355
-25.909494,8,85.715101
-7.186614,8,85.730984
-20.22981,8,85.739016
-86.780543,8,85.746787
-25.716391,8,85.754821
-23.521151,8,85.768832
9.606277,8,85.780025
3.140519,8,85.789862
-42.805366,8,85.809465
-87.852454,8,85.823346
-17.517494,8,85.829107
-5.382892,8,85.840934
-32.349443,8,85.850974
-77.188236,8,85.862875
-0.84354,8,85.870907
-79.198179,8,85.880687
-162.945334,8,85.888714
-33.322511,8,85.902084
-69.013124,8,85.91585
6.948648,8,85.925629
-19.644902,8,85.936728
-132.385106,8,85.954574
-16.338013,8,85.965842
-16.043833,8,85.975136
-30.076076,8,85.984363
-14.130038,8,85.997857
-3.538392,8,86.007786
-19.606626,8,86.017702
-9.380418,8,86.031144
-70.972196,8,86.04259
-143.156243,8,86.052802
-5.869964,8,86.062476
1.75945,8,86.07251
-15.948299,8,86.089384
2.511422,8,86.100212
-42.118179,8,86.110748
-12.296675,8,86.119847
6.671653,8,86.137411
-139.182838,8,86.14784
-29.57719,8,86.157791
-11.316641,8,86.170003
-61.17696,8,86.180713
3.291602,8,86.191735
-120.700907,8,86.202724
-12.142306,8,86.215707
-64.530178,8,86.233804
-4.017259,8,86.251677
-28.552929,8,86.264889
-10.35431,8,86.274456
-123.878362,8,86.288507
3.833579,8,86.298277
-100.99862,8,86.308305
-93.005784,8,86.316072
-64.11435,8,86.33186
5.081682,8,86.34154
-24.718759,8,86.349601
7.826181,8,86.365656
-154.170823,8,86.381433
6.764739,8,86.395218
-14.95981,8,86.406926
-39.976723,8,86.422607
-172.174718,8,86.422607
-12.838183,8,86.436495
-35.593702,8,86.455193
-112.332566,8,86.466667
-6.374128,8,86.486055
-60.691131,8,86.496089
-38.51724,8,86.50587
8.349099,8,86.515649
-43.29192,8,86.533327
-57.804181,8,86.543374
-15.681442,8,86.549181
-12.774968,8,86.571029
0.841374,8,86.583338
-28.28907,8,86.598391
-8.42786,8,86.609672
4.038309,8,86.619713
-1.888659,8,86.627478
-9.220619,8,86.64537
-27.341325,8,86.655384
-8.592224,8,86.665151
-102.363277,8,86.67895
-5.752229,8,86.692754
4.477001,8,86.708194
-6.556263,8,86.720255
-73.011279,8,86.720255
-36.860603,8,86.74339
-10.310224,8,86.754249
-54.664514,8,86.764421
-40.357845,8,86.777808
0.070298,8,86.788694
-267.042375,8,86.803711
-94.229359,8,86.814926
-98.408229,8,86.828021
-19.426858,8,86.838356
-35.175554,8,86.84896
-55.811141,8,86.86421
-83.768582,8,86.876078
-66.412338,8,86.884878
-100.878512,8,86.895522
-0.504012,8,86.905549
-14.380165,8,86.91614
5.506328,8,86.931271
1.332608,8,86.933274
-0.474009,8,86.947391
-37.165573,8,86.96331
6.650568,8,86.96331
-41.7626,8,86.979216
-22.884806,8,86.997257
-59.421132,8,87.013148
-41.837938,8,87.031687
-22.495981,8,87.043681
-54.332255,8,87.054812
-44.632171,8,87.068208
-24.36195,8,87.076207
-56.64275,8,87.088701
-83.722586,8,87.1027
-36.819527,8,87.120173
-162.503803,8,87.134068
-40.798682,8,87.144071
-44.252212,8,87.153734
-69.748674,8,87.170043
-16.294881,8,87.178074
-22.330591,8,87.180522
-104.504269,8,87.196553
-88.00841,8,87.211524
-16.378031,8,87.216005
-198.627396,8,87.233729
-121.077931,8,87.243724
2.769504,8,87.257693
-69.0931,8,87.267308
-3.530808,8,87.275339
6.48338,8,87.282371
8.17813,8,87.301253
-0.91627,8,87.311284
-42.066392,8,87.321325
-2.672488,8,87.331106
-35.850595,8,87.341937
-98.674574,8,87.352026
-136.671618,8,87.365051
-7.156081,8,87.374805
-28.011344,8,87.378821
-35.845802,8,87.390628
-29.190865,8,87.390628
0.93091,8,87.406499
-50.319151,8,87.406499
-33.187107,8,87.434195
4.244759,8,87.444233
-21.054287,8,87.454014
-2.477705,8,87.456021
-41.280975,8,87.477602
-10.467812,8,87.487644
-40.247408,8,87.495608
1.231288,8,87.50844
-12.574235,8,87.516573
-2.701911,8,87.524609
-37.782812,8,87.536338
-25.8484,8,87.550256
-17.465417,8,87.564803
-53.945547,8,87.574687
-84.689166,8,87.588863
-18.601588,8,87.605328
-3.458736,8,87.616285
3.842638,8,87.628537
-35.232057,8,87.638842
-40.399685,8,87.771349
-44.786265,8,87.781733
-47.870656,8,87.792695
-102.869872,8,87.800622
-20.182349,8,87.800622
-71.667643,8,87.826566
-42.393654,8,87.83924
-1.802326,8,87.855438
-23.274557,8,87.871422
-4.957252,8,87.880792
-13.421331,8,87.890833
-16.132162,8,87.900373
-19.907162,8,87.912138
-85.375629,8,87.922154
-98.283912,8,87.934747
0.966579,8,87.943779
-20.481458,8,87.955341
-118.685912,8,87.965379
-7.348195,8,87.978828
-60.967703,8,87.991271
-39.192936,8,87.993388
-40.444871,8,88.011854
-6.319874,8,88.020865
-63.234077,8,88.033782
-22.706682,8,88.039926
-63.299726,8,88.050754
0.545436,8,88.070372
-7.294457,8,88.083215
2.959955,8,88.089339
-19.472272,8,88.107437
-10.142371,8,88.11853
-95.216133,8,88.131808
-70.193829,8,88.143131
-1.527588,8,88.155324
6.802129,8,88.167906
-4.508938,8,88.177941
-17.783018,8,88.192388
-16.946327,8,88.204192
-10.490515,8,88.21403
-63.379044,8,88.2215
-62.510719,8,88.237921
-16.940781,8,88.248426
-104.543569,8,88.250632
-9.639864,8,88.265354
-2.081835,8,88.290744
-35.738952,8,88.300745
-8.754033,8,88.310745
4.96735,8,88.317875
-188.321331,8,88.329573
-77.463397,8,88.331391
-19.240192,8,88.347613
-68.343577,8,88.347613
-7.581028,8,88.365269
-16.192215,8,88.377315
-33.156699,8,88.377315
-2.678836,8,88.394048
-83.362336,8,88.412921
-35.57969,8,88.424964
-79.378746,8,88.433084
-20.845093,8,88.440633
-19.759782,8,88.440633
-40.314667,8,88.456706
-83.771393,8,88.472684
-16.033524,8,88.472684
-85.854803,8,88.488884
0.565784,8,88.504766
-1.482263,8,88.504766
-2.131821,8,88.525745
5.167065,8,88.544788
-102.886485,8,88.556557
-36.633497,8,88.566693
3.569953,8,88.5762
-40.705732,8,88.590898
4.679483,8,88.604903
-73.759286,8,88.614578
-16.056849,8,88.624787
-100.026097,8,88.641683
5.428548,8,88.655544
-3.974725,8,88.667487
-6.302448,8,88.679536
-13.21614,8,88.693184
-1.912734,8,88.708691
-11.94372,8,88.722311
-60.561497,8,88.730078
-2.840695,8,88.744157
-53.470765,8,88.763179
-4.222385,8,88.775233
-96.439539,8,88.78685
-44.632575,8,88.799945
-93.987737,8,88.806976
-123.81236,8,88.816592
-0.675651,8,88.836694
-59.761674,8,88.850488
-42.800973,8,88.865296
2.364214,8,88.871326
3.054847,8,88.887179
-66.635403,8,88.905308
-10.335487,8,88.915342
-42.259708,8,88.91709
-51.266738,8,88.940823
-58.884418,8,88.955169
-103.604182,8,88.964425
-88.428451,8,88.964425
-1.107751,8,88.986531
-46.074392,8,89.058905
-7.509194,8,89.067821
-87.366147,8,89.082539
2.951021,8,89.093627
-6.077409,8,89.107361
0.701757,8,89.107361
-45.900562,8,89.123259
-10.372052,8,89.123259
-0.81747,8,89.149838
-16.98321,8,89.16312
-40.068853,8,89.171153
-27.281031,8,89.18091
-7.713065,8,89.194387
-47.116078,8,89.204427
3.189508,8,89.216174
2.383655,8,89.21818
-18.290653,8,89.234167
-47.5004,8,89.250306
-10.931265,8,89.260343
1.918432,8,89.270595
-68.107637,8,89.283858
-123.768962,8,89.29335
-13.887022,8,89.30229
1.172172,8,89.313333
-0.552266,8,89.317666
-4.392923,8,89.334322
-130.599616,8,89.347096
-68.464216,8,89.362693
2.924046,8,89.383332
-11.309284,8,89.393274
-78.305751,8,89.401312
-71.774551,8,89.414614
-0.45479,8,89.426295
0.315403,8,89.426295
1.336884,8,89.442464
-28.31206,8,89.456476
-64.14781,8,89.472196
-86.473578,8,89.472196
0.958639,8,89.488117
-66.053963,8,89.503959
6.835119,8,89.51992
-59.82356,8,89.524989
-106.29653,8,89.540119
4.450621,8,89.550156
-1.271557,8,89.561662
-2.720226,8,89.56942
0.31708,8,89.56942
-118.030758,8,89.585299
-143.97501,8,89.601373
-64.208055,8,89.617353
-71.224691,8,89.617353
-54.792367,8,89.631371
1.645933,8,89.652094
-83.317672,8,89.663213
4.404139,8,89.663213
6.319817,8,89.678904
-16.08556,8,89.692502
-21.821689,8,89.702468
-17.63526,8,89.710231
-37.695952,8,89.721407
-48.180958,8,89.734013
5.243437,8,89.742048
-40.071323,8,89.750078
-91.405994,8,89.759854
-39.707573,8,89.773523
-120.427468,8,89.773523
-82.595838,8,89.793762
6.161525,8,89.805707
-18.842735,8,89.809721
-88.606461,8,89.823934
-162.197717,8,89.839684
1.145196,8,89.839684
-5.132895,8,89.855653
-98.916358,8,89.869742
-9.864028,8,89.879395
-3.820855,8,89.887152
5.998526,8,89.900948
3.923215,8,89.918763
-105.222288,8,89.930973
-37.722806,8,89.944755
-4.487044,8,89.95051
0.708998,8,89.966534
10.122279,8,89.966534
-79.202299,8,89.980582
-30.75651,8,89.998365
-147.855674,8,89.998365
-11.968835,8,90.012403
-6.709983,8,90.012403
-142.549803,8,90.032384
-38.082785,8,90.056236
-145.326762,8,90.068257
-96.361055,8,90.076705
-25.031071,8,90.076705
-17.365015,8,90.0919
-69.118827,8,90.109637
-56.191298,8,90.115665
3.121853,8,90.12369
-95.818781,8,90.144247
-63.071717,8,90.154003
-93.844902,8,90.166648
-133.508251,8,90.171574
-45.122736,8,90.187522
7.177444,8,90.203706
-27.43957,8,90.212705
3.378382,8,90.227345
-72.232238,8,90.236529
8.749786,8,90.246285
-2.440433,8,90.256325
6.111387,8,90.274107
-58.063986,8,90.282913
2.398848,8,90.290924
-44.42475,8,90.299955
-18.235,8,90.311833
-103.47209,8,90.321869
-23.354482,8,90.333643
-3.561841,8,90.341396
-31.709331,8,90.38244
0.04621,8,90.388969
-108.340141,8,90.405113
-50.464782,8,90.416733
-21.912305,8,90.429024
-122.198532,8,90.431467
-28.001732,8,90.431467
-12.996783,8,90.450697
2.507603,8,90.468835
-35.577545,8,90.468835
-0.336944,8,90.484164
-46.949668,8,90.508464
-47.202909,8,90.517871
-101.179225,8,90.517871
-121.418129,8,90.540456
-0.597155,8,90.551222
-96.282808,8,90.563382
-21.045617,8,90.57095
1.682496,8,90.582324
-95.20138,8,90.592362
-108.414813,8,90.608342
-92.418815,8,90.61998
-33.523878,8,90.630016
1.463746,8,90.647403
6.371861,8,90.65076
-6.379686,8,90.66747
-53.020509,8,90.681751
-21.616937,8,90.692297
-29.64671,8,90.706506
-60.072639,8,90.718506
-38.274989,8,90.728505
-27.085582,8,90.730814
8.039313,8,90.750077
-3.191617,8,90.760103
-63.750642,8,90.768125
-9.759403,8,90.7779
-5.509959,8,90.793733
-104.617145,8,90.801747
-24.828384,8,90.811502
-11.304828,8,90.821512
-1.007022,8,90.825267
-13.922107,8,90.844982
2.46905,8,90.852991
-13.147328,8,90.856737
-78.621919,8,90.872404
-16.978384,8,90.872404
-61.937658,8,90.88809
5.199253,8,90.88809
-16.974694,8,90.903786
-90.0526,8,90.924376
-6.055779,8,90.934412
-35.184728,8,90.948231
-62.773261,8,90.960234
-75.671595,8,90.971564
-52.043041,8,90.983818
1.427064,8,90.994214
-13.738726,8,91.008559
-72.767841,8,91.019858
0.638158,8,91.029855
-117.593229,8,91.041866
-47.037869,8,91.059672
-25.192585,8,91.07646
-106.244549,8,91.092057
-49.107656,8,91.104102
-13.089261,8,91.117844
-89.502009,8,91.12788
0.385718,8,91.139664
2.132141,8,91.14945
-21.4856,8,91.169396
-1.165384,8,91.185213
-40.484248,8,91.197773
0.086455,8,91.208822
-155.107435,8,91.223846
-14.125358,8,91.232884
2.304772,8,91.252311
-35.661006,8,91.268383
1.171791,8,91.286505
-8.028578,8,91.300665
-129.551878,8,91.316232
-59.891828,8,91.328073
-56.606858,8,91.343874
-129.976012,8,91.353816
-66.759555,8,91.367542
-10.630472,8,91.367542
-87.63489,8,91.397376
-13.237203,8,91.407382
-6.921546,8,91.422446
3.252955,8,91.433843
-74.494875,8,91.447379
-49.301807,8,91.449506
4.255857,8,91.465348
-0.501777,8,91.465348
-12.847389,8,91.483968
-98.959077,8,91.505402
-17.036177,8,91.515184
-79.848647,8,91.515184
-4.246061,8,91.540141
-1.136113,8,91.542144
6.585024,8,91.565123
-24.896444,8,91.574129
0.694497,8,91.587785
-105.619536,8,91.607538
9.120289,8,91.619511
-2.288784,8,91.629519
-33.275486,8,91.642723
-62.138813,8,91.654011
-26.866002,8,91.662041
-26.834521,8,91.675387
6.482938,8,91.689965
3.852775,8,91.700627
2.632516,8,91.710626
-48.455073,8,91.716457
-22.677044,8,91.735764
4.954561,8,91.755365
-16.600909,8,91.764341
-1.732555,8,91.765343
-0.376647,8,91.786775
-58.11025,8,91.794775
0.151376,8,91.80456
-12.023433,8,91.814558
-41.85789,8,91.830565
-13.731419,8,91.838318
-17.604313,8,91.848076
-24.76126,8,91.861858
-51.298155,8,91.873622
2.462794,8,91.877626
6.827195,8,91.877626
-85.913132,8,91.89372
-130.501382,8,91.911698
-48.235634,8,91.911698
-9.722393,8,91.925685
-4.589658,8,91.94741
-31.86568,8,91.957559
4.673252,8,91.966707
-48.593139,8,91.979508
-131.065262,8,91.995777
-10.864358,8,92.005048
-147.577525,8,92.021045
0.357808,8,92.021045
-6.669278,8,92.039086
-18.919587,8,92.053024
-5.070119,8,92.069688
1.05803,8,92.081562
1.252561,8,92.092606
0.204931,8,92.10461
-17.049345,8,92.11464
-30.765953,8,92.124465
-70.009775,8,92.136248
-23.50366,8,92.15348
-18.835507,8,92.161515
1.190555,8,92.167541
-163.668668,8,92.187665
-43.630082,8,92.201513
-97.338617,8,92.211425
-5.279511,8,92.221499
-31.287987,8,92.231411
-22.015259,8,92.235938
-3.432322,8,92.251373
-62.87427,8,92.263328
-7.19273,8,92.273344
1.974688,8,92.289238
-5.424131,8,92.306188
-19.630731,8,92.312211
-34.640396,8,92.312211
-56.038689,8,92.333952
-17.452789,8,92.341983
-48.636217,8,92.350013
-0.063814,8,92.355798
-1.055947,8,92.37431
1.281135,8,92.384556
-65.742773,8,92.393556
-185.306201,8,92.397547
-4.764407,8,92.413553
-3.983218,8,92.435081
-36.1943,8,92.446079
-34.960595,8,92.458078
-138.774477,8,92.472448
-154.261647,8,92.481167
-4.951044,8,92.490896
-56.987379,8,92.49841
-100.684328,8,92.510739
-5.644903,8,92.522526
-9.91504,8,92.531348
-74.255437,8,92.543975
4.632865,8,92.543975
-36.652894,8,92.565288
-72.100497,8,92.579886
3.035331,8,92.579886
-49.902999,8,92.593876
-4.440088,8,92.609657
-29.503504,8,92.609657
-47.51801,8,92.633365
-5.225011,8,92.650178
6.413773,8,92.660743
-107.327957,8,92.66999
-54.216065,8,92.679993
-0.094934,8,92.694809
-68.426759,8,92.706591
-97.76091,8,92.721534
-2.363984,8,92.735892
-6.922475,8,92.747934
-181.440523,8,92.758878
-2.780007,8,92.768878
-39.296783,8,92.778566
-28.252368,8,92.791846
-99.494767,8,92.801925
-11.175001,8,92.811693
-41.309096,8,92.822956
-34.811264,8,92.838911
-16.269488,8,92.84945
-103.272838,8,92.859673
-78.264384,8,92.873636
-54.945355,8,92.887866
-93.485403,8,92.898233
0.744813,8,92.908858
-49.354449,8,92.918993
-39.533701,8,92.931085
-41.114385,8,92.944727
-43.523479,8,92.95556
-66.743181,8,92.9646
-29.982603,8,92.977621
-16.053776,8,92.987611
-12.809781,8,92.998185
-0.287298,8,93.012724
-144.953934,8,93.02608
-45.988138,8,93.034566
-118.215943,8,93.048093
-35.569194,8,93.058646
-99.773487,8,93.071987
-0.385619,8,93.081124
-85.398774,8,93.089849
-5.342879,8,93.10002
-33.24114,8,93.208912
8.656149,8,93.218663
2.886657,8,93.227547
-10.227235,8,93.236715
-70.023375,8,93.256997
-24.338434,8,93.266845
-45.745652,8,93.276986
8.328057,8,93.286763
-50.368481,8,93.299127
-71.836544,8,93.306992
-21.697923,8,93.314682
-160.364026,8,93.321898
8.448066,8,93.334066
-1.853552,8,93.341062
-18.30382,8,93.347549
-0.613526,8,93.347549
8.123725,8,93.379072
-65.548707,8,93.395079
-17.930952,8,93.403981
6.072645,8,93.4131
-34.255693,8,93.43036
-92.212754,8,93.43839
-37.819803,8,93.450441
-3.851914,8,93.460224
-1.578657,8,93.478018
-6.027042,8,93.4885
-17.112056,8,93.49603
-20.947532,8,93.505817
-27.979435,8,93.520482
-203.8678,8,93.537959
-20.857987,8,93.554389
-107.247234,8,93.569346
-2.809836,8,93.600142
3.179277,8,93.623304
-28.537282,8,93.649707
-7.215136,8,93.662702
-38.438308,8,93.684873
-28.961553,8,93.70935
4.767314,8,93.727843
-3.803053,8,93.743388
-62.958695,8,93.762974
-76.377214,8,93.785505
1.508544,8,93.805504
-45.636314,8,93.822942
-10.453983,8,93.838898
4.435672,8,93.853012
-22.96363,8,93.866014
-32.544983,8,93.884591
-12.695853,8,93.910108
-15.99131,8,93.935016
5.36116,8,93.951788
-70.222369,8,93.975293
-31.049493,8,94.000163
1.254842,8,94.014476
-66.842878,8,94.048897
-30.061916,8,94.066324
-17.451835,8,94.093323
-22.562807,8,94.113793
-19.878436,8,94.128662
-0.751526,8,94.142797
-62.96592,8,94.161233
-86.876531,8,94.173176
-26.689632,8,94.186738
4.424039,8,94.197403
-18.648689,8,94.214166
-27.463314,8,94.228028
7.572459,8,94.245873
-0.352347,8,94.259103
-94.909983,8,94.27471
-49.524618,8,94.288753
-20.595132,8,94.300589
-40.343796,8,94.31159
-27.511948,8,94.325559
-117.68438,8,94.336761
-89.95361,8,94.348342
-139.215558,8,94.359833
1.46311,8,94.373399
2.061948,8,94.389395
-7.978847,8,94.403222
4.217856,8,94.420732
-21.375655,8,94.437862
-9.941533,8,94.493963
-95.136097,8,94.508549
-1.41333,8,94.520082
-26.559915,8,94.533861
-17.867206,8,94.545374
-183.889394,8,94.558193
-35.958406,8,94.570186
-9.127015,8,94.584206
-74.220678,8,94.595065
-19.703164,8,94.606162
-25.387656,8,94.627014
-5.520934,8,94.637324
-77.273665,8,94.650541
-16.210284,8,94.660631
-65.780042,8,94.672763
-28.838643,8,94.685857
-11.238118,8,94.687169
1.162994,8,94.709486
-13.185665,8,94.719485
-79.846237,8,94.73816
-5.40353,8,94.749171
-19.969,8,94.760162
2.324265,8,94.770382
-1.661542,8,94.788374
3.41073,8,94.798296
9.286838,8,94.798296
-46.450015,8,94.815504
-83.741093,8,94.827801
-45.264833,8,94.839065
-0.036153,8,94.854899
-50.542523,8,94.866102
-31.96055,8,94.870055
-146.841076,8,94.888477
-21.813207,8,94.899508
-31.585316,8,94.909509
-23.961488,8,94.927698
-0.131827,8,94.938147
-60.062229,8,94.949178
-144.856229,8,94.960667
-150.504225,8,94.978168
-125.825602,8,94.988295
-44.805871,8,94.998042
8.606699,8,94.998042
-36.23989,8,95.017949
-33.969467,8,95.034865
-112.80144,8,95.044865
-11.746348,8,95.055125
-12.931184,8,95.068538
-43.94373,8,95.088617
0.641816,8,95.098715
-11.616651,8,95.108716
-34.579471,8,95.122478
-28.581048,8,95.134161
-10.137452,8,95.147672
-9.542231,8,95.15968
-95.288911,8,95.173676
-2.241147,8,95.183284
-25.808583,8,95.193284
-16.222499,8,95.207363
1.575017,8,95.219869
-195.233754,8,95.233926
-19.774913,8,95.243974
-31.58103,8,95.253753
-107.83953,8,95.266271
-88.338432,8,95.276304
-134.826399,8,95.285563
-105.399952,8,95.291573
-50.09647,8,95.304115
-81.212641,8,95.314151
-188.607293,8,95.322179
-22.179499,8,95.331712
-2.739211,8,95.343749
-125.531084,8,95.355809
-7.755607,8,95.370749
-86.987193,8,95.380733
-119.086424,8,95.380733
0.883536,8,95.400336
-19.967686,8,95.410089
5.941211,8,95.423388
-93.101632,8,95.434094
-17.050217,8,95.443871
-1.019093,8,95.453496
-64.037479,8,95.463274
-0.57054,8,95.474984
5.155932,8,95.484547
7.971174,8,95.501069
-21.839552,8,95.51061
-36.758268,8,95.526018
-114.146606,8,95.538045
0.902755,8,95.547843
-90.87339,8,95.557492
-88.368451,8,95.569888
0.777342,8,95.577467
1.316033,8,95.587224
-3.956276,8,95.595234
2.67124,8,95.603018
-69.425309,8,95.617058
-73.266678,8,95.617058
-11.886127,8,95.637948
-42.828515,8,95.649555
-20.324728,8,95.666517
-35.368121,8,95.676547
-7.719658,8,95.680303
-94.39454,8,95.695446
-17.407418,8,95.699455
-85.982583,8,95.713582
-65.767866,8,95.713582
-67.396231,8,95.727803
-102.018596,8,95.745713
-15.118974,8,95.745713
-27.164743,8,95.764703
-50.379666,8,95.778537
-2.715765,8,95.793865
-2.335238,8,95.807717
-76.799108,8,95.807717
-24.405741,8,95.831604
2.774244,8,95.843966
-124.387081,8,95.854015
-56.116073,8,95.868081
-12.769286,8,95.883122
-120.473124,8,95.893549
-1.054529,8,95.903084
6.108718,8,95.911116
-16.199411,8,95.92957
-57.137286,8,95.940607
-20.851813,8,95.952382
-23.406736,8,95.961386
-3.440992,8,95.984536
-122.283786,8,96.000344
-115.636196,8,96.014149
-111.066076,8,96.024193
-34.419881,8,96.036271
-19.414664,8,96.047343
-66.369133,8,96.056343
-87.216646,8,96.056343
-61.538017,8,96.094044
-143.746776,8,96.107842
-22.650015,8,96.125653
-1.202054,8,96.14146
-23.205869,8,96.155524
-68.24711,8,96.171339
5.390376,8,96.182687
-114.398683,8,96.198338
-50.290844,8,96.218027
-109.63202,8,96.218027
-62.572953,8,96.230067
-29.842677,8,96.248
-85.94947,8,96.261994
2.975947,8,96.277851
-16.10236,8,96.277851
-20.736502,8,96.304134
-73.598582,8,96.315927
-99.953124,8,96.323962
-59.411406,8,96.333745
-89.939498,8,96.345525
-30.743092,8,96.357488
-28.066292,8,96.36751
-55.364528,8,96.37326
-92.567958,8,96.37326
6.523002,8,96.399489
-61.537347,8,96.411357
-59.396272,8,96.421229
-32.418006,8,96.437203
-120.219134,8,96.441618
1.315055,8,96.457299
-16.723074,8,96.457299
-67.813915,8,96.469266
-12.755767,8,96.490874
4.446918,8,96.501104
-65.625923,8,96.501104
-32.231847,8,96.518894
-9.990383,8,96.530796
-52.593616,8,96.540576
-26.818441,8,96.552243
-31.792324,8,96.565885
-33.297011,8,96.565885
8.407331,8,96.582032
6.322599,8,96.596156
3.547878,8,96.596156
-6.009607,8,96.616286
-160.050532,8,96.628405
-51.353791,8,96.6335
-19.99392,8,96.650541
-19.169391,8,96.660434
10.166276,8,96.671521
-33.512607,8,96.684544
-60.695246,8,96.692311
-127.875194,8,96.705289
-63.213195,8,96.714323
-85.732942,8,96.724097
-32.604944,8,96.734299
-43.960214,8,96.745705
-12.420326,8,96.755337
12.342081,8,96.764995
-27.831974,8,96.770744
-8.442553,8,96.770744
-17.111551,8,96.786512
-27.410913,8,96.786512
-6.5086,8,96.814076
-149.211665,8,96.818669
-69.535326,8,96.818669
-72.469674,8,96.834686
-67.15807,8,96.834686
-1.785815,8,96.856266
-18.822926,8,96.8686
-23.587537,8,96.882641
-16.31974,8,96.882641
-120.963023,8,96.898335
3.658725,8,96.898335
1.260167,8,96.920568
10.838784,8,96.933916
-0.294416,8,96.945774
5.039257,8,96.955816
-17.620986,8,96.969496
4.678882,8,96.977249
-38.409834,8,96.989228
-73.937034,8,96.999002
-4.043926,8,97.008782
-43.156103,8,97.016811
-71.160223,8,97.028868
5.105373,8,97.038901
-48.78421,8,97.046667
-136.07234,8,97.056442
-40.99645,8,97.076546
-46.692822,8,97.091919
-11.691753,8,97.101775
-21.60155,8,97.11153
1.665551,8,97.123319
-16.44561,8,97.131225
-19.652176,8,97.139275
-13.408951,8,97.148276
-19.861643,8,97.158796
-181.623076,8,97.169953
-38.514411,8,97.177985
-23.17941,8,97.190911
4.270079,8,97.207453
-60.423854,8,97.219223
-102.567405,8,97.228721
-104.197941,8,97.236473
-1.64454,8,97.250477
-78.993719,8,97.259974
-2.148411,8,97.267999
-60.820193,8,97.2774
-10.053993,8,97.291904
2.339306,8,97.302332
-4.038497,8,97.310364
-81.281405,8,97.318397
-110.979127,8,97.330179
-38.430646,8,97.345982
-7.718711,8,97.355762
-0.279375,8,97.363785
-67.9232,8,97.377577
-54.129202,8,97.385349
-17.61688,8,97.385349
-129.358647,8,97.401735
0.964246,8,97.415491
-18.10722,8,97.424676
-117.57047,8,97.432045
-10.535156,8,97.432045
-18.871354,8,97.454036
-15.254011,8,97.468237
0.083812,8,97.470681
-87.052013,8,97.487257
-57.937353,8,97.499561
-80.110972,8,97.509439
1.140825,8,97.520617
4.13486,8,97.534861
4.84767,8,97.544014
-7.777461,8,97.557569
-26.959512,8,97.567216
-3.213567,8,97.57807
-2.740612,8,97.590762
0.250984,8,97.602536
-9.688691,8,97.615415
-39.986727,8,97.625406
6.505781,8,97.63996
-64.806724,8,97.649888
6.387778,8,97.657887
-10.799264,8,97.666551
-8.68414,8,97.677878
-9.973645,8,97.688508
-16.468874,8,97.698042
-8.01561,8,97.708073
-18.723957,8,97.719829
8.689345,8,97.729607
-14.911077,8,97.73814
-70.462827,8,97.745367
-31.864275,8,97.769382
-70.100822,8,97.779161
-8.941679,8,97.787187
-10.752382,8,97.79696
-22.276838,8,97.80878
-3.750923,8,97.818818
-60.525689,8,97.826585
-18.19934,8,97.826585
-60.621746,8,97.851011
-78.25024,8,97.86367
-23.376692,8,97.871716
-233.929416,8,97.885768
0.406306,8,97.897749
-8.064392,8,97.909549
-115.434369,8,97.919215
-11.938468,8,97.927224
-70.558379,8,97.940676
-64.553031,8,97.949838
-72.448565,8,97.956838
-37.786284,8,97.969294
-18.745345,8,97.981113
-0.449361,8,97.99114
-213.003863,8,98.000172
-35.021969,8,98.014243
-86.934388,8,98.024821
-32.810286,8,98.032332
-78.696313,8,98.038339
-2.055865,8,98.046092
-123.286315,8,98.059773
0.952533,8,98.069532
-124.760107,8,98.083957
-100.674343,8,98.095016
-100.741542,8,98.108768
-4.241671,8,98.117246
7.210606,8,98.125245
-49.226456,8,98.133295
-41.022421,8,98.148294
-100.73854,8,98.148294
-5.228854,8,98.168055
-6.75242,8,98.172065
-63.109789,8,98.194323
-73.250608,8,98.206121
0.266896,8,98.214463
-116.450727,8,98.232122
-66.723517,8,98.246141
-164.397919,8,98.259367
3.709941,8,98.270929
-52.894974,8,98.284997
-7.0846,8,98.312597
6.956595,8,98.328406
-48.322036,8,98.342206
-52.911229,8,98.356011
-56.403277,8,98.369806
-79.494837,8,98.382526
-88.878156,8,98.391553
-14.504953,8,98.40734
2.748232,8,98.423139
-37.804145,8,98.436951
1.168251,8,98.450743
5.539399,8,98.460772
-21.417639,8,98.464525
-47.12278,8,98.48321
-11.430305,8,98.501218
-2.580245,8,98.516573
-37.220428,8,98.53917
8.114045,8,98.554281
0.463153,8,98.563866
-68.588676,8,98.575631
4.652353,8,98.678595
-100.954331,8,98.69038
-28.905033,8,98.698412
-102.589142,8,98.706183
-21.190129,8,98.719934
6.710547,8,98.734792
-48.148377,8,98.74472
-24.110711,8,98.748156
-12.909863,8,98.767277
-21.944647,8,98.770276
-66.715489,8,98.789459
-17.845405,8,98.800543
-45.199892,8,98.81426
1.992791,8,98.820267
-45.131883,8,98.835925
3.697234,8,98.839747
-1.791926,8,98.86424
-55.916353,8,98.876004
-66.042756,8,98.89136
-19.773363,8,98.903965
-24.808474,8,98.918367
-26.787555,8,98.928198
-19.87203,8,98.937324
2.909659,8,98.949599
-3.190247,8,98.960613
-8.705694,8,98.974613
-44.072041,8,98.984118
-165.29995,8,98.994118
-111.618965,8,98.999604
-85.029413,8,99.013143
-17.41686,8,99.028807
-4.407787,8,99.032544
-133.557849,8,99.050738
-26.040917,8,99.058767
-57.711954,8,99.062528
-2.94857,8,99.082255
-30.982997,8,99.09753
-90.189012,8,99.099609
8.509575,8,99.114213
-94.425742,8,99.125223
-30.376214,8,99.137358
-118.690967,8,99.146366
-66.493446,8,99.148362
-116.096267,8,99.166022
-101.460509,8,99.188532
-36.843975,8,99.195567
-165.019321,8,99.205598
6.374372,8,99.211357
-97.290305,8,99.227123
4.989558,8,99.235135
-12.037967,8,99.24489
-31.094208,8,99.252642
-20.265264,8,99.258687
-75.072834,8,99.258687
-42.907741,8,99.280616
2.019306,8,99.29039
-34.493606,8,99.311357
-5.020555,8,99.321698
-44.501562,8,99.330683
0.197107,8,99.339045
-1.094041,8,99.349738
-29.91576,8,99.349738
-94.549008,8,99.368798
-26.71491,8,99.378618
-74.488855,8,99.39205
-99.735082,8,99.404091
2.379718,8,99.413822
-77.55475,8,99.42526
-10.688679,8,99.447529
1.680234,8,99.461084
-10.131415,8,99.472976
-59.355899,8,99.481555
3.246782,8,99.506626
-15.206851,8,99.516498
-36.137294,8,99.526391
6.802943,8,99.537346
-66.019413,8,99.553986
-82.102291,8,99.553986
-7.407418,8,99.570727
5.506026,8,99.583946
-16.845582,8,99.601718
-150.019677,8,99.604054
-29.770444,8,99.625275
-26.255768,8,99.635265
-45.949281,8,99.648927
-23.108675,8,99.658925
-64.548291,8,99.66941
-108.071077,8,99.67941
0.185213,8,99.692981
-114.578029,8,99.702516
7.955135,8,99.712289
3.289373,8,99.721953
-77.475152,8,99.737513
-47.50731,8,99.753336
-22.366443,8,99.763116
-21.519577,8,99.773158
-97.319662,8,99.774908
-90.903323,8,99.790735
6.137871,8,99.790735
-13.886326,8,99.810705
6.087272,8,99.8222
-46.570525,8,99.831669
-27.613799,8,99.844235
-11.3527,8,99.853268
-29.178989,8,99.865581
-3.824143,8,99.869335
-86.437864,8,99.887203
-3.204466,8,99.962442
5.928577,8,99.972791
9.097344,8,99.98255
-36.339674,8,99.98255
-56.289431,8,99.996623
-5.512614,8,99.998632
-0.003303,8,100.020456
-103.749296,8,100.029456
-17.703563,8,100.039368
6.747397,8,100.048746
-18.916845,8,100.048746
-111.121676,8,100.068636
-70.716039,8,100.084675
-36.163519,8,100.099208
-21.732926,8,100.107219
-17.330522,8,100.116714
-95.888524,8,100.125946
-103.612138,8,100.129953
-1.447591,8,100.146088
-37.551734,8,100.146088
-64.480067,8,100.162131
-69.051952,8,100.178
-17.257088,8,100.183414
-6.286002,8,100.192057
-69.9696,8,100.209949
-99.271723,8,100.223848
-46.060887,8,100.223848
-45.523083,8,100.23976
-66.81153,8,100.23976
-85.522429,8,100.2556
-29.29032,8,100.273424
-3.485859,8,100.28336
-12.920339,8,100.300065
-31.116463,8,100.311618
-200.4135,8,100.321458
7.457973,8,100.335213
-12.956554,8,100.350585
-44.418026,8,100.353302
-45.858415,8,100.374789
3.401486,8,100.382316
-121.144451,8,100.393936
-11.049887,8,100.412028
2.711691,8,100.421808
-3.883601,8,100.42958
-24.151291,8,100.441188
2.704927,8,100.456475
6.681716,8,100.466076
-84.274833,8,100.474103
-19.976749,8,100.48739
2.124134,8,100.501988
1.715667,8,100.513766
-49.447885,8,100.524268
-0.948962,8,100.53632
-43.81393,8,100.549629
-53.551959,8,100.561411
7.766169,8,100.571191
-170.952247,8,100.583237
-2.952876,8,100.597037
-38.530982,8,100.605921
-3.432759,8,100.615954
-25.704852,8,100.63042
-19.013375,8,100.646139
-3.994362,8,100.649897
-91.453194,8,100.671592
2.361651,8,100.685394
-91.046008,8,100.699249
-9.066757,8,100.711287
-173.19109,8,100.719053
4.595578,8,100.733787
-25.8811,8,100.754752
-65.387412,8,100.766543
-27.48738,8,100.779187
-48.313238,8,100.792334
-63.96475,8,100.819516
5.474321,8,100.831569
-137.170489,8,100.84685
5.067584,8,100.859342
-156.139111,8,100.878949
-52.03635,8,100.891944
-16.221953,8,100.904186
-39.435849,8,100.916197
-3.841584,8,100.9327
8.022577,8,100.946036
-37.999256,8,100.964752
-22.938253,8,100.978744
-22.763202,8,100.995896
-13.520795,8,101.017033
-76.537446,8,101.030055
-47.92664,8,101.043717
5.320226,8,101.064609
-92.149508,8,101.076579
-18.091996,8,101.091956
-7.24255,8,101.106513
-1.166103,8,101.122039
-15.581091,8,101.133395
-2.861121,8,101.145395
-13.014218,8,101.157202
-71.55073,8,101.174396
1.333377,8,101.191148
-143.844879,8,101.203087
-133.720608,8,101.217391
-29.735001,8,101.230403
5.487738,8,101.241307
-16.19734,8,101.251866
-54.709926,8,101.276409
2.823527,8,101.282663
-31.463885,8,101.304006
-25.290481,8,101.314021
-12.706028,8,101.321514
-66.634415,8,101.335751
-87.272001,8,101.345437
-2.131601,8,101.357481
8.252745,8,101.369269
-25.413892,8,101.380954
0.005881,8,101.393229
-73.539146,8,101.406684
-107.257303,8,101.418581
-86.774796,8,101.431425
-109.210521,8,101.443037
-106.047672,8,101.451067
-67.726137,8,101.461636
-1.639727,8,101.477038
-35.175901,8,101.488441
-1.439622,8,101.508094
-105.624267,8,101.519862
1.278994,8,101.535574
3.095985,8,101.547624
-18.550534,8,101.558446
-22.327311,8,101.567483
-16.281988,8,101.583128
7.249167,8,101.599719
-78.298879,8,101.599719
7.854136,8,101.628581
-61.726284,8,101.634588
-61.443866,8,101.64847
5.792351,8,101.666686
-4.478115,8,101.684057
-36.613658,8,101.691817
6.597276,8,101.710309
-18.728355,8,101.72683
-131.743865,8,101.739758
3.329841,8,101.756271
-50.535031,8,101.766291
-114.625106,8,101.778401
-108.33906,8,101.790167
-5.00936,8,101.804121
-3.361692,8,101.814157
-61.878905,8,101.825948
5.003541,8,101.846326
-80.619161,8,101.859888
-33.089828,8,101.865655
-6.883565,8,101.865655
-8.622808,8,101.881721
-2.892527,8,101.8994
0.074406,8,101.909436
2.303506,8,101.917204
0.063697,8,101.917204
-6.093201,8,101.943449
2.649608,8,101.951196
-20.758421,8,101.964812
-28.298874,8,101.974848
-35.527956,8,101.994803
1.541985,8,102.0078
-53.998331,8,102.016841
-11.701622,8,102.028222
-119.201662,8,102.040612
-81.40656,8,102.04262
-16.3703,8,102.05835
-90.127949,8,102.073529
-18.818642,8,102.090565
5.164284,8,102.102022
-58.660488,8,102.112061
-2.214446,8,102.122305
-63.913876,8,102.137314
0.722172,8,102.146318
-20.865141,8,102.148339
-135.376155,8,102.166158
6.676834,8,102.182112
-3.545251,8,102.192525
-26.395043,8,102.203568
-44.53283,8,102.211335
8.907983,8,102.222909
-136.970765,8,102.232244
-36.415853,8,102.241739
-134.864246,8,102.250358
-3.542356,8,102.26366
-1.470777,8,102.278583
-42.289791,8,102.290024
-2.973978,8,102.296736
-25.692145,8,102.309581
-41.691134,8,102.31961
2.966046,8,102.329647
0.770183,8,102.341441
1.437499,8,102.355378
-53.771444,8,102.367401
-18.772319,8,102.378695
-107.646149,8,102.392005
-9.439494,8,102.40335
7.337974,8,102.416117
-89.582208,8,102.427403
2.164417,8,102.437439
-20.456294,8,102.451371
-4.460654,8,102.461402
-25.388037,8,102.471175
-42.018441,8,102.47894
-31.403216,8,102.480946
-49.369115,8,102.494701
-12.623031,8,102.514708
-119.225554,8,102.524738
-44.157005,8,102.537789
-17.495697,8,102.545801
-62.565883,8,102.559561
-2.677911,8,102.569603
-3.234622,8,102.573357
-12.135402,8,102.594042
-53.389702,8,102.594042
-30.551352,8,102.616127
-42.716761,8,102.629035
-95.085912,8,102.6368
-29.683405,8,102.646838
-65.053769,8,102.656619
-2.785135,8,102.670532
-18.744073,8,102.670532
-36.141381,8,102.690943
3.225057,8,102.704439
-8.719411,8,102.713904
-108.51885,8,102.727387
-56.963479,8,102.73541
3.83738,8,102.744904
-148.554873,8,102.746907
4.451686,8,102.762852
-26.990339,8,102.772894
-9.534819,8,102.778662
-20.347859,8,102.784353
-6.334403,8,102.79483
-18.985929,8,102.810718
-36.453668,8,102.823731
-21.309709,8,102.833324
-18.75705,8,102.842883
-68.173354,8,102.842883
-166.547829,8,102.860861
-9.773588,8,102.874606
-48.004651,8,102.890702
4.186978,8,102.8999
-68.26185,8,102.906527
3.235448,8,102.913118
-79.408066,8,102.922497
-11.344443,8,102.943264
3.30732,8,102.956392
-14.603179,8,102.96728
-84.597648,8,102.970287
-53.38946,8,102.970287
-13.384237,8,102.986289
-79.884293,8,103.002503
-39.097466,8,103.002503
-72.829547,8,103.018427
-15.482732,8,103.018427
-47.486761,8,103.036513
-9.44933,8,103.056135
-12.305324,8,103.068167
-120.744572,8,103.074194
-49.101938,8,103.084223
-32.947713,8,103.102515
4.437266,8,103.113872
-35.149509,8,103.129631
-27.976012,8,103.131493
-63.999765,8,103.153046
-0.540619,8,103.167299
-125.987407,8,103.177079
6.563996,8,103.179087
-102.146562,8,103.201115
-7.923762,8,103.211153
-3.737932,8,103.221189
2.512715,8,103.239475
-34.379613,8,103.250527
-5.244671,8,103.262318
-74.113406,8,103.270345
1.919151,8,103.287456
-56.163603,8,103.297498
-42.885478,8,103.309373
-61.168684,8,103.318658
-3.407471,8,103.330459
-92.518266,8,103.34273
-43.514602,8,103.351874
-1.182397,8,103.353882
-17.427414,8,103.376099
-57.431872,8,103.39561
2.509481,8,103.408717
-50.728007,8,103.422818
-43.372533,8,103.436361
-17.258365,8,103.44841
-25.066172,8,103.458446
5.294535,8,103.468219
-43.064593,8,103.480091
-35.540885,8,103.488121
-76.44811,8,103.50119
2.300934,8,103.512866
2.218908,8,103.52524
-14.302871,8,103.538956
-16.91337,8,103.538956
-17.545633,8,103.557072
-6.075221,8,103.572782
-42.967811,8,103.572782
-94.564876,8,103.586627
-19.961522,8,103.604995
-59.322502,8,103.618798
-79.907167,8,103.618798
2.672971,8,103.634695
-29.36232,8,103.634695
-89.333236,8,103.659107
-57.658864,8,103.670151
-68.209412,8,103.684036
-43.882629,8,103.694078
-2.117113,8,103.697834
-7.213703,8,103.697834
-183.157655,8,103.718462
-5.71982,8,103.729606
-135.587499,8,103.745425
-40.768718,8,103.756084
-18.544814,8,103.761092
0.252453,8,103.774493
-87.262298,8,103.786263
0.6381,8,103.796045
-17.253448,8,103.809815
-11.71256,8,103.819861
-10.024289,8,103.837204
-149.757597,8,103.844911
-46.440029,8,103.854949
0.151774,8,103.862978
1.169284,8,103.875398
-15.625821,8,103.885153
1.076379,8,103.894667
-68.675548,8,103.904426
-42.017978,8,103.917934
-18.181917,8,103.92769
-40.010516,8,103.937706
6.061865,8,103.951248
-59.305246,8,103.967016
6.085333,8,103.977054
-4.954647,8,103.981691
-33.014488,8,103.981691
-32.616793,8,104.127299
-9.956736,8,104.135077
-3.072231,8,104.143639
-1.328904,8,104.151716
-5.635969,8,104.167678
-59.860571,8,104.176677
-9.436924,8,104.189484
-95.092422,8,104.204478
3.698831,8,104.217579
-6.164849,8,104.227667
-46.061732,8,104.237464
-115.280027,8,104.246442
-4.871866,8,104.251688
-160.387995,8,104.268244
-8.519893,8,104.280315
-123.17472,8,104.290225
-20.535664,8,104.302186
-79.882213,8,104.311955
-5.889683,8,104.321711
-16.086754,8,104.331469
-12.376841,8,104.346858
-13.899586,8,104.356891
-38.424268,8,104.365672
-37.256107,8,104.371696
-15.920748,8,104.385965
-3.200661,8,104.397685
-81.35171,8,104.411739
-152.208029,8,104.424293
2.700736,8,104.437537
-12.433595,8,104.448871
0.528166,8,104.458693
-45.407827,8,104.469323
-24.729314,8,104.489444
-6.550714,8,104.500507
-16.538483,8,104.510687
0.185515,8,104.521848
-36.141876,8,104.535477
5.537177,8,104.54567
-2.455473,8,104.554764
-93.250492,8,104.565142
-45.027928,8,104.578608
-16.66259,8,104.592647
-9.80031,8,104.605729
-32.163765,8,104.618006
-35.346841,8,104.632602
-41.727096,8,104.645997
-144.089941,8,104.657786
-15.864813,8,104.668848
-53.383774,8,104.681551
-102.912209,8,104.691696
-6.593655,8,104.705777
-27.439018,8,104.714382
2.518945,8,104.718394
-1.391654,8,104.72953
5.561552,8,104.745376
-4.942942,8,104.755023
-4.379083,8,104.767045
-57.781908,8,104.782625
-43.808957,8,104.79288
-103.610756,8,104.802919
-116.994972,8,104.816736
1.224522,8,104.82649
-30.264635,8,104.82649
-51.597511,8,104.842343
6.062951,8,104.856333
-17.675084,8,104.856333
-6.584012,8,104.876115
-68.084476,8,104.884126
-38.006824,8,104.89589
-75.149555,8,104.906356
-47.235753,8,104.924314
-177.330456,8,104.933257
-36.706161,8,104.935264
0.128807,8,104.950973
-11.888196,8,104.950973
11.295073,8,104.966697
-2.179646,8,104.984751
-11.704858,8,104.984751
-22.048071,8,104.998793
-11.938977,8,105.014689
-8.857294,8,105.027549
-2.585841,8,105.033551
9.589599,8,105.054135
-2.459439,8,105.064172
-50.940322,8,105.076541
-71.511831,8,105.090331
-24.234121,8,105.099655
5.58986,8,105.111343
-16.761034,8,105.125618
-29.405576,8,105.135369
-6.394549,8,105.144368
-2.732433,8,105.158561
1.461702,8,105.169635
-1.04519,8,105.177665
-10.851039,8,105.179673
-75.893337,8,105.202749
-71.153149,8,105.216439
11.82769,8,105.226234
-2.545402,8,105.236062
-64.136994,8,105.245062
-20.402593,8,105.258123
-67.353225,8,105.265108
-159.031691,8,105.265108
-79.860775,8,105.28379
2.181164,8,105.296438
-50.935051,8,105.312533
-18.594819,8,105.312533
-53.14107,8,105.32856
-59.558204,8,105.348791
-17.734035,8,105.399832
-33.753182,8,105.420781
6.526481,8,105.434524
-7.829465,8,105.446547
-54.776745,8,105.454109
-29.897649,8,105.469346
-14.002045,8,105.483042
-108.759649,8,105.502685
-12.304924,8,105.514337
-71.432166,8,105.527764
-6.347531,8,105.539409
4.795522,8,105.560656
-18.036926,8,105.57147
-56.642818,8,105.58247
-5.962483,8,105.596473
-23.292139,8,105.614471
-32.577673,8,105.625944
-76.078245,8,105.635723
-2.388676,8,105.645505
-63.509868,8,105.65676
1.655022,8,105.668801
-114.026889,8,105.676571
-63.513746,8,105.678577
-1.781356,8,105.69991
6.312586,8,105.71983
0.848661,8,105.734123
-17.907294,8,105.744163
-76.717477,8,105.758047
-19.395273,8,105.770969
-145.028478,8,105.782014
-0.173931,8,105.791792
-0.832785,8,105.805776
2.031188,8,105.81782
1.060669,8,105.827262
-34.606943,8,105.841305
-12.192496,8,105.855143
-40.3062,8,105.866726
-7.483087,8,105.866726
5.32085,8,105.884741
-127.62294,8,105.898066
-4.52496,8,105.898066
-22.117973,8,105.916195
-110.729521,8,105.931904
-9.339298,8,105.944922
-54.945214,8,105.958556
-13.292003,8,105.968657
9.266292,8,105.978657
4.566495,8,105.981057
-9.098514,8,106.002774
-45.27667,8,106.01253
4.389582,8,106.022285
-53.507167,8,106.030283
-34.400297,8,106.044284
-9.419639,8,106.052305
5.731815,8,106.067103
2.644726,8,106.085182
-1.841872,8,106.097318
5.962963,8,106.105012
-12.296244,8,106.11859
-13.700792,8,106.134248
-68.088155,8,106.144242
-12.378098,8,106.158567
-24.86744,8,106.172875
-12.771678,8,106.189537
2.157293,8,106.200786
-47.142788,8,106.209621
-19.043843,8,106.220485
-67.242417,8,106.23348
-127.955073,8,106.243979
-7.611883,8,106.253833
3.75214,8,106.264361
-30.016903,8,106.270733
-49.076511,8,106.291087
2.739348,8,106.307069
-97.179964,8,106.316983
-23.22525,8,106.328926
1.684211,8,106.33963
-98.315072,8,106.348852
4.40033,8,106.356853
0.480677,8,106.368318
-85.884846,8,106.37607
-29.569363,8,106.385829
-3.975264,8,106.395581
-2.078123,8,106.411998
-2.615808,8,106.423583
-58.213026,8,106.433657
-35.462186,8,106.447654
0.50981,8,106.458872
-3.487688,8,106.469799
-9.414718,8,106.479818
-0.025022,8,106.488755
7.91873,8,106.506603
-90.244605,8,106.521746
1.691414,8,106.534168
-70.066509,8,106.543966
1.460554,8,106.5572
7.157649,8,106.56751
-23.236678,8,106.57651
-40.856148,8,106.591081
-18.340931,8,106.606803
5.601216,8,106.615972
3.942586,8,106.625938
-20.268027,8,106.639186
-22.179347,8,106.651906
-23.38808,8,106.66166
4.973824,8,106.671897
2.917905,8,106.681972
-47.63066,8,106.695111
4.198283,8,106.705927
-142.61433,8,106.729856
-87.450677,8,106.735872
-15.804185,8,106.759943
-133.96663,8,106.766977
-8.936029,8,106.776748
-2.159333,8,106.778754
-40.611338,8,106.798761
-4.298791,8,106.808544
-13.812243,8,106.808544
2.671364,8,106.824509
-94.795074,8,106.83009
4.691662,8,106.840536
-52.724338,8,106.858258
-29.361767,8,106.866019
1.713958,8,106.888203
-0.880111,8,106.890213
-24.500974,8,106.904421
-12.233549,8,106.904421
-12.255982,8,106.931249
-4.525386,8,106.942028
-25.905289,8,106.950064
-85.566989,8,106.957834
-40.305769,8,106.969577
-46.697219,8,106.969577
2.217407,8,106.99121
-116.587191,8,107.000984
3.457051,8,107.005738
-9.060512,8,107.014757
-2.224003,8,107.030795
-14.185253,8,107.030795
-36.891417,8,107.046568
6.118964,8,107.06454
-18.079053,8,107.06454
-30.390546,8,107.093068
-14.741552,8,107.099744
-175.053412,8,107.116429
-83.550193,8,107.125515
4.173218,8,107.135458
-18.449807,8,107.148457
-7.144117,8,107.164138
-19.646417,8,107.164138
-21.248421,8,107.181911
-26.331834,8,107.197881
-122.285077,8,107.197881
-28.471964,8,107.217996
-1.47788,8,107.227759
-31.261758,8,107.231941
-11.727748,8,107.245514
-45.307061,8,107.255549
-29.688342,8,107.263937
-23.722284,8,107.275381
-81.248622,8,107.277385
-26.454512,8,107.293182
-68.245001,8,107.311079
-1.865249,8,107.324969
4.414923,8,107.324969
-55.673896,8,107.342048
-31.85253,8,107.352084
-33.250284,8,107.363276
-2.941566,8,107.371984
4.229745,8,107.371984
-3.148619,8,107.388788
-21.311822,8,107.402934
-83.66741,8,107.402934
-113.585233,8,107.418765
-56.126749,8,107.436519
1.036919,8,107.438527
-1.222764,8,107.455842
6.522853,8,107.465881
5.444361,8,107.475917
-23.905545,8,107.4879
8.109199,8,107.495922
-37.922004,8,107.5057
7.390768,8,107.51347
-9.687636,8,107.525835
-16.157956,8,107.540089
-19.358409,8,107.549624
-22.381242,8,107.549624
-15.873007,8,107.572771
-48.977859,8,107.5815
-24.043192,8,107.591535
-6.215057,8,107.600564
-119.57707,8,107.612179
-103.687345,8,107.620189
-19.273186,8,107.629586
-8.180827,8,107.637066
-60.608432,8,107.653894
4.094374,8,107.662897
-54.39524,8,107.672488
-12.180155,8,107.688231
-28.109035,8,107.69983
5.012393,8,107.709871
2.519951,8,107.719548
-21.300807,8,107.729326
-67.686186,8,107.741368
-27.958292,8,107.745124
3.117808,8,107.745124
1.167534,8,107.768258
-57.422965,8,107.777227
-9.713756,8,107.777227
-9.281826,8,107.797467
-32.685125,8,107.797467
-7.694131,8,107.821566
-29.331995,8,107.829098
-1.192845,8,107.83888
-37.553598,8,107.848912
-7.656887,8,107.862261
-15.859974,8,107.872939
-174.293923,8,107.885705
4.840318,8,107.885705
-41.385039,8,107.902351
-40.692422,8,107.923256
-128.637759,8,107.933295
-41.091673,8,107.944838
-7.783759,8,107.964097
-11.670967,8,107.974355
-198.063966,8,107.989614
-100.357748,8,107.998642
4.47598,8,108.012428
-20.066505,8,108.02246
-77.085777,8,108.038269
-4.475489,8,108.052066
0.491126,8,108.066095
-1.639505,8,108.077884
-95.041928,8,108.099871
-3.959862,8,108.112097
-109.668566,8,108.207835
-1.917932,8,108.224082
-26.401704,8,108.234684
-23.333637,8,108.243664
-0.548578,8,108.257959
4.45164,8,108.268299
-7.866068,8,108.278312
-97.144175,8,108.287789
-36.853052,8,108.300477
-6.81198,8,108.308477
-110.747592,8,108.321017
-72.695286,8,108.331024
-5.639735,8,108.343298
9.994258,8,108.35801
-4.238135,8,108.368646
3.173314,8,108.378678
-54.113873,8,108.388975
-110.305626,8,108.402997
-1.726205,8,108.412639
-57.578231,8,108.422547
-142.826965,8,108.439813
-0.782883,8,108.449924
-35.021525,8,108.46095
1.832488,8,108.47263
-13.87039,8,108.485896
-52.394576,8,108.494857
-5.267598,8,108.508297
-92.700004,8,108.517268
-113.86434,8,108.53656
-101.893465,8,108.549289
-82.623271,8,108.559786
-15.769589,8,108.571972
-38.562237,8,108.586765
-6.858161,8,108.59766
3.83798,8,108.608731
-2.826434,8,108.618449
-25.893724,8,108.632828
-3.16272,8,108.646955
-34.007364,8,108.66316
-196.446978,8,108.675784
0.656805,8,108.688113
-30.311833,8,108.698172
-8.488097,8,108.709752
-148.250885,8,108.719991
-12.189237,8,108.733568
-119.289752,8,108.748086
-30.592926,8,108.759687
-124.505905,8,108.770617
-30.356319,8,108.784627
-2.181038,8,108.793707
4.905771,8,108.80434
-31.304485,8,108.818584
-83.505032,8,108.833239
-33.329462,8,108.846037
-10.596553,8,108.857969
-1.448254,8,108.867954
7.656985,8,108.881501
-11.484144,8,108.891737
-17.275907,8,108.901542
7.607544,8,108.911783
-5.634318,8,108.924947
-28.95603,8,108.935643
-53.598508,8,108.945753
-13.677461,8,108.962332
-0.747521,8,108.978866
-54.219402,8,108.990004
0.43376,8,109.000259
-29.289973,8,109.010886
-93.470605,8,109.023859
3.770698,8,109.035745
-87.844756,8,109.046744
-46.192196,8,109.062848
-15.407124,8,109.078903
3.14883,8,109.090781
-3.603685,8,109.101475
-12.14881,8,109.114467
-16.093348,8,109.133257
-1.385744,8,109.144254
-1.247497,8,109.155896
-15.733724,8,109.171647
-47.825612,8,109.185614
-26.616303,8,109.195711
-97.848506,8,109.208828
-0.70868,8,109.219685
6.249466,8,109.232669
-56.185732,8,109.243559
3.98674,8,109.253537
-86.287621,8,109.262615
-31.725163,8,109.286979
6.048343,8,109.296978
-88.542228,8,109.308581
-22.995848,8,109.318035
-63.582159,8,109.329032
-26.109999,8,109.340222
-109.559405,8,109.35073
-8.067476,8,109.36073
-17.582671,8,109.372324
-2.275102,8,109.387587
-28.266201,8,109.395587
-155.32986,8,109.403918
-0.530171,8,109.416508
-182.404635,8,109.422977
-36.027033,8,109.429935
-133.137828,8,109.483042
-109.86657,8,109.506132
0.468391,8,109.51658
-20.999039,8,109.530124
-40.326714,8,109.545632
-114.648291,8,109.563197
-0.010118,8,109.579015
1.471571,8,109.588796
-13.371219,8,109.602603
-98.163031,8,109.620521
8.670829,8,109.636327
6.821808,8,109.648388
5.844498,8,109.66025
2.237544,8,109.674776
-31.770422,8,109.685831
7.204043,8,109.695871
-21.107131,8,109.707662
4.078904,8,109.725094
-107.719316,8,109.734431
-18.392836,8,109.744469
-75.995012,8,109.754075
-0.915615,8,109.762177
-63.703751,8,109.776103
-12.486324,8,109.78071
-115.844083,8,109.799503
0.181069,8,109.8103
-6.998096,8,109.828212
-26.321164,8,109.836269
6.457439,8,109.846047
-102.030935,8,109.859866
-33.147433,8,109.867875
-13.862205,8,109.877642
-78.57805,8,109.88943
-21.69528,8,109.903212
-15.688068,8,109.913255
-138.953814,8,109.919022
-8.970854,8,109.919022
-8.801484,8,109.940332
-22.065257,8,109.95843
-63.052283,8,109.968207
-180.698894,8,109.978243
8.078671,8,109.991533
-109.583815,8,110.001566
-94.002054,8,110.009594
-49.334247,8,110.019372
2.58147,8,110.031295
-88.288767,8,110.046748
-17.214119,8,110.057879
-38.729366,8,110.074944
-91.250237,8,110.092493
-39.931445,8,110.104871
-41.161282,8,110.115775
-9.080025,8,110.125774
-4.707325,8,110.139424
-45.497935,8,110.152262
-136.955574,8,110.160821
-24.510567,8,110.172617
-18.649204,8,110.18768
2.880872,8,110.196725
-175.242309,8,110.207872
-97.525518,8,110.226862
-20.928511,8,110.245966
-7.688142,8,110.262909
-37.321863,8,110.277736
-92.648152,8,110.290859
-16.069993,8,110.309913
-43.960724,8,110.322111
-122.07443,8,110.333636
-6.341742,8,110.346863
-4.534072,8,110.369593
1.046712,8,110.384777
-17.520611,8,110.398137
-15.228668,8,110.410735
-14.605022,8,110.434834
-18.106604,8,110.449188
-12.184373,8,110.460989
-20.499366,8,110.473732
-11.807548,8,110.495106
0.79044,8,110.506432
-111.842187,8,110.518616
-180.41426,8,110.529617
-63.519195,8,110.546252
-21.286831,8,110.562062
-36.205482,8,110.574115
-29.067954,8,110.585904
-79.537119,8,110.608993
-13.572721,8,110.621711
-0.002617,8,110.634773
-31.378802,8,110.648144
-7.235005,8,110.663986
-47.963571,8,110.676037
-83.433903,8,110.686082
-109.57183,8,110.695862
-9.372058,8,110.715065
-18.659785,8,110.725856
-91.789221,8,110.736902
-16.80434,8,110.746935
-63.731606,8,110.761689
4.214654,8,110.776709
-30.461359,8,110.784462
-74.458538,8,110.784462
-4.202875,8,110.798478
-84.393926,8,110.824317
-77.969555,8,110.830325
-154.590023,8,110.830325
3.475507,8,110.846267
0.271927,8,110.8624
-14.779813,8,110.864307
-1.272725,8,110.878418
-17.274625,8,110.894507
-13.461315,8,110.894507
-1.634475,8,110.918146
1.065288,8,110.932307
-42.893555,8,110.945589
3.658183,8,110.955629
4.224932,8,110.961393
-94.309862,8,110.972525
-40.159581,8,110.987241
-17.781894,8,110.996256
-59.801703,8,111.005489
-41.427847,8,111.01551
-8.978975,8,111.027217
-41.099708,8,111.040986
-19.373142,8,111.054261
5.676545,8,111.0643
-34.261064,8,111.079474
4.14648,8,111.091802
-126.525848,8,111.101107
-55.808964,8,111.111107
-71.448164,8,111.124105
-106.838941,8,111.133206
-113.665672,8,111.145977
-181.769519,8,111.154973
-37.441426,8,111.167986
-73.33258,8,111.176973
-12.619182,8,111.189136
-66.590312,8,111.205091
-6.74585,8,111.219623
-71.979723,8,111.229623
3.343901,8,111.239623
-6.527354,8,111.254818
-167.124706,8,111.269726
-7.663231,8,111.279742
-26.970697,8,111.290573
-117.956221,8,111.300397
-23.923429,8,111.315648
-111.895152,8,111.326311
-65.944664,8,111.33533
-79.554144,8,111.354159
-25.814863,8,111.370576
-22.167901,8,111.380128
-39.408741,8,111.391621
-33.97226,8,111.401671
-41.51091,8,111.414958
-51.826436,8,111.427151
-89.855224,8,111.439102
-55.634548,8,111.448945
5.532511,8,111.46461
-76.840882,8,111.476141
9.285096,8,111.485916
-1.317919,8,111.50159
-0.904485,8,111.513397
-30.143373,8,111.521429
-98.698233,8,111.532071
-1.012751,8,111.542072
8.960235,8,111.556077
-129.163603,8,111.565851
-6.983744,8,111.579631
5.367196,8,111.589
-71.532421,8,111.591007
0.221742,8,111.610674
-50.367691,8,111.622664
-12.601039,8,111.624673
-84.653208,8,111.649384
-15.583298,8,111.661987
-8.234781,8,111.669684
-55.761957,8,111.67933
-36.347437,8,111.697757
-20.743507,8,111.707066
-52.657592,8,111.717093
-12.855592,8,111.724741
6.304278,8,111.742935
1.692599,8,111.752997
2.61406,8,111.763032
-28.790162,8,111.772815
-77.361407,8,111.792846
-0.345692,8,111.807563
-44.10454,8,111.816597
-15.82167,8,111.826634
2.315858,8,111.841997
-90.459265,8,111.848482
-3.101106,8,111.848482
-98.816115,8,111.867452
-2.85843,8,111.887545
-39.731866,8,111.900657
-38.984492,8,111.914624
3.810513,8,111.920735
-12.178837,8,111.937531
7.771704,8,111.954219
-119.757618,8,111.96662
-1.346461,8,111.97167
-143.100964,8,111.98761
-66.634949,8,112.002026
6.500524,8,112.005376
-54.298946,8,112.020935
-7.279933,8,112.037558
-33.614131,8,112.048802
-24.2908,8,112.058802
7.328094,8,112.068803
-97.624357,8,112.081191
-1.317334,8,112.097946
-52.944164,8,112.108121
4.353407,8,112.11958
-21.24686,8,112.136633
-61.292176,8,112.145636
-19.645913,8,112.148635
-30.727595,8,112.148635
-108.620143,8,112.166361
-23.761713,8,112.182436
-166.987181,8,112.196264
-2.256302,8,112.205832
-138.122848,8,112.219222
-14.798696,8,112.229222
-94.231381,8,112.248684
-0.986873,8,112.255357
-36.245439,8,112.265388
-22.06052,8,112.287941
-15.183846,8,112.302677
-4.976843,8,112.315334
-4.841162,8,112.3292
-2.907912,8,112.337581
-17.171342,8,112.360005
-22.968282,8,112.370818
-18.811589,8,112.387525
-90.524336,8,112.400815
0.795967,8,112.416607
-43.428931,8,112.42093
-3.555138,8,112.437467
-1.477885,8,112.453876
3.435167,8,112.461861
-112.12575,8,112.476955
-71.985684,8,112.48665
-28.46772,8,112.501842
-113.241036,8,112.509846
3.515596,8,112.519841
1.952465,8,112.534286
0.719161,8,112.545306
-29.017025,8,112.549739
-92.017573,8,112.569691
2.167077,8,112.58684
-121.744081,8,112.596839
-25.806915,8,112.60706
-29.867843,8,112.614558
-65.592458,8,112.622526
-77.401612,8,112.630149
-88.505178,8,112.648673
-17.450966,8,112.658874
-44.4667,8,112.672689
-175.081905,8,112.689764
-32.533996,8,112.703011
-38.757703,8,112.722072
-54.325559,8,112.741216
-27.863608,8,112.755072
7.554273,8,112.766317
-35.894494,8,112.776311
8.811769,8,112.794835
0.920658,8,112.810011
2.854188,8,112.822707
-37.284472,8,112.833931
-94.365051,8,112.848248
-97.270699,8,112.859987
4.283198,8,112.874084
-46.136422,8,112.885805
-18.45968,8,112.906042
-86.492946,8,112.92101
-6.168886,8,112.932015
10.765231,8,112.932015
-2.623988,8,112.971682
-137.677398,8,112.983651
-69.637306,8,113.00035
-22.062662,8,113.014657
-5.734724,8,113.037013
-52.935561,8,113.04905
-192.629454,8,113.060827
-73.776051,8,113.072588
-9.435583,8,113.093367
-123.792043,8,113.106019
-30.42742,8,113.11763
-124.587523,8,113.12863
9.586096,8,113.146629
4.174432,8,113.157043
3.728302,8,113.167612
-7.682253,8,113.177654
-1.771948,8,113.183095
-44.483002,8,113.201661
-19.243381,8,113.212529
-20.944687,8,113.222706
-54.141634,8,113.235903
-65.834281,8,113.251423
-59.982676,8,113.259456
5.853786,8,113.268604
-5.290037,8,113.278374
-6.124303,8,113.278374
2.07166,8,113.29942
6.299441,8,113.310468
-41.643647,8,113.326409
-38.048287,8,113.332435
-10.176323,8,113.342562
1.767686,8,113.342562
0.582596,8,113.36253
-21.440074,8,113.384873
-22.012951,8,113.390623
-44.085116,8,113.390623
-1.399437,8,113.40659
-43.041329,8,113.422682
-17.093002,8,113.438317
-68.694201,8,113.447317
-198.402031,8,113.45962
8.566745,8,113.464519
-17.073082,8,113.482273
-8.689259,8,113.482273
-83.85954,8,113.500182
-6.29171,8,113.514308
3.400705,8,113.528188
0.554311,8,113.533074
-43.766743,8,113.662624
-5.399993,8,113.670652
-19.930981,8,113.670652
9.260267,8,113.670652
-14.077721,8,113.700039
-64.890333,8,113.708047
7.662953,8,113.714593
1.851781,8,113.724617
3.942421,8,113.73013
-20.757293,8,113.73013
-5.906196,8,113.755353
-16.108158,8,113.76605
-35.714443,8,113.777905
-73.905106,8,113.785924
-16.458067,8,113.798861
-26.257254,8,113.806891
-141.301708,8,113.817466
-10.150743,8,113.82734
-1.190871,8,113.836375
-102.522492,8,113.844375
-65.593434,8,113.856934
-24.980384,8,113.864654
-19.543908,8,113.875398
5.316259,8,113.88995
-117.975444,8,113.901845
-30.639156,8,113.913289
-71.201746,8,113.913289
-1.01781,8,113.929731
-68.99248,8,113.942478
-5.453539,8,113.952494
12.403073,8,113.960248
-42.065112,8,113.969737
0.379802,8,113.980282
6.028434,8,113.990363
9.217372,8,113.992368
-65.582097,8,114.010486
0.481068,8,114.024501
-25.380533,8,114.038337
-80.859965,8,114.049268
-2.878719,8,114.051891
1.261101,8,114.073596
-18.450062,8,114.083595
-53.544506,8,114.092594
-14.944357,8,114.101424
1.562193,8,114.112417
-20.850717,8,114.12061
-1.36792,8,114.134461
7.978272,8,114.14446
-40.555035,8,114.160302
-50.662423,8,114.171095
-5.630264,8,114.180095
-92.300983,8,114.190434
-109.397099,8,114.20299
-8.382827,8,114.212991
-94.33402,8,114.222009
-0.387008,8,114.230009
-43.930701,8,114.246688
-120.246075,8,114.256524
4.696235,8,114.266506
-97.759056,8,114.274887
10.725266,8,114.290844
-17.166189,8,114.302634
-21.104146,8,114.311715
-57.996384,8,114.322045
-86.352081,8,114.333652
-227.021172,8,114.346604
-107.90424,8,114.356884
-197.727569,8,114.366197
0.654428,8,114.378284
-40.213595,8,114.388352
-12.5216,8,114.395351
-82.48753,8,114.406023
-2.80917,8,114.419071
-8.645825,8,114.42907
-8.109365,8,114.440114
-25.3273,8,114.451962
-22.542418,8,114.465094
3.816858,8,114.473123
1.832238,8,114.480891
-57.978001,8,114.490917
3.762759,8,114.502291
-64.403209,8,114.510303
1.035076,8,114.518314
-36.516891,8,114.528268
-45.840641,8,114.540046
-79.618336,8,114.560405
2.509436,8,114.57225
-27.094863,8,114.583764
-37.024901,8,114.599513
-112.285186,8,114.610933
8.73776,8,114.622177
4.276322,8,114.633364
-100.055315,8,114.651799
-1.975561,8,114.663749
-52.135011,8,114.673798
-19.269753,8,114.683759
-70.605953,8,114.694775
0.364999,8,114.704009
-13.061299,8,114.716542
-7.7113,8,114.716542
-99.268696,8,114.740581
-32.756133,8,114.752123
-96.713326,8,114.769454
3.604624,8,114.78107
-39.869415,8,114.794856
7.294574,8,114.806198
-10.100781,8,114.818238
-1.460547,8,114.828015
-13.924266,8,114.841267
-0.616057,8,114.851893
1.074496,8,114.866246
-19.555308,8,114.877243
-31.820649,8,114.893302
-36.947293,8,114.946561
-16.698677,8,114.954591
-14.478596,8,114.962362
-33.263261,8,114.962362
-15.259432,8,114.978297
-2.65512,8,114.995833
-56.979896,8,115.005045
-27.381795,8,115.017039
-178.760384,8,115.025625
-2.412413,8,115.034555
-0.983708,8,115.048321
-96.604314,8,115.060906
-14.331335,8,115.072221
-29.2646,8,115.089092
-76.744476,8,115.108013
-41.338122,8,115.123009
-83.891137,8,115.133764
-47.28831,8,115.143861
-79.855145,8,115.154833
2.813043,8,115.170212
6.251193,8,115.179211
-4.153954,8,115.194371
-255.822707,8,115.21861
5.904283,8,115.233755
-109.84459,8,115.244754
3.891587,8,115.254879
-63.690182,8,115.266673
-78.109909,8,115.286156
-14.916727,8,115.299562
-110.33649,8,115.309598
-35.827462,8,115.324754
-20.684553,8,115.339672
-2.967924,8,115.342684
-9.804976,8,115.362278
-70.955102,8,115.370306
-61.400451,8,115.389765
-6.716912,8,115.400297
1.154291,8,115.407846
-22.852305,8,115.430617
5.315465,8,115.437641
3.733561,8,115.455504
-35.8085,8,115.469438
-15.448888,8,115.471445
-31.645071,8,115.485168
-77.049374,8,115.5012
-7.995476,8,115.5012
-10.657715,8,115.516974
-68.202148,8,115.536216
6.260342,8,115.551211
-154.636677,8,115.567329
-51.153369,8,115.567329
-34.202793,8,115.581365
1.252149,8,115.597186
-39.329886,8,115.597186
-3.9127,8,115.61326
-61.044544,8,115.63145
-88.055917,8,115.63145
-92.11502,8,115.645586
5.487804,8,115.661422
-3.006533,8,115.677518
-1.081938,8,115.693534
-37.038863,8,115.695539
-159.426612,8,115.70928
-14.432427,8,115.725406
-22.194403,8,115.735423
0.042334,8,115.744736
-25.191475,8,115.752745
-14.949428,8,115.768661
-2.795134,8,115.778395
-50.409914,8,115.787889
-0.464391,8,115.80023
-64.61399,8,115.81267
-37.368,8,115.825707
-107.188729,8,115.837206
-182.376332,8,115.837206
4.318243,8,115.85494
-6.765671,8,115.864971
-57.916583,8,115.878736
-102.788824,8,115.88823
-38.261212,8,115.897983
-20.088742,8,115.907964
-50.836813,8,115.915731
-78.449609,8,115.925484
-13.48769,8,115.939412
-33.391948,8,115.945433
-14.005762,8,115.960824
-68.851148,8,115.970838
-0.923229,8,115.976594
-18.193474,8,115.994438
-13.851101,8,116.008475
-45.263313,8,116.016765
-101.80696,8,116.029594
-114.816471,8,116.039346
-107.328551,8,116.0491
-3.261689,8,116.05849
-41.75309,8,116.071232
-65.444889,8,116.077926
-22.188199,8,116.094898
-10.672965,8,116.103333
-38.453433,8,116.114679
-115.740505,8,116.124992
-77.061429,8,116.126992
-51.314785,8,116.141467
5.759543,8,116.154737
-5.68434,8,116.162488
-54.734842,8,116.171721
-99.334952,8,116.183256
-22.080701,8,116.196386
5.078827,8,116.209411
-86.454222,8,116.21744
8.374022,8,116.229977
-101.888642,8,116.243027
-25.939775,8,116.253526
-0.773973,8,116.26855
-60.817661,8,116.276578
-65.008309,8,116.288359
-14.962148,8,116.29839
-30.132307,8,116.300139
-38.569403,8,116.300139
-26.148422,8,116.31989
-81.822218,8,116.339625
-46.391211,8,116.349116
-20.980271,8,116.360887
-80.495926,8,116.374915
-2.016138,8,116.378661
-29.548544,8,116.378661
-124.364757,8,116.403261
1.827575,8,116.412021
-57.513846,8,116.423458
-59.551125,8,116.437504
5.555457,8,116.447287
-49.671113,8,116.459075
-24.772938,8,116.469111
-63.688805,8,116.478528
-119.846965,8,116.486557
-14.187276,8,116.502342
-24.530004,8,116.51097
-6.903433,8,116.520005
-28.140421,8,116.530039
-99.479141,8,116.545034
-54.25835,8,116.555068
-29.46168,8,116.563099
-6.32876,8,116.572463
-68.006218,8,116.582634
-8.733206,8,116.582634
-161.952025,8,116.598594
-45.330563,8,116.598594
-156.970356,8,116.628962
-18.555314,8,116.630467
-65.380961,8,116.650828
-4.019342,8,116.650828
-6.304192,8,116.665866
6.390471,8,116.678486
-2.997208,8,116.678486
-129.302217,8,116.698538
-3.563924,8,116.710497
-35.127607,8,116.710497
-52.038704,8,116.726356
-91.182796,8,116.726356
-6.381019,8,116.750762
-7.152636,8,116.76805
7.063886,8,116.774061
-12.374989,8,116.787615
4.074621,8,116.798997
-9.299614,8,116.80901
-14.228417,8,116.81676
-3.353664,8,116.822721
-15.432905,8,116.838646
-51.236409,8,116.848659
-81.113795,8,116.860709
-48.801573,8,116.87227
-20.240365,8,116.888559
-54.465214,8,116.902177
-76.831517,8,116.912206
-8.311667,8,116.916642
-13.725176,8,116.933691
-67.186977,8,116.933691
-32.449637,8,116.949734
-136.07366,8,116.959745
-7.353189,8,116.965505
-2.280931,8,116.9793
-72.761217,8,116.9793
-50.577275,8,116.999384
-81.686781,8,117.013465
-28.994235,8,117.013465
-15.573157,8,117.033607
-70.273527,8,117.045239
-51.089732,8,117.061036
-83.689439,8,117.061036
4.383996,8,117.079858
-16.381952,8,117.089874
3.634843,8,117.104445
5.32871,8,117.108459
2.215863,8,117.124144
-27.450563,8,117.124144
7.148907,8,117.139897
-27.238395,8,117.153637
0.517354,8,117.169179
-75.772428,8,117.169179
-134.942156,8,117.187147
-186.368159,8,117.201243
-76.260144,8,117.206093
-56.078717,8,117.223381
-20.063818,8,117.233153
-131.522776,8,117.233153
1.790699,8,117.250941
-89.332911,8,117.250941
-42.550188,8,117.265011
-3.040306,8,117.285137
4.526551,8,117.294366
-2.12519,8,117.300024
0.564763,8,117.32236
-10.423299,8,117.332048
-47.748625,8,117.3418
-39.526806,8,117.35149
4.197953,8,117.36351
-29.805463,8,117.373263
-40.418314,8,117.375266
-16.748718,8,117.391116
-10.650372,8,117.391116
-8.285754,8,117.407107
-78.667626,8,117.416833
-11.622809,8,117.424586
-34.304512,8,117.448584
-14.027475,8,117.456336
4.137166,8,117.466033
-21.627294,8,117.474064
-29.695932,8,117.489476
-102.049419,8,117.497498
-1.05452,8,117.507265
3.699448,8,117.517031
-4.77031,8,117.529067
-79.451883,8,117.546872
-40.342254,8,117.560664
-0.864435,8,117.574453
-13.042574,8,117.590704
3.278897,8,117.602068
-181.934264,8,117.612108
-11.587934,8,117.616973
-3.103167,8,117.751756
-16.319989,8,117.762914
-8.810309,8,117.775293
0.728997,8,117.785072
-9.399308,8,117.79676
-98.243655,8,117.8068
-4.136068,8,117.816578
-5.488692,8,117.826212
-18.643143,8,117.838261
-2.678312,8,117.852037
-67.567705,8,117.852037
-50.539312,8,117.866113
-118.062653,8,117.883574
-30.150825,8,117.901806
-116.673327,8,117.911296
3.781101,8,117.923054
-20.703468,8,117.927093
12.60466,8,117.94289
-16.599992,8,117.954564
-208.76394,8,117.962602
-77.483762,8,117.968621
-187.676571,8,117.990537
-20.75088,8,117.990537
-2.780219,8,118.00649
1.780458,8,118.022641
-16.123616,8,118.022641
-167.882133,8,118.040429
-55.770727,8,118.040429
-38.064761,8,118.058531
-15.976479,8,118.074121
-12.194341,8,118.083617
-7.178574,8,118.095648
-25.841683,8,118.107054
4.088253,8,118.117086
-36.091643,8,118.117086
7.652825,8,118.141053
-16.618093,8,118.14906
2.005008,8,118.14906
-131.105792,8,118.164884
-2.59652,8,118.164884
-69.167623,8,118.186496
3.122748,8,118.198277
-29.634044,8,118.209821
-97.695691,8,118.216299
-74.324363,8,118.229705
-40.068872,8,118.241462
-85.583618,8,118.255528
-11.732297,8,118.265297
-106.41183,8,118.277242
-79.6463,8,118.287274
-33.286192,8,118.296673
-96.894944,8,118.304704
-16.090161,8,118.32196
-47.485269,8,118.329987
-5.537838,8,118.339766
-40.577235,8,118.347792
-1.072092,8,118.353551
-6.249687,8,118.36943
-195.130604,8,118.380805
1.766067,8,118.388844
-72.024191,8,118.400859
-6.320605,8,118.400859
-31.933803,8,118.418829
-19.406113,8,118.42658
-14.316772,8,118.436598
-8.865882,8,118.444349
-8.487378,8,118.4543
-40.255273,8,118.464076
-14.899015,8,118.475178
-47.346423,8,118.482458
-18.099705,8,118.482458
2.24108,8,118.506386
-6.377042,8,118.512145
-102.867703,8,118.536978
-88.299078,8,118.546451
-27.138758,8,118.554202
-45.688865,8,118.559711
6.188033,8,118.575388
6.160868,8,118.585182
-72.285843,8,118.594674
-38.747386,8,118.607857
-41.780858,8,118.616109
-16.639153,8,118.625863
-5.742083,8,118.641638
-85.629181,8,118.653524
-19.157464,8,118.663215
-17.82898,8,118.675488
-12.848802,8,118.681893
-95.488704,8,118.697917
-10.655895,8,118.703938
-4.815324,8,118.717702
6.227341,8,118.720698
-62.166344,8,118.73759
-23.2992,8,118.754385
-34.938968,8,118.764634
-23.357995,8,118.770735
-45.018242,8,118.787615
-0.36212,8,118.804498
-1.140304,8,118.804498
-60.199673,8,118.820831
-24.423999,8,118.837816
-52.728071,8,118.848117
5.960066,8,118.858126
-2.55389,8,118.872126
0.317893,8,118.885385
-51.637874,8,118.895536
-134.237089,8,118.907388
-24.927658,8,118.917763
-120.806664,8,118.937368
-97.09424,8,118.946404
1.61496,8,118.95198
-72.764593,8,118.962614
-17.961637,8,118.982325
-101.115361,8,119.034734
-96.380953,8,119.044419
0.285204,8,119.05244
-0.801793,8,119.065029
-66.250949,8,119.076573
6.570932,8,119.084595
-17.693022,8,119.095957
3.935531,8,119.109715
-26.803553,8,119.123735
-6.008253,8,119.129742
-14.964119,8,119.139498
-41.718178,8,119.152889
-57.764082,8,119.161642
-97.164361,8,119.168667
-77.948544,8,119.176695
-7.448393,8,119.184547
1.134216,8,119.205046
4.624144,8,119.215049
-4.219146,8,119.226129
-23.816697,8,119.238284
-0.236981,8,119.251285
3.196883,8,119.260289
-18.077557,8,119.269066
-98.276367,8,119.281653
-33.594646,8,119.290575
6.326532,8,119.300578
7.602833,8,119.310573
-37.096464,8,119.326742
3.586542,8,119.331456
-16.080104,8,119.331456
-102.064467,8,119.355353
-81.66736,8,119.368237
-41.946647,8,119.375237
4.226304,8,119.390929
-0.026129,8,119.401178
-18.816467,8,119.412181
-17.165228,8,119.414733
6.92225,8,119.434275
-5.812769,8,119.444288
-81.349213,8,119.456171
-32.200665,8,119.465953
-60.828414,8,119.473986
-114.751073,8,119.483335
-20.375504,8,119.495187
-57.181347,8,119.505218
-56.326619,8,119.516544
-5.361355,8,119.528591
-32.300566,8,119.545259
3.920376,8,119.555292
-28.792834,8,119.563315
3.351895,8,119.571081
-81.602803,8,119.583945
-86.243907,8,119.592699
-28.100504,8,119.602712
-10.62639,8,119.602712
-56.584415,8,119.620469
-15.527652,8,119.635794
10.176941,8,119.635794
2.354549,8,119.667929
-63.277196,8,119.681529
2.948292,8,119.685545
-64.598974,8,119.697233
0.452832,8,119.697233
-9.739176,8,119.713343
-28.919698,8,119.729451
-1.062861,8,119.740423
-34.848384,8,119.751812
0.844728,8,119.763443
-122.322963,8,119.776021
-45.363588,8,119.785556
-23.672344,8,119.79784
-51.921059,8,119.811379
-5.581029,8,119.811379
-19.897237,8,119.827193
-88.128882,8,119.827193
-18.73716,8,119.854431
-51.646113,8,119.865692
3.733527,8,119.883812
-0.565103,8,119.889408
-18.089788,8,119.90311
-17.209149,8,119.917174
8.153199,8,119.926939
-5.683357,8,119.936712
-113.794595,8,119.956243
-41.125562,8,119.966014
-52.38269,8,119.974045
-5.629775,8,119.987298
-214.459703,8,119.999765
-90.079139,8,120.013819
-63.125998,8,120.013819
8.999207,8,120.035598
-29.367001,8,120.052531
-3.383495,8,120.064783
-55.83767,8,120.075805
-141.981984,8,120.087009
5.466775,8,120.115161
-97.048584,8,120.127785
-133.709596,8,120.140972
-80.832769,8,120.154871
5.310554,8,120.171874
7.276173,8,120.18533
-25.98706,8,120.19633
-10.539162,8,120.213343
-104.231747,8,120.226748
-62.551792,8,120.237968
-80.37862,8,120.247952
-85.691642,8,120.259
5.000936,8,120.273837
4.336615,8,120.289491
-3.143508,8,120.29872
-92.68167,8,120.29872
8.218208,8,120.325264
0.222189,8,120.337657
-64.487817,8,120.359632
-60.359743,8,120.369721
-71.852741,8,120.385405
3.093905,8,120.395068
-82.143128,8,120.40785
-3.831931,8,120.418696
-27.867253,8,120.436282
-4.091291,8,120.451946
-1.133683,8,120.454265
-227.411672,8,120.471081
-1.248153,8,120.488413
-98.771277,8,120.488803
-26.316282,8,120.509238
-1.771044,8,120.518881
-64.307404,8,120.529876
-11.949575,8,120.540428
1.66827,8,120.553557
-108.425749,8,120.563327
2.676185,8,120.574949
-37.389195,8,120.578965
-84.199693,8,120.594947
-59.957185,8,120.608545
-63.737843,8,120.614616
4.256006,8,120.630463
4.164521,8,120.639923
-23.340971,8,120.64953
-2.440056,8,120.664899
-66.54511,8,120.673901
-168.116113,8,120.683244
-46.533396,8,120.692998
8.585174,8,120.706287
-241.315557,8,120.716042
-14.382838,8,120.727808
3.833152,8,120.737407
-77.580939,8,120.751128
-30.196163,8,120.759358
-19.407313,8,120.769373
1.72119,8,120.781657
1.811265,8,120.795026
-77.322776,8,120.803329
-1.427092,8,120.813329
-23.285572,8,120.821897
4.96995,8,120.835472
-98.473134,8,120.843501
-15.840696,8,120.853038
-42.077147,8,120.864934
-18.595823,8,120.8695
-90.659599,8,120.889069
5.804239,8,120.894833
-17.548799,8,120.906502
-66.079283,8,120.910719
4.35351,8,120.910719
-4.979834,8,120.936078
-187.908464,8,120.944107
-7.7148,8,120.95793
-92.204924,8,120.967696
-145.540111,8,120.979345
-37.854551,8,120.993391
-5.138,8,121.010763
-54.075845,8,121.010763
-43.129091,8,121.020726
-21.930875,8,121.020726
-165.539509,8,121.048148
4.770027,8,121.056912
-65.47588,8,121.056912
-137.758262,8,121.076965
-114.307285,8,121.091033
2.136954,8,121.100818
-110.233697,8,121.100818
7.934576,8,121.120476
-29.132008,8,121.136642
-83.99291,8,121.143643
-26.560833,8,121.143643
-29.746382,8,121.159786
-27.171467,8,121.163446
-0.032595,8,121.177962
-120.559465,8,121.191915
-91.204114,8,121.201938
-101.920266,8,121.215154
-56.69894,8,121.223287
6.748843,8,121.225297
-103.222598,8,121.242635
3.255751,8,121.255117
-178.344006,8,121.255117
6.163287,8,121.276736
-65.202323,8,121.284769
1.759174,8,121.286774
-11.793905,8,121.30285
2.193763,8,121.30285
-111.383176,8,121.325482
2.992672,8,121.338793
-39.34296,8,121.348829
4.071921,8,121.358329
-5.702188,8,121.368347
-78.899025,8,121.379316
-192.981755,8,121.394378
-91.305873,8,121.404576
-13.436485,8,121.412596
2.5255,8,121.426074
-20.197608,8,121.439986
-95.115388,8,121.449768
6.449963,8,121.449768
2.20933,8,121.47135
-25.548303,8,121.479379
-118.892078,8,121.479379
-30.183761,8,121.493275
-96.088988,8,121.509295
-15.116838,8,121.527148
-1.937484,8,121.537189
-12.636433,8,121.54896
-157.377036,8,121.562695
-89.659541,8,121.564701
-109.393334,8,121.578409
2.969167,8,121.588187
7.934693,8,121.600188
6.48605,8,121.603945
3.801883,8,121.603945
6.833747,8,121.625642
-6.320669,8,121.637403
-20.649573,8,121.637403
-19.834827,8,121.661514
-22.389988,8,121.671277
2.20156,8,121.683336
8.870581,8,121.683336
-84.708038,8,121.699202
2.990736,8,121.699202
-199.198657,8,121.828788
-23.84588,8,121.847221
7.888619,8,121.855231
5.874974,8,121.86526
2.33626,8,121.873022
3.88844,8,121.888741
-55.043792,8,121.899353
-5.872173,8,121.908393
-96.031341,8,121.920039
-62.820053,8,121.928056
-6.832905,8,121.935817
-60.911232,8,121.945436
9.272992,8,121.957309
-80.578085,8,121.963332
-32.019275,8,121.973365
-66.667975,8,121.981387
-25.223317,8,121.997883
-0.908583,8,122.007904
4.593271,8,122.016939
3.860595,8,122.02609
-81.956523,8,122.035032
-119.934933,8,122.050594
-3.745681,8,122.060632
-89.172697,8,122.066399
-5.030037,8,122.086956
-70.576823,8,122.099355
-22.394301,8,122.107382
-71.379617,8,122.117425
-30.63135,8,122.131408
10.698165,8,122.141452
-90.085765,8,122.149204
-20.413515,8,122.166846
0.455558,8,122.175189
-1.938903,8,122.175189
-11.301541,8,122.191303
-3.418089,8,122.207242
-31.385678,8,122.225405
-6.3994,8,122.23144
-40.471067,8,122.237506
-24.636153,8,122.253445
-44.063091,8,122.270814
-31.078902,8,122.280304
-3.337053,8,122.290209
-1.113701,8,122.300687
-39.118717,8,122.321079
-22.50395,8,122.334291
-30.150594,8,122.349771
-16.608558,8,122.359784
-49.751171,8,122.367704
0.480809,8,122.383325
-13.025651,8,122.383325
-0.026642,8,122.402891
-3.877717,8,122.416273
-19.024713,8,122.432411
-77.690413,8,122.441743
-20.035359,8,122.450649
-2.509096,8,122.475002
-285.690432,8,122.48873
-29.028858,8,122.500772
-63.301949,8,122.516567
-3.184235,8,122.53236
-27.70499,8,122.558926
-28.954793,8,122.572982
-68.120506,8,122.588789
-54.573416,8,122.606603
-36.220056,8,122.622408
-4.884822,8,122.634066
-54.123959,8,122.642095
-20.468519,8,122.657789
-24.827954,8,122.673554
-7.182766,8,122.683569
8.298141,8,122.695037
-45.042287,8,122.708734
2.119336,8,122.718343
-1.919144,8,122.724365
5.056886,8,122.724365
-80.624318,8,122.749766
-100.588017,8,122.757519
2.932392,8,122.757519
-51.812969,8,122.783434
-25.296631,8,122.787183
-11.6071,8,122.80305
-30.813138,8,122.818999
-71.019076,8,122.830654
-23.970619,8,122.844466
-19.867627,8,122.854229
-69.046569,8,122.862257
5.706361,8,122.872034
-7.84266,8,122.887985
-14.270151,8,122.897763
-26.493839,8,122.90788
-21.819024,8,122.917994
-11.90293,8,122.929768
-14.665206,8,122.940425
-69.514494,8,122.953763
-25.398962,8,122.961801
-33.819432,8,122.963809
-52.361338,8,122.977521
3.29229,8,122.977521
0.414457,8,122.995447
-18.225871,8,123.019408
-11.908026,8,123.032947
-14.159123,8,123.044993
-31.578227,8,123.056879
2.403755,8,123.119816
-15.581042,8,123.135638
-6.830171,8,123.145328
-191.691653,8,123.155416
10.778453,8,123.177323
-1.507838,8,123.183367
5.248318,8,123.183367
-14.661224,8,123.199399
4.402542,8,123.215356
-36.097505,8,123.233883
-9.091736,8,123.233883
-23.233718,8,123.246934
-64.592274,8,123.262639
-2.65648,8,123.262639
-6.649548,8,123.279595
-50.213743,8,123.299554
5.104362,8,123.310332
-26.508036,8,123.310332
-51.824189,8,123.330197
-48.935302,8,123.339074
-220.58973,8,123.344688
-171.837714,8,123.360312
-17.431352,8,123.360312
-71.332048,8,123.374293
-71.931887,8,123.389859
-47.18454,8,123.400921
4.181868,8,123.409937
-26.579427,8,123.421756
-4.576203,8,123.43948
2.516909,8,123.449492
-3.172847,8,123.459257
-2.312387,8,123.469031
-69.0563,8,123.472465
-62.714135,8,123.490392
-14.922881,8,123.498425
-73.975578,8,123.508458
-66.343077,8,123.520102
-95.104175,8,123.529863
-33.178857,8,123.537614
-82.297082,8,123.537614
4.220669,8,123.565613
-0.780092,8,123.575643
-20.866446,8,123.585414
-62.188066,8,123.595182
-110.871372,8,123.605685
-46.083607,8,123.615199
-33.194326,8,123.623208
-4.664753,8,123.633564
-127.170779,8,123.643849
-36.011285,8,123.643849
-65.072108,8,123.665773
-8.671496,8,123.673795
0.088973,8,123.68994
-105.647897,8,123.68994
-179.103498,8,123.707742
4.628711,8,123.717772
-1.162077,8,123.731137
-90.486989,8,123.739159
-21.656374,8,123.749184
-97.796247,8,123.758958
5.35724,8,123.774066
-6.133111,8,123.782097
-51.271762,8,123.790121
-115.444069,8,123.799893
-0.639747,8,123.814074
-13.055899,8,123.815823
-114.806655,8,123.837636
-191.175666,8,123.846867
-20.267318,8,123.858795
5.80012,8,123.868566
-0.39194,8,123.872574
-12.555431,8,123.888562
-20.568063,8,123.901181
-57.339255,8,123.910179
-11.546507,8,123.920782
-17.197048,8,123.928809
6.480053,8,123.941775
-11.303865,8,123.955576
1.638918,8,123.96359
-106.533164,8,123.973629
-3.43186,8,123.977384
-41.810534,8,123.99519
-106.489558,8,123.99519
-14.894675,8,124.011351
-97.693649,8,124.025437
-2.714806,8,124.025437
1.516657,8,124.041496
-3.259072,8,124.041496
-59.226372,8,124.059605
-5.08932,8,124.076967
-84.363447,8,124.090876
8.72268,8,124.098901
-24.329166,8,124.115115
-14.621642,8,124.124648
-87.211196,8,124.132674
-42.617175,8,124.142447
-83.36573,8,124.154415
-12.443404,8,124.164449
2.125254,8,124.174215
-95.045191,8,124.183707
-2.037141,8,124.195186
5.295277,8,124.204812
-47.661548,8,124.222584
-20.236238,8,124.230075
-10.538018,8,124.23309
2.838723,8,124.25236
-38.213298,8,124.254102
6.3788,8,124.26214
5.000224,8,124.280025
-33.711521,8,124.290038
-4.532539,8,124.297526
3.232717,8,124.305537
-18.52419,8,124.316114
6.949518,8,124.330025
-7.076159,8,124.338055
-23.584682,8,124.350726
-10.833157,8,124.361087
1.748893,8,124.374772
-12.031238,8,124.3828
-2.375096,8,124.390568
-82.69899,8,124.404567
-13.928864,8,124.414231
-52.362327,8,124.42226
-6.930416,8,124.449365
-158.085486,8,124.461385
-0.628167,8,124.467133
3.364341,8,124.467133
-17.039105,8,124.483199
-81.135662,8,124.503105
-3.208694,8,124.513153
-34.865464,8,124.522926
-9.541597,8,124.532703
-69.02104,8,124.534709
-3.595076,8,124.546612
-94.225599,8,124.562449
-53.108468,8,124.562449
-12.785182,8,124.57975
-3.113453,8,124.57975
-36.773372,8,124.595853
-1.63768,8,124.60993
-7.149546,8,124.626031
-20.090193,8,124.626031
-8.568094,8,124.644039
-27.707142,8,124.653658
7.641577,8,124.660101
-0.499213,8,124.675648
-20.12406,8,124.691583
-13.56972,8,124.705338
-41.951447,8,124.719874
-43.61411,8,124.72762
-13.399331,8,124.739405
-26.385734,8,124.74945
-20.358122,8,124.772988
-9.854795,8,124.78302
0.351695,8,124.794801
-14.926829,8,124.806583
-5.769387,8,124.823819
-4.635782,8,124.839188
-74.792345,8,124.849899
0.573958,8,124.86459
1.816281,8,124.866597
-24.456649,8,124.881576
-72.508631,8,124.902679
-146.190174,8,124.919705
-23.973879,8,124.935791
-105.407718,8,124.947592
-5.218688,8,124.965254
-15.803381,8,124.975063
-131.46064,8,124.994282
-11.836697,8,125.004158
-8.44786,8,125.019976
-108.86495,8,125.034038
-15.708806,8,125.048287
-16.805496,8,125.051794
-18.789465,8,125.051794
-16.847554,8,125.077287
-3.171247,8,125.091337
2.585484,8,125.110909
-77.272205,8,125.120132
-48.782337,8,125.13695
0.71013,8,125.150595
-5.32743,8,125.162373
-71.018082,8,125.17241
-26.162041,8,125.181815
-3.475275,8,125.196986
2.310229,8,125.204556
-106.938557,8,125.219922
-54.414343,8,125.229416
-35.264229,8,125.235313
-37.088891,8,125.254408
-54.736328,8,125.271381
-23.833335,8,125.283456
0.856696,8,125.298102
-130.305155,8,125.301115
-31.926941,8,125.319703
-18.39018,8,125.32112
-19.659793,8,125.337698
-8.338729,8,125.35731
-147.770014,8,125.369846
-12.656256,8,125.371162
-60.441896,8,125.395569
-15.439292,8,125.404389
4.396175,8,125.42114
-17.3804,8,125.433389
2.999452,8,125.450091
-21.689379,8,125.46179
-121.705538,8,125.471206
-1.784307,8,125.482418
-9.01945,8,125.494777
5.779706,8,125.504524
-8.404514,8,125.515795
-21.207856,8,125.52629
-51.872567,8,125.541409
-116.214201,8,125.550409
-20.216125,8,125.558413
-6.998171,8,125.575411
-19.154576,8,125.583477
-36.72631,8,125.583477
-52.306214,8,125.602596
-101.872039,8,125.602596
-12.915147,8,125.62201
-36.65835,8,125.63001
-61.579115,8,125.638278
-166.896609,8,125.646278
-49.338463,8,125.658284
-57.681788,8,125.668063
-5.693749,8,125.678096
-50.002641,8,125.679843
-20.444346,8,125.699809
-77.360618,8,125.713553
8.389243,8,125.727437
-83.051591,8,125.729443
-75.34319,8,125.750601
4.331739,8,125.759222
-52.5439,8,125.759222
2.594145,8,125.775363
-79.299438,8,125.791398
-3.041967,8,125.793403
-2.389849,8,125.813688
-94.049335,8,125.823442
-19.690613,8,125.932357
1.807157,8,125.946408
-2.334607,8,125.946408
-183.939843,8,125.960254
-34.5929,8,125.976158
1.806349,8,125.984174
-96.616678,8,125.993955
-70.489061,8,125.999978
-19.679636,8,126.014934
-45.967252,8,126.023913
-84.925547,8,126.023913
-20.739884,8,126.042148
-6.032619,8,126.056082
5.979262,8,126.056082
-54.177038,8,126.071774
-42.190955,8,126.083481
-120.089442,8,126.089492
-0.383165,8,126.103313
-39.416513,8,126.103313
-68.167025,8,126.11926
-49.077423,8,126.137272
0.490729,8,126.144763
-15.646736,8,126.153068
-78.32995,8,126.161064
-22.648763,8,126.166331
-5.380452,8,126.177112
-89.272833,8,126.195064
-8.151533,8,126.195064
-50.526017,8,126.212824
-46.260433,8,126.225068
-47.355705,8,126.225068
-2.924619,8,126.2485
-0.807398,8,126.261269
2.010973,8,126.269306
-104.779,8,126.277075
5.914025,8,126.287111
-14.597782,8,126.298931
-65.581222,8,126.310777
-62.542624,8,126.32078
-67.494601,8,126.328357
-25.423722,8,126.342762
0.924585,8,126.352517
-23.524968,8,126.35854
-33.558153,8,126.368507
-170.189927,8,126.368507
-0.281662,8,126.388569
5.006312,8,126.388569
-107.193251,8,126.407307
-49.274894,8,126.418403
-0.956128,8,126.426433
-36.104343,8,126.442373
-10.845883,8,126.455574
-9.498835,8,126.468147
-17.188775,8,126.478181
3.285616,8,126.487215
-0.724742,8,126.495243
-46.328,8,126.506466
6.709422,8,126.5165
-41.405598,8,126.526279
-30.753883,8,126.534308
-16.734876,8,126.547466
-4.127037,8,126.55722
-83.767273,8,126.57144
1.417516,8,126.575193
-7.977645,8,126.589324
-193.843789,8,126.589324
4.852634,8,126.613446
-42.83431,8,126.623223
-39.798645,8,126.634545
-18.686999,8,126.644104
-129.874039,8,126.652131
-4.27157,8,126.660156
-13.501393,8,126.667897
-0.183329,8,126.683323
2.29707,8,126.693359
7.51008,8,126.706886
-18.574024,8,126.719118
5.132834,8,126.730349
-164.120849,8,126.737751
6.130572,8,126.745501
-101.57065,8,126.759096
5.238154,8,126.769125
1.334189,8,126.782476
-19.361447,8,126.790498
-17.262497,8,126.800732
-16.029482,8,126.808483
-73.068369,8,126.817782
-44.271722,8,126.831097
-3.724837,8,126.842632
1.193727,8,126.852662
-5.615763,8,126.862427
9.064708,8,126.870177
-30.061634,8,126.880814
-170.516054,8,126.887847
-9.129677,8,126.9019
-43.160327,8,126.903649
-84.128156,8,126.919585
-37.299517,8,126.919585
2.378886,8,126.93566
-29.515326,8,126.93566
-98.214873,8,126.961654
-68.821097,8,126.969426
-87.311462,8,126.977456
-1.36467,8,126.985228
2.231419,8,126.987234
1.139,8,127.00911
1.668628,8,127.016076
-66.646694,8,127.016076
3.530234,8,127.03748
-25.575765,8,127.04751
4.835494,8,127.057548
1.928169,8,127.06738
-33.617058,8,127.08937
-55.270521,8,127.101307
-15.091673,8,127.117241
-26.126178,8,127.133049
4.788521,8,127.150861
-18.846616,8,127.164671
-25.99645,8,127.227775
-40.87159,8,127.239563
-75.113173,8,127.257364
-9.023388,8,127.27117
9.272946,8,127.286973
-3.93065,8,127.302772
-83.268722,8,127.318474
-41.02246,8,127.335914
-67.484833,8,127.350713
6.856933,8,127.3617
2.288101,8,127.363747
-23.294916,8,127.387437
-77.404477,8,127.397213
-70.928384,8,127.409235
-13.959443,8,127.423173
1.630593,8,127.43897
-107.284863,8,127.456403
2.839796,8,127.466433
-72.127922,8,127.480401
0.767483,8,127.492168
1.293497,8,127.503948
-3.003766,8,127.515526
-56.755313,8,127.529646
-98.420464,8,127.539425
-26.683323,8,127.549464
3.990435,8,127.562984
-34.981169,8,127.575024
-53.366785,8,127.584796
1.822099,8,127.594826
-3.24996,8,127.6046
-17.94121,8,127.617937
-5.052082,8,127.627949
-56.384475,8,127.633069
-0.605998,8,127.647415
-6.61784,8,127.66424
-14.533655,8,127.677463
-50.000046,8,127.677463
-14.831735,8,127.693596
-48.69102,8,127.709641
-31.098649,8,127.719489
-96.92589,8,127.72952
-1.233549,8,127.737544
1.039535,8,127.741298
3.0364,8,127.759172
-34.423906,8,127.772772
-96.728145,8,127.772772
-2.781413,8,127.799745
2.253235,8,127.80376
-15.40176,8,127.819606
-1.087162,8,127.827505
-3.756559,8,127.83969
-43.695122,8,127.849704
-40.388208,8,127.858752
-3.368107,8,127.869249
-54.288107,8,127.879271
1.637362,8,127.889027
1.991818,8,127.900517
-38.94029,8,127.900517
-24.603042,8,127.927264
-137.53347,8,127.938818
-30.673982,8,127.946589
-14.870704,8,127.948598
-18.538756,8,127.964521
-3.581689,8,127.978378
-0.379049,8,127.988395
-66.805108,8,128.000153
-110.151423,8,128.012168
-53.247002,8,128.020179
-0.804597,8,128.025928
-17.297056,8,128.041296
-113.689215,8,128.053596
-32.771356,8,128.063378
-58.52526,8,128.071407
-109.132381,8,128.075843
-85.828762,8,128.091166
-67.126857,8,128.100566
-10.200501,8,128.106958
-70.47043,8,128.121163
-7.856394,8,128.137226
-63.50122,8,128.139231
2.472653,8,128.153266
-39.414365,8,128.153266
3.899545,8,128.171713
-10.955517,8,128.187421
-72.790214,8,128.187421
4.482654,8,128.201493
-25.988889,8,128.219413
-1.374734,8,128.2355
0.770632,8,128.2355
-53.78598,8,128.2543
-132.294583,8,128.264989
-81.583247,8,128.273106
-110.829857,8,128.282883
-2.074635,8,128.290909
-0.14555,8,128.303527
-3.920055,8,128.318711
-21.652494,8,128.32858
2.547095,8,128.32858
-10.18021,8,128.354497
-32.133666,8,128.36427
-28.298136,8,128.3743
-28.385451,8,128.376046
-33.62059,8,128.391737
-46.989828,8,128.401754
-22.957321,8,128.411516
-71.376285,8,128.421528
4.741834,8,128.432995
-43.726439,8,128.450773
-5.672593,8,128.460787
-19.909474,8,128.470539
-43.717366,8,128.472545
-46.927877,8,128.490255
-59.326914,8,128.500283
-8.54915,8,128.510051
-195.478095,8,128.521983
-32.902822,8,128.533123
-15.849485,8,128.543146
-27.008086,8,128.555588
-131.182546,8,128.567657
-63.070866,8,128.580716
-32.180407,8,128.580716
-66.100565,8,128.596456
2.727377,8,128.612164
6.0505,8,128.612164
-19.459576,8,128.628076
-6.684011,8,128.628076
-36.081556,8,128.64392
3.090292,8,128.659754
-21.315272,8,128.666571
-3.7292,8,128.684623
-16.544811,8,128.695681
-81.962948,8,128.705435
-26.889721,8,128.719697
-83.185808,8,128.723202
-81.10597,8,128.739235
3.157861,8,128.739235
-101.445411,8,128.755329
3.570722,8,128.755329
-11.315329,8,128.777297
-155.554779,8,128.789256
-26.937967,8,128.789256
-4.678495,8,128.803209
-60.219757,8,128.821979
-8.950742,8,128.830007
-24.990002,8,128.837035
-54.556843,8,128.850673
-65.431652,8,128.865302
-62.185179,8,128.866308
2.289428,8,128.866308
2.089894,8,128.893096
-80.528504,8,128.898117
-40.88634,8,128.914042
-5.204495,8,128.914042
-107.811335,8,128.930875
-17.651327,8,128.942634
-51.264942,8,128.952332
-93.814189,8,128.95834
-63.902842,8,128.971372
-19.560296,8,128.983145
-7.122403,8,128.992934
-13.832261,8,129.003714
-32.078833,8,129.012747
5.202607,8,129.024709
-17.477164,8,129.032737
4.812008,8,129.040509
-78.152005,8,129.050537
-50.853303,8,129.061983
0.709863,8,129.072017
-20.632549,8,129.082052
4.447232,8,129.089819
3.237962,8,129.110861
-75.35179,8,129.119897
9.825183,8,129.125921
8.207134,8,129.13579
-10.083419,8,129.144251
5.189193,8,129.1519
-39.320516,8,129.167587
-1.413421,8,129.167587
-70.934202,8,129.185466
-1.085862,8,129.201586
-51.194276,8,129.20961
-100.538351,8,129.215498
-6.555108,8,129.235545
-51.743958,8,129.254458
0.573263,8,129.262207
-2.231981,8,129.262207
-14.214504,8,129.278033
-25.690523,8,129.294241
-86.804076,8,129.294241
-33.947056,8,129.312317
-113.531862,8,129.326123
-36.343446,8,129.338001
-55.525821,8,129.348567
-17.568109,8,129.358101
-15.291621,8,129.37351
-1.265261,8,129.383544
2.971817,8,129.395017
-84.764243,8,129.404772
-37.156277,8,129.417817
2.52965,8,129.426209
-100.380564,8,129.439955
-82.189462,8,129.449971
-100.391958,8,129.461923
-43.490343,8,129.471683
-122.856489,8,129.481705
-55.346692,8,129.492677
-3.896306,8,129.505521
-1.985461,8,129.519419
-26.900277,8,129.529454
-2.481375,8,129.536383
0.401012,8,129.558904
-41.07789,8,129.568673
-83.179273,8,129.578441
-23.96172,8,129.584045
-3.467262,8,129.594188
-28.46004,8,129.615145
-134.628403,8,129.615145
-20.824795,8,129.635834
-16.650695,8,129.651192
-14.737115,8,129.671189
-22.047085,8,129.685498
7.291217,8,129.694561
-1.304729,8,129.713445
-1.469708,8,129.727535
0.127554,8,129.740604
-11.860317,8,129.756806
-33.911643,8,129.776241
-44.986928,8,129.794806
3.486391,8,129.81114
-55.080399,8,129.827037
-12.771779,8,129.841035
-105.002027,8,129.85233
2.564349,8,129.868956
-46.903413,8,129.878992
3.090717,8,130.04142
-4.469057,8,130.049449
4.736181,8,130.061529
5.589548,8,130.074193
-111.206423,8,130.08722
-12.803943,8,130.095233
-17.595016,8,130.102988
-33.007512,8,130.115004
-19.745394,8,130.132896
-22.834019,8,130.142893
-2.805592,8,130.156207
-77.73256,8,130.164908
-50.625939,8,130.165559
-24.410747,8,130.187842
-38.602672,8,130.20219
-7.455221,8,130.203067
-39.742889,8,130.2212
-55.295492,8,130.237984
-0.708455,8,130.237984
0.734156,8,130.258125
-28.531984,8,130.270861
-7.692252,8,130.28259
-4.030783,8,130.287921
-1.846496,8,130.304563
-32.706716,8,130.32119
-10.483796,8,130.333504
-38.412817,8,130.34312
-10.088048,8,130.35463
-33.458713,8,130.368901
-26.180671,8,130.377338
-64.0694,8,130.387971
-154.473628,8,130.387971
3.952052,8,130.409708
-106.959145,8,130.418823
-72.799847,8,130.426834
-21.048314,8,130.440601
4.316038,8,130.451438
-25.55133,8,130.464567
-10.345348,8,130.464567
0.346572,8,130.482676
-30.719926,8,130.494383
-8.913277,8,130.498308
2.591513,8,130.510427
-13.235747,8,130.510427
3.719702,8,130.535352
-127.132475,8,130.542103
-93.358031,8,130.542103
-21.240884,8,130.563858
6.683646,8,130.583198
-65.461336,8,130.589221
-75.436071,8,130.60116
-59.253809,8,130.61094
-68.77992,8,130.62263
0.54539,8,130.631859
-116.741798,8,130.641872
-10.606302,8,130.651625
-26.897398,8,130.663642
-17.198847,8,130.673398
-43.01608,8,130.681148
9.418861,8,130.695185
-86.4615,8,130.710165
3.2986,8,130.721326
-49.94125,8,130.734504
-12.45333,8,130.743307
8.57113,8,130.757082
-113.644767,8,130.767891
-74.421742,8,130.778752
-11.14941,8,130.787837
-76.314383,8,130.803202
-20.907774,8,130.814327
-36.760221,8,130.824744
-24.855969,8,130.834481
-12.596693,8,130.844837
-7.50658,8,130.86007
-22.227156,8,130.868965
6.504964,8,130.871288
2.003628,8,130.888009
-1.909257,8,130.90471
-21.205018,8,130.918883
-2.541768,8,130.921311
1.894628,8,130.942963
-182.934798,8,130.954268
7.185924,8,130.964844
-55.73704,8,130.973853
1.704427,8,130.986699
-35.650279,8,130.998706
-15.725011,8,131.008323
-110.269624,8,131.015736
-19.813073,8,131.033604
-26.570698,8,131.041604
-34.501906,8,131.050217
2.744826,8,131.060255
1.619577,8,131.073182
-9.134523,8,131.082935
-137.68614,8,131.092448
-2.275759,8,131.1002
2.729385,8,131.112525
-58.026264,8,131.122557
-36.347803,8,131.13633
1.284552,8,131.150159
-57.908332,8,131.157922
-7.121462,8,131.157922
-0.41242,8,131.181966
-10.362567,8,131.183965
-122.166417,8,131.204021
3.170531,8,131.212049
-52.554746,8,131.221824
-17.276787,8,131.231598
-3.698828,8,131.242008
-29.305377,8,131.254716
-46.417628,8,131.325474
-297.910774,8,131.329222
1.170002,8,131.345162
-80.85431,8,131.347166
-12.183364,8,131.362902
-58.819337,8,131.376616
3.322367,8,131.389153
-88.369887,8,131.398685
-40.585787,8,131.408454
4.824314,8,131.416478
2.136424,8,131.429852
3.707244,8,131.439889
-53.59434,8,131.439889
0.148215,8,131.455702
-0.942599,8,131.479254
-45.548902,8,131.489271
-41.176083,8,131.497292
-17.785373,8,131.507068
-2.526533,8,131.518526
-10.255108,8,131.528553
-21.808694,8,131.538338
-26.390939,8,131.546365
0.121182,8,131.558178
6.24183,8,131.567951
0.173252,8,131.57598
-50.969044,8,131.591855
-4.199807,8,131.605523
-18.209947,8,131.615303
-198.691389,8,131.621325
-12.478198,8,131.631106
-126.7567,8,131.631106
-23.60267,8,131.65207
-18.062694,8,131.661103
-11.204192,8,131.669124
-45.612951,8,131.68079
-87.753377,8,131.688803
-0.901367,8,131.702568
-61.733567,8,131.712332
-25.615396,8,131.726111
-44.690607,8,131.736132
1.721615,8,131.745887
-88.22929,8,131.755639
-69.296895,8,131.768639
-38.156689,8,131.773648
-77.932048,8,131.773648
-76.326685,8,131.793616
-7.690105,8,131.80334
-50.562809,8,131.819012
-50.08357,8,131.819012
-32.000966,8,131.836792
-40.959611,8,131.852602
5.922076,8,131.852602
-40.493688,8,131.875323
-15.116364,8,131.890393
0.525036,8,131.90456
6.64327,8,131.922122
3.444278,8,131.935912
-22.87506,8,131.949703
-69.850044,8,131.961485
-65.308789,8,131.971514
-38.63163,8,131.981282
-54.350628,8,131.983288
-22.722856,8,132.00454
-24.551809,8,132.0206
7.39423,8,132.036399
-64.501748,8,132.052202
-17.451149,8,132.068
-84.004785,8,132.084968
-5.708869,8,132.100831
-47.605986,8,132.118001
-18.232233,8,132.142309
-65.087925,8,132.155339
-100.692171,8,132.168357
-44.680753,8,132.18136
-30.286147,8,132.195086
-80.099877,8,132.211409
1.929242,8,132.223458
-95.504748,8,132.235252
7.212375,8,132.256759
-22.15611,8,132.267167
-35.989348,8,132.278825
-62.398532,8,132.292479
-96.805211,8,132.307192
-2.569577,8,132.308197
-5.328092,8,132.324028
-45.111409,8,132.324028
-12.414727,8,132.350777
0.522837,8,132.36583
-21.6131,8,132.381611
-24.886594,8,132.39337
-105.163239,8,132.406227
-67.397043,8,132.416265
-4.532823,8,132.426304
-24.15164,8,132.438087
0.207004,8,132.451997
-81.307749,8,132.460007
-97.602483,8,132.474401
6.835991,8,132.483438
-92.696751,8,132.497106
-156.573437,8,132.506634
2.466122,8,132.51861
-8.914314,8,132.530256
-56.896083,8,132.544207
-0.470366,8,132.546211
-23.570424,8,132.559928
-124.824722,8,132.559928
4.136229,8,132.584029
6.606043,8,132.591593
-50.578002,8,132.607393
-7.356014,8,132.62344
-15.677946,8,132.639313
-104.369928,8,132.655058
-110.279163,8,132.655058
-24.285147,8,132.672962
2.809332,8,132.688862
-41.225642,8,132.707056
6.639734,8,132.716808
-7.299331,8,132.718809
-49.927603,8,132.73604
6.83779,8,132.744066
-48.659228,8,132.751842
-25.768248,8,132.759867
-24.476996,8,132.773223
-22.287892,8,132.781252
-71.798807,8,132.791268
-44.87225,8,132.808342
-212.216783,8,132.821008
-11.806756,8,132.831374
-101.301473,8,132.839401
2.386267,8,132.848133
-40.868896,8,132.858951
1.553505,8,132.869487
-94.385032,8,132.879004
4.296887,8,132.887034
-142.643107,8,132.901006
-4.604451,8,132.914792
-10.590555,8,132.923222
-27.956535,8,132.927239
-16.653079,8,132.946226
-0.595594,8,132.957994
-59.725705,8,132.966016
2.235917,8,132.971776
-9.643257,8,132.987825
-2.979498,8,132.989841
-120.45377,8,133.024988
-4.667535,8,133.04174
-32.140349,8,133.06837
-53.050458,8,133.090267
5.332489,8,133.106159
-27.978032,8,133.120036
1.210239,8,133.154345
0.147767,8,133.170759
-65.07426,8,133.187335
-28.630553,8,133.207155
-24.440871,8,133.223113
-13.957549,8,133.242556
-6.230011,8,133.255801
-73.155819,8,133.265834
-86.502269,8,133.279764
-78.014767,8,133.293994
2.533423,8,133.303776
6.551807,8,133.313816
-2.476882,8,133.317422
2.309774,8,133.340638
-32.111537,8,133.356333
-12.72718,8,133.367372
6.089897,8,133.386095
-16.455842,8,133.400933
-2.578557,8,133.40897
-1.349274,8,133.41875
4.824901,8,133.434637
-42.572394,8,133.448107
-3.875008,8,133.459315
-34.752409,8,133.474028
-2.148974,8,133.489072
-22.903367,8,133.50436
-149.690322,8,133.514129
-22.475854,8,133.525923
-36.19866,8,133.540009
-155.755695,8,133.548045
-72.161379,8,133.560089
-18.603141,8,133.565841
-55.20959,8,133.587982
-3.411382,8,133.599741
-182.088853,8,133.605755
-93.26648,8,133.619864
-21.547407,8,133.635444
-28.11999,8,133.643475
-51.924894,8,133.659427
-29.984279,8,133.671159
-4.587342,8,133.690876
-19.304473,8,133.702676
-65.845693,8,133.713513
-5.252205,8,133.724577
4.608659,8,133.742114
5.885645,8,133.748333
-47.405946,8,133.764172
3.978063,8,133.764172
8.099614,8,133.783803
-164.010918,8,133.794364
-46.988206,8,133.812498
-34.491383,8,133.828195
-29.824987,8,133.84209
-5.911909,8,133.84209
-160.705839,8,133.859993
-93.942312,8,133.866005
-0.60676,8,133.879781
-26.780826,8,133.889554
9.960613,8,133.899584
-6.279415,8,133.913046
-93.577752,8,133.924721
9.122484,8,133.934754
-219.468096,8,133.944788
-24.199884,8,133.958586
-28.831937,8,133.968529
-21.174048,8,133.968529
-2.695541,8,133.990281
-33.457662,8,133.998312
-25.13403,8,134.122815
-19.564543,8,134.134521
-111.84058,8,134.143555
-67.534592,8,134.151582
-69.841336,8,134.163378
-47.467778,8,134.173131
-35.939771,8,134.173131
11.4237,8,134.1891
-44.807181,8,134.207226
2.271872,8,134.207226
-173.591746,8,134.221142
-27.2062,8,134.232595
-31.717021,8,134.246369
1.002576,8,134.254599
-16.98318,8,134.256604
4.170865,8,134.270657
-54.674072,8,134.282227
-93.020095,8,134.292242
-24.048883,8,134.30082
-5.912952,8,134.314866
-13.03342,8,134.331511
-10.353939,8,134.341253
-30.300928,8,134.354585
-122.127874,8,134.364615
2.702632,8,134.366621
-16.323151,8,134.386161
-7.98602,8,134.394196
-103.029154,8,134.402229
-11.027528,8,134.415969
6.981572,8,134.425722
-41.258637,8,134.435077
-40.231308,8,134.445113
-0.879414,8,134.472417
-61.380888,8,134.486471
-173.534144,8,134.496243
-194.299905,8,134.508029
0.123772,8,134.521813
-95.039008,8,134.533854
-6.220792,8,134.549657
2.917634,8,134.56345
-10.630921,8,134.587023
-18.414639,8,134.60082
-23.098276,8,134.614615
-78.367744,8,134.624647
-28.706492,8,134.640445
-18.070974,8,134.658255
3.55566,8,134.668691
-43.717581,8,134.676702
0.720551,8,134.693591
-125.765268,8,134.70242
3.819705,8,134.711438
-62.087025,8,134.721469
-30.846892,8,134.733248
-56.288428,8,134.743021
-0.05507,8,134.753054
6.707031,8,134.762827
-16.130668,8,134.774696
-24.636506,8,134.790942
-33.886976,8,134.790942
2.48606,8,134.812263
-108.167403,8,134.824709
-1.33816,8,134.824709
-14.171736,8,134.842033
-1.053678,8,134.851812
3.116855,8,134.861725
-96.26249,8,134.868188
-90.324452,8,134.883227
-1.233205,8,134.885142
-3.374415,8,134.9089
-17.149643,8,134.918302
-78.068512,8,134.930086
-96.46946,8,134.943451
-7.461614,8,134.954446
0.932094,8,134.965462
-29.059688,8,134.973471
-93.057358,8,134.983225
4.773517,8,134.995756
-88.358121,8,135.003768
-10.273493,8,135.011613
-4.494504,8,135.011613
0.042986,8,135.026748
-15.915296,8,135.040773
-118.635316,8,135.054393
4.659157,8,135.056396
4.297056,8,135.077814
-77.891847,8,135.08783
1.638389,8,135.100352
-23.447794,8,135.107882
-18.942868,8,135.126884
-16.792796,8,135.134914
-22.037883,8,135.146959
-17.485828,8,135.154729
2.735523,8,135.166713
-6.033868,8,135.166713
5.48074,8,135.182517
-32.735172,8,135.195507
-107.426852,8,135.198517
-20.242158,8,135.216499
-16.346612,8,135.216499
-80.848406,8,135.235127
-7.800599,8,135.247925
-67.559285,8,135.261899
-19.935415,8,135.261899
-3.046883,8,135.277807
-14.001441,8,135.293895
-61.628812,8,135.293895
-25.914718,8,135.309982
-39.564654,8,135.324494
-31.293587,8,135.409041
-39.538786,8,135.418798
-22.961994,8,135.428295
-1.308928,8,135.437794
-21.868286,8,135.453499
4.356954,8,135.466555
-43.213328,8,135.475539
5.061609,8,135.485295
-36.777774,8,135.496379
-25.276698,8,135.505407
-89.611633,8,135.515178
5.904179,8,135.525205
-77.790407,8,135.541561
-49.518263,8,135.552614
8.711102,8,135.564407
-4.425989,8,135.577135
-4.137922,8,135.588126
-22.913119,8,135.598361
3.262628,8,135.611918
-25.814853,8,135.625736
-84.933808,8,135.637975
1.050512,8,135.651942
9.108164,8,135.661459
-64.454407,8,135.671472
-61.036772,8,135.688946
-50.824468,8,135.700078
-69.219551,8,135.706999
-60.301126,8,135.721098
-67.111166,8,135.723114
3.202,8,135.744053
-15.962715,8,135.75421
3.647497,8,135.763215
-46.288192,8,135.776179
-36.095921,8,135.78923
-69.917446,8,135.799429
-11.505593,8,135.809526
-100.875033,8,135.81682
1.249026,8,135.83454
-66.101824,8,135.844031
-74.284707,8,135.854715
-15.200977,8,135.861879
1.31758,8,135.861879
-18.581244,8,135.879802
-13.429017,8,135.879802
-16.997493,8,135.898496
0.062719,8,135.909414
-20.976922,8,135.909414
-5.497296,8,135.933497
-21.689791,8,135.941406
-86.133488,8,135.948536
-120.76225,8,135.963649
-88.179876,8,135.973191
3.089866,8,135.9752
-164.625837,8,135.989055
-50.068092,8,135.989055
2.617079,8,136.016141
-10.654297,8,136.027412
-13.258197,8,136.038457
-0.925854,8,136.046481
-53.655395,8,136.055942
7.188789,8,136.0701
6.083815,8,136.080114
-4.52921,8,136.093911
-15.481006,8,136.103692
-10.129884,8,136.109267
-75.006017,8,136.12449
-26.972714,8,136.133524
-5.807515,8,136.14156
-96.748513,8,136.15303
-88.475643,8,136.162784
2.290564,8,136.170795
0.498314,8,136.178283
7.946122,8,136.191279
-0.928999,8,136.20054
-73.94692,8,136.207869
-22.465399,8,136.224578
-28.963699,8,136.23648
-22.005354,8,136.23838
-139.131309,8,136.252149
-77.684475,8,136.252149
-32.669226,8,136.268191
-0.728515,8,136.286774
-19.144167,8,136.295774
-53.012606,8,136.304517
-38.040267,8,136.317904
-92.075899,8,136.327932
-5.845789,8,136.341576
9.496492,8,136.35596
-47.132403,8,136.369022
-25.921853,8,136.37145
-100.967429,8,136.386629
-12.905434,8,136.388085
-31.508991,8,136.404797
-25.782214,8,136.421395
-1.683495,8,136.43372
-31.579221,8,136.438107
-0.255005,8,136.454302
-40.394547,8,136.471537
-42.704411,8,136.481723
-0.116575,8,136.488097
-21.346201,8,136.509334
-42.370901,8,136.519337
-85.333581,8,136.528338
-56.226759,8,136.538917
-56.10352,8,136.551756
-13.275072,8,136.561754
-4.347046,8,136.568931
-43.585499,8,136.580453
-18.629159,8,136.582461
-38.45427,8,136.603038
-79.912944,8,136.603038
-16.314572,8,136.621316
-25.963372,8,136.635708
-2.938615,8,136.652374
1.178587,8,136.654732
1.50912,8,136.671361
8.520957,8,136.694628
-89.689654,8,136.704763
-89.74874,8,136.721288
-6.740238,8,136.731621
-18.483606,8,136.746052
-2.363381,8,136.754583
-80.944181,8,136.769006
-39.551388,8,136.78365
8.12841,8,136.804761
-56.814766,8,136.818963
-31.419041,8,136.833863
-31.47982,8,136.843841
-81.739604,8,136.862841
-22.325209,8,136.875082
-0.061384,8,136.888126
-46.581046,8,136.902692
-39.412471,8,136.919207
-66.661897,8,136.928986
0.99945,8,136.941466
-72.737017,8,136.950998
-27.03765,8,136.962972
5.521748,8,136.976744
-86.851229,8,136.992436
-68.909506,8,137.005804
-27.404167,8,137.01383
-40.187921,8,137.024629
-41.474385,8,137.046998
-28.407313,8,137.05904
-31.339367,8,137.07103
-52.867673,8,137.08308
4.217164,8,137.094133
-29.745546,8,137.103914
0.658698,8,137.117704
-11.959331,8,137.131379
-51.241652,8,137.147413
-11.91038,8,137.158134
1.131691,8,137.17147
-29.977131,8,137.181853
5.159082,8,137.191854
-4.609715,8,137.202478
-42.681954,8,137.21525
-65.213997,8,137.225264
-28.871305,8,137.229015
-66.392182,8,137.244902
-50.119405,8,137.261009
-33.42227,8,137.271044
-43.638925,8,137.284979
7.638117,8,137.295656
5.732732,8,137.308404
11.703758,8,137.318432
-20.981033,8,137.324192
-76.652833,8,137.335886
3.471287,8,137.345921
0.679757,8,137.353953
-64.182619,8,137.355702
-7.072,8,137.371801
-0.093283,8,137.387646
-88.19342,8,137.395657
-65.977614,8,137.403407
8.955711,8,137.419166
3.412794,8,137.429884
-83.944935,8,137.440901
-0.450988,8,137.450655
-106.660525,8,137.458667
-11.014078,8,137.476
-6.62574,8,137.484564
10.365664,8,137.498583
-183.844756,8,137.512787
-22.291711,8,137.528091
-29.535355,8,137.53814
-56.237461,8,137.545915
-37.70103,8,137.562327
-190.669927,8,137.564331
-69.679852,8,137.585077
6.020634,8,137.593088
-57.315648,8,137.604789
7.059694,8,137.616803
-49.316134,8,137.626582
-6.170284,8,137.634612
-41.216726,8,137.642382
2.008427,8,137.656369
-26.667846,8,137.6644
-68.12326,8,137.672173
0.83893,8,137.686332
-3.648599,8,137.704045
0.968494,8,137.704045
-61.731458,8,137.721409
-15.176594,8,137.731445
-63.042537,8,137.735199
-28.650511,8,137.752935
5.197088,8,137.752935
-2.813642,8,137.766977
-50.523435,8,137.78499
6.070701,8,137.793016
-0.151075,8,137.804797
7.556613,8,137.816293
-19.367089,8,137.834291
-27.463579,8,137.842319
-1.618944,8,137.850092
-12.303212,8,137.850092
8.66609,8,137.870533
-6.158899,8,137.880076
-85.167252,8,137.890109
-22.287499,8,137.897879
-56.155373,8,137.911656
-22.69869,8,137.914565
-96.264668,8,137.931621
1.03621,8,137.941374
-183.772868,8,137.957467
-1.574166,8,137.9675
3.757254,8,137.976889
-11.306975,8,137.986903
-76.346588,8,138.001104
-36.655669,8,138.008632
4.595136,8,138.018659
-18.681419,8,138.027132
-88.155008,8,138.036222
-118.337509,8,138.036222
-90.205982,8,138.051875
-40.938803,8,138.069743
-80.260512,8,138.20913
-43.310935,8,138.212897
-2.429707,8,138.228757
-61.271023,8,138.228757
6.718912,8,138.244856
-33.504413,8,138.265458
-35.787892,8,138.267592
4.660114,8,138.286579
-98.846059,8,138.301209
4.304087,8,138.311244
2.661516,8,138.315872
3.882776,8,138.315872
6.447373,8,138.337697
-84.762523,8,138.360022
-9.088471,8,138.371987
1.047999,8,138.38163
-18.513439,8,138.387725
-18.688753,8,138.404497
-17.270535,8,138.404497
-7.324329,8,138.422013
-1.65595,8,138.436726
-48.608431,8,138.438727
-58.686579,8,138.455411
1.822912,8,138.471159
4.08651,8,138.484166
-17.477733,8,138.494173
-3.04915,8,138.507586
-1.004991,8,138.515173
-29.664227,8,138.530512
-49.45202,8,138.54004
-39.004118,8,138.550066
-71.499885,8,138.558095
-17.425273,8,138.561852
-27.498712,8,138.584001
5.266881,8,138.593649
-7.668195,8,138.595654
-44.118997,8,138.611726
-34.927601,8,138.611726
-0.203999,8,138.631964
-12.313763,8,138.64361
-53.02475,8,138.657614
-15.675481,8,138.665203
-1.549807,8,138.675238
-0.59323,8,138.683265
-113.840217,8,138.689117
-7.821818,8,138.706763
1.397338,8,138.706763
7.11068,8,138.724607
-27.447046,8,138.736591
4.106743,8,138.746624
1.029234,8,138.756399
0.761877,8,138.768164
-17.722589,8,138.781506
6.839725,8,138.791481
-30.548858,8,138.803726
-80.558589,8,138.811747
-83.638755,8,138.823931
-71.954494,8,138.832966
-76.20235,8,138.842999
-60.507153,8,138.852776
-74.244303,8,138.864612
-30.573028,8,138.874224
-95.5005,8,138.882874
-9.245213,8,138.89487
-96.485954,8,138.906657
6.606514,8,138.919697
3.136937,8,138.929472
3.886835,8,138.939115
4.990771,8,138.952654
-63.870211,8,138.960682
-46.269772,8,138.970717
-50.207547,8,138.978487
4.084093,8,138.992316
-12.534459,8,138.998339
-38.402844,8,139.006369
-73.639736,8,139.016144
0.156436,8,139.03588
-129.021648,8,139.045374
-0.502145,8,139.055605
-124.185889,8,139.059572
1.357315,8,139.077483
3.972832,8,139.087275
-107.620623,8,139.09933
-32.163046,8,139.109299
-36.530145,8,139.124027
-89.37487,8,139.138075
-33.600062,8,139.14906
-14.358689,8,139.157236
6.161015,8,139.175033
2.190606,8,139.188834
-64.432451,8,139.20334
2.572978,8,139.212377
-42.077268,8,139.228134
-93.49939,8,139.23702
-84.59568,8,139.253878
0.808603,8,139.267982
-68.683927,8,139.281772
-47.085688,8,139.291542
-25.605125,8,139.303206
-93.882093,8,139.315538
2.228826,8,139.334327
-14.328395,8,139.353718
-31.19991,8,139.366218
-14.470434,8,139.377818
-26.409842,8,139.392052
-43.909783,8,139.403743
1.640856,8,139.413779
-80.613756,8,139.42512
2.600043,8,139.498192
-19.112163,8,139.508227
-21.867204,8,139.518011
-103.45165,8,139.52779
-78.60853,8,139.541846
-120.994241,8,139.555651
-7.894159,8,139.56744
-21.046193,8,139.585012
-41.854457,8,139.593287
-9.771135,8,139.607114
-6.402045,8,139.607114
1.115739,8,139.626889
-23.54506,8,139.640898
-2.777506,8,139.648927
-39.506405,8,139.654687
-41.537185,8,139.654687
-46.968633,8,139.681603
-73.799121,8,139.689215
-21.693668,8,139.703935
-82.330487,8,139.717576
2.545697,8,139.733295
-52.177066,8,139.733295
-12.383165,8,139.749285
4.384009,8,139.765102
-138.952998,8,139.778692
-120.62818,8,139.782412
-22.768672,8,139.805182
-16.346565,8,139.818067
1.192262,8,139.831108
5.999232,8,139.844162
-115.70517,8,139.870255
-86.718795,8,139.890375
-44.630377,8,139.908755
-17.714313,8,139.921372
-155.882725,8,139.937721
-28.597731,8,139.948511
-5.881578,8,139.967045
-21.498559,8,139.974595
-16.079524,8,139.991753
-34.562477,8,140.001788
-29.358896,8,140.01622
-23.000255,8,140.026215
-28.337667,8,140.032199
-18.632019,8,140.050215
-160.778925,8,140.072024
4.19031,8,140.083787
-27.146706,8,140.095546
-4.62666,8,140.106465
1.106849,8,140.121519
-77.364314,8,140.131294
-3.327539,8,140.141333
3.726622,8,140.156619
-3.550143,8,140.169146
0.46176,8,140.178922
-4.633561,8,140.188155
-17.039908,8,140.197104
-160.187211,8,140.214296
1.986733,8,140.226081
-241.243405,8,140.235622
-57.780365,8,140.245657
-2.58643,8,140.261688
-88.283066,8,140.270729
0.322516,8,140.280761
1.317174,8,140.290537
-20.630289,8,140.302331
-2.497001,8,140.312361
-11.872335,8,140.322131
1.386314,8,140.331899
-1.075033,8,140.344867
-11.101274,8,140.356359
-1.691211,8,140.371791
-103.209569,8,140.381055
-1.379029,8,140.394677
-52.171406,8,140.403563
-12.759853,8,140.411563
-47.812147,8,140.417118
-56.868524,8,140.432531
-41.807904,8,140.434533
4.480175,8,140.450635
-1.448103,8,140.462675
-1.256021,8,140.478576
-24.278635,8,140.494052
-19.229677,8,140.505662
-29.448865,8,140.515259
-25.436397,8,140.527387
-1.437229,8,140.537417
10.563547,8,140.547194
-16.597664,8,140.55697
-17.748321,8,140.568376
-17.692994,8,140.574394
2.61224,8,140.590336
-17.599823,8,140.600695
-39.285348,8,140.604238
-20.094834,8,140.626272
-58.700185,8,140.634313
-2.861605,8,140.636063
2.98754,8,140.657681
-52.946367,8,140.665715
-18.225599,8,140.667464
5.549409,8,140.685333
4.098058,8,140.699224
-124.321289,8,140.699224
2.965469,8,140.715334
-52.492273,8,140.715334
-17.038382,8,140.7391
-0.348905,8,140.75278
-65.958005,8,140.762792
-11.731511,8,140.772225
3.822912,8,140.784641
0.009826,8,140.811905
-113.746225,8,140.821936
-0.021282,8,140.831286
-81.633256,8,140.843022
-70.33442,8,140.853057
-0.393981,8,140.860827
-188.929884,8,140.870863
-22.168355,8,140.882499
-62.812707,8,140.888261
2.892083,8,140.903862
-9.890829,8,140.905867
-89.13357,8,140.921551
-168.161823,8,140.937312
-67.235061,8,140.937312
-6.054726,8,140.951106
0.853667,8,140.96899
-1.547639,8,140.976739
-0.18978,8,140.984496
6.503079,8,140.992527
1.988987,8,141.000774
-52.214517,8,141.014312
-21.83887,8,141.025651
-32.04948,8,141.029998
6.791465,8,141.05249
-57.370762,8,141.061721
-10.106517,8,141.071069
1.95638,8,141.081106
-12.001927,8,141.092967
-16.395548,8,141.103776
-13.386097,8,141.112811
-19.243734,8,141.118834
-56.673824,8,141.124593
-13.694038,8,141.139885
-9.139173,8,141.151542
-10.735044,8,141.163557
-2.441416,8,141.171562
-88.176917,8,141.187501
-1.541615,8,141.18951
1.77665,8,141.203614
-27.503649,8,141.217705
-99.121509,8,141.227693
-26.136426,8,141.229693
1.80957,8,141.245727
-0.430382,8,141.261485
2.055234,8,141.271518
-48.266078,8,141.281293
-163.789593,8,141.293135
-35.482137,8,141.293135
6.319881,8,141.315133
-8.721268,8,141.325003
-59.003686,8,141.331024
-19.736092,8,141.341054
-84.208724,8,141.341054
-12.639307,8,141.365096
-4.136152,8,141.374881
3.351941,8,141.376888
-60.128059,8,141.388886
-93.062264,8,141.404271
-6.0473,8,141.404271
-17.741194,8,141.430625
-60.394389,8,141.439288
-70.114455,8,141.447313
-86.323987,8,141.457346
-48.130977,8,141.47292
-13.925184,8,141.480945
-127.17364,8,141.490716
-47.176323,8,141.501125
-53.341372,8,141.516289
-83.13348,8,141.524314
-86.783948,8,141.537153
-144.380039,8,141.545187
-39.314474,8,141.564228
-9.644201,8,141.575689
-18.902534,8,141.588428
-12.413933,8,141.599449
-79.830005,8,141.61514
2.521648,8,141.626941
-17.650605,8,141.640847
3.615008,8,141.652597
0.566454,8,141.672286
-27.040304,8,141.684098
5.222391,8,141.700157
-112.26508,8,141.71151
-7.779527,8,141.726949
-13.93091,8,141.742999
0.823048,8,141.755915
-14.633933,8,141.769244
0.093936,8,141.788115
-138.120045,8,141.804762
0.682629,8,141.816142
-6.164117,8,141.821513
-83.40616,8,141.844171
0.257173,8,141.854844
-4.327423,8,141.871494
-10.408432,8,141.883797
-28.699124,8,141.896849
-99.435832,8,141.904865
-12.65009,8,141.928956
-4.586944,8,141.938144
8.664996,8,141.954723
-27.020832,8,141.954723
-43.697962,8,141.975071
-16.668864,8,141.985072
-3.001341,8,141.997058
4.014147,8,142.005739
-17.941751,8,142.013811
-19.966205,8,142.023725
7.945787,8,142.033866
-39.120207,8,142.052643
-2.275218,8,142.065672
-146.776539,8,142.079494
-20.594632,8,142.089165
-36.471558,8,142.105361
-94.192675,8,142.115362
-34.558958,8,142.125471
-7.365964,8,142.138768
-13.49858,8,142.148557
-23.061256,8,142.159214
1.671588,8,142.166247
-45.782848,8,142.309447
-2.624523,8,142.315239
-78.540561,8,142.329903
-53.919437,8,142.333409
-58.294466,8,142.349624
-47.291956,8,142.361739
3.528055,8,142.363744
-19.27596,8,142.377704
-0.311765,8,142.395906
-15.99257,8,142.395906
5.606687,8,142.409714
-60.218701,8,142.409714
-51.199143,8,142.427634
-61.544532,8,142.4414
-13.824057,8,142.4414
-27.965593,8,142.462035
-0.996486,8,142.480502
-162.765334,8,142.49226
-15.47066,8,142.50027
-55.218775,8,142.510034
0.11434,8,142.522142
-3.476139,8,142.522142
6.115949,8,142.538182
-54.207505,8,142.548115
-26.701489,8,142.55991
-21.284161,8,142.567661
-70.654786,8,142.567661
-162.804277,8,142.591085
-67.084013,8,142.605815
-7.200353,8,142.611823
-54.559072,8,142.622371
-42.204539,8,142.630397
-0.355122,8,142.642437
-22.037149,8,142.651053
-33.528052,8,142.661089
3.664606,8,142.670124
-44.486497,8,142.683468
8.482917,8,142.691497
-9.6326,8,142.701535
0.282348,8,142.713316
4.824942,8,142.728629
-0.515024,8,142.736662
-5.38054,8,142.740693
-6.386202,8,142.756286
2.843863,8,142.767686
-8.676403,8,142.777621
-81.788774,8,142.785651
-90.550199,8,142.79341
-35.116409,8,142.803049
-100.421353,8,142.811188
-74.096311,8,142.818678
-4.265041,8,142.818678
-47.200037,8,142.845935
7.18742,8,142.855977
3.681003,8,142.86762
-0.390683,8,142.86762
-14.52228,8,142.889668
-79.165118,8,142.899441
-34.895895,8,142.909471
-116.140447,8,142.919243
-13.367818,8,142.93521
-21.555315,8,142.93521
-84.572917,8,142.952169
3.500374,8,142.961204
-7.16922,8,142.971413
-21.846475,8,142.985741
-38.633541,8,142.992806
0.346093,8,142.992806
-7.20081,8,143.008591
-42.923142,8,143.008591
-76.320652,8,143.0265
-96.65451,8,143.04032
-2.390201,8,143.056144
1.828187,8,143.060151
-32.278311,8,143.077693
-95.253491,8,143.08974
0.152725,8,143.102313
5.897561,8,143.118144
-17.643257,8,143.128229
6.07003,8,143.13825
-3.331204,8,143.15323
-38.053818,8,143.163274
-43.228827,8,143.172776
-20.814623,8,143.182267
-24.322333,8,143.194292
-108.622454,8,143.202724
7.748,8,143.208731
-24.028838,8,143.219705
-42.399312,8,143.229678
-143.034055,8,143.237689
-15.220899,8,143.251802
-46.999941,8,143.265592
6.06724,8,143.277319
-68.922768,8,143.287356
-90.235591,8,143.29513
-77.456677,8,143.30316
-50.383235,8,143.31493
-1.260608,8,143.324687
-33.556463,8,143.332436
-1.730234,8,143.342483
-107.489,8,143.35455
-227.694927,8,143.36458
-47.736661,8,143.382017
-82.862654,8,143.39206
-146.563835,8,143.401836
-133.003389,8,143.413547
3.972952,8,143.421917
-15.503018,8,143.431944
-38.541891,8,143.44574
-78.837286,8,143.456736
-9.959133,8,143.464763
-12.681569,8,143.464763
-89.451184,8,143.486804
-50.402735,8,143.496079
-186.170177,8,143.518148
-37.242738,8,143.600078
-68.087695,8,143.606315
-27.419573,8,143.623901
-13.59317,8,143.638028
-45.319534,8,143.638028
-74.955972,8,143.653922
1.087065,8,143.671763
-174.194135,8,143.671763
3.501069,8,143.685817
0.84935,8,143.708559
-28.866631,8,143.717585
-70.273328,8,143.717585
-0.372201,8,143.743465
0.472123,8,143.759002
-40.757264,8,143.767035
-51.246484,8,143.767035
0.531605,8,143.781162
-81.540442,8,143.797009
-87.53391,8,143.797009
3.279319,8,143.817993
-7.254735,8,143.830655
-93.164593,8,143.844806
-8.582535,8,143.844806
-19.688612,8,143.860733
-11.084858,8,143.860733
-32.544281,8,143.89256
-20.106686,8,143.90083
-34.684624,8,143.908448
-7.425903,8,143.917592
-49.229524,8,143.938946
2.266528,8,143.939953
-56.093257,8,143.959716
-0.695176,8,143.971747
-31.480513,8,143.988287
-17.468454,8,144.00554
-18.601257,8,144.017788
-104.945728,8,144.031571
-36.464701,8,144.051391
-10.375971,8,144.070575
-90.184976,8,144.090567
1.602241,8,144.098236
-0.352126,8,144.116153
-63.268186,8,144.12987
-31.748956,8,144.134311
-2.806843,8,144.159726
-33.037091,8,144.175644
-3.689524,8,144.186468
-12.544392,8,144.195498
3.586633,8,144.207531
-9.442082,8,144.226988
-43.771369,8,144.2491
-32.085898,8,144.27
-0.430595,8,144.286065
2.429927,8,144.305637
-0.988931,8,144.318697
-27.594048,8,144.328731
-22.230416,8,144.340514
-34.533137,8,144.35351
-7.554814,8,144.365552
-83.055079,8,144.377454
-14.341933,8,144.387153
8.856409,8,144.401097
2.04147,8,144.416844
-315.051774,8,144.428643
-29.423555,8,144.440399
-1.959096,8,144.454491
1.080967,8,144.464267
-1.845751,8,144.474304
-266.856864,8,144.486377
2.323422,8,144.499469
-34.071206,8,144.509506
-98.117681,8,144.51926
-70.389517,8,144.52649
-0.610545,8,144.543303
-79.586666,8,144.551336
-17.12242,8,144.559166
-115.091806,8,144.571065
-37.523806,8,144.575081
-76.64258,8,144.596778
-9.167052,8,144.609485
-14.945427,8,144.618521
-58.825286,8,144.629774
-40.084993,8,144.63981
-159.498548,8,144.64784
-60.600038,8,144.657618
-147.051058,8,144.671418
-43.232356,8,144.680646
-96.713575,8,144.68766
-5.528269,8,144.711595
-3.742902,8,144.721499
-9.863183,8,144.73951
-12.672648,8,144.751447
-113.709675,8,144.754813
-92.308444,8,144.77689
-14.530878,8,144.788105
-24.098035,8,144.804812
-14.2426,8,144.821489
-3.295964,8,144.838156
8.160216,8,144.854806
-18.163782,8,144.866142
0.663142,8,144.918188
-19.895372,8,144.936867
-25.603351,8,144.948499
-23.533579,8,144.954594
-32.897757,8,144.971347
-2.14467,8,144.984001
-3.169539,8,144.988386
-28.97937,8,145.004717
-128.894328,8,145.015283
-0.261156,8,145.021379
-23.675176,8,145.038958
-27.864971,8,145.052518
-12.844424,8,145.06811
-38.12897,8,145.079112
-7.748836,8,145.089198
-22.452325,8,145.100586
-77.025504,8,145.110637
3.14316,8,145.123216
-14.232682,8,145.132813
-181.033099,8,145.14181
-8.60103,8,145.151774
-2.463921,8,145.167276
-110.422779,8,145.176277
-25.370624,8,145.185874
-89.27745,8,145.194838
-25.931991,8,145.201492
6.82398,8,145.212925
2.391404,8,145.228897
-37.289408,8,145.241555
-5.051696,8,145.254108
1.587879,8,145.264142
-52.609762,8,145.270157
-35.497068,8,145.283749
-54.666478,8,145.291897
-85.581267,8,145.291897
8.662278,8,145.312719
-101.827499,8,145.320754
-19.489396,8,145.338429
-46.407272,8,145.347467
6.418609,8,145.358227
-33.929062,8,145.368497
-1.516222,8,145.380501
0.889992,8,145.391889
-0.143343,8,145.398499
-0.545338,8,145.410254
3.704936,8,145.423401
-32.624362,8,145.434767
-34.676043,8,145.434767
-49.171093,8,145.45482
-1.676533,8,145.468167
-21.405131,8,145.481844
-63.015955,8,145.487875
-17.169923,8,145.50482
-1.950466,8,145.519133
-73.686834,8,145.521586
-9.009437,8,145.538169
6.252829,8,145.548473
-37.809253,8,145.554815
-43.186447,8,145.570198
-7.137631,8,145.578997
-109.831194,8,145.588133
-120.292782,8,145.603561
-35.733319,8,145.621122
-14.394231,8,145.630123
-75.994351,8,145.639123
-26.339964,8,145.65182
3.064136,8,145.66082
-56.139473,8,145.670157
-100.044975,8,145.679156
-17.342725,8,145.681819
-60.049535,8,145.697006
-18.134993,8,145.712646
-82.332029,8,145.720922
-5.009292,8,145.74399
-5.38114,8,145.756374
-93.094196,8,145.777534
-3.568423,8,145.791992
-19.350978,8,145.810651
-24.933632,8,145.822324
2.982584,8,145.822324
-123.89756,8,145.850936
-73.880511,8,145.860575
-14.905762,8,145.875957
-28.920651,8,145.887974
-9.285378,8,145.897989
-18.566584,8,145.906596
3.563928,8,145.918367
-0.415167,8,145.935333
4.697176,8,145.935333
2.967488,8,145.966724
3.651783,8,145.977738
6.603524,8,145.989047
-19.578282,8,145.998605
-51.110753,8,146.010249
-34.835674,8,146.020007
-167.681394,8,146.028018
-7.437105,8,146.037778
1.36589,8,146.049628
-22.999767,8,146.05964
-6.254387,8,146.073254
2.873466,8,146.087691
-20.788437,8,146.094939
-22.4463,8,146.108772
4.182568,8,146.108772
-97.626986,8,146.124579
-101.345317,8,146.140408
-32.221045,8,146.140408
-175.519028,8,146.158151
-4.827477,8,146.158151
1.030054,8,146.185223
-11.970919,8,146.195
-17.513446,8,146.202773
-81.662278,8,146.218461
-29.629638,8,146.230124
-92.202028,8,146.242537
-4.484377,8,146.251485
-5.709426,8,146.261257
-4.574718,8,146.367828
-2.046457,8,146.385778
-4.030231,8,146.396145
-216.894152,8,146.409933
-9.474696,8,146.424451
-17.613333,8,146.43682
1.329372,8,146.438206
-99.615604,8,146.460137
2.819275,8,146.479117
4.975042,8,146.493266
10.58,8,146.504835
-9.724686,8,146.520193
-16.912883,8,146.538197
-26.639657,8,146.550492
-30.144444,8,146.562992
-21.352293,8,146.574796
-71.702709,8,146.58823
-29.233787,8,146.601455
-113.13501,8,146.613482
-3.957892,8,146.629337
-14.736281,8,146.65347
-3.959169,8,146.666195
-7.827417,8,146.677714
-134.119102,8,146.68983
-0.508985,8,146.707827
-89.370737,8,146.720371
-90.769301,8,146.733879
-2.991695,8,146.745922
0.037736,8,146.747428
-49.016981,8,146.767498
-59.474912,8,146.779542
-35.929488,8,146.779542
-2.562123,8,146.79736
-35.926287,8,146.811435
3.707878,8,146.827644
-19.92468,8,146.829661
2.509796,8,146.845776
4.07891,8,146.86175
-4.045082,8,146.867549
-11.439252,8,146.880717
-2.999586,8,146.899466
-43.892426,8,146.907
-80.156902,8,146.92001
0.839539,8,146.923025
-23.453851,8,146.940959
-3.196853,8,146.965519
-20.214902,8,146.972542
4.934077,8,146.991275
-23.414931,8,147.00696
-105.391875,8,147.018317
-35.679436,8,147.031878
-18.663916,8,147.043245
-81.571461,8,147.056519
1.160898,8,147.069566
-13.344816,8,147.078611
-43.612175,8,147.089584
5.460927,8,147.102814
-44.731722,8,147.111828
-56.73605,8,147.127593
-11.484796,8,147.137348
-155.852821,8,147.141334
-3.969691,8,147.157306
4.007229,8,147.157306
-11.946379,8,147.176034
-2.565719,8,147.193795
-9.412168,8,147.203808
7.07176,8,147.212874
5.091503,8,147.222631
1.63729,8,147.235687
-15.23978,8,147.244722
-3.268968,8,147.258036
-60.139693,8,147.264044
-89.397106,8,147.276066
-15.889457,8,147.28616
0.607236,8,147.294405
-2.126556,8,147.299928
-5.204776,8,147.315925
-19.279155,8,147.331769
-17.757848,8,147.331769
-3.956471,8,147.347724
-50.066593,8,147.369812
-10.498245,8,147.381596
-19.563259,8,147.381596
1.602712,8,147.411717
-9.533952,8,147.42688
-19.300048,8,147.442682
2.563247,8,147.442682
-33.371564,8,147.458373
3.925638,8,147.476059
-0.34799,8,147.489921
-198.711778,8,147.499942
-77.313666,8,147.513452
-21.981788,8,147.530575
-50.694766,8,147.54095
-39.059109,8,147.550987
-75.255858,8,147.565032
3.830605,8,147.578828
1.932928,8,147.588604
-17.158577,8,147.588604
6.915887,8,147.604292
2.52177,8,147.65147
0.967542,8,147.661511
-0.860744,8,147.66954
-8.909367,8,147.67932
5.796413,8,147.690785
-18.337287,8,147.696807
-1.602783,8,147.704836
4.034373,8,147.71287
6.831886,8,147.731316
3.617371,8,147.742727
-91.05796,8,147.75274
-38.660005,8,147.762491
-49.686921,8,147.771467
-90.479435,8,147.774209
-0.736768,8,147.789968
4.739097,8,147.791978
-9.758737,8,147.80577
-17.712992,8,147.80577
-35.638741,8,147.825901
-49.410333,8,147.837036
2.789585,8,147.859087
3.747062,8,147.868884
-21.828394,8,147.878931
3.478119,8,147.88871
-195.709904,8,147.902361
-20.063675,8,147.902361
-17.774071,8,147.916396
-38.58633,8,147.932209
-34.587872,8,147.934219
-0.874318,8,147.949963
-37.512846,8,147.967676
-148.464553,8,147.973429
4.025145,8,147.989685
0.408603,8,148.005386
-32.725059,8,148.013407
2.28596,8,148.023434
-29.187955,8,148.027186
-28.472877,8,148.044962
-58.278255,8,148.054976
-2.88556,8,148.070844
-286.588398,8,148.074597
-20.78982,8,148.090658
-69.836089,8,148.106711
-41.290326,8,148.106711
-2.965071,8,148.123572
-7.558455,8,148.138554
5.692962,8,148.158249
5.517477,8,148.158249
-43.677315,8,148.188026
-57.115982,8,148.19805
-0.500874,8,148.211004
-70.953807,8,148.221041
-1.592019,8,148.23314
-9.302762,8,148.23314
-19.698635,8,148.256921
-14.68519,8,148.266694
-44.10891,8,148.286176
0.816749,8,148.297698
-11.148342,8,148.311714
-1.542712,8,148.323794
-21.193202,8,148.338627
-40.374794,8,148.350508
-26.272739,8,148.361507
-4.44524,8,148.372511
-0.877228,8,148.390678
-71.179689,8,148.402718
2.559255,8,148.411778
-10.974289,8,148.421676
-114.525046,8,148.434501
-15.427568,8,148.44461
3.871039,8,148.46008
-38.308842,8,148.471014
-17.084479,8,148.48221
-6.082425,8,148.496553
0.651001,8,148.505152
-57.05651,8,148.516009
-104.537734,8,148.530096
-13.810554,8,148.539614
-81.609953,8,148.550076
6.500093,8,148.560632
6.093599,8,148.574613
1.440706,8,148.584464
-76.781933,8,148.598508
-8.800593,8,148.612396
3.147077,8,148.625251
3.825036,8,148.635251
3.300371,8,148.644246
-30.655659,8,148.655511
-56.375827,8,148.669783
3.083085,8,148.679476
-5.881645,8,148.690757
-3.729004,8,148.707759
-98.121545,8,148.721759
-44.771217,8,148.732913
-43.379229,8,148.74302
-61.356475,8,148.759971
-1.731328,8,148.773912
-46.709027,8,148.783991
-47.333582,8,148.793993
-30.795797,8,148.802914
-4.844781,8,148.81393
-36.650679,8,148.829991
-1.460189,8,148.844521
-10.382585,8,148.857695
-44.375176,8,148.871147
-17.932525,8,148.88068
2.569766,8,148.896898
-52.777081,8,148.906912
-49.250205,8,148.924635
6.204622,8,148.942594
-84.26973,8,148.953794
-92.668826,8,148.963793
0.651809,8,148.983346
-10.948023,8,148.994355
-1.317863,8,149.007118
-8.809967,8,149.023227
-27.36477,8,149.041592
-3.36717,8,149.054986
-10.74868,8,149.072661
-32.426313,8,149.090528
-73.103218,8,149.117266
-63.469568,8,149.128266
-4.15738,8,149.139248
2.410516,8,149.149254
-13.366067,8,149.166831
-3.935545,8,149.176873
3.289794,8,149.184656
-38.554001,8,149.200604
-3.64337,8,149.212712
-0.184392,8,149.224229
-34.644564,8,149.235874
2.090254,8,149.245875
-9.883342,8,149.259686
-26.679644,8,149.277217
0.875461,8,149.288736
-10.536848,8,149.296489
-10.409732,8,149.311596
-8.083204,8,149.320632
-9.176317,8,149.330405
-25.769143,8,149.340419
-50.672852,8,149.354967
-21.387015,8,149.359989
-1.692306,8,149.359989
-16.097181,8,149.387068
-0.449376,8,149.398069
-24.66156,8,149.410406
-6.419467,8,149.422193
1.782505,8,149.431969
4.745521,8,149.431969
-19.933501,8,149.455819
-138.064783,8,149.463831
-61.082702,8,149.473321
-63.4687,8,149.486569
2.686397,8,149.497537
-66.210866,8,149.50355
1.535979,8,149.51606
-22.636401,8,149.529612
-41.264218,8,149.53764
2.118589,8,149.541396
-16.312674,8,149.560645
-26.172589,8,149.571766
3.388153,8,149.581799
-52.812438,8,149.591573
-61.496171,8,149.60161
4.634623,8,149.618372
-5.668268,8,149.628558
-7.245423,8,149.637653
-3.561977,8,149.645906
-24.984983,8,149.658572
-14.599772,8,149.667824
-16.936243,8,149.682232
-39.280463,8,149.692723
2.620296,8,149.705165
-6.149066,8,149.716531
3.838988,8,149.730465
-91.44493,8,149.733681
6.184647,8,149.75557
-62.882176,8,149.764571
6.178141,8,149.774571
6.891291,8,149.784302
-1.46959,8,149.79671
1.69736,8,149.808372
-72.482514,8,149.823024
6.325867,8,149.836888
4.58727,8,149.850891
9.788836,8,149.850891
-3.964037,8,149.871574
1.399365,8,149.880572
-67.187421,8,149.896587
-2.040838,8,149.910541
1.440599,8,149.92254
-6.085396,8,149.941888
6.382218,8,149.957855
-31.581633,8,149.969851
5.269973,8,149.980963
-0.988818,8,149.998531
1.305287,8,150.015309
0.278251,8,150.028167
-17.591146,8,150.041543
-3.992014,8,150.057068
-90.644781,8,150.071293
-49.858076,8,150.079293
-16.644895,8,150.090293
-25.001272,8,150.10039
-13.043285,8,150.113388
-14.120608,8,150.126249
-4.634593,8,150.137567
-23.071617,8,150.149
-0.092892,8,150.170837
-11.464444,8,150.179835
6.126868,8,150.190838
-87.474974,8,150.202851
4.316249,8,150.215266
-147.659264,8,150.226351
-4.718663,8,150.233804
-23.764897,8,150.233804
-35.744376,8,150.249265
-7.208941,8,150.269443
-18.171979,8,150.277468
3.749029,8,150.291237
-42.311912,8,150.310104
-25.594742,8,150.32256
5.189469,8,150.335458
-107.107427,8,150.345461
-57.88419,8,150.472643
-20.399209,8,150.476401
-2.263131,8,150.476401
-9.211958,8,150.492612
0.27989,8,150.513292
-8.010238,8,150.524214
-49.166956,8,150.529027
3.629834,8,150.540231
-18.611596,8,150.547722
-18.495261,8,150.556414
-21.442826,8,150.578683
3.329802,8,150.587826
6.463762,8,150.600172
-67.85147,8,150.609197
-1.644327,8,150.623453
-43.420754,8,150.634871
-106.176416,8,150.647923
2.297773,8,150.656896
-60.023269,8,150.665255
-48.042622,8,150.674955
-47.955722,8,150.689105
-77.948834,8,150.703484
-1.607947,8,150.711918
-21.404962,8,150.721764
7.943096,8,150.737456
3.46295,8,150.746388
-34.134423,8,150.756708
-76.96507,8,150.766722
-16.333716,8,150.779795
-48.390104,8,150.790003
-6.747112,8,150.800003
-15.76315,8,150.809004
-16.11015,8,150.821997
-15.119047,8,150.835343
-112.875655,8,150.849653
-53.622774,8,150.85965
-10.034025,8,150.871649
-29.971876,8,150.88065
2.493457,8,150.892341
-193.004325,8,150.902375
-88.071754,8,150.913378
1.594224,8,150.924374
-30.174211,8,150.938149
2.662809,8,150.947426
-1.668999,8,150.959697
-19.424266,8,150.96735
-0.158229,8,150.980136
-27.584546,8,150.990126
-31.329753,8,151.002658
-19.321362,8,151.011658
-47.236263,8,151.021056
-137.061259,8,151.03059
-8.195399,8,151.042412
3.682333,8,151.05443
8.462309,8,151.064184
-150.340661,8,151.073679
-18.916668,8,151.091142
-92.691577,8,151.102436
-37.369085,8,151.112435
-56.556765,8,151.126054
-16.412685,8,151.14284
2.738794,8,151.161775
-92.952884,8,151.172772
-12.813576,8,151.183865
-49.641817,8,151.19686
4.189168,8,151.209092
3.241737,8,151.220899
-106.861055,8,151.23775
-7.204622,8,151.25775
-41.646172,8,151.275192
-33.272167,8,151.289729
-14.111728,8,151.308118
-61.144605,8,151.324502
-226.761544,8,151.335682
-1.471547,8,151.347679
-23.488985,8,151.358794
-32.119657,8,151.379424
-13.905133,8,151.39453
-43.912801,8,151.408231
-136.583135,8,151.422375
-7.929197,8,151.439095
-63.958377,8,151.454812
3.970998,8,151.466992
-56.771881,8,151.479236
-6.033356,8,151.505625
2.323821,8,151.520759
2.188066,8,151.53284
-17.509994,8,151.545657
-2.454681,8,151.559447
-17.576255,8,151.570306
5.858596,8,151.582354
-22.832276,8,151.592838
-0.582967,8,151.611844
-27.920955,8,151.623289
-117.804363,8,151.635319
-4.713999,8,151.647541
-1.57444,8,151.668021
-1.390762,8,151.677016
-5.518747,8,151.688382
-26.90315,8,151.697382
-40.60197,8,151.713189
-15.789069,8,151.726284
-0.521514,8,151.73438
8.029418,8,151.747958
-14.978314,8,151.749873
-41.556529,8,151.769746
-39.234655,8,151.779521
-5.512831,8,151.781526
5.042196,8,151.795628
-23.677906,8,151.811481
-57.048615,8,151.829188
-8.177274,8,151.8372
-35.119079,8,151.850555
9.108919,8,151.860581
6.122195,8,151.871626
-2.460087,8,151.880666
-8.111491,8,151.894463
3.498832,8,151.904505
-103.689146,8,151.910271
-29.736858,8,151.921413
-85.150122,8,151.921413
-3.055426,8,151.955044
-0.614711,8,151.968364
-49.561037,8,151.979359
-7.220646,8,151.993621
2.046529,8,152.005835
-14.133003,8,152.026037
-106.358281,8,152.049568
-89.024553,8,152.069275
-0.575416,8,152.082508
1.754134,8,152.101694
-52.020539,8,152.122878
-25.8119,8,152.143477
5.458969,8,152.163235
0.096818,8,152.182074
11.424546,8,152.195771
-13.106173,8,152.216343
-7.047838,8,152.230471
-18.015231,8,152.250335
5.614128,8,152.270318
-16.527987,8,152.287317
-17.44187,8,152.299322
-0.035382,8,152.311319
-1.715876,8,152.322432
-43.570153,8,152.341725
8.719936,8,152.353251
-59.856282,8,152.371436
-51.962496,8,152.389263
-58.006446,8,152.404023
-38.723229,8,152.415023
-21.905453,8,152.426944
6.850334,8,152.439634
-32.795524,8,152.458166
-4.181151,8,152.472931
2.608508,8,152.489872
-14.426905,8,152.50069
-80.117215,8,152.51757
-63.592427,8,152.526578
-26.23369,8,152.540409
-27.247164,8,152.558624
0.916292,8,152.573699
-169.493813,8,152.587907
0.447854,8,152.604121
-27.207299,8,152.616351
-15.939657,8,152.633248
1.893253,8,152.642246
-3.892182,8,152.656458
-19.163616,8,152.668985
-106.187872,8,152.686069
-33.195871,8,152.698068
-2.93386,8,152.710067
-2.43979,8,152.728887
4.047759,8,152.747727
-8.479057,8,152.759725
-76.930408,8,152.77172
-83.60887,8,152.78356
-28.848837,8,152.800782
6.157963,8,152.815735
-3.8544,8,152.833425
-119.367041,8,152.843425
1.820793,8,152.858462
-40.25345,8,152.870664
-58.037015,8,152.884142
4.509031,8,152.896142
-32.243852,8,152.917902
1.578041,8,152.933894
-9.336527,8,152.944903
-18.160851,8,152.957739
-12.834978,8,152.972997
-3.553063,8,152.984817
-186.218924,8,152.99582
3.592517,8,153.007804
-6.579745,8,153.028468
-2.596294,8,153.047467
1.754593,8,153.062166
-86.240199,8,153.07989
-13.777738,8,153.107329
3.814966,8,153.120834
-69.476181,8,153.134369
-33.30536,8,153.145371
-43.304116,8,153.167023
3.141433,8,153.185824
-12.106859,8,153.204235
-85.759496,8,153.221034
2.116074,8,153.239519
0.547264,8,153.258066
-24.185261,8,153.271071
-2.644404,8,153.284991
5.018209,8,153.303038
-1.698765,8,153.322179
0.151065,8,153.337204
-77.043456,8,153.349591
7.316022,8,153.371467
-20.486889,8,153.383996
-39.570724,8,153.403744
-6.377841,8,153.428824
4.673464,8,153.445658
4.766168,8,153.460569
-30.321993,8,153.47166
0.313475,8,153.492332
-116.145301,8,153.509164
-0.677803,8,153.52567
-23.531105,8,153.538447
-123.802292,8,153.549673
-12.746357,8,153.566338
-22.511129,8,153.571654
3.633396,8,153.590811
-17.813786,8,153.612175
-2.142152,8,153.627514
-158.026487,8,153.640188
-48.998584,8,153.652577
0.747731,8,153.663754
-8.884495,8,153.67934
-20.396483,8,153.691494
-98.23254,8,153.727044
-93.133771,8,153.744802
-3.906122,8,153.766434
-32.122989,8,153.78389
-2.027818,8,153.80265
-0.942538,8,153.817838
-42.242371,8,153.839705
-22.584327,8,153.856416
-25.599216,8,153.872293
-14.758046,8,153.886522
-59.089167,8,153.904036
-125.039583,8,153.920058
-60.442524,8,153.938467
-90.653675,8,153.961499
-42.084138,8,153.980379
2.569676,8,153.988729
-77.983294,8,154.009034
-14.832472,8,154.021649
-48.263782,8,154.040563
4.529856,8,154.053562
0.534387,8,154.07423
-0.642114,8,154.098072
4.262433,8,154.124604
5.265286,8,154.138102
-25.573903,8,154.152133
-41.035079,8,154.173241
-57.893918,8,154.19134
-22.631235,8,154.203169
-59.047293,8,154.215798
-125.107114,8,154.226913
-4.319861,8,154.248686
-25.464535,8,154.267342
-29.705712,8,154.272549
-64.15597,8,154.290987
-32.312721,8,154.310032
-67.052028,8,154.32158
-75.25695,8,154.329593
3.029814,8,154.335913
5.274695,8,154.360758
0.068337,8,154.371795
-5.45025,8,154.38228
3.129042,8,154.38228
-89.993255,8,154.408373
-7.998535,8,154.417613
-1.958325,8,154.430841
-3.202654,8,154.440885
-32.920236,8,154.565302
-51.250638,8,154.571822
-99.368552,8,154.586678
-56.061465,8,154.589094
-91.42697,8,154.614113
2.600248,8,154.621801
-130.580674,8,154.636963
2.279155,8,154.647029
-8.161022,8,154.655025
-7.233534,8,154.671046
-35.682287,8,154.672445
-28.678057,8,154.688946
-2.541662,8,154.702703
-1.068456,8,154.71253
-0.383172,8,154.721292
-15.68533,8,154.733976
2.027229,8,154.75567
-61.751396,8,154.766542
-23.500467,8,154.776538
-120.584306,8,154.78643
-14.324036,8,154.79979
-48.462355,8,154.809804
-29.714366,8,154.815331
-103.627865,8,154.815331
-93.34511,8,154.830541
-100.072216,8,154.846626
-175.458515,8,154.846626
-9.11902,8,154.864317
-12.410983,8,154.886205
-10.214546,8,154.900321
-13.457978,8,154.910081
-0.277544,8,154.920095
-53.837244,8,154.925845
-81.113812,8,154.925845
0.596097,8,154.947955
-68.308873,8,154.957736
-16.248226,8,154.968479
-13.084331,8,154.981515
-170.764321,8,154.989267
-91.254017,8,155.001306
2.070541,8,155.017687
-43.597462,8,155.03074
-34.307437,8,155.044184
0.272716,8,155.054217
-19.173239,8,155.065313
4.747915,8,155.077502
-4.21653,8,155.0935
0.785759,8,155.103671
2.841426,8,155.115852
-16.003581,8,155.125911
5.875572,8,155.131895
-20.138062,8,155.131895
-38.026999,8,155.147899
-18.381794,8,155.163585
6.445575,8,155.181708
-13.797521,8,155.191724
-0.445081,8,155.208345
0.527962,8,155.211359
-5.663201,8,155.22725
-32.536561,8,155.22725
0.366533,8,155.248636
-40.159573,8,155.259349
9.368311,8,155.268685
-5.719842,8,155.278718
2.996018,8,155.291089
1.878401,8,155.306077
0.812989,8,155.320285
-113.394393,8,155.321589
-54.106573,8,155.338409
-22.821365,8,155.354959
-1.990077,8,155.367373
3.126787,8,155.371391
-46.917593,8,155.388016
-10.19746,8,155.402697
-15.683665,8,155.404718
-0.939955,8,155.421407
-94.428315,8,155.443562
-3.194942,8,155.45524
-6.360375,8,155.467558
-32.70397,8,155.480561
-102.516622,8,155.49556
-14.286145,8,155.506894
-7.261101,8,155.518565
-68.680208,8,155.533065
-36.737015,8,155.548751
-37.607385,8,155.559655
-35.429001,8,155.572057
5.521894,8,155.582098
4.34927,8,155.594018
-91.750746,8,155.605241
5.311845,8,155.61635
1.379186,8,155.630064
-18.484454,8,155.648808
-7.831928,8,155.651611
-4.633359,8,155.672298
-96.987323,8,155.691299
-62.654608,8,155.7093
-65.055049,8,155.7263
-21.176596,8,155.739303
-26.531264,8,155.758297
4.144271,8,155.771016
-41.589045,8,155.844319
-106.70441,8,155.850197
-52.716612,8,155.867059
-63.423068,8,155.891745
-18.77064,8,155.900617
4.036265,8,155.900617
5.234275,8,155.917114
-30.464158,8,155.941288
8.798376,8,155.951038
-95.505206,8,155.951038
-93.77038,8,155.980294
0.960612,8,155.996121
-52.918101,8,156.008122
-21.202297,8,156.022124
-15.565341,8,156.033233
-8.227252,8,156.057504
2.66139,8,156.072219
-17.357921,8,156.091836
-2.261467,8,156.104835
-9.09897,8,156.123654
-144.363096,8,156.138005
-22.372084,8,156.154365
5.340813,8,156.172347
-0.441004,8,156.198745
6.150181,8,156.215323
-66.835637,8,156.232001
-79.556998,8,156.235507
-36.958943,8,156.262081
-9.397542,8,156.28204
0.696085,8,156.299746
-51.832289,8,156.313078
0.682964,8,156.328938
-5.662816,8,156.340507
-57.582639,8,156.353686
-46.646782,8,156.366381
-53.282297,8,156.385018
-83.677352,8,156.398671
-1.986954,8,156.411567
-0.968648,8,156.430081
1.700136,8,156.450921
1.68034,8,156.468628
-4.355545,8,156.481036
-29.322001,8,156.493217
4.915839,8,156.50466
-1.734402,8,156.51952
6.603379,8,156.535326
-10.242642,8,156.547321
2.717569,8,156.561429
10.105539,8,156.573527
-10.640822,8,156.58631
-11.551382,8,156.597309
-3.573998,8,156.615253
-97.440932,8,156.627336
0.604707,8,156.645212
-14.484148,8,156.663101
6.221019,8,156.671354
-8.001772,8,156.68846
2.432483,8,156.700707
-5.977806,8,156.710708
-10.517776,8,156.724637
-18.838499,8,156.732641
-12.001179,8,156.744819
3.202794,8,156.760898
-17.223663,8,156.774365
-3.101299,8,156.785273
-41.599914,8,156.799925
0.851462,8,156.811549
0.013915,8,156.824833
4.548193,8,156.839047
0.061766,8,156.852103
-27.601581,8,156.862118
-16.55365,8,156.878695
-24.47462,8,156.891075
-38.447601,8,156.901751
-0.553886,8,156.912664
2.267858,8,156.924347
-69.183426,8,156.933237
-30.784021,8,156.941235
-15.939933,8,156.954821
0.086869,8,156.970801
-9.35475,8,156.985123
-53.895735,8,156.996123
3.217598,8,157.005846
-48.184047,8,157.017676
-8.146125,8,157.02922
-123.283009,8,157.040207
-41.012874,8,157.049933
-11.800781,8,157.062941
-53.207495,8,157.076217
-1.002281,8,157.08908
-126.965714,8,157.109751
0.803968,8,157.123755
-25.500577,8,157.13575
-101.510463,8,157.146752
-2.33196,8,157.159263
-7.302796,8,157.172388
-26.022427,8,157.183391
-29.260318,8,157.195389
-39.165318,8,157.201392
8.614111,8,157.225467
2.749128,8,157.236451
-21.411779,8,157.246453
-50.80437,8,157.258047
-28.033804,8,157.275456
-22.811412,8,157.286449
4.381114,8,157.295449
-5.103905,8,157.304879
-47.231358,8,157.318366
-6.182813,8,157.32417
-35.01385,8,157.343718
-69.984785,8,157.356876
-20.991066,8,157.370419
-3.949265,8,157.379744
-1.228957,8,157.390519
-0.007352,8,157.40062
1.051,8,157.418375
-23.125886,8,157.421756
-54.521042,8,157.438996
-16.94127,8,157.452671
9.272741,8,157.468393
-18.862367,8,157.479028
-18.292089,8,157.490827
0.432927,8,157.499644
0.707601,8,157.515335
-28.452136,8,157.521711
-99.192583,8,157.535728
-187.734167,8,157.538239
-0.249173,8,157.558348
-28.324765,8,157.575494
-120.155642,8,157.58702
0.854136,8,157.588354
-43.524868,8,157.605229
-33.330624,8,157.621731
-27.601966,8,157.632014
-58.795314,8,157.638371
-1.749042,8,157.65524
2.499403,8,157.667411
-16.819926,8,157.67444
2.011202,8,157.688664
0.943605,8,157.704814
-4.249445,8,157.720392
-19.795397,8,157.728387
-10.013829,8,157.739091
-108.681221,8,157.752823
0.860904,8,157.762829
3.461111,8,157.772825
-22.038351,8,157.782369
-46.099859,8,157.799045
-135.562572,8,157.809267
-3.643075,8,157.819477
-69.370036,8,157.829478
-26.797068,8,157.842283
13.135388,8,157.852717
-39.997673,8,157.868381
-12.552954,8,157.878382
3.615109,8,157.891926
-92.166767,8,157.906669
-35.139112,8,157.91767
1.278461,8,157.92867
-46.095401,8,157.941683
-114.282425,8,157.952039
-87.097196,8,157.95504
-5.633899,8,157.969459
5.252491,8,157.983446
-67.790566,8,157.993454
-1.805049,8,158.008141
-44.232647,8,158.022111
5.534705,8,158.03477
-18.959881,8,158.044808
-28.396411,8,158.055745
-29.390448,8,158.065984
2.127266,8,158.084733
-11.272894,8,158.088731
-97.916592,8,158.107642
1.458537,8,158.117409
-36.123626,8,158.134671
-36.848683,8,158.145705
-2.74677,8,158.156435
10.395319,8,158.173145
-108.198308,8,158.191127
-10.87427,8,158.203399
-81.557039,8,158.22042
-28.191826,8,158.238436
-40.072865,8,158.254861
-1.31153,8,158.270779
-81.386252,8,158.283255
-6.8332,8,158.29594
-0.201651,8,158.311585
7.073674,8,158.321736
-95.57027,8,158.337127
-38.877516,8,158.353847
-6.464285,8,158.369869
-21.41987,8,158.381748
-19.439008,8,158.394098
-2.500367,8,158.405223
-32.542333,8,158.419485
-38.623149,8,158.422047
-23.520437,8,158.438036
-142.269904,8,158.454766
-20.657036,8,158.469457
-60.311656,8,158.479879
-44.666656,8,158.490023
2.193651,8,158.499024
-19.137722,8,158.629426
-11.441744,8,158.639426
-1.542094,8,158.651766
1.980248,8,158.663647
7.301972,8,158.685405
-36.836004,8,158.697422
-30.774112,8,158.711381
-83.411023,8,158.726407
-39.448324,8,158.742157
-24.155534,8,158.754745
-24.70787,8,158.770747
-36.912521,8,158.789814
-70.677723,8,158.809503
-158.642361,8,158.821097
-6.851015,8,158.83569
-57.797601,8,158.849712
5.143557,8,158.86771
8.945368,8,158.878712
-13.446784,8,158.89015
7.564075,8,158.906405
-37.132086,8,158.921415
-56.949739,8,158.93142
2.930953,8,158.942419
-83.701158,8,158.953192
-4.417592,8,158.968406
-49.573971,8,158.983391
0.719689,8,158.994795
-24.564177,8,159.005734
-6.273523,8,159.022742
-9.705001,8,159.031742
-36.673265,8,159.043254
-88.382358,8,159.05458
-0.193619,8,159.069421
-3.364737,8,159.084422
-58.215426,8,159.095422
2.811466,8,159.106623
0.214787,8,159.122622
-5.655483,8,159.132621
-37.213152,8,159.153821
-18.880896,8,159.162825
-12.273663,8,159.176823
-46.572568,8,159.186686
3.412984,8,159.194439
-19.643313,8,159.205734
-28.200812,8,159.219738
-31.881392,8,159.229737
-1.305032,8,159.240455
-17.274766,8,159.254734
1.821611,8,159.268738
4.899586,8,159.277738
-7.794376,8,159.293931
-47.181843,8,159.299134
-47.308273,8,159.316561
5.625345,8,159.325559
-106.281907,8,159.334323
-15.666528,8,159.342324
-97.900339,8,159.358235
2.597507,8,159.369485
-37.678516,8,159.378485
-54.02061,8,159.389354
-23.321311,8,159.399647
-12.472444,8,159.399647
-45.894754,8,159.425513
-5.814019,8,159.436534
-4.289,8,159.448986
-61.2272,8,159.451284
6.500654,8,159.473358
-94.188115,8,159.482298
-85.545399,8,159.494406
3.677582,8,159.505239
-26.831591,8,159.515424
-67.44987,8,159.524527
4.266283,8,159.538419
4.987549,8,159.547329
-9.136198,8,159.557148
-31.298421,8,159.571479
9.634844,8,159.587427
-41.294377,8,159.595432
-142.083583,8,159.605364
1.575566,8,159.6155
-25.344067,8,159.627517
-39.415686,8,159.637406
-14.209424,8,159.647406
-118.578296,8,159.651228
-54.00858,8,159.668426
-98.279268,8,159.676426
2.139426,8,159.685335
-21.218019,8,159.702603
4.809077,8,159.713278
-5.23491,8,159.725242
-27.830666,8,159.735086
-62.254408,8,159.74583
3.353043,8,159.755087
-32.26805,8,159.769505
-122.683112,8,159.771923
-25.885971,8,159.789726
-3.073377,8,159.802771
-45.25127,8,159.812321
-38.935472,8,159.827118
-156.264174,8,159.838427
-16.287506,8,159.85634
6.808663,8,159.867401
-10.518783,8,159.905455
-68.856071,8,159.923028
-33.899676,8,159.938442
2.586764,8,159.946524
-232.654379,8,159.954277
-16.169063,8,159.966781
-5.712555,8,159.97677
1.614095,8,159.986447
-13.841309,8,159.995462
-16.529476,8,160.00491
-72.955882,8,160.021668
-10.953182,8,160.030657
-26.193194,8,160.041497
-97.193988,8,160.05427
-22.154039,8,160.070925
-90.373876,8,160.088645
-0.274313,8,160.103138
-42.552973,8,160.116032
-28.003893,8,160.129124
0.622205,8,160.140643
-34.736401,8,160.151254
-6.575341,8,160.154252
-21.097034,8,160.17542
-9.878618,8,160.193415
-61.410805,8,160.204852
-38.004351,8,160.21547
-0.385634,8,160.22972
-18.005494,8,160.242413
-2.135425,8,160.252886
-15.742703,8,160.262886
7.744685,8,160.276884
-63.707216,8,160.29158
6.00282,8,160.305723
-5.980522,8,160.318513
-96.304983,8,160.343317
-73.447186,8,160.35978
-39.160887,8,160.368841
0.394288,8,160.377841
-7.287781,8,160.389424
-1.3519,8,160.402631
-37.385581,8,160.41263
-139.662287,8,160.421925
-3.34221,8,160.436216
-71.694246,8,160.447212
-25.285452,8,160.459113
3.660445,8,160.468457
-10.713617,8,160.483093
-23.544023,8,160.494394
-1.802979,8,160.509538
-2.482147,8,160.521825
-17.135069,8,160.538799
3.163895,8,160.550104
-38.110943,8,160.560921
5.47288,8,160.572732
-28.988245,8,160.588088
3.368921,8,160.599356
1.707549,8,160.609816
7.263543,8,160.621938
-9.620926,8,160.640314
3.484227,8,160.652753
-7.25131,8,160.667418
-32.018448,8,160.67198
-0.329345,8,160.690679
-32.372296,8,160.70376
-29.541694,8,160.71602
-6.396533,8,160.726114
-16.847495,8,160.738835
-52.056992,8,160.752766
6.106539,8,160.762764
-129.315457,8,160.773764
-6.803503,8,160.786562
-21.999612,8,160.797505
-5.255542,8,160.804867
-15.332616,8,160.823535
-26.373493,8,160.836424
-22.280081,8,160.844424
-1.13223,8,160.853705
-57.365105,8,160.862918
-21.709466,8,160.879429
-68.349698,8,160.888429
-86.265862,8,160.896428
-1.284693,8,160.908181
-0.756339,8,160.923431
-7.708712,8,160.93143
-0.414087,8,160.938907
-20.175713,8,160.955764
-62.224016,8,160.972758
-63.845888,8,160.989596
5.030098,8,161.000958
-10.317548,8,161.010958
-97.55881,8,161.025701
-27.792837,8,161.032702
-156.859145,8,161.032702
-17.920917,8,161.055209
11.504178,8,161.074439
-1.085117,8,161.093125
-22.014037,8,161.105016
-2.94124,8,161.115717
-27.66627,8,161.135885
-26.731125,8,161.145918
-67.503602,8,161.157665
-26.053041,8,161.168849
-53.477186,8,161.182851
-58.482602,8,161.192216
4.622698,8,161.207212
-18.268466,8,161.220606
-23.756719,8,161.236447
-47.265104,8,161.245449
-87.337836,8,161.249037
0.46567,8,161.269417
-4.447831,8,161.291419
-13.297475,8,161.302094
-52.445339,8,161.302094
4.142486,8,161.328436
5.999223,8,161.335113
-84.982028,8,161.354792
-14.24366,8,161.362792
-17.336554,8,161.373789
0.774684,8,161.384122
0.24358,8,161.39716
-42.999468,8,161.407177
-0.643064,8,161.418405
5.556108,8,161.434405
-56.370446,8,161.447409
-36.561612,8,161.4592
-74.087199,8,161.470454
5.915806,8,161.484909
-56.852283,8,161.494954
5.269921,8,161.503788
-1.404516,8,161.512788
-8.406742,8,161.526802
2.183953,8,161.538172
2.849549,8,161.551129
5.997774,8,161.561168
-119.487415,8,161.573416
-3.105871,8,161.586754
1.535265,8,161.599784
1.419278,8,161.609781
1.202636,8,161.623778
-20.131421,8,161.632648
-30.471721,8,161.635456
-32.445396,8,161.657901
-20.806528,8,161.671503
-39.722228,8,161.679514
-0.482685,8,161.692544
-29.154222,8,161.704794
-24.219198,8,161.717813
-19.752854,8,161.727829
5.537358,8,161.743245
-51.003046,8,161.755011
-52.214585,8,161.771478
-75.255517,8,161.780482
-113.805342,8,161.792162
-32.867632,8,161.800072
-15.315914,8,161.817486
6.446564,8,161.829458
2.9774,8,161.836481
-10.264131,8,161.851844
-2.355598,8,161.865471
-19.310654,8,161.876479
-13.211992,8,161.893167
-63.931346,8,161.906505
-16.108632,8,161.91764
-32.571266,8,161.928624
-44.269386,8,161.940674
-25.193045,8,161.950732
-8.866327,8,161.96461
0.501666,8,161.975501
-28.14646,8,161.990207
-116.265935,8,161.998926
1.615072,8,162.013845
8.590359,8,162.025573
-86.787864,8,162.036657
-2.053271,8,162.051692
-43.353206,8,162.066484
8.920533,8,162.07749
-1.288376,8,162.085275
-169.215089,8,162.098782
-72.559745,8,162.118618
-13.323489,8,162.129615
-21.570373,8,162.13925
8.361794,8,162.15005
-19.724695,8,162.16305
5.531837,8,162.173054
3.613529,8,162.182927
-68.37708,8,162.197891
-1.674651,8,162.210042
5.575186,8,162.221469
-146.664312,8,162.230468
-7.149523,8,162.232463
0.948179,8,162.251118
-19.760406,8,162.261155
-50.273207,8,162.271439
-14.811212,8,162.279439
-29.490789,8,162.293406
-17.465818,8,162.303129
5.868407,8,162.311158
-6.176457,8,162.321448
-59.797636,8,162.342373
-33.821985,8,162.353171
-64.888871,8,162.363208
3.261071,8,162.373951
-22.147435,8,162.389417
3.335359,8,162.403266
-15.558966,8,162.405275
11.294806,8,162.424513
-34.020306,8,162.438456
-75.044946,8,162.453457
-3.60324,8,162.462169
-23.814389,8,162.475718
-79.869625,8,162.493396
-58.935508,8,162.503376
-19.735129,8,162.51141
-95.185255,8,162.521449
-65.186587,8,162.536609
0.711614,8,162.548815
-82.154146,8,162.562609
5.249498,8,162.573781
-90.878096,8,162.586423
-38.610863,8,162.596425
-1.632795,8,162.607362
-10.59383,8,162.61755
-49.343577,8,162.738457
1.130357,8,162.749063
-170.637626,8,162.762818
0.532744,8,162.77882
-39.663109,8,162.793817
-65.023571,8,162.808817
-25.409468,8,162.821172
-26.142473,8,162.83674
-20.46262,8,162.853002
-128.791134,8,162.863822
-99.214604,8,162.876835
-13.898954,8,162.891435
-52.119738,8,162.908888
-35.083403,8,162.925811
-2.218775,8,162.938734
-53.06327,8,162.951838
-78.812955,8,162.968561
-2.186517,8,162.982779
-86.2907,8,162.993776
-1.748515,8,163.006875
-6.666664,8,163.021033
-37.06782,8,163.031017
-1.313118,8,163.044224
-48.488734,8,163.050705
-14.542073,8,163.064024
-25.603299,8,163.064024
-35.327895,8,163.083845
-19.958952,8,163.103903
-16.276786,8,163.125001
-81.109526,8,163.137276
-53.237816,8,163.148458
-17.55433,8,163.158988
1.371001,8,163.172889
-1.305931,8,163.180885
2.934969,8,163.19055
-13.755429,8,163.198561
3.21656,8,163.206179
-40.875606,8,163.220326
-43.977685,8,163.238289
-6.744039,8,163.25329
-67.132002,8,163.266614
3.843701,8,163.277553
-37.295213,8,163.290557
3.380108,8,163.304828
-14.434616,8,163.320916
-1.539662,8,163.336986
4.196755,8,163.353831
-72.925367,8,163.371094
-13.393068,8,163.387333
2.83636,8,163.399166
-22.867424,8,163.413954
-11.689511,8,163.429873
-14.16909,8,163.443825
-0.229196,8,163.459975
-9.489586,8,163.466301
-78.383346,8,163.482988
-25.4126,8,163.503397
-23.772701,8,163.513854
-64.912519,8,163.527349
-48.432042,8,163.54116
-58.277839,8,163.560109
-3.507371,8,163.575916
-25.962396,8,163.587901
-48.21039,8,163.606002
-0.425676,8,163.623019
-3.15853,8,163.634708
3.129954,8,163.646765
-2.819013,8,163.65988
-93.850702,8,163.682141
-43.822608,8,163.694321
-25.370836,8,163.70339
2.483958,8,163.720688
-95.35872,8,163.734797
-53.130269,8,163.745802
-21.487932,8,163.757682
-77.728356,8,163.768172
-23.660197,8,163.788797
-16.886228,8,163.799238
3.387595,8,163.809564
-38.674129,8,163.820046
-6.027291,8,163.833415
4.582899,8,163.844914
-22.753288,8,163.854478
-54.377232,8,163.864489
-10.546252,8,163.877099
-1.612788,8,163.887055
-0.035167,8,163.902321
-35.577313,8,163.911891
0.493211,8,163.92978
-71.344478,8,163.940959
-4.094757,8,163.951308
-23.243342,8,163.960649
-4.133414,8,164.021758
1.63204,8,164.036273
-92.305066,8,164.046324
-15.630071,8,164.056773
-65.532217,8,164.072081
-23.859511,8,164.082136
1.438209,8,164.093724
-102.747261,8,164.107813
-29.958667,8,164.123977
4.73083,8,164.139362
5.308042,8,164.153277
4.527337,8,164.164274
-25.015313,8,164.177454
-62.427891,8,164.189294
1.816459,8,164.198924
-19.297714,8,164.210921
-3.848865,8,164.217252
-79.530925,8,164.230295
-25.268993,8,164.246365
-57.271804,8,164.257067
-98.766088,8,164.272867
2.445682,8,164.287628
-25.721456,8,164.301639
-37.336495,8,164.318745
8.623161,8,164.340437
-1.852572,8,164.351261
-43.766834,8,164.36026
5.005491,8,164.371258
-38.715829,8,164.384256
-25.788505,8,164.395254
2.404715,8,164.406856
-44.905865,8,164.417613
-5.370355,8,164.432853
-15.894924,8,164.450849
-15.041223,8,164.467705
-6.722056,8,164.473856
-34.047904,8,164.496541
-115.450141,8,164.502236
-11.47698,8,164.520514
-2.980712,8,164.532217
-19.127215,8,164.539238
-96.090934,8,164.557681
-34.061427,8,164.574503
-42.380049,8,164.586951
-85.532438,8,164.60184
0.044724,8,164.614482
-61.357029,8,164.632266
-9.161621,8,164.638275
-7.644789,8,164.658797
-14.592104,8,164.672534
-14.151444,8,164.683683
3.825345,8,164.691693
1.016362,8,164.699678
-0.788678,8,164.699678
-44.487727,8,164.715744
-4.284881,8,164.715744
-9.451997,8,164.731788
-16.118461,8,164.747887
-25.724018,8,164.759943
-5.422168,8,164.763697
1.338711,8,164.779444
-14.146234,8,164.797426
-22.02802,8,164.797426
5.664447,8,164.813444
-15.38137,8,164.834468
-11.559321,8,164.845025
-20.952298,8,164.849033
-0.915012,8,164.859
-99.507884,8,164.874832
3.262389,8,164.886378
-16.36383,8,164.899793
-33.21071,8,164.907877
-1.818821,8,164.921606
-71.317654,8,164.921606
-11.719247,8,164.944992
-7.623521,8,164.955007
-59.410021,8,164.968793
3.484317,8,164.976881
0.981287,8,164.990534
6.073399,8,165.003885
-51.232039,8,165.017748
8.749252,8,165.017748
-17.142088,8,165.033766
-94.310325,8,165.033766
-52.228241,8,165.05424
-52.201291,8,165.070087
-13.179695,8,165.07944
-91.444135,8,165.07944
2.232125,8,165.113065
8.093009,8,165.128443
-13.435881,8,165.142401
1.941454,8,165.154105
-15.947504,8,165.166105
-32.419351,8,165.177103
-6.110072,8,165.183134
0.929203,8,165.183134
-79.683148,8,165.207372
-79.195055,8,165.227124
-26.599561,8,165.243217
-23.13828,8,165.255109
-0.504432,8,165.267553
-55.393834,8,165.271103
-68.099237,8,165.286188
-26.880759,8,165.299863
-42.470716,8,165.312548
-21.134778,8,165.324073
-0.886881,8,165.334166
-42.855058,8,165.345891
-11.970387,8,165.351745
-3.219191,8,165.374601
-7.481507,8,165.391505
-25.356156,8,165.402108
-105.180893,8,165.419566
-10.808918,8,165.419566
-15.153152,8,165.435945
-11.643073,8,165.452588
-16.650226,8,165.467086
6.281239,8,165.483633
-13.411834,8,165.483633
-20.401678,8,165.504849
-28.395225,8,165.516579
11.314665,8,165.533886
-20.006823,8,165.538685
-22.985263,8,165.550514
-34.33857,8,165.569321
1.161054,8,165.569321
9.56321,8,165.589115
-9.380909,8,165.600386
5.501354,8,165.617116
-32.359251,8,165.62962
-7.160242,8,165.633186
-58.36876,8,165.633186
2.456317,8,165.661082
-0.677543,8,165.671976
-16.35375,8,165.692516
-4.783988,8,165.709244
-25.348384,8,165.72356
-12.396921,8,165.740342
-0.572826,8,165.755014
-2.814284,8,165.768767
-93.505935,8,165.78957
1.664501,8,165.818705
-23.898435,8,165.841917
0.712876,8,165.872575
-16.952842,8,165.889404
-50.436938,8,165.911217
-11.104649,8,165.941454
-33.409123,8,165.981042
-22.474369,8,166.010178
-68.388914,8,166.04185
-29.145729,8,166.064467
3.252352,8,166.087177
-52.686472,8,166.120782
-34.292816,8,166.153511
-0.03334,8,166.169585
2.917621,8,166.185412
-98.324893,8,166.203307
-50.816792,8,166.22344
-4.949669,8,166.245353
-21.083748,8,166.270436
-10.137623,8,166.30161
-13.016145,8,166.325752
-58.359472,8,166.341327
1.601399,8,166.363195
-59.127336,8,166.389439
-6.322413,8,166.407563
2.911886,8,166.425856
-100.973777,8,166.44186
-242.054415,8,166.45558
-3.144333,8,166.472562
4.146849,8,166.482407
-37.17493,8,166.505496
3.164377,8,166.525729
-144.596986,8,166.540463
-89.339905,8,166.554458
-10.36617,8,166.567666
-73.092138,8,166.583987
-44.014221,8,166.595116
-0.89253,8,166.605912
-19.274764,8,166.620884
-79.309483,8,166.638665
-3.026865,8,166.650858
3.598558,8,166.663537
1.12124,8,166.677822
0.859132,8,166.839963
1.655196,8,166.855428
-110.90143,8,166.864428
0.625908,8,166.876122
-10.441327,8,166.891775
-8.261457,8,166.901883
-15.664967,8,166.915596
-18.458996,8,166.936668
0.374849,8,166.950944
-70.988733,8,166.967161
-15.98349,8,166.979928
7.060187,8,166.994159
-122.454347,8,167.011548
-34.555707,8,167.026605
-14.976551,8,167.03761
-42.339241,8,167.049948
-85.321381,8,167.064956
7.939289,8,167.081059
-43.818686,8,167.091337
-0.458673,8,167.10026
-24.904054,8,167.115262
-11.086652,8,167.125238
-59.809452,8,167.136491
-20.784584,8,167.146529
-42.750741,8,167.160851
-2.686957,8,167.183006
-23.620503,8,167.194649
3.826051,8,167.206942
-2.987537,8,167.222887
1.104984,8,167.237887
10.395395,8,167.259034
-19.018726,8,167.272646
-10.466619,8,167.289474
-115.524911,8,167.312972
-21.387875,8,167.331232
8.516204,8,167.352952
-20.240857,8,167.375151
-24.58101,8,167.399861
-87.937624,8,167.422502
-100.090347,8,167.439199
-22.683757,8,167.456752
-94.667523,8,167.470752
4.151863,8,167.483441
-92.326575,8,167.493441
-1.617994,8,167.510469
5.310513,8,167.528021
-108.840306,8,167.54133
-2.15022,8,167.56103
-85.382319,8,167.588324
-7.818753,8,167.606178
-69.861071,8,167.626284
-20.34215,8,167.648283
-38.641665,8,167.665718
-13.145434,8,167.682211
-16.161543,8,167.701387
-13.371998,8,167.71875
-39.206615,8,167.744904
-65.405088,8,167.756901
-0.670373,8,167.770127
-96.371608,8,167.784525
-6.701508,8,167.800994
-5.999938,8,167.813993
9.909667,8,167.829015
-0.417949,8,167.844767
-18.987547,8,167.864021
1.126703,8,167.877607
-2.203975,8,167.891693
-96.601665,8,167.902936
6.034878,8,167.918803
1.973371,8,167.933335
6.259993,8,167.945336
-25.60486,8,167.966365
-18.31489,8,167.987924
-46.687742,8,168.002807
-64.044802,8,168.012812
6.461337,8,168.029923
-23.268329,8,168.047923
-228.479684,8,168.12259
2.938266,8,168.133429
-3.84211,8,168.144423
-6.201085,8,168.157773
-16.583033,8,168.165552
-108.356641,8,168.165552
-4.438789,8,168.19021
5.231228,8,168.199482
0.930628,8,168.215638
1.456113,8,168.225686
-88.222476,8,168.241309
-30.190592,8,168.258452
-33.735945,8,168.26812
-1.493491,8,168.280764
-2.686397,8,168.294304
-48.336205,8,168.310002
-65.45191,8,168.323769
-24.582512,8,168.337792
-29.828512,8,168.349128
-15.965846,8,168.365705
-26.919346,8,168.373264
-20.387025,8,168.388592
-25.339111,8,168.402263
-41.830398,8,168.427945
-39.709192,8,168.441759
-19.092066,8,168.457574
-17.780782,8,168.470176
-72.858648,8,168.487996
-3.308414,8,168.497886
-14.704912,8,168.509939
-95.592675,8,168.528685
-19.017001,8,168.548549
7.658638,8,168.564363
-58.622864,8,168.580181
-42.337647,8,168.591982
-38.398463,8,168.613831
5.669129,8,168.633869
-26.927872,8,168.647658
-1.064541,8,168.663466
-11.885954,8,168.679265
-52.759314,8,168.689061
2.576542,8,168.699106
-2.249114,8,168.710449
-15.593032,8,168.726359
0.233419,8,168.7457
-3.120928,8,168.758622
-17.729919,8,168.768411
7.880555,8,168.784178
2.906286,8,168.799838
-63.050682,8,168.809873
-28.162073,8,168.821647
1.670355,8,168.829401
2.4681,8,168.849238
-16.672957,8,168.858731
3.854004,8,168.870775
-6.101168,8,168.88455
-6.437477,8,168.894325
-62.443784,8,168.904365
-15.852859,8,168.915885
5.909926,8,168.932103
-91.037816,8,168.947105
3.047871,8,168.9502
4.234883,8,168.970837
-11.576191,8,168.985491
2.116513,8,168.995905
0.547257,8,168.998881
-126.086284,8,169.016515
2.934291,8,169.030424
-63.541615,8,169.035585
4.607684,8,169.050392
-128.597523,8,169.050392
-3.562431,8,169.081757
3.618316,8,169.096217
-35.112281,8,169.111742
-2.804052,8,169.123436
-26.80432,8,169.142062
5.210684,8,169.152819
-8.09148,8,169.163817
-1.637251,8,169.166802
-79.51615,8,169.183813
-2.389306,8,169.202708
10.090556,8,169.212263
-81.275445,8,169.225633
-24.802969,8,169.239634
-6.906493,8,169.250994
2.959022,8,169.266571
-28.04737,8,169.270591
-26.198347,8,169.288574
6.868988,8,169.303431
-0.551692,8,169.314469
1.229617,8,169.324507
-14.904954,8,169.33596
-5.723582,8,169.34399
8.021783,8,169.355785
-0.611383,8,169.363819
-95.451221,8,169.37551
-11.832056,8,169.378274
1.030693,8,169.391382
-22.73115,8,169.412348
1.599796,8,169.424987
-92.829909,8,169.440792
-82.181391,8,169.456798
-27.234747,8,169.456798
-25.028624,8,169.47265
-136.561467,8,169.488506
-8.580856,8,169.488506
-27.571586,8,169.502558
-30.751717,8,169.525345
4.428646,8,169.533379
-58.567435,8,169.53833
-1.648382,8,169.557799
-60.223523,8,169.573011
-25.453026,8,169.582268
-0.373356,8,169.582268
-32.940053,8,169.602433
-58.700981,8,169.616068
-22.165742,8,169.626096
-77.71934,8,169.639516
5.871759,8,169.647528
-41.437243,8,169.661292
2.534719,8,169.669947
-11.990294,8,169.679863
-16.899582,8,169.690746
-21.563345,8,169.708025
-1.989351,8,169.717745
-74.728044,8,169.727743
-3.855684,8,169.732748
-116.697869,8,169.75341
-34.425909,8,169.761443
-9.159214,8,169.770493
6.677351,8,169.778527
-35.946166,8,169.782283
1.807764,8,169.802098
-14.97538,8,169.811457
1.03209,8,169.823815
-124.366409,8,169.840389
-2.624154,8,169.851305
-1.19494,8,169.854566
-7.895184,8,169.872375
-65.852487,8,169.885381
-69.463447,8,169.893382
-164.737023,8,169.903134
-70.731514,8,169.912135
3.752917,8,169.92486
0.262013,8,169.932192
-0.349955,8,169.932192
-49.056043,8,169.950138
13.453353,8,169.964057
-29.344471,8,169.979824
-31.24729,8,169.990144
-57.12763,8,169.997915
-46.077996,8,170.00944
-3.771693,8,170.01947
-38.884467,8,170.029244
-103.275212,8,170.041298
-23.30568,8,170.056426
-73.355393,8,170.066466
-51.767704,8,170.083142
5.43407,8,170.094137
-3.285941,8,170.10014
1.191435,8,170.12357
-11.291955,8,170.132546
0.896117,8,170.141612
1.224651,8,170.149594
-109.713103,8,170.165435
-75.821576,8,170.176525
2.679037,8,170.193519
-80.139638,8,170.210925
-6.811225,8,170.224395
1.140978,8,170.236279
-93.681819,8,170.248278
-33.290679,8,170.265216
-31.084945,8,170.277887
-98.982306,8,170.299284
2.244542,8,170.303821
5.114605,8,170.317068
3.74515,8,170.33495
-131.743975,8,170.344988
-11.549207,8,170.357029
-77.737306,8,170.36972
-38.028973,8,170.378736
-19.564994,8,170.378736
-6.184927,8,170.405756
-57.833953,8,170.420873
-58.792098,8,170.429873
-7.112978,8,170.444447
4.41436,8,170.451429
-103.952121,8,170.468211
-17.178551,8,170.478248
-0.716382,8,170.488032
5.667132,8,170.497814
1.776141,8,170.515638
-12.77795,8,170.517647
0.02821,8,170.534634
4.357819,8,170.548056
-3.931883,8,170.553395
-0.035274,8,170.570323
2.758619,8,170.581367
-95.556534,8,170.593154
1.321816,8,170.61127
-14.60696,8,170.620148
0.15608,8,170.630181
-41.450298,8,170.641963
0.587069,8,170.657295
-14.496186,8,170.667337
-113.462926,8,170.679126
-55.038321,8,170.688907
-20.778504,8,170.702782
1.18428,8,170.713456
-27.429878,8,170.727654
-55.59437,8,170.741693
0.950799,8,170.75438
-24.198927,8,170.767584
-43.382105,8,170.767584
-14.3732,8,170.781299
6.862566,8,170.903532
-2.164618,8,170.919008
-20.019726,8,170.939396
-70.726679,8,170.95514
-33.75753,8,170.970164
-71.297157,8,170.986334
-0.636514,8,170.997331
5.708991,8,171.009337
-17.851924,8,171.029855
4.425945,8,171.04333
-75.073529,8,171.064332
-47.079193,8,171.082301
-3.578141,8,171.100172
-33.382825,8,171.111171
-9.008265,8,171.124177
-1.58159,8,171.135265
-45.831895,8,171.152779
-17.208934,8,171.170493
-82.322269,8,171.184128
-2.957339,8,171.195746
-2.895389,8,171.214728
-44.049217,8,171.225279
-82.936063,8,171.238316
0.880848,8,171.250306
-51.868448,8,171.265727
-74.085446,8,171.281658
-14.543793,8,171.293609
-3.376393,8,171.306072
-66.820225,8,171.317865
2.449615,8,171.328882
-0.862952,8,171.339866
6.975704,8,171.350177
-2.953446,8,171.350177
-6.116938,8,171.379633
-91.53571,8,171.394633
-36.054722,8,171.405148
-44.656053,8,171.41777
-0.897272,8,171.427529
-92.042585,8,171.437594
-0.188268,8,171.445573
-0.087566,8,171.457814
-32.674585,8,171.467499
1.89611,8,171.47753
-20.723281,8,171.488988
2.229958,8,171.505824
-65.879628,8,171.520734
5.526139,8,171.530735
3.404389,8,171.53851
-13.596286,8,171.55016
10.360356,8,171.568705
-2.900094,8,171.5787
-52.836774,8,171.587607
-46.47292,8,171.604936
-133.44822,8,171.614847
1.941177,8,171.623942
-46.634484,8,171.623942
-40.777885,8,171.646666
-4.464585,8,171.657239
-7.936361,8,171.672812
-0.021517,8,171.682816
-23.510594,8,171.695809
-18.419559,8,171.706733
-117.990764,8,171.719737
-3.369654,8,171.728738
-8.823708,8,171.740873
-67.553397,8,171.7514
6.105287,8,171.761439
-112.879652,8,171.768956
-36.362398,8,171.780734
1.899738,8,171.790774
-77.299854,8,171.800172
-28.89907,8,171.814456
6.196751,8,171.830158
-16.998174,8,171.840188
-3.46336,8,171.843952
0.169843,8,171.857539
-5.135875,8,171.871314
-111.337017,8,171.884274
0.19326,8,171.896474
-78.228874,8,171.907477
-70.350179,8,171.920473
-79.625798,8,171.930473
-21.71122,8,171.943639
-42.973155,8,171.957714
-23.257706,8,171.969147
-18.878854,8,171.978901
-97.121382,8,171.980904
-69.830601,8,171.998947
-18.858779,8,172.010946
-5.8984,8,172.02196
1.686764,8,172.031961
-128.142203,8,172.041531
-20.3154,8,172.049515
-72.672409,8,172.065389
-1.005685,8,172.075408
1.874851,8,172.089187
0.020926,8,172.102507
4.259324,8,172.112546
-77.095111,8,172.122585
-0.150211,8,172.130353
1.249601,8,172.14413
3.210383,8,172.153886
-0.594175,8,172.165645
-11.844507,8,172.173397
-12.583999,8,172.184841
-66.43911,8,172.192866
-1.345787,8,172.203397
2.619607,8,172.212604
-26.812466,8,172.228758
-2.219999,8,172.238789
-13.738889,8,172.246789
-46.822738,8,172.25585
-1.817989,8,172.270647
-79.29718,8,172.279838
-54.949403,8,172.288125
-7.628247,8,172.296126
-41.400605,8,172.309834
-159.259409,8,172.31928
-66.662702,8,172.328709
-44.396206,8,172.338532
-64.683109,8,172.357064
-19.083365,8,172.370061
-14.482162,8,172.379062
1.933689,8,172.39274
-33.727919,8,172.406219
-33.409193,8,172.417675
-16.226154,8,172.427307
0.377069,8,172.438463
0.553839,8,172.452208
-16.199483,8,172.461216
-16.298285,8,172.468493
-23.570217,8,172.468493
-0.073109,8,172.489651
-0.602279,8,172.499855
0.134393,8,172.517134
-10.448559,8,172.526715
-17.869737,8,172.541777
-91.988111,8,172.552346
-63.712155,8,172.562376
-111.400628,8,172.566971
-33.211714,8,172.585546
2.897512,8,172.585546
-25.808608,8,172.606398
-28.094386,8,172.621093
-20.705458,8,172.633385
-45.104756,8,172.642434
10.20965,8,172.654981
-39.530645,8,172.669111
-4.714616,8,172.685305
-19.43199,8,172.695305
-59.394772,8,172.707733
7.495705,8,172.720624
5.723684,8,172.738532
-13.423373,8,172.751589
-114.45961,8,172.763619
-11.212439,8,172.773406
3.598405,8,172.787179
2.278421,8,172.796409
4.374322,8,172.80342
-5.04488,8,172.812163
-93.090465,8,172.830221
-47.870047,8,172.844173
-43.638942,8,172.844173
-1.499356,8,172.8664
-53.722653,8,172.87817
-8.526406,8,172.886201
-83.464629,8,172.895979
-27.31807,8,172.906008
-15.049273,8,172.919307
-15.122296,8,172.923319
-106.662585,8,172.939054
-57.151706,8,172.949071
4.002738,8,172.965977
-133.672093,8,172.969995
-4.661648,8,172.986103
4.520765,8,172.986103
-147.901303,8,173.004412
1.471929,8,173.017787
-73.663923,8,173.026817
3.5963,8,173.037515
3.482693,8,173.051413
-50.161624,8,173.051413
-51.448716,8,173.078229
-35.678349,8,173.085318
-87.971518,8,173.107953
-16.574134,8,173.117926
-34.444074,8,173.127946
-161.555173,8,173.138498
-37.95234,8,173.152013
1.717461,8,173.161993
-131.049703,8,173.172872
-40.684337,8,173.182854
5.246886,8,173.198575
5.30548,8,173.206587
0.12751,8,173.216344
5.05847,8,173.230109
-49.709969,8,173.244912
-8.552323,8,173.253953
-1.0451,8,173.263733
-26.545416,8,173.277537
-26.825943,8,173.297026
-34.864678,8,173.310168
4.837521,8,173.321851
-59.62422,8,173.332854
-27.999674,8,173.3462
-51.707971,8,173.350178
-86.758109,8,173.371303
-35.740634,8,173.383607
-5.8101,8,173.411064
-20.84025,8,173.422822
-65.986231,8,173.432858
-134.767694,8,173.444645
-118.104549,8,173.458611
-28.269634,8,173.471119
-26.552636,8,173.485028
-16.105542,8,173.500596
-25.912923,8,173.523531
-1.002312,8,173.537711
-19.90294,8,173.54901
-24.709374,8,173.561157
-201.358105,8,173.581901
-12.015155,8,173.594441
-56.208888,8,173.598646
-124.11787,8,173.614635
-7.218643,8,173.631383
-32.632815,8,173.631383
-0.7011,8,173.65257
-2.370796,8,173.660202
0.100697,8,173.675664
1.722862,8,173.686656
-10.800446,8,173.696656
-16.954539,8,173.706227
0.763005,8,173.719378
-52.965166,8,173.743526
-31.026495,8,173.753525
10.94431,8,173.763524
-51.401258,8,173.776001
-66.171095,8,173.782995
-22.307597,8,173.79259
3.756156,8,173.80263
-30.869162,8,173.816744
-6.343004,8,173.826785
-11.783375,8,173.836974
3.298704,8,173.850522
-70.234792,8,173.862506
-53.805177,8,173.876559
-9.770319,8,173.888343
-49.081002,8,173.898123
1.786372,8,173.912395
-25.887956,8,173.921259
-20.356269,8,173.929805
-135.706394,8,173.939972
-8.60937,8,173.953226
-29.204939,8,173.967439
3.811025,8,173.976686
-42.057381,8,173.985083
0.537745,8,173.997838
-12.323359,8,174.007565
-21.033404,8,174.023319
-47.734622,8,174.033034
-79.095837,8,174.045817
-0.066998,8,174.055767
-0.580635,8,174.070676
-170.529117,8,174.080714
-6.727738,8,174.092017
-97.734746,8,174.103066
1.05618,8,174.105075
-2.853299,8,174.124065
-52.790257,8,174.138069
1.07644,8,174.147069
-23.788177,8,174.162899
-49.031575,8,174.176772
2.541097,8,174.189772
-81.381569,8,174.197771
0.070114,8,174.208749
2.905248,8,174.21747
-19.542208,8,174.230479
-35.903974,8,174.242005
-0.26044,8,174.252853
-110.528868,8,174.262854
-82.336635,8,174.280582
-3.435241,8,174.290272
-151.879334,8,174.299083
-2.184571,8,174.312853
-23.384046,8,174.326813
-12.495925,8,174.336109
-25.231299,8,174.345767
-92.415864,8,174.355692
-12.113133,8,174.367388
-95.508267,8,174.375822
6.134003,8,174.388884
-9.48327,8,174.397819
-53.819884,8,174.410545
0.770444,8,174.422493
-6.314565,8,174.430498
-1.487166,8,174.445006
-86.868987,8,174.458194
-113.242752,8,174.466841
-19.917376,8,174.473844
-13.22842,8,174.482505
-2.020458,8,174.493511
-0.701428,8,174.497527
5.51032,8,174.51687
0.137786,8,174.524864
-28.916127,8,174.537719
-7.86698,8,174.548629
-42.699182,8,174.557514
3.713797,8,174.570958
-35.482933,8,174.591962
-18.048384,8,174.608022
9.741176,8,174.617669
10.103622,8,174.617669
-82.314186,8,174.637696
4.789233,8,174.657037
1.156316,8,174.668926
-32.198264,8,174.682119
-82.875094,8,174.703995
-2.468829,8,174.720857
-20.007343,8,174.734579
-12.557165,8,174.757103
-68.024603,8,174.793426
-6.195987,8,174.81111
-45.810175,8,174.830825
-96.543651,8,174.85753
-186.179521,8,174.877089
-44.524196,8,174.891563
-16.31853,8,174.905083
-17.976509,8,174.920372
-3.22888,8,175.000235
-8.388796,8,175.01125
-12.665855,8,175.022135
-25.579057,8,175.032135
-38.186645,8,175.038376
-26.952163,8,175.050804
-34.247651,8,175.076862
-74.860976,8,175.088037
-82.577333,8,175.101666
-30.474894,8,175.111782
-45.893399,8,175.123719
4.18068,8,175.133665
-25.286776,8,175.145663
-119.510459,8,175.156664
4.967165,8,175.168427
-39.502931,8,175.183825
5.262022,8,175.199236
-15.110593,8,175.223055
-33.933776,8,175.239318
-20.994969,8,175.252161
2.283181,8,175.270827
-69.98234,8,175.282787
5.541755,8,175.29479
-25.241687,8,175.309368
-21.808893,8,175.330943
-13.789872,8,175.340781
-139.18526,8,175.357394
-21.370471,8,175.368395
-4.9028,8,175.385382
-5.789629,8,175.398128
-22.188285,8,175.420797
-0.034357,8,175.432796
5.132919,8,175.447617
2.923257,8,175.46213
-4.50911,8,175.47202
-18.495398,8,175.485421
-70.763534,8,175.499806
-5.442894,8,175.510808
-18.705634,8,175.548467
-2.829731,8,175.563471
4.230518,8,175.578744
-36.310994,8,175.595405
1.006035,8,175.614223
-39.099552,8,175.627225
1.686719,8,175.645189
3.565868,8,175.666151
-7.918424,8,175.680819
-52.770688,8,175.698399
3.288797,8,175.716402
-48.767281,8,175.730908
4.772197,8,175.744987
-91.432912,8,175.759986
-117.581611,8,175.786552
1.521366,8,175.799551
-4.799611,8,175.814552
-0.693208,8,175.836447
-18.194317,8,175.864373
-5.696987,8,175.893372
-5.05771,8,175.922935
-119.19703,8,175.944541
-48.719166,8,175.968554
-3.069383,8,175.991627
0.505472,8,176.012642
-41.833781,8,176.05108
-20.164956,8,176.098006
-19.881251,8,176.121366
-86.568389,8,176.146229
-41.131677,8,176.17144
3.714049,8,176.191733
2.422155,8,176.211243
-64.387848,8,176.227209
-11.934391,8,176.23879
0.964001,8,176.288815
-49.643514,8,176.302112
-164.633372,8,176.305467
-23.501089,8,176.325385
8.145434,8,176.344379
1.680141,8,176.361314
-1.569936,8,176.374695
0.759868,8,176.386697
3.293462,8,176.407237
-85.811046,8,176.419728
-20.431396,8,176.434397
-30.086495,8,176.448395
-25.358683,8,176.469993
6.278566,8,176.484592
0.634289,8,176.496603
-131.963732,8,176.508437
6.023874,8,176.521961
-50.131334,8,176.536623
8.006477,8,176.54856
-28.482533,8,176.560417
-29.698026,8,176.586577
3.83514,8,176.599344
-44.113007,8,176.611478
-34.175175,8,176.623437
-3.284787,8,176.641529
-138.821785,8,176.652568
1.134824,8,176.664623
-3.946731,8,176.676702
2.590925,8,176.6947
0.873327,8,176.705129
-46.03412,8,176.717964
-3.166947,8,176.732405
-40.801387,8,176.74541
-21.913168,8,176.76341
-98.255764,8,176.777123
-15.797631,8,176.790496
-8.543517,8,176.807348
-2.021797,8,176.818126
4.369531,8,176.827103
-98.289139,8,176.837428
-3.002568,8,176.850368
-3.755403,8,176.860364
-9.460421,8,176.872383
-60.488529,8,176.885548
-8.141955,8,176.901999
2.965897,8,176.923876
-24.278672,8,176.935878
-76.698589,8,176.945879
5.740126,8,176.959272
6.310591,8,176.970292
-4.049146,8,176.980331
3.789451,8,176.990376
-22.891809,8,177.004322
7.396643,8,177.014321
-1.782539,8,177.026003
-16.042095,8,177.040508
-38.68229,8,177.054331
-76.443223,8,177.065336
-83.393471,8,177.083428
1.327948,8,177.095426
3.019793,8,177.109384
-15.528002,8,177.120853
6.49309,8,177.132379
-91.243346,8,177.142378
4.370793,8,177.160351
0.458819,8,177.168072
-0.376874,8,177.187406
-37.580195,8,177.198411
-71.442025,8,177.213324
-6.519264,8,177.220078
-121.176301,8,177.242396
0.205857,8,177.257506
-23.570852,8,177.268425
-4.135572,8,177.283355
-105.961858,8,177.290817
4.257808,8,177.308138
-83.369394,8,177.320827
3.559561,8,177.322351
-63.246095,8,177.338841
-0.522851,8,177.354146
-10.903664,8,177.373191
-4.248344,8,177.386436
-0.864345,8,177.388815
4.653775,8,177.41311
-108.786269,8,177.42343
-0.881484,8,177.438833
-14.948545,8,177.452034
-0.701601,8,177.462919
-20.84987,8,177.479061
2.779829,8,177.494221
1.66769,8,177.505427
-5.013283,8,177.519836
-57.491657,8,177.533436
-16.519506,8,177.547069
3.522617,8,177.558338
0.443842,8,177.572879
-71.251453,8,177.591621
-1.050959,8,177.60939
-5.598083,8,177.621283
-16.223925,8,177.629662
-72.894454,8,177.649518
-8.860722,8,177.660002
-33.568605,8,177.67535
-18.952973,8,177.685411
-60.12455,8,177.696411
3.363894,8,177.708301
-36.995031,8,177.721192
-86.019875,8,177.734468
-74.770732,8,177.752476
3.113039,8,177.762476
-1.011695,8,177.771929
4.504176,8,177.784127
6.547541,8,177.79713
-11.535299,8,177.808422
2.196652,8,177.820228
3.368861,8,177.837446
-3.820384,8,177.851423
-41.362854,8,177.861441
-41.866418,8,177.86909
-121.416725,8,177.88642
-2.99162,8,177.906454
-40.647768,8,177.917876
4.060854,8,177.926876
-16.380559,8,177.937682
-74.586979,8,177.953932
-0.151225,8,177.964213
-5.704294,8,177.97477
-26.502044,8,177.985836
4.115119,8,177.999831
4.538593,8,178.012024
0.689523,8,178.023779
-30.460461,8,178.034745
-4.619792,8,178.047747
-36.520738,8,178.051701
-34.30894,8,178.076166
-2.748991,8,178.088589
-17.126174,8,178.101404
-65.021103,8,178.111401
-15.600657,8,178.122101
-41.326673,8,178.131596
5.258686,8,178.145571
-70.418794,8,178.154415
-43.239166,8,178.163419
-80.588271,8,178.173567
-15.686431,8,178.190602
-50.824483,8,178.202329
4.405723,8,178.212345
-5.526605,8,178.216109
0.275094,8,178.237439
0.624457,8,178.248443
-47.709381,8,178.259068
-37.01713,8,178.268075
-24.515856,8,178.284446
-7.539034,8,178.303464
-20.452298,8,178.312445
-17.773266,8,178.324208
-6.170897,8,178.341422
-16.678852,8,178.353423
-18.339182,8,178.372414
0.755617,8,178.386437
-7.517025,8,178.404953
-42.989148,8,178.419755
-72.654885,8,178.429755
-10.813574,8,178.440755
-0.922184,8,178.456287
-96.93276,8,178.468289
-77.328638,8,178.482436
-10.405819,8,178.493458
5.123488,8,178.512329
-12.646327,8,178.528282
6.274994,8,178.546259
-31.547909,8,178.561928
-114.429001,8,178.582446
-1.57603,8,178.595435
-9.236856,8,178.610839
-4.175744,8,178.622342
6.728697,8,178.638876
-26.738957,8,178.655123
4.438995,8,178.666771
5.226959,8,178.679455
-101.69476,8,178.69357
2.477587,8,178.7068
-22.897299,8,178.718344
-2.656422,8,178.735588
-12.483684,8,178.754187
-26.005942,8,178.765865
-37.025388,8,178.777644
6.250016,8,178.786457
-33.552889,8,178.799122
-68.425706,8,178.809199
-6.253057,8,178.819877
7.066805,8,178.824355
-14.334059,8,178.839611
4.631776,8,178.855388
-132.411204,8,178.870773
-51.334561,8,178.88541
4.489244,8,178.899308
0.305641,8,178.910362
1.887714,8,178.922345
-40.255136,8,178.933486
2.935527,8,178.948487
6.59142,8,178.969784
6.742145,8,178.985788
-4.642254,8,179.00313
-11.509154,8,179.095618
-10.271235,8,179.105347
-25.198577,8,179.116336
-182.813313,8,179.129829
-39.254053,8,179.146687
-55.975309,8,179.159549
-99.980944,8,179.171364
-54.387586,8,179.171364
-27.164265,8,179.194551
-16.428414,8,179.209553
-7.506088,8,179.220376
-8.529036,8,179.232468
4.814782,8,179.245587
-53.323522,8,179.255451
-64.367034,8,179.265707
-19.244914,8,179.266067
5.742938,8,179.293671
8.202213,8,179.305469
-32.533779,8,179.320184
-1.285547,8,179.329935
-87.617306,8,179.341566
0.448963,8,179.350412
-19.06912,8,179.360404
1.831842,8,179.369922
1.286678,8,179.38346
-4.276484,8,179.393456
3.077338,8,179.402373
-81.786602,8,179.410373
-26.407452,8,179.42366
-74.047997,8,179.441735
-36.557688,8,179.452566
-58.942298,8,179.461566
-10.564611,8,179.474163
-15.931121,8,179.482473
-9.715078,8,179.492481
10.114877,8,179.501414
-126.299626,8,179.514415
6.137772,8,179.524414
5.404305,8,179.537599
-12.062036,8,179.546599
-5.956526,8,179.559405
-52.649877,8,179.570971
5.748202,8,179.584524
-6.737421,8,179.594506
1.127164,8,179.607404
-52.498124,8,179.61599
-3.674306,8,179.620112
-101.363921,8,179.637436
-35.190979,8,179.652404
0.608339,8,179.660401
-24.951355,8,179.668111
-4.859403,8,179.668111
-36.014584,8,179.691566
-92.986625,8,179.700426
1.043225,8,179.714417
2.101137,8,179.726279
2.400253,8,179.739463
-129.661486,8,179.748472
-101.980356,8,179.758382
-1.876101,8,179.770135
-22.194717,8,179.78345
-87.057795,8,179.793448
-0.026923,8,179.802045
4.60795,8,179.811047
3.374341,8,179.82321
9.641429,8,179.833716
-20.493285,8,179.846717
-14.991708,8,179.85742
-17.695594,8,179.870269
0.160998,8,179.880306
-6.542971,8,179.893436
-44.128703,8,179.903498
1.744626,8,179.916033
-97.052918,8,179.927905
-11.39237,8,179.937583
-85.863142,8,179.945583
-207.551864,8,179.958392
-9.561093,8,179.966015
-13.496797,8,179.966015
2.894673,8,179.991735
-135.103559,8,180.008471
-68.216811,8,180.018273
-72.366905,8,180.018273
-82.232729,8,180.035454
-20.248751,8,180.046421
3.347709,8,180.056625
4.997337,8,180.066872
-69.371699,8,180.072887
-5.2653,8,180.090456
-0.248061,8,180.099265
-120.578134,8,180.109356
-108.072811,8,180.124738
-92.368137,8,180.139769
-111.315918,8,180.148674
2.561756,8,180.158397
-44.968591,8,180.16809
-13.106577,8,180.180137
-3.035201,8,180.190455
-31.222243,8,180.199298
-18.304854,8,180.208365
-15.708411,8,180.224933
-44.961091,8,180.235564
-28.318342,8,180.245563
1.215247,8,180.255424
7.401885,8,180.266171
-21.699538,8,180.283618
2.232007,8,180.293631
-5.730274,8,180.305433
-4.332017,8,180.319593
-20.601475,8,180.371179
-21.653265,8,180.38446
-17.095818,8,180.392459
-5.454288,8,180.403423
-4.31949,8,180.412426
-123.055726,8,180.416086
-31.853877,8,180.416086
-22.167156,8,180.445571
-15.732002,8,180.459442
2.579726,8,180.469465
-138.557439,8,180.469465
-87.796276,8,180.492674
-4.317291,8,180.504987
0.832441,8,180.52103
-3.366149,8,180.542624
-12.036246,8,180.559382
-8.964905,8,180.574327
-96.062154,8,180.584754
-1.535494,8,180.598451
-19.883458,8,180.611411
3.279862,8,180.628244
-70.881725,8,180.642077
1.941655,8,180.655465
-0.141847,8,180.671904
-13.782455,8,180.688567
-18.458723,8,180.704695
-4.151007,8,180.717242
-98.961614,8,180.738981
-102.402119,8,180.751428
-33.319019,8,180.763428
-7.266615,8,180.779041
-104.684064,8,180.805489
-10.266651,8,180.827156
-19.138202,8,180.847323
-5.620636,8,180.859455
-54.25704,8,180.880543
0.971317,8,180.893632
-0.898269,8,180.905635
-16.870146,8,180.916076
-40.099922,8,180.940941
-21.681328,8,180.955517
-18.220208,8,180.966156
0.954504,8,180.984488
-20.664889,8,181.003486
-32.796762,8,181.019721
-38.008155,8,181.049207
-0.676766,8,181.070402
-13.206963,8,181.098636
-89.486602,8,181.122374
-66.58822,8,181.147586
10.042703,8,181.162549
-22.173276,8,181.178336
3.419999,8,181.190647
6.067087,8,181.203488
-3.846435,8,181.214489
4.174259,8,181.227944
3.240639,8,181.238492
-16.742835,8,181.259483
4.00716,8,181.266234
-20.444601,8,181.284617
-44.549998,8,181.29362
-30.260687,8,181.305018
-15.095948,8,181.316103
1.097426,8,181.320263
4.748854,8,181.339511
-51.221309,8,181.34852
-6.626449,8,181.357516
-0.03361,8,181.368632
11.501456,8,181.387631
-154.995184,8,181.397639
-25.526656,8,181.413832
0.27392,8,181.427773
-0.814295,8,181.439492
-8.961081,8,181.449378
7.675199,8,181.459486
-121.962237,8,181.476669
-4.476066,8,181.489681
-63.732512,8,181.501446
-76.487914,8,181.511441
-6.977813,8,181.525807
2.3731,8,181.539625
3.213912,8,181.550503
2.892371,8,181.566205
-17.023053,8,181.566205
-10.375049,8,181.594512
-0.778621,8,181.604482
-11.819935,8,181.614482
1.732223,8,181.616052
-40.870227,8,181.638235
2.8969,8,181.64915
-37.714592,8,181.66053
-18.156733,8,181.67228
-24.826296,8,181.683597
-71.713997,8,181.693695
-72.231189,8,181.707453
-67.618742,8,181.725546
-33.294317,8,181.73549
-120.280535,8,181.745488
-1.908841,8,181.755417
1.943779,8,181.7687
-89.516554,8,181.778194
-15.497357,8,181.7885
-65.275596,8,181.7975
-18.11313,8,181.81044
-39.347857,8,181.820316
-7.572063,8,181.833543
-24.325581,8,181.842556
-14.86165,8,181.859444
-14.188264,8,181.870146
-8.069984,8,181.880182
-146.041172,8,181.889586
-53.409787,8,181.902545
-110.866549,8,181.910549
-21.258327,8,181.916039
4.518178,8,181.916039
-39.248703,8,181.945768
-39.437046,8,181.955459
-43.198036,8,181.964459
-105.22311,8,181.972109
-19.045183,8,181.985506
-38.804782,8,181.999422
-93.93803,8,182.011504
-29.514327,8,182.022239
-66.462504,8,182.038516
1.033932,8,182.052517
-22.115333,8,182.062536
-25.3819,8,182.075105
-68.193899,8,182.089502
-35.810813,8,182.101426
-21.856401,8,182.110426
-17.218621,8,182.120222
5.23379,8,182.130241
-22.666678,8,182.149404
-95.728138,8,182.169513
2.977154,8,182.177551
8.610744,8,182.192656
-14.610258,8,182.20355
-9.247493,8,182.214552
1.453388,8,182.218495
-35.160213,8,182.23962
-0.758867,8,182.249403
-37.740643,8,182.259511
-0.559614,8,182.268313
6.073153,8,182.282495
-53.771952,8,182.294622
-1.838249,8,182.306408
-1.920165,8,182.314407
-16.335704,8,182.327421
5.317089,8,182.336749
-144.424191,8,182.34375
0.050092,8,182.352529
1.504678,8,182.364536
-8.572245,8,182.366156
-18.81842,8,182.384504
-139.768911,8,182.395501
-35.4995,8,182.411553
-5.694339,8,182.422314
-88.198726,8,182.434673
-76.402811,8,182.445753
4.622793,8,182.458554
-88.158333,8,182.468097
-33.35605,8,182.476128
-60.707996,8,182.484514
-131.771293,8,182.49755
1.190825,8,182.508658
-12.51876,8,182.522157
0.523171,8,182.522157
-1.023043,8,182.53885
-20.748266,8,182.556425
-0.263019,8,182.566927
-1.606024,8,182.582616
-87.717155,8,182.596685
-22.1273,8,182.60549
-0.919776,8,182.616667
-39.799572,8,182.622295
-18.735684,8,182.638589
-36.108981,8,182.653253
-4.262107,8,182.663616
1.233303,8,182.672425
-57.387672,8,182.687695
2.995951,8,182.689016
0.277175,8,182.707268
-4.734779,8,182.722106
-34.971747,8,182.736952
4.048657,8,182.746956
-15.768501,8,182.759523
-74.17831,8,182.770432
-1.276328,8,182.783728
-5.112725,8,182.792812
6.076173,8,182.802463
2.469623,8,182.810462
0.667348,8,182.821893
-2.777443,8,182.833498
-44.982802,8,182.840585
1.588585,8,182.848587
4.421681,8,182.869419
-14.058105,8,182.871418
-2.403476,8,182.890695
-12.137188,8,182.900502
1.710654,8,182.911419
-11.38926,8,182.921327
-8.05209,8,182.930384
-11.914597,8,182.942508
-0.025941,8,182.956505
-5.993079,8,182.967425
-119.741629,8,182.977008
-0.744644,8,182.990553
-99.045248,8,183.006389
-13.799144,8,183.016397
1.24521,8,183.019728
-0.973496,8,183.038888
1.152119,8,183.166162
-3.142967,8,183.166162
0.092154,8,183.190532
-131.377633,8,183.201483
-92.651102,8,183.216197
-19.909257,8,183.219132
-78.207196,8,183.238529
-36.604289,8,183.249372
2.057017,8,183.2645
1.633735,8,183.279317
-7.869263,8,183.290533
-22.435153,8,183.302039
-18.680875,8,183.318842
-38.960274,8,183.327843
-27.243738,8,183.341841
3.076613,8,183.352332
-8.592926,8,183.367751
-20.870852,8,183.367751
-6.426685,8,183.392703
-21.356558,8,183.402493
-3.425416,8,183.416167
-23.111621,8,183.433764
1.910112,8,183.44376
-73.240889,8,183.459499
-22.228424,8,183.480282
-27.262331,8,183.492553
3.091438,8,183.504089
2.542116,8,183.515961
1.580104,8,183.530999
-98.306451,8,183.543805
-12.565789,8,183.555767
-26.862628,8,183.566107
0.729541,8,183.582532
-17.629207,8,183.592659
1.575904,8,183.609497
-16.504569,8,183.620501
-142.902077,8,183.635545
-1.167047,8,183.646545
-114.656097,8,183.655498
-15.286047,8,183.663518
-51.484636,8,183.669569
4.685022,8,183.68973
-59.197901,8,183.699718
-2.363448,8,183.709354
-44.561695,8,183.723289
-175.820494,8,183.73554
-6.468767,8,183.749409
-26.049274,8,183.76052
-22.830248,8,183.773134
7.632684,8,183.787757
-15.467625,8,183.794757
-1.554801,8,183.803435
2.137202,8,183.816805
-110.066764,8,183.816805
-0.6084,8,183.838427
2.130003,8,183.848427
3.357718,8,183.862442
-30.026332,8,183.868939
-37.080273,8,183.883511
-23.81288,8,183.896509
-63.727613,8,183.90399
0.35391,8,183.922039
-43.784477,8,183.930039
-41.742024,8,183.940876
-26.385694,8,183.951783
-0.095979,8,183.959797
1.996543,8,183.970069
-21.494106,8,183.97609
-105.255049,8,183.989505
-61.660797,8,183.997501
-85.144013,8,184.005563
0.492517,8,184.021741
-7.503849,8,184.035552
-43.653941,8,184.044556
-29.050944,8,184.055786
-45.841402,8,184.063798
-10.863026,8,184.07718
-27.390881,8,184.088948
-15.049156,8,184.099272
2.859924,8,184.110826
-26.043393,8,184.123878
1.675122,8,184.136878
-78.814771,8,184.146878
-23.12264,8,184.157026
-43.332197,8,184.174797
4.341104,8,184.185699
4.542795,8,184.195699
-3.147152,8,184.205523
2.191524,8,184.218216
-36.609982,8,184.228258
-12.732428,8,184.241531
-37.300614,8,184.255537
-36.703556,8,184.267269
1.820272,8,184.267269
-6.417106,8,184.286513
-2.778689,8,184.296513
3.97466,8,184.313816
-43.956929,8,184.319715
-5.166935,8,184.337658
-53.08779,8,184.346658
-16.279394,8,184.359658
-22.791289,8,184.3662
-1.142208,8,184.383684
-0.608494,8,184.393779
5.634749,8,184.405489
-5.28818,8,184.449972
-5.849949,8,184.449972
-88.527402,8,184.469846
-49.044609,8,184.485273
-10.360573,8,184.499589
-16.751069,8,184.510657
6.454855,8,184.520019
-5.219739,8,184.531917
-49.753326,8,184.542952
2.190114,8,184.549864
-1.992598,8,184.549864
-53.536846,8,184.574434
-5.289162,8,184.58455
8.846714,8,184.592549
-0.731708,8,184.605576
-76.252597,8,184.616176
-10.851472,8,184.624861
-75.004442,8,184.641707
1.152615,8,184.651484
-89.453583,8,184.663487
-19.954776,8,184.674154
-237.158879,8,184.684536
-44.115913,8,184.694536
-11.614001,8,184.712819
-66.96198,8,184.722389
-0.908095,8,184.732534
-30.313183,8,184.740546
-6.55738,8,184.754569
-2.629315,8,184.76357
-49.060734,8,184.777507
-13.333574,8,184.786571
-86.99326,8,184.799449
-47.754451,8,184.809541
5.169063,8,184.821419
-2.970111,8,184.829433
-5.019071,8,184.844583
4.934335,8,184.854565
-1.100677,8,184.864569
-41.961706,8,184.866234
-59.192501,8,184.887568
-81.018112,8,184.896568
-18.328894,8,184.904656
-106.024041,8,184.92407
-36.901912,8,184.937856
-56.953447,8,184.946855
-0.648609,8,184.94986
-10.844478,8,184.96621
-94.448237,8,184.96833
-45.090243,8,184.987692
2.639747,8,184.997691
-37.037098,8,185.006692
-6.623013,8,185.019506
-25.847308,8,185.027541
-58.033242,8,185.041584
-3.841975,8,185.057582
-173.17211,8,185.072441
-38.779819,8,185.084583
2.143372,8,185.096581
5.691841,8,185.107599
-21.364126,8,185.120327
-22.619156,8,185.131368
-1.888979,8,185.139585
-28.287184,8,185.152296
1.981309,8,185.166197
-32.319766,8,185.176219
6.436279,8,185.188203
0.319386,8,185.204548
3.960878,8,185.220641
2.245417,8,185.233687
-5.021564,8,185.245688
-104.127841,8,185.254627
-68.677562,8,185.269261
-0.501734,8,185.269261
-4.535169,8,185.292675
0.560496,8,185.302442
-12.441941,8,185.314446
-9.753406,8,185.318377
-15.060443,8,185.336542
-44.20925,8,185.345541
-19.214951,8,185.363503
-94.072208,8,185.37343
-51.44871,8,185.387725
0.149553,8,185.396724
-20.273004,8,185.409501
2.86795,8,185.420522
-25.283575,8,185.430561
-169.900608,8,185.440717
0.785937,8,185.453486
-13.361365,8,185.462486
3.179725,8,185.471459
-3.639518,8,185.482599
-114.65234,8,185.50351
-15.496919,8,185.51351
3.755101,8,185.524245
-63.626372,8,185.534782
-11.723504,8,185.547782
-1.111474,8,185.558501
-19.283238,8,185.56619
-70.427864,8,185.56619
-7.243285,8,185.592678
-39.364696,8,185.604452
-59.654969,8,185.61691
2.748898,8,185.627937
5.132281,8,185.643726
-24.796672,8,185.65928
-7.497075,8,185.670226
1.344113,8,185.682585
-68.710158,8,185.695725
-19.937094,8,185.706545
-47.139586,8,185.718238
-4.212235,8,185.733576
1.330738,8,185.747577
-27.499667,8,185.758577
-0.030143,8,185.770333
-20.986733,8,185.782572
5.158447,8,185.920455
-32.47027,8,185.939563
-41.069013,8,185.954525
-3.073036,8,185.964531
-68.290263,8,185.976891
-18.42552,8,185.988738
-22.040447,8,185.998738
-0.836915,8,186.008545
-37.959224,8,186.021443
6.407385,8,186.029453
-14.431086,8,186.040832
-63.408454,8,186.050532
-15.63978,8,186.062549
-33.434352,8,186.070383
-17.064881,8,186.09073
-24.329155,8,186.101525
-94.82735,8,186.11356
-15.843041,8,186.123024
-35.780492,8,186.132936
-69.486985,8,186.135539
-29.440523,8,186.156317
-58.187233,8,186.166028
-23.906887,8,186.175181
-13.471698,8,186.183086
4.156169,8,186.20098
-130.767797,8,186.20098
-0.483497,8,186.22458
-18.471084,8,186.234016
-20.107433,8,186.236057
-108.319071,8,186.257652
-63.287785,8,186.266578
-10.711651,8,186.275801
-19.830485,8,186.282894
-16.236842,8,186.282894
9.45675,8,186.307104
-9.603738,8,186.317494
-51.483673,8,186.328495
-33.252728,8,186.333902
3.191027,8,186.333902
-96.644411,8,186.359289
1.328951,8,186.372374
5.250835,8,186.383791
4.834035,8,186.393112
-19.173155,8,186.403245
3.328166,8,186.419401
11.160958,8,186.42141
-17.208967,8,186.438577
-41.432009,8,186.447577
-15.427521,8,186.459728
-56.619741,8,186.470938
-29.276753,8,186.479938
-55.092891,8,186.492867
-75.496081,8,186.506095
-17.325497,8,186.514431
4.599488,8,186.524354
1.270159,8,186.534583
-2.187448,8,186.547693
3.403727,8,186.557606
4.354529,8,186.566213
1.883055,8,186.568522
-98.762181,8,186.590714
7.074796,8,186.600628
-8.911971,8,186.609623
-76.034249,8,186.616088
1.294935,8,186.638587
-117.015876,8,186.648581
-211.814458,8,186.652031
-23.311895,8,186.669013
-57.103253,8,186.681015
-3.560424,8,186.691021
-15.640071,8,186.700112
-91.709911,8,186.709771
-124.635677,8,186.71611
-1.193113,8,186.733432
-19.422278,8,186.733432
-44.578822,8,186.757318
-8.628993,8,186.766828
-18.086215,8,186.785577
-20.302766,8,186.795668
-36.200631,8,186.806173
-120.584028,8,186.820575
3.07718,8,186.834673
-68.337452,8,186.845757
-3.296807,8,186.856567
3.173903,8,186.873907
3.540824,8,186.884223
2.475256,8,186.896234
-22.947894,8,186.906866
-157.012363,8,186.919625
-47.860744,8,186.939605
-5.074628,8,186.952388
-5.601142,8,186.955455
-19.234936,8,186.978953
2.755415,8,186.992955
2.748355,8,186.999871
0.119751,8,186.999871
-74.140753,8,187.018296
-18.205636,8,187.035665
1.130921,8,187.045684
-64.496183,8,187.056649
-4.941184,8,187.068362
2.049486,8,187.083925
2.220018,8,187.093997
-74.110001,8,187.107403
-20.016254,8,187.118403
4.371917,8,187.118403
2.075058,8,187.140697
-2.290958,8,187.206396
-20.108313,8,187.22241
-66.881414,8,187.232165
-16.041652,8,187.241728
12.940108,8,187.251698
-1.288854,8,187.265612
-98.632407,8,187.276281
-1.399291,8,187.293771
-30.596599,8,187.307493
-23.245751,8,187.31616
-30.052184,8,187.31616
2.282612,8,187.343594
-58.514559,8,187.353702
-62.722238,8,187.36791
-37.664376,8,187.373338
3.825422,8,187.3856
-22.597445,8,187.394569
4.295442,8,187.409348
-40.05067,8,187.419935
-46.360131,8,187.435636
-16.365849,8,187.438978
-100.72829,8,187.456817
-21.572191,8,187.472292
5.051563,8,187.483564
-12.696544,8,187.48889
-5.581247,8,187.505579
-1.701577,8,187.517867
-18.624068,8,187.528136
-85.256438,8,187.537612
-19.566144,8,187.552293
-20.437781,8,187.56139
-1.569532,8,187.572568
4.967128,8,187.587815
-27.120028,8,187.600823
-18.785762,8,187.610629
-33.984451,8,187.622917
-178.563437,8,187.630919
-24.68862,8,187.643825
-68.961271,8,187.652461
-50.663332,8,187.661953
-32.983757,8,187.672344
1.42449,8,187.687616
2.425123,8,187.697614
6.205902,8,187.707546
-26.711842,8,187.721945
-52.050352,8,187.735405
-105.983614,8,187.744504
-8.346579,8,187.753539
2.816332,8,187.761538
-1.196191,8,187.772022
-88.97071,8,187.784719
-0.834948,8,187.792724
-4.32011,8,187.80454
-24.209836,8,187.815534
-2.48034,8,187.821505
4.509141,8,187.834827
-83.761811,8,187.844826
-8.70389,8,187.861833
-12.67454,8,187.870964
-31.036165,8,187.882669
-40.621038,8,187.891648
-37.620492,8,187.907395
-30.484268,8,187.923932
-15.289619,8,187.934931
-8.341039,8,187.946933
-3.602103,8,187.959946
-14.148514,8,187.97028
-32.845238,8,187.980308
-99.244537,8,187.991673
-36.676414,8,188.011655
-47.925815,8,188.024418
-7.52556,8,188.037645
-39.609283,8,188.046644
-38.744904,8,188.059726
-46.054932,8,188.072883
-89.525625,8,188.082427
-83.257895,8,188.091877
-141.454519,8,188.105599
-2.540518,8,188.116264
-9.882812,8,188.116264
-7.726719,8,188.139764
-98.924225,8,188.158313
-62.164006,8,188.166302
-100.334555,8,188.190839
-52.225735,8,188.205672
-115.238654,8,188.216226
-73.851598,8,188.216226
1.243323,8,188.245615
-8.080804,8,188.256517
-13.982487,8,188.278975
4.655692,8,188.294783
-91.871332,8,188.304628
-16.765483,8,188.316161
-100.1738,8,188.321634
-21.16429,8,188.34668
3.159649,8,188.35856
4.383907,8,188.36929
-1.636847,8,188.382004
-116.832863,8,188.394648
-95.167752,8,188.404597
-45.040954,8,188.412603
-2.492047,8,188.422302
-8.329986,8,188.43373
2.572867,8,188.442729
-89.653534,8,188.451603
-13.251006,8,188.463616
-22.496386,8,188.466238
-15.871473,8,188.489662
-47.479364,8,188.504772
-22.375166,8,188.640783
-20.487685,8,188.649508
-40.511026,8,188.658588
-23.537254,8,188.666212
-16.504876,8,188.679526
-39.454613,8,188.687703
-0.678661,8,188.696702
-10.081053,8,188.705617
-52.046748,8,188.718343
4.284844,8,188.726371
4.643215,8,188.742577
-76.193397,8,188.752616
0.488185,8,188.762612
-12.529428,8,188.768527
-10.78137,8,188.782584
-48.686601,8,188.791705
-65.244005,8,188.803593
-83.080674,8,188.812593
-5.151719,8,188.821633
-20.819338,8,188.830631
-182.086754,8,188.843931
-50.354264,8,188.856364
-0.541603,8,188.866153
3.347955,8,188.874377
-65.183298,8,188.891861
-1.915416,8,188.901609
-8.553305,8,188.910609
-4.511673,8,188.920355
-21.051328,8,188.93336
-73.377823,8,188.942534
-42.47697,8,188.952654
-51.106817,8,188.961634
-16.543075,8,188.966269
0.78724,8,188.986691
-94.620293,8,188.995697
10.082259,8,189.009629
-26.721261,8,189.016341
-3.483804,8,189.016341
-27.766531,8,189.040797
-0.161323,8,189.050627
-16.704448,8,189.062543
-0.569682,8,189.070383
0.112226,8,189.080416
6.41225,8,189.091577
-15.877217,8,189.104575
-11.691836,8,189.112579
-77.862055,8,189.122553
-34.878001,8,189.128578
0.053286,8,189.144725
-0.912894,8,189.154805
-9.82079,8,189.161809
-13.240401,8,189.172565
6.506103,8,189.183711
6.718796,8,189.193706
-1.099426,8,189.20728
4.209376,8,189.216239
-17.09572,8,189.229472
-35.955301,8,189.239669
-54.489751,8,189.249673
-90.731382,8,189.259021
-2.021948,8,189.271862
4.406759,8,189.284837
-27.721323,8,189.294846
-45.085865,8,189.303489
-1.471352,8,189.313488
-112.512513,8,189.318209
-16.604998,8,189.337864
-4.93595,8,189.347778
3.487478,8,189.364608
-23.82535,8,189.371287
-105.950777,8,189.387659
-16.733904,8,189.395663
-136.365615,8,189.410535
7.748162,8,189.426803
-26.817406,8,189.437788
-52.99666,8,189.444786
-86.601523,8,189.45764
-21.653294,8,189.466282
-93.276719,8,189.466282
-55.246322,8,189.466282
-30.038756,8,189.493775
-3.847924,8,189.503599
0.835389,8,189.513599
1.641345,8,189.524311
-17.707305,8,189.539854
-4.340673,8,189.554675
-3.653114,8,189.564675
-78.122917,8,189.576396
-65.821355,8,189.589656
-14.687525,8,189.596657
0.160275,8,189.605539
-38.865472,8,189.61354
-7.490478,8,189.616246
-39.380586,8,189.636614
7.081033,8,189.644615
-125.079225,8,189.656594
-1.64857,8,189.670576
-3.500835,8,189.678308
-12.079787,8,189.694656
-9.629029,8,189.704581
-137.934079,8,189.716314
-17.254325,8,189.716314
-140.008589,8,189.736599
-5.040696,8,189.743599
-25.516494,8,189.756541
1.924644,8,189.766231
3.242164,8,189.766231
-12.366366,8,189.789639
-59.086214,8,189.801738
-0.093689,8,189.810731
-2.311334,8,189.825052
-100.020005,8,189.83479
2.106053,8,189.846879
-7.214692,8,189.856665
-6.562701,8,189.926265
-22.380757,8,189.936646
-76.389988,8,189.948736
-16.070472,8,189.958172
-19.247389,8,189.965941
-0.879364,8,189.965941
7.310096,8,189.991627
-24.236573,8,190.000621
-79.186724,8,190.009615
-95.08954,8,190.016358
-26.016582,8,190.035814
-34.189049,8,190.044814
-7.771328,8,190.053731
-28.669277,8,190.063735
0.820552,8,190.066324
-16.004725,8,190.086749
-33.592519,8,190.095758
4.510249,8,190.107686
1.146691,8,190.117012
0.863961,8,190.117012
-3.011364,8,190.139637
-64.510661,8,190.152574
-77.889214,8,190.164568
-49.333795,8,190.17464
-42.663366,8,190.180663
-11.667201,8,190.190794
-2.476617,8,190.202615
-8.923485,8,190.209615
-19.512627,8,190.22116
-23.288597,8,190.231191
-16.413774,8,190.242778
-73.574739,8,190.251546
-1.27105,8,190.260546
-23.056053,8,190.269887
-1.537667,8,190.285856
-4.205325,8,190.295855
-6.471175,8,190.305414
-1.278296,8,190.316046
1.80183,8,190.336654
-12.07884,8,190.349327
7.097719,8,190.355689
-88.932783,8,190.371915
2.580063,8,190.38767
-4.524639,8,190.402349
7.636243,8,190.418018
-22.005419,8,190.430092
9.347733,8,190.462263
2.89793,8,190.476903
-117.220471,8,190.493129
-39.682251,8,190.506394
-0.204933,8,190.522256
2.708774,8,190.538797
2.49468,8,190.550618
2.881038,8,190.561619
1.936866,8,190.583744
-113.086074,8,190.595742
-2.224327,8,190.610384
1.253262,8,190.62303
6.618757,8,190.639027
-7.750659,8,190.656354
0.696028,8,190.667796
7.826556,8,190.681901
-42.375559,8,190.703709
11.595265,8,190.720024
-17.176883,8,190.731027
-91.058245,8,190.742742
-103.408857,8,190.758345
4.652703,8,190.769345
-87.281811,8,190.780347
5.569343,8,190.792617
-15.415375,8,190.80977
-7.428349,8,190.825102
-1.354047,8,190.837742
-53.270574,8,190.847739
3.418035,8,190.86174
-3.40094,8,190.86845
-34.930257,8,190.883676
-49.003612,8,190.893692
-40.787511,8,190.900289
-1.895216,8,190.922597
1.819605,8,190.93474
0.622464,8,190.944739
-8.353466,8,190.959739
-78.426423,8,190.970491
-126.028007,8,190.984694
-196.910976,8,190.995694
-67.843156,8,191.009962
0.242302,8,191.022999
-72.21127,8,191.031001
-20.280211,8,191.043
-157.160924,8,191.052043
-103.862822,8,191.067135
1.681797,8,191.078144
2.644013,8,191.087916
-14.00628,8,191.100952
-37.307357,8,191.11095
-0.099831,8,191.123889
-28.871992,8,191.13877
-35.376371,8,191.150745
-3.259302,8,191.15875
1.312887,8,191.168653
-9.609822,8,191.168653
-3.828724,8,191.192656
4.039618,8,191.202623
-22.372772,8,191.212623
-10.53849,8,191.216675
-15.580193,8,191.368642
-1.651781,8,191.374668
-33.199544,8,191.384777
-42.280901,8,191.401633
-6.516397,8,191.41463
-1.95498,8,191.42425
-38.397166,8,191.437748
8.278149,8,191.447281
-0.777683,8,191.455909
-97.867548,8,191.473059
-134.160609,8,191.48471
-53.087329,8,191.494603
-36.184936,8,191.509364
-16.006942,8,191.518986
0.739668,8,191.528269
-5.490505,8,191.546769
-25.341765,8,191.556899
2.251524,8,191.571037
-47.32884,8,191.572357
-35.175189,8,191.588727
-34.887614,8,191.605851
-0.934616,8,191.620732
-10.604363,8,191.623197
-1.702459,8,191.638709
-33.921488,8,191.654557
1.221684,8,191.664756
6.268075,8,191.674011
1.597973,8,191.684011
-6.549774,8,191.704103
-47.546988,8,191.714104
-149.966251,8,191.721497
-48.120083,8,191.731152
-41.556692,8,191.744785
-4.156911,8,191.755648
-53.748397,8,191.764649
-42.43844,8,191.775013
-45.777305,8,191.788726
-66.148999,8,191.797725
-14.523058,8,191.805619
-21.392835,8,191.813619
-6.133195,8,191.831404
-146.380293,8,191.842747
-9.300189,8,191.852766
1.168839,8,191.862766
-146.109696,8,191.875141
-35.462155,8,191.886929
-2.94869,8,191.895929
-32.481203,8,191.905662
-50.001497,8,191.918392
-0.341741,8,191.928517
-47.911285,8,191.94078
2.942967,8,191.950627
6.171312,8,191.960619
2.905555,8,191.971608
-63.849424,8,191.982657
-10.059681,8,191.993666
-8.120067,8,192.006662
-11.33394,8,192.016113
-26.515574,8,192.026637
-66.49645,8,192.035789
-58.25393,8,192.051821
-196.283085,8,192.061821
-18.27419,8,192.072495
-2.144766,8,192.084674
0.171344,8,192.102684
6.676054,8,192.118486
-27.839979,8,192.118486
-49.368871,8,192.139869
5.268134,8,192.153664
2.194375,8,192.163663
-24.727146,8,192.171234
-48.143906,8,192.187845
-6.27386,8,192.200631
3.541167,8,192.210728
5.232166,8,192.221381
-51.794405,8,192.229403
7.86261,8,192.240808
-142.063284,8,192.247808
1.607875,8,192.261652
-5.829338,8,192.2726
8.278044,8,192.290952
-151.543515,8,192.300575
-6.932538,8,192.309595
-13.236057,8,192.320441
-0.713049,8,192.333731
-136.470392,8,192.343746
-27.834101,8,192.354632
1.68898,8,192.363633
6.001655,8,192.378415
-101.429869,8,192.38767
-22.347954,8,192.402802
-49.93272,8,192.410802
0.279232,8,192.418533
-20.387838,8,192.433702
-4.135101,8,192.44372
-23.851478,8,192.453603
-5.18692,8,192.464604
0.509552,8,192.474583
6.94254,8,192.483657
-48.95972,8,192.492653
-57.020095,8,192.506638
-46.397569,8,192.520501
-88.440115,8,192.530252
-24.565671,8,192.542718
-44.055795,8,192.556772
-61.161291,8,192.566379
-24.103635,8,192.576447
-16.619383,8,192.586857
-49.820951,8,192.655702
-4.75184,8,192.664611
-5.703041,8,192.66626
-95.535176,8,192.684788
-11.829851,8,192.695795
-8.973701,8,192.704768
-2.661739,8,192.71377
4.210264,8,192.726734
-43.083621,8,192.741989
-57.838331,8,192.755239
-48.923632,8,192.764326
-12.49452,8,192.770377
-9.961538,8,192.791699
-30.220327,8,192.802987
-23.350622,8,192.813018
-37.267063,8,192.824013
4.584696,8,192.83995
-163.735173,8,192.849953
-79.552594,8,192.849953
-1.602584,8,192.877863
-38.226417,8,192.883007
1.452376,8,192.902301
-15.791773,8,192.919249
-125.965548,8,192.929248
2.319359,8,192.943991
-13.730984,8,192.951959
-7.79214,8,192.963933
-38.234829,8,192.966306
-47.800858,8,192.994724
-8.608567,8,193.008111
-36.412559,8,193.02044
-0.766266,8,193.030483
7.434727,8,193.053033
-19.198183,8,193.068553
-66.122793,8,193.076594
1.120026,8,193.092719
-0.771936,8,193.110819
0.471372,8,193.121208
-3.300157,8,193.13269
-76.250169,8,193.14169
-17.571967,8,193.155746
-10.420764,8,193.166314
-75.71636,8,193.168462
-42.621769,8,193.187762
-16.964972,8,193.202298
-87.466352,8,193.220652
-0.861279,8,193.230664
-11.846199,8,193.24071
-52.88364,8,193.253641
1.429918,8,193.263652
1.151381,8,193.274542
-2.310059,8,193.284806
0.303473,8,193.296806
-4.902152,8,193.306694
-102.299625,8,193.314695
1.771092,8,193.327883
-137.357835,8,193.33971
-104.22305,8,193.352651
1.754133,8,193.362695
-92.580423,8,193.373197
6.157429,8,193.385938
-21.251631,8,193.394939
-26.488982,8,193.403988
-71.016797,8,193.411999
-54.450927,8,193.420415
-25.399961,8,193.435731
-1.928905,8,193.444734
1.137621,8,193.454763
-89.234601,8,193.471741
7.176464,8,193.485884
-91.843918,8,193.502747
0.130436,8,193.514744
-12.578807,8,193.527187
-3.729818,8,193.538862
-165.426617,8,193.551657
-12.60999,8,193.562671
1.224097,8,193.566443
6.071346,8,193.587858
-21.896108,8,193.596859
-1.802166,8,193.60767
-83.203064,8,193.62049
6.934887,8,193.63122
-1.502949,8,193.644806
-34.05554,8,193.656771
-20.186678,8,193.671834
-133.249673,8,193.682703
7.885436,8,193.69271
-14.305737,8,193.702574
-5.332879,8,193.715558
-42.208421,8,193.716318
-92.33724,8,193.735713
-1.919089,8,193.745713
-124.884543,8,193.75875
-11.958415,8,193.768486
4.099464,8,193.768486
-11.062262,8,193.796086
-23.544154,8,193.810683
-0.789744,8,193.817322
-4.922619,8,193.817322
2.727716,8,193.838806
5.093412,8,193.851663
-50.716609,8,193.860663
-44.280861,8,193.866329
-19.585954,8,193.866329
-16.012118,8,193.89272
-68.91124,8,193.904837
-37.404181,8,193.914744
-6.291924,8,193.92689
-10.335485,8,193.94096
-7.679285,8,193.951723
-98.022252,8,193.966279
-12.772348,8,193.987907
-78.827191,8,194.104669
-17.662773,8,194.113672
2.406555,8,194.124902
-6.055796,8,194.132836
2.389045,8,194.142874
-43.091242,8,194.150723
-18.280607,8,194.158723
4.610613,8,194.168524
-4.421098,8,194.183748
9.125016,8,194.193741
9.024351,8,194.202694
-8.936296,8,194.211695
-16.531785,8,194.216341
-46.131244,8,194.237696
-7.462979,8,194.245698
-39.727582,8,194.253724
-29.033366,8,194.263715
-14.334385,8,194.274471
-54.810171,8,194.283719
-2.136533,8,194.292708
-66.835215,8,194.308678
-48.450841,8,194.3163
-199.970958,8,194.32657
-55.846914,8,194.33671
-25.434827,8,194.351716
-5.086311,8,194.361716
-4.605027,8,194.366396
-89.211394,8,194.366396
-1.047258,8,194.39374
1.269145,8,194.402662
-6.194953,8,194.40966
-23.333736,8,194.418428
-34.985603,8,194.427564
-22.938015,8,194.441736
-7.811467,8,194.451824
-11.725021,8,194.461741
-87.086471,8,194.476561
-5.631082,8,194.487772
-111.325897,8,194.494771
3.158624,8,194.503698
-42.690932,8,194.515695
-9.226774,8,194.524429
-36.982155,8,194.535873
-18.736266,8,194.544872
-61.568459,8,194.556676
-93.137617,8,194.568651
-49.069873,8,194.568651
-37.494047,8,194.594799
-30.625699,8,194.606825
-15.643995,8,194.615829
-7.898534,8,194.616978
-41.110939,8,194.634951
-3.142819,8,194.647046
-177.292063,8,194.656782
-1.692441,8,194.6658
-6.715794,8,194.668455
-9.634423,8,194.687954
-18.479887,8,194.696956
4.00873,8,194.714658
-25.450002,8,194.720842
0.164455,8,194.736993
-13.057673,8,194.746989
-4.80619,8,194.75575
0.577162,8,194.765756
5.823167,8,194.770754
3.979964,8,194.787856
-66.790941,8,194.796846
1.600474,8,194.806796
0.661929,8,194.816266
-22.81479,8,194.831879
-104.209648,8,194.844736
-62.006284,8,194.855787
-19.037847,8,194.866464
-61.238358,8,194.868662
-85.570984,8,194.886825
-87.148038,8,194.895828
4.444132,8,194.908732
2.386638,8,194.916325
-14.630274,8,194.916325
-64.277068,8,194.940945
-84.987338,8,194.953887
-156.731184,8,194.962881
2.859311,8,194.966946
-5.155201,8,194.985953
-27.497245,8,194.997958
4.059363,8,195.007434
1.543219,8,195.016
5.089425,8,195.026039
4.418631,8,195.037745
2.831468,8,195.045744
-85.258598,8,195.057689
-76.665084,8,195.067321
-4.783929,8,195.069478
-38.635373,8,195.090947
1.517943,8,195.099633
-2.952798,8,195.111743
-89.033906,8,195.122796
-28.896492,8,195.135795
-41.892049,8,195.143797
3.149225,8,195.158747
-24.367237,8,195.172595
-77.379315,8,195.182762
-41.071184,8,195.192771
-3.584585,8,195.203914
-28.360493,8,195.216432
-3.657548,8,195.229029
-67.118801,8,195.241937
7.23282,8,195.252659
-5.266541,8,195.27705
-4.819081,8,195.287898
-7.952001,8,195.297901
-27.984854,8,195.308768
-1.457787,8,195.32264
-3.043663,8,195.392751
-76.319207,8,195.402749
-4.852251,8,195.412745
-64.324662,8,195.41869
1.243148,8,195.438919
-84.150792,8,195.449651
-20.768735,8,195.460747
-14.249313,8,195.479376
-30.568978,8,195.490922
-3.31317,8,195.505752
-8.877124,8,195.516429
4.740547,8,195.53136
3.805405,8,195.543927
-5.207947,8,195.557789
-14.081291,8,195.571238
-49.300546,8,195.584796
2.907173,8,195.59579
-92.399598,8,195.607673
-1.101079,8,195.616412
-52.996232,8,195.637867
-73.222897,8,195.652788
-8.444027,8,195.662806
-129.878288,8,195.674747
6.270551,8,195.688847
-29.405102,8,195.697849
-17.676307,8,195.708946
-6.902947,8,195.716992
-35.225448,8,195.735088
-3.204146,8,195.745093
-13.861141,8,195.753766
-0.757429,8,195.763766
1.715558,8,195.777439
-43.492099,8,195.791901
-4.284999,8,195.802724
-19.590242,8,195.812724
5.77324,8,195.824604
-15.853755,8,195.838835
-10.574217,8,195.851785
-49.996828,8,195.861789
-45.382636,8,195.874504
4.651461,8,195.884886
1.838316,8,195.893889
-4.51392,8,195.905219
4.23723,8,195.933794
0.984638,8,195.944806
-41.720639,8,195.963961
4.941518,8,195.972799
3.058737,8,195.987901
-18.274984,8,195.99791
-18.422701,8,196.007764
-53.463272,8,196.018472
-81.193675,8,196.024127
-5.265869,8,196.04301
-2.358867,8,196.053687
-9.573823,8,196.063687
-25.909346,8,196.068453
-21.156865,8,196.088656
-37.687267,8,196.101847
-97.539973,8,196.110853
-23.430772,8,196.124701
-2.782207,8,196.132944
-104.745247,8,196.142032
-29.184136,8,196.151884
-14.460548,8,196.161881
-93.129513,8,196.174201
-7.726763,8,196.185019
-54.499906,8,196.195023
-3.566009,8,196.207703
2.018355,8,196.215763
-68.879261,8,196.218398
-49.232072,8,196.240854
-115.937895,8,196.253777
-52.590122,8,196.262772
-4.9073,8,196.266286
-56.968208,8,196.266286
-19.493306,8,196.296838
-15.942156,8,196.307857
-4.667104,8,196.316357
-9.845374,8,196.318485
-20.377008,8,196.339972
-36.042518,8,196.348964
-78.396642,8,196.358817
6.435807,8,196.371832
-101.666624,8,196.383896
-0.063905,8,196.393894
-87.429036,8,196.405898
-24.967105,8,196.414897
-20.375608,8,196.426147
-10.440006,8,196.435776
-46.148458,8,196.443775
-173.787472,8,196.452784
-55.774103,8,196.463784
-12.613115,8,196.472591
6.204971,8,196.480343
-9.32345,8,196.490913
3.466927,8,196.508868
-29.406015,8,196.522443
-34.222257,8,196.52845
-19.310128,8,196.547893
-28.861261,8,196.560837
0.380977,8,196.566414
-14.581105,8,196.582747
-4.913026,8,196.592767
-29.817127,8,196.605725
-1.43976,8,196.614737
-263.266026,8,196.616902
-110.14568,8,196.637912
-38.894894,8,196.656273
-7.687055,8,196.666466
1.700305,8,196.709671
1.173288,8,196.716943
1.975499,8,196.843793
1.740715,8,196.851395
-5.402467,8,196.851395
-3.598902,8,196.866281
-25.728996,8,196.887785
7.066811,8,196.896785
6.619994,8,196.90027
-13.810531,8,196.917073
0.928093,8,196.928436
3.49791,8,196.942034
2.553386,8,196.95343
-11.37498,8,196.963265
-24.249537,8,196.980335
2.394199,8,196.989103
-16.974414,8,196.999555
-23.10402,8,197.010149
-112.323487,8,197.022606
-68.880513,8,197.032933
-0.896286,8,197.044903
-76.18393,8,197.054604
-6.721016,8,197.068136
-1.903993,8,197.072916
-1.911251,8,197.0893
-16.282696,8,197.104466
1.81753,8,197.117128
-12.406891,8,197.122549
2.968309,8,197.137785
-9.141673,8,197.146785
-3.608477,8,197.158787
-21.732808,8,197.166156
-0.394889,8,197.172527
1.859487,8,197.172527
-58.705648,8,197.193945
-5.790828,8,197.208717
-19.613639,8,197.221721
-9.966909,8,197.221721
-1.216822,8,197.243015
-16.355353,8,197.251808
-91.997034,8,197.261814
-0.329221,8,197.271292
-56.135286,8,197.283982
-18.171611,8,197.294095
-25.201218,8,197.303733
12.909486,8,197.312742
1.72732,8,197.321745
4.898771,8,197.340062
-3.974418,8,197.350973
5.27701,8,197.350973
-18.345733,8,197.376867
1.941668,8,197.387124
-124.202688,8,197.398661
2.6593,8,197.405836
-17.318749,8,197.417042
-94.147437,8,197.417042
-31.145096,8,197.441987
-0.364486,8,197.451468
-70.924338,8,197.466124
-42.379452,8,197.472591
-58.845823,8,197.487843
-0.630936,8,197.506063
-64.567569,8,197.521151
-21.885228,8,197.530752
1.997447,8,197.541659
3.304754,8,197.558447
-4.760187,8,197.574967
-13.680686,8,197.589828
-48.679455,8,197.602827
2.926313,8,197.615828
-105.972907,8,197.634829
-74.123944,8,197.650832
-62.699251,8,197.670849
-39.797149,8,197.689805
7.021892,8,197.70634
-52.100648,8,197.723183
-0.369055,8,197.735148
-46.122453,8,197.746163
-42.308312,8,197.755192
-86.622742,8,197.779178
-21.027528,8,197.795172
-38.312267,8,197.807604
-5.203792,8,197.821716
-16.303365,8,197.835797
-15.250707,8,197.845796
-3.411823,8,197.857797
-54.241721,8,197.880419
-1.730997,8,197.897928
-5.486202,8,197.911831
-4.836633,8,197.916164
-14.967017,8,197.937887
-36.767002,8,197.946888
-2.950784,8,197.956887
-36.124418,8,197.966585
-41.225439,8,197.979428
-0.88333,8,197.990844
-42.466708,8,198.002749
9.147668,8,198.016379
-9.885316,8,198.034865
-75.019055,8,198.045954
-2.155431,8,198.056884
2.820066,8,198.066417
-100.982807,8,198.079508
-83.40686,8,198.09082
0.779204,8,198.101751
-12.872081,8,198.111753
-92.615643,8,198.118404
-6.082582,8,198.138993
-27.765975,8,198.149647
-34.439365,8,198.158726
-64.974504,8,198.168062
-37.587443,8,198.185938
-115.415411,8,198.194028
-16.690082,8,198.202718
4.026514,8,198.216047
-118.072917,8,198.216399
-19.157446,8,198.238778
-51.967481,8,198.246777
-14.938274,8,198.259819
-6.208564,8,198.268668
2.677208,8,198.268668
-6.4999,8,198.29082
1.63705,8,198.303768
0.485429,8,198.316725
-28.855081,8,198.326544
3.735675,8,198.341949
0.00294,8,198.357823
-3.463782,8,198.368401
-24.412191,8,198.376413
-20.717579,8,198.386881
-82.770782,8,198.397871
-65.604753,8,198.407845
7.804155,8,198.417021
8.805736,8,198.417021
-6.581475,8,198.440056
7.108486,8,198.449733
3.199552,8,198.463816
-74.129705,8,198.466412
-33.937572,8,198.49002
-5.175573,8,198.499738
-8.170768,8,198.508986
0.453608,8,198.518256
-43.025123,8,198.532857
-3.21693,8,198.543959
-0.239764,8,198.556848
-41.386738,8,198.569429
-39.460762,8,198.581581
-18.348825,8,198.595034
-170.55115,8,198.606797
3.652401,8,198.614797
-5.114132,8,198.628436
1.021588,8,198.641979
2.64233,8,198.65809
-40.504357,8,198.666391
-21.966169,8,198.678894
-78.26165,8,198.688891
0.401029,8,198.702722
9.996814,8,198.71181
0.580756,8,198.71643
7.550879,8,198.734934
-3.83413,8,198.742934
-21.299251,8,198.755877
-21.965996,8,198.766444
-0.534025,8,198.774718
-8.685347,8,198.784816
-19.545028,8,198.794815
-19.119778,8,198.805745
-30.89311,8,198.813745
-0.675724,8,198.825297
-5.880872,8,198.834792
1.48943,8,198.846791
-34.541069,8,198.85576
-17.578498,8,198.86276
-4.852668,8,198.874521
3.331025,8,198.887922
-16.995709,8,198.897921
-48.199054,8,198.90677
0.056809,8,198.914757
-85.190062,8,198.916499
-102.016199,8,198.939857
-86.702328,8,198.947857
-85.038121,8,198.957825
1.863821,8,198.970588
-63.803867,8,198.980602
-4.743416,8,198.9898
-43.846684,8,198.999693
-0.976876,8,199.013802
0.184158,8,199.024767
-58.121435,8,199.033798
-97.03814,8,199.042796
-26.808226,8,199.058795
2.178707,8,199.066564
-29.221278,8,199.074744
4.927045,8,199.082514
-2.154559,8,199.095766
-16.503564,8,199.105735
-10.76387,8,199.113739
1.044976,8,199.118488
-22.118622,8,199.139896
-20.308178,8,199.147893
-13.701278,8,199.162524
-15.515015,8,199.172887
-5.573586,8,199.185818
-25.694204,8,199.195818
11.577848,8,199.2047
-64.837502,8,199.21469
-82.299119,8,199.227538
-19.614268,8,199.237069
3.316852,8,199.246069
-39.051519,8,199.256291
-23.749916,8,199.266484
-77.564063,8,199.282802
1.27342,8,199.292897
-78.977585,8,199.302876
-0.952892,8,199.314973
-4.763403,8,199.324433
-77.775789,8,199.334015
-34.762833,8,199.343013
0.440407,8,199.355829
-131.616164,8,199.364825
-62.402967,8,199.366987
-14.86827,8,199.387926
-65.454782,8,199.398927
-3.925574,8,199.413877
2.488323,8,199.416553
0.981093,8,199.433848
-49.204412,8,199.546902
-23.623465,8,199.556909
1.170747,8,199.565902
1.212292,8,199.57455
-5.125681,8,199.586894
4.376479,8,199.595894
-82.140189,8,199.608875
-100.674181,8,199.616525
-24.65622,8,199.629322
-32.917478,8,199.63805
-20.654753,8,199.650774
-24.864539,8,199.659854
-22.950671,8,199.674515
5.172326,8,199.687889
-55.499,8,199.697827
-6.941511,8,199.708833
-54.231945,8,199.718439
-93.674468,8,199.736997
-105.520828,8,199.746978
-3.491978,8,199.755888
-22.217968,8,199.76856
-8.221861,8,199.76856
-18.735871,8,199.793968
-90.144914,8,199.806013
2.656405,8,199.817224
-15.009911,8,199.82467
-20.483633,8,199.841062
-10.946626,8,199.849754
-36.992456,8,199.862958
-19.516944,8,199.872658
6.431648,8,199.882798
3.619753,8,199.892929
4.484019,8,199.905856
-79.314868,8,199.914845
-74.699339,8,199.924617
-1.753044,8,199.944117
-38.4777,8,199.957809
-142.372335,8,199.966154
-85.428594,8,199.978402
-2.086313,8,199.98785
-33.821856,8,200.002829
-3.170402,8,200.011827
-53.691714,8,200.020432
-58.187501,8,200.032219
-43.844438,8,200.045847
-16.236404,8,200.06179
-28.563556,8,200.077238
-7.468268,8,200.095833
-82.613145,8,200.111828
-67.908141,8,200.124599
1.947303,8,200.140999
7.155612,8,200.154852
-142.868339,8,200.173571
-36.909824,8,200.186017
-22.374712,8,200.197016
4.304101,8,200.208789
-22.357207,8,200.225641
-100.320851,8,200.239974
-5.766524,8,200.250794
-59.581517,8,200.261797
-8.944048,8,200.28702
-31.885028,8,200.298018
0.545354,8,200.310825
-28.56048,8,200.320578
0.513052,8,200.334841
-18.963898,8,200.345841
-16.590185,8,200.355771
-92.969472,8,200.366437
-85.783262,8,200.380247
-34.644358,8,200.390994
6.186971,8,200.404751
-14.526715,8,200.414751
2.615834,8,200.433993
4.645722,8,200.444967
-23.530508,8,200.455782
-58.219577,8,200.464784
3.437235,8,200.477644
-99.882953,8,200.489017
5.58437,8,200.498017
-0.200169,8,200.510769
-83.60513,8,200.532861
0.660596,8,200.546873
-0.711831,8,200.558886
-4.876789,8,200.572513
-13.160798,8,200.587848
3.500161,8,200.605844
-58.629179,8,200.618382
-5.731738,8,200.618382
-3.247194,8,200.648052
-25.108605,8,200.658919
-144.69367,8,200.666433
-101.764929,8,200.666433
-2.571101,8,200.69309
2.920708,8,200.703362
-35.867142,8,200.713364
0.88212,8,200.72112
-13.65884,8,200.737027
4.682515,8,200.754875
-93.564894,8,200.763878
-13.380267,8,200.816784
-29.313923,8,200.842954
1.10086,8,200.852045
-12.372323,8,200.861049
-22.207968,8,200.86709
4.457882,8,200.884863
-0.832176,8,200.894861
1.564301,8,200.904767
-60.052246,8,200.913767
-2.276278,8,200.925393
-192.615787,8,200.935833
-64.719077,8,200.947832
-74.616529,8,200.957784
-7.453376,8,200.972647
-5.161444,8,200.982419
3.67741,8,200.991006
-19.615505,8,200.999013
-49.324762,8,201.009784
-61.878792,8,201.018744
-91.463946,8,201.02878
-5.063769,8,201.037831
0.672475,8,201.048831
-0.623166,8,201.058832
-1.691539,8,201.072986
-80.525062,8,201.087012
-120.00784,8,201.098012
-34.086023,8,201.107855
-0.817858,8,201.118507
-25.827442,8,201.128519
-64.124498,8,201.140996
-71.282661,8,201.149724
-33.115805,8,201.15983
-2.716623,8,201.168316
2.707245,8,201.178339
-29.534086,8,201.188866
-2.810784,8,201.201751
-19.759507,8,201.213748
3.204854,8,201.228628
-117.715572,8,201.239023
-5.523365,8,201.248025
-53.350866,8,201.257797
-40.293328,8,201.272307
-2.831832,8,201.282875
-22.036876,8,201.292021
-50.747609,8,201.301739
-1.924547,8,201.316513
2.530953,8,201.316513
-38.502319,8,201.333951
-10.827305,8,201.347964
6.760059,8,201.360832
-88.312188,8,201.370802
2.930529,8,201.378812
-3.928714,8,201.386992
-0.930587,8,201.397987
-1.244525,8,201.406829
-121.530703,8,201.41683
-19.827786,8,201.424833
-75.015545,8,201.440835
6.214347,8,201.450793
-65.517351,8,201.459789
-2.124525,8,201.466436
2.235354,8,201.486891
-193.91617,8,201.495893
3.778545,8,201.50482
-38.010653,8,201.511819
-82.291013,8,201.518666
-17.375651,8,201.534951
-40.981885,8,201.543947
-26.737788,8,201.5558
-29.774663,8,201.566501
-28.667305,8,201.576649
-18.330466,8,201.586956
-2.432384,8,201.595956
-12.970195,8,201.61273
-0.734083,8,201.62332
0.399542,8,201.633874
-112.478952,8,201.642865
-22.982505,8,201.655876
-17.011546,8,201.664875
-6.469843,8,201.67064
-10.451518,8,201.685005
2.921228,8,201.695021
-2.765472,8,201.703835
-96.390074,8,201.713835
7.751189,8,201.724422
2.571307,8,201.740011
-58.607883,8,201.75588
-29.074349,8,201.763882
-22.116303,8,201.778665
1.484504,8,201.794908
-125.340678,8,201.80282
-64.871093,8,201.810818
-1.243041,8,201.820747
-23.143689,8,201.832864
-113.170006,8,201.84086
-37.121712,8,201.848891
-3.582896,8,201.858781
-17.508294,8,201.870439
-0.165067,8,201.886053
-0.663518,8,201.896051
-24.17433,8,201.910804
-16.273972,8,201.91652
2.964593,8,201.933847
-19.165407,8,201.944865
7.149362,8,201.950644
-49.960668,8,201.968392
-7.534194,8,201.978391
-14.912725,8,201.988201
-61.493952,8,201.997201
-20.003175,8,202.008366
5.640993,8,202.018346
-18.972312,8,202.035948
-29.525414,8,202.046041
-23.124273,8,202.057907
-68.249343,8,202.067429
-61.048374,8,202.077466
-1.01547,8,202.087861
-24.711343,8,202.100878
-1.001775,8,202.108877
-1.019525,8,202.116567
-41.83493,8,202.152926
-48.046842,8,202.276366
-11.08982,8,202.286038
-27.789327,8,202.299674
4.786223,8,202.309762
-29.606813,8,202.322484
-15.992667,8,202.332252
-17.343262,8,202.341858
-74.219628,8,202.353862
-11.432873,8,202.393015
-9.903535,8,202.403814
-83.3463,8,202.413814
-75.860809,8,202.424371
-31.191372,8,202.438035
-54.003534,8,202.449035
1.718026,8,202.459842
-1.918138,8,202.478771
-36.829051,8,202.497895
-39.283386,8,202.508944
-3.153159,8,202.52063
-14.93613,8,202.530657
-36.040812,8,202.549062
-20.625346,8,202.558856
-5.057087,8,202.568587
-65.161391,8,202.579131
-19.929007,8,202.592889
3.625147,8,202.606898
-22.564388,8,202.616599
3.211649,8,202.632254
-7.412056,8,202.647066
-38.077839,8,202.657861
-20.207881,8,202.668693
2.478982,8,202.684028
-14.240685,8,202.69903
-16.204497,8,202.7089
-13.865748,8,202.716506
-35.829992,8,202.735056
-19.813522,8,202.74604
-1.81318,8,202.755875
3.162046,8,202.763875
-4.507494,8,202.774738
-1.605883,8,202.792238
-119.657429,8,202.802783
3.9744,8,202.812782
5.762737,8,202.82467
-96.713697,8,202.840902
-26.548642,8,202.851873
-13.193856,8,202.861873
8.595516,8,202.872581
-20.906927,8,202.885926
-13.500746,8,202.895927
-0.84751,8,202.905823
-103.757152,8,202.914822
-5.130361,8,202.925714
-13.242691,8,202.941203
-45.794188,8,202.953911
-51.102376,8,202.963911
-15.619807,8,202.977345
-14.333952,8,202.987028
-3.533923,8,202.996028
0.489514,8,203.0058
0.186189,8,203.016571
-77.653333,8,203.016571
-34.388563,8,203.037877
-13.909825,8,203.047877
-62.104176,8,203.059893
-59.11514,8,203.071874
3.305145,8,203.087085
6.393147,8,203.097083
-0.541505,8,203.108895
-28.621324,8,203.118781
0.233349,8,203.128815
-26.816384,8,203.139056
2.555776,8,203.152862
-80.356458,8,203.161862
-8.843175,8,203.170769
-63.70566,8,203.178799
3.672518,8,203.192864
-84.810254,8,203.204836
-50.103881,8,203.213837
-13.844117,8,203.224264
-23.739076,8,203.238256
-16.332613,8,203.245255
-88.103618,8,203.253798
-84.499215,8,203.261798
2.634942,8,203.27432
-23.029284,8,203.283877
-54.438857,8,203.293877
2.443584,8,203.306782
-0.364553,8,203.320782
-60.45895,8,203.328792
1.004292,8,203.342995
-9.30507,8,203.351804
-16.307132,8,203.363806
-0.356168,8,203.373629
-2.719344,8,203.384366
-0.592248,8,203.394377
-19.594822,8,203.406776
-35.560139,8,203.416748
-21.853972,8,203.416748
-110.679333,8,203.436915
8.944363,8,203.446911
-38.116606,8,203.455825
-9.784252,8,203.466595
-36.098114,8,203.479316
-3.234736,8,203.547883
-29.136224,8,203.557755
-117.51139,8,203.566533
-28.085125,8,203.568742
-114.272568,8,203.589803
-17.74724,8,203.598804
3.460881,8,203.608425
3.761648,8,203.617055
-108.810283,8,203.622771
-60.848293,8,203.6393
-48.183444,8,203.648314
-41.127499,8,203.662943
2.041054,8,203.676736
-4.895805,8,203.68591
-2.115395,8,203.69391
-48.159664,8,203.701891
-8.729214,8,203.712905
-7.697449,8,203.717091
-34.889391,8,203.717091
0.107381,8,203.741021
3.849383,8,203.753949
-40.633571,8,203.761949
-46.432769,8,203.770681
-121.010185,8,203.788019
-74.867187,8,203.799773
4.252516,8,203.812917
-0.841651,8,203.823509
-3.447266,8,203.837155
-0.040184,8,203.853641
-22.17065,8,203.864272
-1.29588,8,203.872349
-2.659586,8,203.883679
-96.642473,8,203.900595
1.327834,8,203.905615
-2.947523,8,203.921781
-54.309538,8,203.922278
5.564087,8,203.950638
-68.601673,8,203.961388
-16.761355,8,203.972303
3.019136,8,203.981064
-30.797279,8,203.998842
-44.515339,8,204.009802
5.447566,8,204.020803
-4.271193,8,204.030643
-44.499277,8,204.044459
-0.178361,8,204.053459
5.998361,8,204.064473
-101.470178,8,204.075473
-2.301052,8,204.093165
0.71359,8,204.100151
-56.630452,8,204.116217
-21.613473,8,204.116217
-52.214097,8,204.134139
-22.852987,8,204.148282
-14.624263,8,204.148282
-6.232696,8,204.164321
-47.384808,8,204.164321
-0.191756,8,204.180438
-32.838968,8,204.196283
-9.1115,8,204.205537
-9.562904,8,204.22177
-32.813547,8,204.227568
1.520882,8,204.243639
-34.854105,8,204.243639
0.704401,8,204.266966
-13.685478,8,204.274975
-3.420521,8,204.285009
-55.50275,8,204.294779
-5.654884,8,204.308578
-23.575358,8,204.31661
-20.879146,8,204.33007
-34.899065,8,204.340103
0.703931,8,204.35012
-48.312287,8,204.36201
-83.445715,8,204.369784
4.748396,8,204.369784
5.823057,8,204.395984
-62.996165,8,204.404939
-52.510044,8,204.411939
-20.237991,8,204.421445
-1.077857,8,204.437334
-8.36028,8,204.445361
-21.10032,8,204.456388
-105.90607,8,204.465887
4.901827,8,204.477917
-87.155076,8,204.487679
-23.455528,8,204.501442
-115.488678,8,204.509194
-3.703335,8,204.523014
-19.411874,8,204.531046
-43.521834,8,204.54108
-38.718848,8,204.544834
3.476246,8,204.560916
4.448504,8,204.574944
-14.70119,8,204.585208
-12.060641,8,204.59077
-87.58377,8,204.606801
3.156437,8,204.614831
3.171002,8,204.628234
4.447886,8,204.638268
-10.296978,8,204.642283
-108.111343,8,204.663102
-2.205897,8,204.670129
-11.042565,8,204.670129
2.0208,8,204.696788
-77.908004,8,204.705822
-70.522652,8,204.713847
-1.464335,8,204.7176
-1.15116,8,204.739982
-34.498994,8,204.752982
-1.060436,8,204.770213
-28.720329,8,204.787212
-17.320432,8,204.801665
-89.194677,8,204.813688
-4.360036,8,204.825857
-37.302792,8,204.839095
-1.540203,8,204.855095
-8.954058,8,204.873044
0.558685,8,204.890277
-66.562589,8,204.900243
-15.000417,8,204.998003
-11.663462,8,205.009966
0.619328,8,205.018893
-64.063443,8,205.035137
-12.727892,8,205.051643
-84.326304,8,205.062645
-86.074637,8,205.076674
-0.217415,8,205.08912
-35.176044,8,205.105721
-3.671914,8,205.115249
-7.249968,8,205.125287
-111.75803,8,205.137072
-0.390275,8,205.14674
5.164688,8,205.14674
6.62152,8,205.162875
-43.206781,8,205.178858
-86.186728,8,205.194548
-84.08344,8,205.194548
-68.561006,8,205.216612
1.85209,8,205.228526
-17.148876,8,205.2414
-0.480024,8,205.252052
3.522362,8,205.261809
-24.662825,8,205.27156
1.903889,8,205.27641
-24.283354,8,205.28913
1.355403,8,205.28913
-18.536122,8,205.305139
-4.637795,8,205.322902
2.821489,8,205.342242
0.37487,8,205.352233
-0.11721,8,205.36224
2.780092,8,205.375439
-11.542557,8,205.385003
-15.93033,8,205.392753
-73.420315,8,205.398502
-127.961217,8,205.414496
-56.850421,8,205.422246
-13.327384,8,205.433999
-43.356766,8,205.443751
-65.47615,8,205.445753
-6.039768,8,205.463783
-119.363928,8,205.479571
-10.132995,8,205.479571
2.066211,8,205.495697
-14.778861,8,205.509787
-3.551302,8,205.509787
-77.863422,8,205.528483
-22.902793,8,205.5413
-14.163976,8,205.546555
0.701455,8,205.561898
-16.471061,8,205.561898
-2.845729,8,205.583367
4.969038,8,205.591125
3.344414,8,205.602546
-34.443268,8,205.604556
1.75018,8,205.622569
-117.98326,8,205.631823
-43.67154,8,205.639853
1.732424,8,205.647884
-34.553235,8,205.659656
-51.841839,8,205.669693
-1.850823,8,205.679729
-2.169523,8,205.685491
-10.832501,8,205.699459
-69.334422,8,205.708385
9.412789,8,205.726168
-5.657557,8,205.737966
-19.237922,8,205.752765
-43.369819,8,205.761763
-58.570165,8,205.775783
-64.494095,8,205.784785
-142.320374,8,205.79564
0.958554,8,205.805767
-54.618342,8,205.816684
-101.686273,8,205.826548
-8.852198,8,205.839532
5.938424,8,205.849442
-20.433847,8,205.863826
-33.594449,8,205.881775
4.040158,8,205.89782
-85.092154,8,205.908821
-22.411592,8,205.921442
-1.873149,8,205.931455
-1.703486,8,205.943253
-54.205085,8,205.95273
-3.044991,8,205.96173
3.152226,8,205.972638
-5.340413,8,205.987089
-1.583722,8,205.995091
-15.913256,8,206.00367
-5.780072,8,206.017172
-99.932945,8,206.030941
2.301759,8,206.040756
-24.701567,8,206.050521
2.157714,8,206.060557
-27.342838,8,206.073683
-63.880291,8,206.084366
-4.906261,8,206.098154
-21.548406,8,206.106744
3.148969,8,206.119449
-47.342717,8,206.127257
-6.584626,8,206.127257
-19.87918,8,206.15058
-25.119611,8,206.159032
-26.10274,8,206.173082
-38.568951,8,206.182773
-20.689829,8,206.190783
1.230041,8,206.203045
-22.327564,8,206.216245
-30.32286,8,206.224271
-87.74021,8,206.277538
-16.08271,8,206.392707
-20.598208,8,206.399983
6.206913,8,206.409677
-101.979243,8,206.4246
-7.990375,8,206.440792
1.539657,8,206.451481
-4.321322,8,206.461666
-17.083339,8,206.472038
8.868245,8,206.484462
-65.676291,8,206.493742
-18.709941,8,206.503285
1.011304,8,206.512681
2.234831,8,206.528611
-41.405548,8,206.53862
-21.600012,8,206.547646
2.110972,8,206.556241
-20.105522,8,206.574596
-1.245515,8,206.584621
-123.202372,8,206.593613
-14.155513,8,206.604052
-66.178852,8,206.616762
-211.299861,8,206.629601
3.177609,8,206.639768
-1.657026,8,206.650356
-11.411358,8,206.663702
4.786888,8,206.673897
-47.06047,8,206.682408
-7.074595,8,206.692689
-39.066091,8,206.705314
1.715445,8,206.718022
-15.900992,8,206.728872
-18.107338,8,206.742794
-6.737479,8,206.755852
-59.416902,8,206.766012
-84.387655,8,206.775853
-50.192248,8,206.785557
-1.675522,8,206.796691
-1.15053,8,206.806354
4.166789,8,206.815354
-21.705858,8,206.825467
-6.286033,8,206.837106
-14.949079,8,206.846863
4.633482,8,206.860636
-24.483912,8,206.870413
2.335608,8,206.882108
-5.127311,8,206.892453
-4.413833,8,206.901779
-4.901217,8,206.911779
1.486503,8,206.924398
-28.93147,8,206.935062
-16.581813,8,206.945525
-28.796841,8,206.95814
-27.829283,8,206.970739
-27.270406,8,206.979621
3.50471,8,206.99454
-16.500162,8,207.004868
-56.525434,8,207.016715
-0.429807,8,207.026527
-6.722754,8,207.035678
5.469566,8,207.045678
-84.654657,8,207.059727
-44.522196,8,207.073567
-15.594512,8,207.08317
-200.600922,8,207.085176
-6.537322,8,207.111281
-25.290629,8,207.1243
-33.643388,8,207.141278
-42.983413,8,207.155241
10.046042,8,207.170475
-5.551262,8,207.190171
-21.83164,8,207.204399
-28.587984,8,207.220796
-21.175036,8,207.254841
-22.821165,8,207.265841
-170.694661,8,207.278493
4.622636,8,207.293565
-0.300746,8,207.313492
9.513907,8,207.329324
-12.756219,8,207.341627
-29.892193,8,207.359779
-34.960919,8,207.377001
-18.851525,8,207.390827
1.494242,8,207.408253
2.399639,8,207.419909
-43.92849,8,207.435741
-34.014878,8,207.44574
-15.313248,8,207.460577
-1.400201,8,207.474576
-31.723248,8,207.490578
-0.198554,8,207.503837
-20.570146,8,207.522421
-59.241471,8,207.538574
-1.231476,8,207.54987
-35.655978,8,207.564333
-26.549441,8,207.57829
-10.646573,8,207.591303
-78.84988,8,207.945095
-3.070563,8,207.955631
2.380259,8,207.964642
5.482004,8,207.978699
7.55562,8,207.990806
3.561084,8,207.999807
-16.873637,8,208.008416
4.803307,8,208.016347
-51.386555,8,208.031461
-64.055254,8,208.033461
-17.837204,8,208.033461
5.363518,8,208.055025
-132.589768,8,208.06742
-34.152476,8,208.075423
-16.581231,8,208.081423
-32.390502,8,208.092202
-5.945217,8,208.100221
-40.485044,8,208.114817
-16.876193,8,208.125814
2.842051,8,208.141176
-17.165434,8,208.15178
-8.931335,8,208.168683
-12.277253,8,208.178232
-17.306405,8,208.187334
3.338178,8,208.204105
-22.629597,8,208.213531
0.511982,8,208.223531
4.29233,8,208.231534
-102.36183,8,208.243532
1.788989,8,208.255427
-17.046143,8,208.264425
-3.745751,8,208.27641
-1.840255,8,208.292861
0.888215,8,208.309827
2.266115,8,208.326378
-73.57859,8,208.341104
-79.511411,8,208.368074
-25.636547,8,208.401697
-70.035683,8,208.424535
-37.863842,8,208.444398
3.140629,8,208.470291
-16.890053,8,208.484727
-9.719298,8,208.505356
-49.432613,8,208.518602
3.245015,8,208.545511
1.321829,8,208.557732
-3.797624,8,208.569829
-30.322459,8,208.585643
-0.629057,8,208.601768
9.717266,8,208.613967
-70.081178,8,208.631216
-9.372815,8,208.656688
-16.443581,8,208.679677
0.077301,8,208.6947
11.949062,8,208.709769
1.682026,8,208.7186
-41.588991,8,208.743193
-23.841202,8,208.756188
-1.414659,8,208.779771
6.000284,8,208.798178
2.944944,8,208.821554
-52.87056,8,208.834554
-63.888832,8,208.846808
4.772396,8,208.861551
6.807481,8,208.87517
1.873572,8,208.904968
-24.201028,8,208.923638
-52.384083,8,208.939962
-2.487535,8,208.961471
3.404467,8,208.978685
3.436663,8,208.996094
-10.208495,8,209.0141
-12.884067,8,209.033142
-16.892275,8,209.061072
-22.298704,8,209.074006
0.493621,8,209.086009
-35.22372,8,209.102009
-68.840983,8,209.119427
-72.852897,8,209.132797
-4.81989,8,209.147798
7.062817,8,209.171454
1.439056,8,209.186527
-12.872691,8,209.190107
-23.773935,8,209.220084
-4.311327,8,209.234328
-17.565789,8,209.24333
6.15219,8,209.25423
-2.117938,8,209.262231
-1.794346,8,209.279581
3.50529,8,209.295594
-24.582429,8,209.312963
-109.912431,8,209.336006
-0.729214,8,209.3604
6.27609,8,209.387597
-40.35978,8,209.408855
-4.340492,8,209.433048
-88.231258,8,209.464168
-12.081414,8,209.482283
1.554114,8,209.498995
-4.700705,8,209.515435
-18.208751,8,209.536197
-8.140279,8,209.566382
-1.891727,8,209.591326
1.845177,8,209.606728
2.604059,8,209.627136
-14.394696,8,209.641542
-50.31966,8,209.667405
-37.076232,8,209.682407
1.505701,8,209.708405
-2.698898,8,209.722344
-2.54315,8,209.737252
3.003391,8,209.759779
-49.008885,8,209.784126
2.385163,8,209.798125
0.363084,8,209.816147
-78.102577,8,209.819044
-25.900397,8,209.847033
-35.628688,8,209.858823
-9.574375,8,209.872149
-30.237626,8,209.888383
1.518681,8,209.91917
-56.818701,8,209.93103
-5.312681,8,209.946832
-34.422836,8,209.96197
-24.584219,8,209.98253
-18.795621,8,209.995621
-95.168088,8,210.013694
-7.458359,8,210.031298
-94.092676,8,210.049679
6.429538,8,210.066001
-72.850434,8,210.081391
-37.812311,8,210.0972
-10.279464,8,210.104001
1.218554,8,210.141609
-21.657521,8,210.154763
-33.383975,8,210.165762
-0.421619,8,210.184035
-11.306505,8,210.196038
-22.390515,8,210.20704
-38.306606,8,210.22205
-39.620214,8,210.239633
-19.906942,8,210.251243
-3.360183,8,210.267894
3.115265,8,210.279341
-38.459848,8,210.293569
4.346653,8,210.301221
-6.662537,8,210.31956
-47.703365,8,210.33405
-5.690763,8,210.349703
-35.143076,8,210.351335
0.983216,8,210.371215
-33.949357,8,210.392806
-100.065618,8,210.411478
-22.172617,8,210.428305
6.917085,8,210.44485
-4.141032,8,210.468873
-53.382282,8,210.490345
2.348994,8,210.504435
-22.154649,8,210.526369
-16.399812,8,210.542202
-39.58706,8,210.55771
-48.644877,8,210.569263
-11.140702,8,210.58108
-16.312066,8,210.596937
-0.988055,8,210.602694
-26.9168,8,210.616236
-178.52339,8,210.636225
-1.364749,8,210.647114
-3.186989,8,210.664065
-6.109703,8,210.675847
-8.973849,8,210.697875
-76.503738,8,210.711433
3.898861,8,210.717889
-110.677912,8,210.740556
-3.672644,8,210.753924
0.799995,8,210.766442
-2.473603,8,210.783093
-7.596972,8,210.795737
-51.762231,8,210.811976
-63.569626,8,210.822852
-21.613118,8,210.837549
-19.833395,8,210.854414
-25.613439,8,210.870452
-48.097234,8,210.890783
-2.471442,8,210.901234
-65.975459,8,210.926795
-87.022523,8,210.934685
-44.743735,8,210.95569
-20.47501,8,210.973767
-19.571167,8,210.984553
-21.283815,8,210.998101
-5.829842,8,211.009777
7.717019,8,211.022913
-0.830084,8,211.039006
-23.650285,8,211.050758
-16.504768,8,211.068482
-40.053269,8,211.084811
-3.38305,8,211.084811
-165.44636,8,211.101362
-73.065862,8,211.122112
3.394516,8,211.137933
6.769879,8,211.157419
-19.859509,8,211.173514
-18.389754,8,211.196371
-1.467565,8,211.215403
-0.229493,8,211.228883
-8.323953,8,211.247878
4.492829,8,211.276481
-23.663893,8,211.305948
1.822379,8,211.324649
-83.86367,8,211.338871
1.123385,8,211.351868
5.165664,8,211.372762
-17.574832,8,211.389584
-20.295907,8,211.40287
-1.224398,8,211.41912
7.115901,8,211.435117
-58.351913,8,211.448235
-7.527959,8,211.461235
-0.68341,8,211.472234
-16.43638,8,211.495197
-36.714274,8,211.513002
-97.281234,8,211.529252
-28.726456,8,211.543963
-60.565657,8,211.559977
-89.002471,8,211.572972
-20.3373,8,211.587197
-2.431219,8,211.60446
-1.352374,8,211.633229
-19.284334,8,211.644241
-105.525898,8,211.655231
-61.156959,8,211.666232
-78.944724,8,211.668351
-0.455417,8,211.700933
-14.412674,8,211.712932
-0.572394,8,211.723933
0.163433,8,211.743823
0.932452,8,211.756645
-37.033504,8,211.76753
-47.112748,8,211.777525
-0.732271,8,211.793528
-47.549376,8,211.806072
0.975432,8,211.82053
3.942829,8,211.836884
-27.007444,8,211.858886
-35.585631,8,211.878109
-0.317942,8,211.894285
-93.848637,8,211.909014
-3.154848,8,211.943924
-11.294306,8,211.969043
-127.262911,8,211.98416
-31.183081,8,211.997344
-12.949874,8,212.014334
-49.483746,8,212.028185
-89.112614,8,212.042186
-16.981137,8,212.057186
-79.240115,8,212.079848
-1.190774,8,212.094866
-25.506965,8,212.116038
-1.789659,8,212.132041
0.950943,8,212.153674
-5.245083,8,212.168634
4.143306,8,212.180638
-19.710654,8,212.197073
-2.992878,8,212.217656
-61.543003,8,212.240949
-1.025356,8,212.259162
-0.132248,8,212.275503
-91.84438,8,212.291506
-27.767861,8,212.3139
-78.409767,8,212.338366
-14.496589,8,212.35299
-25.517638,8,212.377109
-17.445192,8,212.400428
-102.556522,8,212.427194
-46.227155,8,212.449821
-108.858041,8,212.498798
1.557041,8,212.530058
2.422747,8,212.554798
5.180509,8,212.570798
-20.311525,8,212.594249
-41.140967,8,212.628696
-8.028365,8,212.642546
-47.782156,8,212.667453
-26.007793,8,212.688614
-15.071492,8,212.701615
3.51892,8,212.714247
0.866078,8,212.72774
-0.060962,8,212.746625
-127.213378,8,212.755693
-65.143322,8,212.770516
-8.484741,8,212.787231
0.662385,8,212.803238
-46.48667,8,212.814215
-18.99375,8,212.828931
-8.190222,8,212.852258
5.341438,8,212.871441
-13.174095,8,212.889554
-95.68765,8,212.909553
-38.724286,8,212.92896
-14.0458,8,212.95848
-5.971661,8,212.973732
3.950425,8,212.990126
-2.289637,8,213.006402
-9.392633,8,213.023503
3.912255,8,213.039725
-45.795426,8,213.058928
-22.408082,8,213.076658
-45.751822,8,213.1081
2.000299,8,213.144952
-40.732689,8,213.164132
-27.478299,8,213.18955
-39.777468,8,213.217187
0.87687,8,213.236132
-50.335024,8,213.255087
3.00545,8,213.272139
3.720782,8,213.28986
-94.242372,8,213.308787
-13.175412,8,213.320836
-54.247976,8,213.331837
-62.305783,8,213.349838
-17.711564,8,213.363076
-29.048411,8,213.378586
-14.943107,8,213.394379
-10.205767,8,213.413896
-8.036941,8,213.426658
-36.795474,8,213.441427
-85.540223,8,213.458652
-21.982307,8,213.481585
3.745361,8,213.499732
-19.239878,8,213.518402
-6.594994,8,213.536066
1.685819,8,213.554095
2.98444,8,213.575557
-8.216946,8,213.589469
-43.978114,8,213.603004
10.629872,8,213.623829
0.873096,8,213.637197
-1.689146,8,213.650799
-1.422858,8,213.670595
10.246662,8,213.700845
4.897039,8,213.720263
-53.357653,8,213.738472
-46.844713,8,213.751921
-22.529213,8,213.765918
-31.749204,8,213.782922
-94.713364,8,213.791537
1.597946,8,213.798871
9.734017,8,213.821757
-1.567282,8,213.830758
0.199722,8,213.844344
-1.768209,8,213.854505
-4.729213,8,213.868191
-76.266076,8,213.878206
-60.546181,8,213.889659
-1.970367,8,213.900285
-53.899009,8,213.913487
1.138742,8,213.922579
3.498326,8,213.938573
0.964289,8,213.947573
-64.376492,8,213.968733
7.318328,8,213.983727
-34.711018,8,213.992146
0.679261,8,213.999681
-32.602492,8,214.015724
-64.06182,8,214.033669
-38.08909,8,214.047966
-27.805142,8,214.060531
5.267191,8,214.084284
-30.953794,8,214.099898
-3.68248,8,214.11977
-86.96171,8,214.131772
5.197564,8,214.150412
-46.524401,8,214.167106
-39.441155,8,214.191086
-30.629888,8,214.210927
-2.205354,8,214.229585
-14.600293,8,214.244863
-8.913306,8,214.258645
-3.475251,8,214.272569
-23.967679,8,214.288735
-45.987374,8,214.305555
-25.721796,8,214.318066
2.09175,8,214.33586
-0.994858,8,214.351412
0.872687,8,214.361747
-10.734348,8,214.373792
-1.035971,8,214.384887
0.345629,8,214.404539
2.752891,8,214.416559
-2.03667,8,214.427748
-4.24238,8,214.440018
-22.486049,8,214.454013
-0.264308,8,214.464327
3.466203,8,214.476984
-23.541066,8,214.49312
2.231701,8,214.506432
-55.769617,8,214.515435
0.127214,8,214.53068
-47.366612,8,214.541409
-14.562057,8,214.551633
-21.952062,8,214.565169
-112.324528,8,214.574729
-38.183733,8,214.582759
-4.017545,8,214.594523
-144.479376,8,214.604185
-66.807627,8,214.61597
-184.456996,8,214.626002
0.886555,8,214.651533
-109.545399,8,214.66533
1.290657,8,214.679006
-2.454133,8,214.694816
1.219875,8,214.710449
-38.36938,8,214.725844
-10.468407,8,214.731865
-84.173706,8,214.753394
-15.828734,8,214.761319
-3.900867,8,214.779512
-46.466546,8,214.796861
-29.579456,8,214.812839
-12.995345,8,214.83169
-2.297896,8,214.837545
-146.675705,8,214.853454
-57.729812,8,214.867224
-2.779368,8,214.890241
-58.678586,8,214.901239
-0.430353,8,214.904338
-58.881723,8,214.928949
-50.127667,8,214.947356
-55.453051,8,214.961389
3.984833,8,214.975391
-18.683853,8,214.987179
-2.187643,8,215.007154
-13.653884,8,215.024974
-5.939952,8,215.037642
-5.642059,8,215.047411
3.133676,8,215.061765
-27.578154,8,215.072808
-7.546616,8,215.086924
-55.830013,8,215.096683
-18.928449,8,215.108013
1.971704,8,215.118051
-73.615656,8,215.129831
-35.316667,8,215.13987
-11.106385,8,215.153301
-259.315064,8,215.173669
-51.05241,8,215.193275
-18.77652,8,215.202343
-45.186449,8,215.224204
-10.566302,8,215.236496
-2.717183,8,215.257543
9.391349,8,215.275616
6.133547,8,215.29256
-22.550393,8,215.308479
-3.355964,8,215.324693
-17.666403,8,215.339135
-23.268358,8,215.352132
-22.468332,8,215.362128
-4.90062,8,215.369198
-77.714886,8,215.385231
-1.839238,8,215.399272
-27.381549,8,215.417077
3.803612,8,215.417077
2.286808,8,215.432825
-69.14442,8,215.452132
-93.714532,8,215.462889
2.698814,8,215.474385
-29.852413,8,215.480399
-50.557558,8,215.498207
-1.9115,8,215.507966
-114.044277,8,215.52592
-16.823582,8,215.533513
-22.546279,8,215.541823
-12.810908,8,215.557633
-17.429465,8,215.573679
3.521602,8,215.573679
-82.172447,8,215.593998
2.871776,8,215.606861
0.955964,8,215.606861
-4.628592,8,215.620829
5.003189,8,215.638475
7.971454,8,215.649134
-22.01765,8,215.654159
-58.905161,8,215.67191
-32.887496,8,215.683975
-3.611145,8,215.686827
-6.547165,8,215.705604
-28.393559,8,215.713354
-10.79858,8,215.728859
-22.50983,8,215.740366
-17.477427,8,215.750828
6.487393,8,215.763012
0.553316,8,215.895863
-128.536537,8,215.904875
-71.239697,8,215.916476
-16.962596,8,215.931094
-18.348782,8,215.946867
5.873985,8,215.956381
-2.084619,8,215.972684
4.390863,8,215.981683
-14.241821,8,215.992681
-1.585098,8,216.002466
2.285571,8,216.011504
-87.693676,8,216.021144
3.097908,8,216.033145
-25.342125,8,216.042856
-114.237143,8,216.052287
-67.896694,8,216.06128
0.348085,8,216.083265
1.634064,8,216.09337
-20.44499,8,216.101943
0.294278,8,216.101943
-54.418503,8,216.121354
-20.359605,8,216.131107
-6.799291,8,216.140706
-54.605976,8,216.150381
-2.777722,8,216.16238
0.257282,8,216.172995
2.966336,8,216.184915
-34.08889,8,216.193916
8.371423,8,216.209003
-2.507619,8,216.219236
-24.856036,8,216.229234
-38.966607,8,216.239387
4.404025,8,216.251885
-15.614985,8,216.26175
3.121828,8,216.271532
3.794735,8,216.287996
3.161499,8,216.304305
-20.701794,8,216.312987
-7.622243,8,216.312987
0.397581,8,216.335446
-2.20998,8,216.347461
-140.554783,8,216.362976
9.120981,8,216.37556
-0.229845,8,216.383171
-24.97524,8,216.406909
-159.333066,8,216.418905
1.5091,8,216.429905
-45.196974,8,216.439913
-32.745085,8,216.453248
-93.538877,8,216.463543
2.563912,8,216.474944
2.76338,8,216.48576
-0.51375,8,216.498866
-2.271966,8,216.517125
-83.061367,8,216.528747
-16.330036,8,216.539715
-53.089891,8,216.554509
5.204997,8,216.564538
-19.800599,8,216.574503
-6.108828,8,216.584841
-68.927309,8,216.598685
-6.880565,8,216.610742
-2.635432,8,216.625188
-7.708354,8,216.635329
-19.212578,8,216.647328
-9.563927,8,216.657361
1.474882,8,216.671176
-13.214521,8,216.680958
-45.863103,8,216.691674
0.209073,8,216.700925
-16.672726,8,216.710937
-86.234026,8,216.718697
-14.280896,8,216.736143
-17.364992,8,216.743894
-30.642273,8,216.753386
-76.267992,8,216.763399
-129.807803,8,216.775035
-18.309587,8,216.784789
-79.730168,8,216.796512
-13.72719,8,216.810336
-1.295597,8,216.822033
-5.921605,8,216.822033
-25.176314,8,216.837791
-19.128097,8,216.853474
-23.649723,8,216.866372
6.641001,8,216.876162
-16.158529,8,216.887288
-35.164216,8,216.891302
-17.349103,8,216.900853
-58.49602,8,216.920577
-18.143103,8,216.931093
6.094224,8,216.933785
-9.550036,8,216.964408
-78.323832,8,216.973004
-19.563413,8,216.986305
-43.332507,8,216.993957
-1.036081,8,217.006303
5.127256,8,217.022584
-61.380898,8,217.031927
1.251534,8,217.03954
-22.698352,8,217.055888
-2.34736,8,217.07154
-150.121447,8,217.084194
-1.01886,8,217.099191
-21.413395,8,217.116494
5.789398,8,217.128638
2.19435,8,217.185449
-13.406002,8,217.197454
-11.83671,8,217.211452
-18.124507,8,217.224084
-76.551065,8,217.235401
-17.691439,8,217.247559
-18.169853,8,217.266351
-27.942371,8,217.269353
1.910718,8,217.294919
4.2192,8,217.307549
-9.573629,8,217.32774
3.498295,8,217.342171
1.207588,8,217.354877
4.400348,8,217.371659
-23.646798,8,217.389179
-151.840045,8,217.409519
-13.277552,8,217.424494
8.918508,8,217.435212
-19.907648,8,217.451825
-16.172186,8,217.465209
-6.908739,8,217.477564
3.808295,8,217.490549
7.531236,8,217.508878
-34.882338,8,217.523587
9.909347,8,217.541332
-22.999964,8,217.552778
3.297595,8,217.56957
-58.744777,8,217.58021
0.120622,8,217.592331
-11.858802,8,217.60445
-43.60247,8,217.618569
-89.464806,8,217.629105
-18.188561,8,217.642827
6.021887,8,217.652863
-73.961932,8,217.669419
-17.007406,8,217.685206
-64.171076,8,217.688294
-7.869447,8,217.708849
-16.168157,8,217.722575
1.315547,8,217.733099
-17.052603,8,217.740062
-23.354899,8,217.751857
-7.927818,8,217.775017
-49.823245,8,217.785122
-28.858856,8,217.795163
-31.714123,8,217.806587
-15.867494,8,217.819629
-24.556306,8,217.836234
-15.363472,8,217.843441
-171.499413,8,217.857556
-8.537937,8,217.872561
-3.861507,8,217.882054
-23.832445,8,217.885638
-24.991962,8,217.900845
-67.853235,8,217.904316
-21.221255,8,217.918968
3.516157,8,217.918968
7.195717,8,217.935634
-4.584722,8,217.952339
-7.475424,8,217.967527
1.462287,8,217.974074
-64.901305,8,217.995373
-6.527432,8,218.009458
-15.63141,8,218.019036
-29.456452,8,218.028342
-65.084961,8,218.041336
-24.522475,8,218.061257
-141.514671,8,218.076137
-41.204524,8,218.093168
-78.164135,8,218.114121
6.262489,8,218.134261
-15.228208,8,218.158611
-36.649735,8,218.233382
10.217379,8,218.256002
-16.95934,8,218.284304
-10.97829,8,218.299783
-99.774751,8,218.320869
-6.22437,8,218.344789
4.925054,8,218.371134
3.554587,8,218.389328
-90.934046,8,218.44022
-16.26366,8,218.465905
6.584477,8,218.493172
2.087819,8,218.518546
-3.900478,8,218.547509
-15.634803,8,218.579382
4.24024,8,218.605082
0.52438,8,218.623116
-0.57153,8,218.642631
-18.258212,8,218.660819
-63.977098,8,218.69003
-38.884375,8,218.710295
-89.333345,8,218.728113
-16.335839,8,218.747175
-6.363554,8,218.77155
1.646648,8,218.790662
-121.90165,8,218.814212
0.814612,8,218.844743
1.65615,8,218.866581
-139.740256,8,218.883645
5.037219,8,218.902672
3.200194,8,218.923508
-21.894924,8,218.942147
-19.028284,8,218.956571
-39.864023,8,218.96952
-20.537773,8,218.985186
-2.321287,8,219.006465
-0.955862,8,219.022588
-14.329137,8,219.040862
-16.303157,8,219.053208
2.382,8,219.073364
2.830057,8,219.086191
-1.097584,8,219.099919
-8.561025,8,219.116212
-22.032469,8,219.135236
2.996203,8,219.152839
-12.470927,8,219.16649
-24.688566,8,219.181604
3.489203,8,219.201865
-21.535206,8,219.213864
-15.99705,8,219.225554
-14.072104,8,219.239223
-16.919608,8,219.269795
2.193751,8,219.289789
0.613938,8,219.304448
-29.811547,8,219.325301
2.659022,8,219.341831
-3.327491,8,219.356162
0.252329,8,219.376684
-18.680855,8,219.389685
2.792076,8,219.40887
-97.854192,8,219.42187
-19.068055,8,219.435131
-19.784541,8,219.44858
-135.43011,8,219.465456
-33.972165,8,219.490748
4.228321,8,219.504902
-18.615307,8,219.521676
1.157124,8,219.543478
-1.47489,8,219.555738
-1.13273,8,219.571776
-7.701054,8,219.584836
6.250662,8,219.612276
5.048162,8,219.634056
-13.555018,8,219.659044
2.380336,8,219.673638
-0.609903,8,219.77161
-20.491017,8,219.819644
-4.407194,8,219.837252
-23.607567,8,219.853874
0.644862,8,219.875991
1.915113,8,219.922765
2.579395,8,219.953933
-5.633051,8,219.968853
6.666324,8,219.997396
1.856351,8,220.018046
-33.142161,8,220.03734
-14.373736,8,220.054913
-69.392463,8,220.074693
-21.117386,8,220.092576
-10.258628,8,220.118684
-109.694553,8,220.134245
-6.431585,8,220.150985
-1.809999,8,220.163342
-9.304889,8,220.176326
-38.753896,8,220.188273
-23.185139,8,220.206645
-0.226412,8,220.227384
1.529289,8,220.240961
3.333235,8,220.256523
-44.223068,8,220.273564
-41.406146,8,220.287264
0.37075,8,220.304008
2.912033,8,220.317281
1.774846,8,220.337033
-8.74528,8,220.350908
-1.098325,8,220.36295
-33.076823,8,220.369604
-22.408708,8,220.393134
0.075601,8,220.400786
-34.556585,8,220.417622
-24.002521,8,220.417622
-21.511097,8,220.434229
-11.468939,8,220.456058
0.313693,8,220.471622
-18.2924,8,220.49025
-36.167013,8,220.512947
-137.337424,8,220.528209
-48.14515,8,220.536122
-3.328696,8,220.558841
-6.722692,8,220.585354
-17.356184,8,220.596365
-18.619611,8,220.608084
2.845272,8,220.62139
-63.648195,8,220.634228
-21.757341,8,220.644283
-8.502688,8,220.654709
-38.657657,8,220.667429
-0.481606,8,220.684243
-21.463368,8,220.704612
3.812237,8,220.712646
-7.569424,8,220.723203
-36.008516,8,220.739305
-10.017837,8,220.753181
-11.316541,8,220.76466
-1.675416,8,220.77721
-94.776544,8,220.7929
-95.17504,8,220.810791
-13.026354,8,220.824993
-26.44772,8,220.84123
3.044013,8,220.861623
-1.951912,8,220.872681
1.928763,8,220.885078
-26.928328,8,220.89648
-2.890247,8,220.910567
-128.779194,8,220.936536
5.492621,8,220.986353
-0.493082,8,221.007602
4.815825,8,221.022942
-127.866038,8,221.040568
5.032118,8,221.05424
-15.628238,8,221.06616
2.149451,8,221.090868
-33.839474,8,221.107898
-20.632101,8,221.124639
-3.046501,8,221.140261
4.460271,8,221.161929
6.343512,8,221.176672
-4.395029,8,221.189336
-169.018409,8,221.203933
-177.834215,8,221.223561
-54.137659,8,221.241364
-8.44705,8,221.272699
0.608179,8,221.31005
-12.717155,8,221.344059
-26.78841,8,221.405956
-104.093189,8,221.447046
-0.773211,8,221.501107
-11.79975,8,221.553946
-35.948994,8,221.570566
-75.576852,8,221.591394
-2.453487,8,221.614978
-6.070438,8,221.634776
-21.758637,8,221.650975
-3.247014,8,221.670296
0.563839,8,221.693278
-2.264306,8,221.735174
-14.266982,8,221.786381
-42.251902,8,221.923293
-120.120888,8,221.961895
-0.685309,8,221.983176
-16.302103,8,222.000057
-19.053916,8,222.015166
-108.871427,8,222.039474
-0.867105,8,222.066089
-31.443204,8,222.083134
-25.342814,8,222.099135
-4.265559,8,222.11513
7.490392,8,222.144445
-8.079439,8,222.168443
-0.85228,8,222.223108
-82.915483,8,222.264646
-25.437213,8,222.293598
0.573899,8,222.326312
0.816026,8,222.386685
3.457224,8,222.412687
-19.240744,8,222.438686
-17.361132,8,222.468681
-30.671305,8,222.513591
-33.619009,8,222.562529
3.613061,8,222.645667
-9.085406,8,222.671817
-59.253073,8,222.70537
-0.184639,8,222.747257
-33.585103,8,222.824625
4.558453,8,222.843924
-9.702694,8,222.876929
1.591455,8,222.898733
-30.019692,8,222.932515
3.736829,8,222.973038
-60.398205,8,223.014164
-18.74174,8,223.042545
-23.92071,8,223.072524
-128.603115,8,223.112949
-5.280618,8,223.152468
4.58467,8,223.180046
-23.620667,8,223.218125
-6.569367,8,223.234123
-88.768306,8,223.254122
-69.47696,8,223.271124
-92.663906,8,223.29223
-30.606334,8,223.31093
-3.66934,8,223.333246
-22.363165,8,223.35439
-1.064684,8,223.379466
-49.159943,8,223.39474
-54.625607,8,223.414736
-18.814703,8,223.452497
-4.183149,8,223.478493
-1.368497,8,223.49849
-45.576903,8,223.505493
5.095906,8,223.529219
-2.088067,8,223.548651
-25.284759,8,223.569642
3.131108,8,223.586644
-8.027575,8,223.603669
1.727321,8,223.625978
-19.37438,8,223.643043
-20.104971,8,223.659597
-30.251866,8,223.681649
-11.574738,8,223.706187
0.226497,8,223.721008
-33.196618,8,223.733528
2.836924,8,223.746573
-16.367155,8,223.765126
-76.918147,8,223.782476
-14.969999,8,223.803197
-55.192322,8,223.821253
-63.365321,8,223.846741
-11.67814,8,223.867843
-57.942791,8,223.88335
-2.867538,8,223.90659
-17.301852,8,223.937756
1.478518,8,223.955122
3.002388,8,223.977512
-25.01407,8,223.994983
-136.760949,8,224.032316
-1.16292,8,224.05213
-17.228463,8,224.0722
-8.360238,8,224.089976
-1.551717,8,224.114581
-7.641648,8,224.129445
-4.7889,8,224.145077
-18.704932,8,224.159605
-76.235401,8,224.177685
-2.848499,8,224.201994
-69.745084,8,224.215551
-77.27893,8,224.235557
-1.786236,8,224.253143
-1.076,8,224.267766
-1.252504,8,224.28196
-2.775279,8,224.29446
-31.882424,8,224.31711
-8.948557,8,224.337491
-19.936584,8,224.352101
-128.921342,8,224.363622
5.577693,8,224.380835
1.600947,8,224.405116
-17.950779,8,224.421739
-171.46092,8,224.436923
-0.623677,8,224.474274
-45.916382,8,224.493034
-15.288522,8,224.506765
-60.014543,8,224.521314
-14.033037,8,224.547048
-6.789125,8,224.566221
-1.800149,8,224.581286
-4.132179,8,224.597045
-78.890682,8,224.621963
-11.401752,8,224.638704
-72.350116,8,224.665095
-3.414506,8,224.694029
-126.445086,8,224.758604
-193.742013,8,224.774807
-55.279615,8,224.788654
-6.933092,8,224.805028
1.233681,8,224.827595
-20.221513,8,224.84365
5.513771,8,224.858394
-89.720046,8,224.878798
2.971908,8,224.905111
-30.725744,8,224.920738
4.374594,8,224.945076
-105.43536,8,224.988506
3.06921,8,225.01054
-18.266723,8,225.041178
-18.24909,8,225.062221
-8.733063,8,225.079112
-34.992811,8,225.114615
-71.879066,8,225.132436
-57.315212,8,225.158607
-2.872441,8,225.192467
-90.315333,8,225.377953
1.970183,8,225.417581
-2.965105,8,225.435394
-32.658687,8,225.459417
-88.84467,8,225.489673
3.44363,8,225.50652
-15.572556,8,225.523546
-115.568612,8,225.548733
-31.953834,8,225.574765
-5.281086,8,225.603089
6.101056,8,225.618683
-41.558818,8,225.637564
-94.090516,8,225.66284
2.709437,8,225.683312
-43.583111,8,225.704599
1.898981,8,225.727628
-86.437407,8,225.748537
-3.239564,8,225.760584
-86.101546,8,225.776432
-29.792587,8,225.792708
-5.412464,8,225.815277
-150.560004,8,225.830411
-80.120219,8,225.848775
6.492935,8,225.863569
5.213543,8,225.892921
0.881831,8,225.907716
-89.260056,8,225.924899
-47.05783,8,225.938184
-0.091336,8,225.959426
-17.151126,8,225.972858
-29.355388,8,225.984528
0.604858,8,225.995482
-2.890713,8,226.020072
-14.104134,8,226.047634
-2.642202,8,226.061745
-3.314346,8,226.074967
-1.644912,8,226.095426
-15.566881,8,226.112732
-31.021895,8,226.12936
-111.961619,8,226.145072
-7.249726,8,226.169774
-10.105161,8,226.1823
-19.340625,8,226.194823
4.363649,8,226.208598
-30.07407,8,226.229166
-1.008281,8,226.248562
0.187927,8,226.266802
-7.622192,8,226.285363
-47.512241,8,226.312702
-13.45288,8,226.32933
-26.12957,8,226.347571
-57.978218,8,226.363491
-1.078675,8,226.386128
-12.746502,8,226.410918
-172.038448,8,226.439433
-54.834245,8,226.459828
-21.298902,8,226.476939
-61.100074,8,226.494795
-68.329901,8,226.509726
-119.213692,8,226.524797
-0.124154,8,226.544345
6.443044,8,226.55836
-7.404097,8,226.573282
-67.81156,8,226.586587
-22.690118,8,226.609234
-7.000112,8,226.625537
-7.320973,8,226.637802
4.257748,8,226.649336
4.631629,8,226.664105
-14.395609,8,226.67649
-20.757479,8,226.687106
-11.481494,8,226.699166
-40.011533,8,226.713299
-31.979113,8,226.729099
3.15595,8,226.740501
-4.109354,8,226.75258
0.731207,8,226.769789
-28.728876,8,226.779468
0.810197,8,226.796373
-8.405747,8,226.806332
0.009719,8,226.823477
-20.98952,8,226.838431
-6.245221,8,226.850127
4.972772,8,226.863273
-2.060272,8,226.88461
-46.896691,8,226.936301
4.306856,8,226.96224
6.237529,8,226.97979
-1.669622,8,227.018901
2.415611,8,227.038395
-17.317978,8,227.069486
-19.22694,8,227.088175
-15.01447,8,227.112652
1.195608,8,227.133561
-19.610196,8,227.154271
-12.540597,8,227.177835
-107.563706,8,227.200062
2.424095,8,227.219494
-8.784385,8,227.23495
-4.914939,8,227.252437
4.460421,8,227.272781
0.429149,8,227.294826
-7.772299,8,227.311689
-27.746401,8,227.336993
2.962031,8,227.356716
-1.020825,8,227.380799
-60.092024,8,227.426556
-19.941848,8,227.456636
-3.187777,8,227.49021
0.772866,8,227.519815
-22.71051,8,227.556145
2.260112,8,227.576375
-24.658876,8,227.593687
-10.024465,8,227.611763
-37.94588,8,227.627833
-12.313775,8,227.656898
-19.450031,8,227.674571
-11.419403,8,227.691687
-25.859512,8,227.706788
-37.856543,8,227.722422
1.201699,8,227.744414
-13.668844,8,227.769304
5.848817,8,227.785101
-42.378478,8,227.799155
2.842323,8,227.820907
-3.222747,8,227.836151
-16.083183,8,227.85631
-40.211713,8,227.880478
-4.034823,8,227.909852
-24.233506,8,227.924874
-42.047732,8,227.942656
-17.728002,8,227.959778
-24.409145,8,227.99535
-13.840824,8,228.016251
-42.392799,8,228.040961
-6.382786,8,228.067938
1.649114,8,228.096651
2.668961,8,228.126416
-160.141359,8,228.144022
-0.0956,8,228.190071
-20.595247,8,228.230491
1.358939,8,228.252315
-7.230181,8,228.273998
-2.540823,8,228.29643
2.289827,8,228.347653
-20.977742,8,228.384819
-87.401764,8,228.403847
-29.954922,8,228.422493
-0.005696,8,228.442299
-52.473713,8,228.471805
-216.566786,8,228.49251
-3.849224,8,228.534423
-0.102293,8,228.590276
4.192236,8,228.614324
-45.455002,8,228.638098
-24.62694,8,228.656286
-3.9148,8,228.70659
-52.711232,8,228.726557
4.691939,8,228.754291
2.958994,8,228.776561
-25.182076,8,228.813322
-4.858109,8,228.835551
-43.587719,8,228.856353
-13.805393,8,228.876336
-7.796244,8,228.901677
-26.948059,8,228.934672
-6.733129,8,228.953123
-56.626946,8,228.972766
-34.908562,8,228.990124
-5.116935,8,229.006412
-8.877181,8,229.021946
-38.515064,8,229.041771
2.035345,8,229.060663
-43.017876,8,229.079675
-4.839841,8,229.092201
-44.603497,8,229.104354
-37.520072,8,229.11964
-14.611079,8,229.131154
-110.072333,8,229.148194
3.343545,8,229.164297
-116.491921,8,229.178926
-29.522408,8,229.190048
-11.929885,8,229.203241
-23.148036,8,229.213804
-4.885144,8,229.229339
-42.116935,8,229.242763
3.145449,8,229.253282
3.573923,8,229.263812
-122.858599,8,229.283491
-118.898241,8,229.295019
-89.830871,8,229.31073
-128.584686,8,229.323517
-9.783236,8,229.337114
-33.636974,8,229.347655
-1.559941,8,229.358285
4.163032,8,229.37061
-34.147984,8,229.388891
-101.706583,8,229.401161
-17.737267,8,229.412679
1.444584,8,229.423836
-13.080752,8,229.438294
-12.337188,8,229.448696
4.850671,8,229.459909
-11.183461,8,229.474926
-1.053405,8,229.489365
-25.320471,8,229.505004
2.845942,8,229.514607
-72.411931,8,229.527241
5.911994,8,229.541344
-10.392835,8,229.553194
0.318939,8,229.563794
-1.748039,8,229.576397
1.162719,8,229.590217
-0.732289,8,229.602069
2.834793,8,229.612585
-2.172387,8,229.626558
1.823552,8,229.642078
-48.394462,8,229.651702
-34.953261,8,229.661229
-12.32461,8,229.671069
-37.351804,8,229.682838
-5.796199,8,229.693281
-7.621257,8,229.704388
-44.748682,8,229.718865
1.954787,8,229.732436
-40.139593,8,229.743398
-44.617151,8,229.753211
-2.412463,8,229.764734
1.739323,8,229.785442
-23.134594,8,229.794964
-19.860978,8,229.805874
-52.156556,8,229.813449
6.546938,8,229.831327
2.066371,8,229.84185
1.406962,8,229.853146
-55.591835,8,229.863528
-71.635111,8,229.876552
-105.923401,8,229.887121
-54.487054,8,229.896644
-33.872289,8,229.908444
-4.128142,8,229.924839
0.257606,8,229.942024
-21.429945,8,229.952195
-21.854576,8,229.964523
6.3659,8,229.980997
-43.600928,8,229.994504
2.766949,8,230.0062
-21.745518,8,230.017582
-25.771211,8,230.0311
-40.842444,8,230.044681
-7.477926,8,230.056396
-8.872683,8,230.066569
-4.457256,8,230.080257
-3.626542,8,230.09839
3.615285,8,230.110293
-101.57551,8,230.119227
-17.657537,8,230.134461
-10.461032,8,230.144813
-5.289882,8,230.160513
-69.04269,8,230.172281
-56.479338,8,230.185953
5.412708,8,230.196268
-39.043181,8,230.206766
-33.829633,8,230.219554
4.603943,8,230.236442
-30.665042,8,230.256456
0.654085,8,230.267889
2.180685,8,230.279352
0.923942,8,230.298338
-6.031472,8,230.311762
-33.307714,8,230.323807
3.966381,8,230.335333
7.528832,8,230.350215
-34.696298,8,230.361725
-4.205556,8,230.377275
-2.702567,8,230.38909
-0.415594,8,230.403649
-15.158143,8,230.41743
2.371851,8,230.431961
-32.511834,8,230.446364
6.129117,8,230.462354
2.072668,8,230.47852
1.442764,8,230.493132
-0.019997,8,230.502151
-26.324048,8,230.522334
2.805101,8,230.540194
-85.982909,8,230.552994
2.761167,8,230.569652
-5.361523,8,230.588826
2.634731,8,230.606864
-27.883251,8,230.626569
-40.939708,8,230.646577
4.513311,8,230.664591
1.974165,8,230.678641
-2.314955,8,230.693
-7.10977,8,230.710944
-0.392573,8,230.728664
5.735778,8,230.743686
-48.531358,8,230.757715
-119.489863,8,230.77424
-21.115457,8,230.792737
-0.328956,8,230.806764
-82.378428,8,230.824299
-57.541502,8,230.843848
-20.80247,8,230.862712
-14.202216,8,230.877762
-52.226553,8,230.893165
-86.44141,8,230.906945
-20.714015,8,230.923517
10.207542,8,230.941565
-21.367662,8,230.955087
-27.390717,8,230.969879
-16.936828,8,230.986919
-51.297861,8,231.000465
-23.288332,8,231.013995
-66.697695,8,231.029329
4.547757,8,231.048538
-15.754416,8,231.06016
-0.75346,8,231.072643
-15.271139,8,231.085196
1.336017,8,231.10217
-7.856973,8,231.112721
-21.5622,8,231.122501
-15.50363,8,231.132008
-14.061645,8,231.145311
-9.451284,8,231.159764
2.649867,8,231.170288
-40.878508,8,231.17881
-64.814906,8,231.196875
7.464397,8,231.208718
-30.892061,8,231.219239
3.440641,8,231.229763
-69.501815,8,231.244286
-5.627336,8,231.25483
-111.595148,8,231.266853
-38.126929,8,231.276383
-5.61906,8,231.288909
3.555093,8,231.300435
-10.394472,8,231.311956
-23.419172,8,231.322817
-16.642327,8,231.340975
0.881921,8,231.351243
-66.654776,8,231.361753
2.26054,8,231.376352
4.305806,8,231.390149
-47.511099,8,231.39768
-15.968003,8,231.408692
3.894588,8,231.419208
-5.191256,8,231.432724
-14.99004,8,231.44424
0.953492,8,231.454754
-54.800286,8,231.465274
-61.430357,8,231.478296
-16.747376,8,231.496579
-14.746167,8,231.508097
4.507007,8,231.518619
-25.26476,8,231.53214
4.061397,8,231.541658
0.459256,8,231.551246
-45.907545,8,231.561806
-25.391125,8,231.575335
-2.713698,8,231.586152
-29.766761,8,231.596704
-119.672144,8,231.610155
-60.875795,8,231.624754
-2.902581,8,231.641249
-73.982784,8,231.65087
-20.516458,8,231.661563
1.634695,8,231.675184
-1.070695,8,231.686286
1.104485,8,231.696388
-42.88992,8,231.707085
-165.789404,8,231.723943
3.66187,8,231.73355
-24.460136,8,231.743162
-14.625719,8,231.753112
-32.714958,8,231.766137
-2.344851,8,231.774902
2.165163,8,231.790946
-41.924126,8,231.804459
-19.564335,8,231.819899
6.215631,8,231.836587
-33.353061,8,231.848257
-57.638264,8,231.86042
-13.30989,8,231.876322
-23.783213,8,231.889154
-23.798315,8,231.900144
-20.292468,8,231.907363
-101.402231,8,231.926342
-13.943232,8,231.940928
-2.29112,8,231.956789
-30.33035,8,231.968505
4.610394,8,231.978349
2.089884,8,231.992993
-35.259301,8,232.003514
-8.18993,8,232.013527
5.068566,8,232.026369
-22.400627,8,232.038237
-49.592569,8,232.046236
-11.855458,8,232.058676
-29.330705,8,232.072203
-193.866954,8,232.081726
2.50411,8,232.091787
-11.030408,8,232.106804
-19.45053,8,232.120845
-76.663044,8,232.130366
-40.245001,8,232.140117
-44.043107,8,232.150281
4.98057,8,232.163863
-12.344887,8,232.178683
9.875,8,232.188978
1.283327,8,232.197492
-5.080748,8,232.210003
-99.081106,8,232.219826
-1.59181,8,232.230349
-15.108872,8,232.244864
-36.700645,8,232.257906
-37.815082,8,232.267848
-17.348554,8,232.2814
-49.562657,8,232.292116
3.053058,8,232.306615
2.752505,8,232.315175
-25.700166,8,232.32493
-56.61641,8,232.334651
-1.574318,8,232.347898
-5.896823,8,232.358094
-42.897951,8,232.367707
-23.125688,8,232.378758
-82.942825,8,232.398987
3.694348,8,232.409564
-54.713397,8,232.419853
-18.483108,8,232.432089
-25.028454,8,232.444396
-16.510991,8,232.454086
-31.537287,8,232.463696
-109.012748,8,232.474825
-13.062258,8,232.489228
-19.856181,8,232.502748
2.839959,8,232.513074
5.712151,8,232.52298
1.491505,8,232.542107
1.295742,8,232.552174
-0.597566,8,232.5617
-22.315759,8,232.57188
-68.389675,8,232.583505
-26.035121,8,232.593026
-10.968591,8,232.602195
0.386479,8,232.616603
-24.416947,8,232.629534
-18.585712,8,232.639372
-73.389176,8,232.650059
-77.160669,8,232.658767
-17.654318,8,232.673285
-21.463975,8,232.690336
-3.280478,8,232.702098
-16.882507,8,232.71211
-53.467941,8,232.729422
-173.952208,8,232.739102
0.607428,8,232.75128
-34.979408,8,232.756658
-12.721414,8,232.777351
-1.273285,8,232.787045
-6.032484,8,232.795059
-14.966432,8,232.805228
6.432108,8,232.817945
-2.566591,8,232.831472
-102.565247,8,232.84663
-30.243008,8,232.85666
-0.463254,8,232.871189
-4.302442,8,232.88073
-13.820144,8,232.89124
-2.867086,8,232.901767
6.316314,8,232.914793
-12.505745,8,232.928416
-37.331209,8,232.946612
-17.860279,8,232.960628
0.421114,8,232.978676
-25.87031,8,232.991194
2.366904,8,233.011758
-3.578657,8,233.027802
-43.842723,8,233.045336
-71.207766,8,233.062755
-41.692691,8,233.077433
-0.17067,8,233.094967
-49.84778,8,233.111325
-92.957962,8,233.123893
4.216002,8,233.135516
-5.28549,8,233.148551
-9.818936,8,233.171932
-29.531437,8,233.186455
-72.898075,8,233.205503
-56.358442,8,233.220896
2.703788,8,233.238093
2.403428,8,233.247616
-3.301586,8,233.259248
-21.861165,8,233.277243
-23.782041,8,233.294918
-57.713825,8,233.310325
-1.827244,8,233.324887
-0.112194,8,233.337125
1.894501,8,233.352256
-95.014236,8,233.363802
-114.38557,8,233.375364
-78.394096,8,233.395006
-17.934763,8,233.410563
-38.889215,8,233.421875
1.130233,8,233.431389
-19.230309,8,233.443075
7.788252,8,233.457111
7.938723,8,233.46662
4.178156,8,233.480183
0.396581,8,233.584569
8.676702,8,233.702923
-183.578581,8,233.714097
-2.552116,8,233.729532
-3.519181,8,233.746697
-30.343568,8,233.756447
-34.032836,8,233.774209
-23.871546,8,233.784778
1.760759,8,233.79546
-21.815615,8,233.811211
-7.219536,8,233.821733
-118.266012,8,233.836264
-80.302163,8,233.846295
-32.893302,8,233.858755
-122.477727,8,233.86683
-18.857467,8,233.877383
1.463246,8,233.888014
-44.190286,8,233.905551
-64.335346,8,233.91658
3.411575,8,233.926494
1.855692,8,233.937019
-3.448306,8,233.95529
-4.633359,8,233.9648
-55.951708,8,233.975317
-8.205561,8,233.984839
2.489084,8,233.997864
-97.264347,8,234.008403
-18.476569,8,234.016433
-3.673498,8,234.026302
-68.227515,8,234.043821
4.525102,8,234.057933
2.166478,8,234.070657
-92.733641,8,234.081159
0.710546,8,234.09724
6.400557,8,234.108737
-35.760475,8,234.118958
-81.146554,8,234.128473
3.420123,8,234.142001
-48.859021,8,234.151207
-22.587163,8,234.164717
-11.281295,8,234.174939
-5.602373,8,234.188971
1.080633,8,234.204492
0.174385,8,234.215516
-7.645587,8,234.226457
-89.672983,8,234.244004
-20.018321,8,234.338291
-10.854045,8,234.364042
-19.615446,8,234.376455
0.042276,8,234.391981
-56.198013,8,234.404492
-84.714429,8,234.418906
-51.407485,8,234.428421
-102.721343,8,234.442172
-3.153877,8,234.456221
-38.727311,8,234.466323
-7.005736,8,234.478245
4.324191,8,234.491074
3.251356,8,234.501588
-14.661759,8,234.512621
-162.095738,8,234.522857
-5.989579,8,234.541893
-8.443763,8,234.552462
3.476034,8,234.563007
-41.101464,8,234.574896
-4.475406,8,234.587071
-5.15762,8,234.597589
-27.239038,8,234.611639
2.951348,8,234.62195
0.230696,8,234.639022
-43.461122,8,234.648592
-19.866386,8,234.66108
-17.520493,8,234.672518
-41.690853,8,234.68476
1.405697,8,234.696272
-3.483032,8,234.706321
-64.274952,8,234.716419
-89.258366,8,234.730392
-23.907301,8,234.743238
-45.712479,8,234.759774
-2.701528,8,234.771371
-16.224667,8,234.784607
-95.029693,8,234.795114
-18.289179,8,234.806716
-55.645167,8,234.816845
-16.310388,8,234.831435
-46.005375,8,234.843199
-16.529392,8,234.853729
-16.390609,8,234.866755
-10.83207,8,234.88114
2.129319,8,234.893163
-0.589861,8,234.904305
-104.911966,8,234.920456
-61.429647,8,234.988841
0.567301,8,234.996354
-26.217576,8,235.005366
-12.872932,8,235.013409
-4.464801,8,235.027414
-4.055875,8,235.037204
-13.669854,8,235.046711
-3.969639,8,235.056577
2.482647,8,235.068797
-9.269829,8,235.08135
5.796653,8,235.087322
-6.674757,8,235.106814
-126.351172,8,235.121816
-30.752427,8,235.133336
-13.867057,8,235.144863
-10.128569,8,235.157799
-90.030959,8,235.171962
-23.407048,8,235.181491
-14.304154,8,235.195177
-33.243688,8,235.206336
-30.201774,8,235.218927
-88.753132,8,235.228444
-26.179373,8,235.23822
-204.4535,8,235.248759
-13.965851,8,235.266767
3.33759,8,235.277304
4.416926,8,235.286161
-56.64264,8,235.295179
-82.731353,8,235.310906
-141.97764,8,235.321884
-29.803775,8,235.332411
-30.925694,8,235.347601
-68.730578,8,235.363411
-48.327856,8,235.37494
-56.891836,8,235.385557
-72.407189,8,235.395076
3.512654,8,235.422811
-21.060931,8,235.437843
-30.164323,8,235.447366
-39.537258,8,235.458898
-4.115968,8,235.477454
-79.680643,8,235.491984
-6.290329,8,235.506302
-7.411886,8,235.521964
-22.041131,8,235.541646
-5.081274,8,235.554329
3.331939,8,235.564858
-16.869247,8,235.57848
-1.275943,8,235.597174
-77.143142,8,235.613373
-4.181874,8,235.630461
5.675817,8,235.644142
0.115237,8,235.659825
-103.129737,8,235.673943
-52.87589,8,235.687067
1.992857,8,235.697603
-7.21175,8,235.716645
-25.231503,8,235.736191
1.292508,8,235.751294
-20.48362,8,235.761801
3.224845,8,235.777832
-2.000213,8,235.794177
1.417435,8,235.806816
1.194979,8,235.818931
-46.985409,8,235.83146
-1.476515,8,235.841144
4.384986,8,235.85678
-4.047087,8,235.864794
-16.275404,8,235.88057
-73.25297,8,235.888862
-40.595315,8,235.903322
0.818346,8,235.913406
-25.281688,8,235.927032
3.318424,8,235.938726
2.734907,8,235.955257
-24.101826,8,235.967971
-63.563602,8,235.981675
-20.50336,8,235.993279
-7.013048,8,236.003798
-68.203148,8,236.013838
1.553594,8,236.026355
-0.386107,8,236.036175
-0.756295,8,236.045191
3.270977,8,236.053839
2.418531,8,236.070867
-7.601625,8,236.081398
3.174429,8,236.094147
-105.820124,8,236.105312
1.651635,8,236.119977
4.199011,8,236.129499
-25.199537,8,236.140178
4.154699,8,236.151702
2.659669,8,236.16693
-19.888955,8,236.179465
-38.711835,8,236.188982
-112.185409,8,236.198496
-136.635048,8,236.213602
2.295793,8,236.224776
-67.471576,8,236.234689
1.057216,8,236.247757
-34.975023,8,236.260797
-54.87724,8,236.269323
-104.922878,8,236.278848
-74.122112,8,236.29136
4.706153,8,236.3074
-4.032119,8,236.316884
-76.4138,8,236.327448
6.457244,8,236.338176
-37.100537,8,236.349706
-69.635682,8,236.361388
-1.210886,8,236.371922
-48.371623,8,236.387157
-5.364236,8,236.40268
-0.442233,8,236.413719
-74.310596,8,236.420758
-24.43771,8,236.434635
-10.187377,8,236.447663
-111.238632,8,236.457352
-11.411473,8,236.468853
-17.184795,8,236.479383
-15.049047,8,236.493123
0.07605,8,236.507151
-80.282067,8,236.516678
-6.228811,8,236.527427
0.562505,8,236.54495
12.716775,8,236.555472
-43.100571,8,236.564982
-53.619076,8,236.575491
-3.344333,8,236.587521
-10.601113,8,236.598042
7.095761,8,236.611568
5.261228,8,236.62298
-23.134442,8,236.634582
0.901126,8,236.64509
-1.220543,8,236.656201
-37.534099,8,236.665204
-34.034175,8,236.682903
-31.583099,8,236.694334
-99.825682,8,236.705324
2.183801,8,236.713363
-6.41995,8,236.729397
-31.436365,8,236.74117
11.300375,8,236.751694
-4.661804,8,236.761202
-72.945061,8,236.776229
-8.915618,8,236.791229
-21.703032,8,236.803263
-21.379182,8,236.813693
-3.314557,8,236.828618
8.828265,8,236.851283
3.488194,8,236.862823
4.125837,8,236.87436
-4.628105,8,236.888175
-7.270294,8,236.897697
-3.631695,8,236.908219
-2.001779,8,236.918895
-89.551461,8,236.932398
1.177053,8,236.942908
-157.589093,8,236.958769
-18.213556,8,236.969971
3.421733,8,236.982514
-1.6729,8,236.996731
-3.223027,8,237.008835
0.856316,8,237.02045
-8.852248,8,237.034611
-12.75475,8,237.044298
-49.452393,8,237.05891
-16.91421,8,237.068539
1.998721,8,237.0813
-4.564805,8,237.091363
-4.826196,8,237.101978
-9.078216,8,237.112366
6.962391,8,237.125023
-24.70704,8,237.136296
2.372097,8,237.149816
-43.844974,8,237.160812
-87.422882,8,237.179843
-17.022877,8,237.191377
-14.827151,8,237.202902
-4.993147,8,237.214941
-5.147077,8,237.230232
-0.69506,8,237.241147
-18.798123,8,237.251668
-15.535261,8,237.261197
-38.609374,8,237.279244
-25.195314,8,237.290128
-3.033939,8,237.305572
-13.785698,8,237.313611
5.39414,8,237.329583
-54.388488,8,237.340123
-55.288455,8,237.350634
1.841316,8,237.361165
-20.930943,8,237.374919
-45.063132,8,237.385601
-123.809271,8,237.401643
-13.967074,8,237.412167
9.537593,8,237.425228
-21.093524,8,237.436306
-21.362186,8,237.446321
-52.371482,8,237.460785
-67.215908,8,237.476318
-21.864266,8,237.486336
-67.516491,8,237.496191
-13.340924,8,237.510756
-1.979909,8,237.523777
-65.103071,8,237.536291
-22.634779,8,237.546356
1.602916,8,237.557927
-8.083212,8,237.571992
-7.251416,8,237.581539
1.646443,8,237.592099
-15.986774,8,237.607451
-15.933245,8,237.623284
1.331704,8,237.632803
-35.394125,8,237.642317
-19.289667,8,237.64984
-93.079249,8,237.66766
-3.808416,8,237.678183
-78.949773,8,237.687802
-12.513128,8,237.697325
-48.797941,8,237.710855
6.437153,8,237.724957
-15.796572,8,237.736205
-7.819331,8,237.746722
-2.132183,8,237.760584
-78.271853,8,237.77402
0.781036,8,237.784542
-33.480691,8,237.795068
-45.496662,8,237.814056
-44.027717,8,237.8295
2.962644,8,237.844121
-14.441911,8,237.860255
-20.749904,8,237.87702
-0.972308,8,237.891562
-20.974781,8,237.905366
1.253096,8,237.919929
-25.979424,8,237.944972
-17.98695,8,237.957873
-23.593513,8,237.969398
-2.494018,8,237.980917
-65.885401,8,237.997962
-4.299507,8,238.010884
-68.900293,8,238.022964
2.028769,8,238.030913
-1.520862,8,238.053843
1.551698,8,238.066367
-1.200242,8,238.077491
-1.565425,8,238.091002
-16.744296,8,238.107033
-66.228472,8,238.126494
-15.621997,8,238.142246
4.042951,8,238.161287
-114.738025,8,238.177319
-9.913434,8,238.189202
-17.871095,8,238.198722
1.487495,8,238.210244
-22.20919,8,238.225092
-19.15088,8,238.236129
-21.732009,8,238.247689
-25.655609,8,238.26221
-63.08983,8,238.277585
-7.450357,8,238.290478
-45.118722,8,238.30543
-72.169699,8,238.314445
-56.947788,8,238.327516
-89.716534,8,238.339224
7.570973,8,238.348741
-19.244761,8,238.357844
-13.322947,8,238.37494
-0.626408,8,238.385607
-0.259738,8,238.396119
-45.473836,8,238.406147
-48.55982,8,238.418174
-26.711639,8,238.427703
-3.898446,8,238.442249
-32.508851,8,238.450782
4.94579,8,238.465302
-63.653541,8,238.477347
-18.060287,8,238.492857
2.684475,8,238.504583
-19.567841,8,238.516948
-15.653718,8,238.527511
-135.020828,8,238.539216
3.458785,8,238.548737
4.005768,8,238.55636
2.895418,8,238.574583
-36.418886,8,238.591644
5.698396,8,238.603332
0.210452,8,238.616161
-0.833621,8,238.62792
-2.107709,8,238.638518
0.823786,8,238.649252
-2.849824,8,238.663083
-45.763624,8,238.673685
-51.920575,8,238.684307
-56.239874,8,238.697325
4.51652,8,238.711801
4.545364,8,238.722037
-18.784054,8,238.732567
-1.855281,8,238.747739
-39.178847,8,238.761254
-44.347058,8,238.774029
-13.455519,8,238.784557
-0.292691,8,238.794063
2.646881,8,238.811028
0.949544,8,238.821962
2.189882,8,238.831485
-104.887355,8,238.842223
5.474934,8,238.855326
-24.486957,8,238.864846
-56.235769,8,238.878555
4.814603,8,238.893105
-54.469646,8,238.907134
-33.052259,8,238.920996
-96.556408,8,238.931523
-2.1659,8,238.943211
-34.482211,8,238.957083
6.46685,8,238.966606
-126.827558,8,238.977132
0.435234,8,238.988207
5.0726,8,239.000381
-9.011206,8,239.010946
2.934935,8,239.022804
-81.469347,8,239.036316
5.492317,8,239.053342
-48.011896,8,239.063859
0.317225,8,239.073399
-47.648108,8,239.084701
5.147725,8,239.098804
1.354961,8,239.109575
7.606448,8,239.119174
-29.048911,8,239.129706
1.192385,8,239.146286
-43.523197,8,239.157542
1.902282,8,239.167264
-105.300306,8,239.177952
-5.355162,8,239.19805
-14.643725,8,239.209202
-78.264568,8,239.220051
-15.52471,8,239.230573
-4.018687,8,239.248615
-21.008562,8,239.260878
-46.976071,8,239.273403
1.683369,8,239.284749
6.080456,8,239.299049
-21.515917,8,239.310533
0.522436,8,239.32165
-3.175331,8,239.331145
5.88842,8,239.346284
-5.455084,8,239.36743
-2.394554,8,239.378939
-10.709569,8,239.390471
-3.434047,8,239.405416
-16.952496,8,239.418533
-8.777044,8,239.42705
-13.685175,8,239.437163
-6.310053,8,239.450276
-4.745105,8,239.458853
6.285978,8,239.471626
-28.981558,8,239.481195
-1.220554,8,239.494727
-0.652604,8,239.508789
-17.481357,8,239.517828
-46.530156,8,239.528417
-8.562116,8,239.543529
-51.966878,8,239.554513
-82.477508,8,239.565058
-72.740348,8,239.576585
2.391079,8,239.594124
-1.436331,8,239.606516
-19.924827,8,239.614059
-20.501717,8,239.626526
8.903747,8,239.643079
-26.815909,8,239.657484
-2.339057,8,239.676406
-2.094338,8,239.690984
-55.702167,8,239.705526
-12.1743,8,239.714568
-24.136758,8,239.724948
-78.882396,8,239.737175
-33.098392,8,239.74995
-3.982493,8,239.760571
4.565888,8,239.77036
-44.600768,8,239.779978
0.700443,8,239.798296
1.914932,8,239.808914
-121.053203,8,239.822987
-69.111816,8,239.83151
-30.269934,8,239.844317
-21.327213,8,239.853349
-73.646398,8,239.862859
-10.471801,8,239.875479
4.297611,8,239.888261
-49.227614,8,239.897782
-54.44298,8,239.910299
-37.013345,8,239.919326
-3.674443,8,239.932828
-23.414389,8,239.94436
2.582432,8,239.954468
-31.301052,8,239.968023
-10.099398,8,239.979537
-27.432538,8,239.989249
-78.65342,8,239.997777
-55.050292,8,240.007286
-5.867511,8,240.023313
-186.470602,8,240.031825
-4.044656,8,240.042353
-28.458825,8,240.053322
-91.546667,8,240.066318
-2.007852,8,240.077852
-2.388426,8,240.088413
2.116483,8,240.10281
-11.090984,8,240.116353
-1.741781,8,240.129882
-17.393315,8,240.140296
-28.024057,8,240.147815
-1.959294,8,240.162432
-77.265551,8,240.173018
-13.049156,8,240.182542
-14.40061,8,240.195075
-14.199608,8,240.214113
-78.231434,8,240.22651
10.70884,8,240.244155
-3.071067,8,240.256876
-104.898816,8,240.275009
-52.25189,8,240.286538
2.9787,8,240.300592
-65.014372,8,240.311104
-65.135203,8,240.325006
-0.501378,8,240.338208
1.009511,8,240.356836
-3.301983,8,240.370085
-14.800437,8,240.522045
-3.426656,8,240.53722
-32.429202,8,240.553755
-49.294883,8,240.569807
-14.204189,8,240.591853
7.21955,8,240.602356
0.479513,8,240.612874
-53.116156,8,240.62505
-9.38556,8,240.639093
-17.923121,8,240.651408
-112.421829,8,240.660934
-18.514666,8,240.670989
-27.377722,8,240.684711
-134.481934,8,240.698215
-35.359475,8,240.7089
-1.504422,8,240.719051
-2.947432,8,240.731635
-61.025584,8,240.74868
-17.469289,8,240.761201
-1.342072,8,240.774001
-25.186933,8,240.787808
-28.657695,8,240.802324
-20.353256,8,240.812838
3.312831,8,240.824447
-67.655628,8,240.839187
4.383851,8,240.849709
-56.935288,8,240.859919
-0.649915,8,240.87101
-230.217678,8,240.884733
-3.903804,8,240.897355
-33.317442,8,240.908864
-12.617863,8,240.923059
-61.607388,8,240.936243
-51.066517,8,240.946764
-131.924028,8,240.958261
-20.024029,8,240.968101
2.130616,8,240.981631
-0.62424,8,240.994298
-47.692584,8,241.006216
-81.197054,8,241.016294
-4.28134,8,241.030534
3.280556,8,241.047768
-118.741062,8,241.064899
6.069538,8,241.077929
-119.329419,8,241.091464
-17.193719,8,241.103361
-2.899562,8,241.114389
-2.365734,8,241.125106
-86.790693,8,241.139251
-13.17146,8,241.15488
6.53471,8,241.165399
4.896585,8,241.176306
-17.388616,8,241.190843
-109.423414,8,241.201363
-126.040537,8,241.217864
-24.536372,8,241.228389
2.06536,8,241.241918
-1.810814,8,241.252358
-6.680391,8,241.262867
-9.708401,8,241.278167
-27.220802,8,241.292337
2.688507,8,241.304362
-23.04169,8,241.318019
-8.45148,8,241.332557
-33.636424,8,241.348767
-20.352443,8,241.361999
-5.6029,8,241.374394
-1.176798,8,241.394453
-0.01777,8,241.409215
-12.287367,8,241.420227
3.334827,8,241.431754
1.083704,8,241.443269
-149.420857,8,241.458985
7.479967,8,241.471504
-4.690129,8,241.481001
-105.329846,8,241.491519
-3.531641,8,241.511264
3.203877,8,241.523045
-12.405386,8,241.53471
-12.004127,8,241.550756
-121.266482,8,241.564296
-35.07106,8,241.575103
-95.020164,8,241.586239
-2.175085,8,241.596258
2.898401,8,241.614305
-35.101113,8,241.625329
-119.691899,8,241.636297
2.070025,8,241.646603
-1.103705,8,241.663531
-50.55846,8,241.676621
-14.184135,8,241.689505
-15.511843,8,241.700652
-11.274165,8,241.728574
-17.208757,8,241.740034
-19.261173,8,241.760895
-0.642971,8,241.776514
-123.284323,8,241.79648
-9.429396,8,241.813262
0.888807,8,241.828362
1.564164,8,241.846183
-21.559811,8,241.862627
-86.31962,8,241.874074
-78.661929,8,241.886289
-90.461871,8,241.896813
-17.95551,8,241.916254
-34.294659,8,241.927787
4.761537,8,241.940305
-17.567711,8,241.952874
-61.599895,8,241.970033
-0.464155,8,241.980433
-110.26326,8,241.986482
0.91213,8,242.010037
9.62924,8,242.025012
-1.750555,8,242.038473
-17.205566,8,242.050473
-81.634495,8,242.062423
-77.746864,8,242.080521
-22.167602,8,242.096414
2.081478,8,242.113633
-1.800782,8,242.129333
-42.527358,8,242.144847
-0.500485,8,242.160894
-61.17555,8,242.180374
1.047523,8,242.192908
-28.917838,8,242.21042
1.833491,8,242.221924
0.900201,8,242.233236
-4.086834,8,242.248123
0.00585,8,242.26617
-16.905498,8,242.282088
0.115236,8,242.297765
-20.282744,8,242.309339
-4.784478,8,242.324103
-88.761872,8,242.334644
0.507303,8,242.346704
-120.927516,8,242.358191
-0.007625,8,242.372089
-2.791076,8,242.382603
-2.524242,8,242.393238
-56.538625,8,242.408255
-38.936679,8,242.4214
-33.312749,8,242.430907
-18.915835,8,242.444347
-72.202228,8,242.455413
-2.23535,8,242.470076
-93.399002,8,242.480597
3.780365,8,242.492119
5.915812,8,242.50246
-28.681792,8,242.519511
-49.895288,8,242.531036
-7.024164,8,242.542265
-3.317051,8,242.553782
-62.985797,8,242.566801
-15.165389,8,242.576898
-1.221026,8,242.592272
0.530892,8,242.6008
-67.985576,8,242.619448
1.138159,8,242.628966
3.082853,8,242.647983
-50.776094,8,242.658947
4.643846,8,242.676979
-59.615795,8,242.692519
3.96386,8,242.707539
-2.430478,8,242.722062
-20.212598,8,242.741283
-36.237669,8,242.758908
3.530484,8,242.775103
0.695944,8,242.796381
1.42689,8,242.814907
-35.139945,8,242.827031
-20.426415,8,242.843289
1.253878,8,242.863947
-12.533661,8,242.884683
1.916092,8,242.897728
3.468381,8,242.913304
-5.35852,8,242.929253
-10.847727,8,242.949152
2.846568,8,242.962468
-55.618348,8,242.98016
-17.307588,8,242.999333
-61.69966,8,243.01387
-160.44261,8,243.026913
-64.82723,8,243.042463
-105.621964,8,243.055413
-152.085223,8,243.068134
0.760229,8,243.079664
-2.103973,8,243.095185
-20.53835,8,243.105419
4.003312,8,243.120663
-26.239493,8,243.132222
4.006261,8,243.144261
-4.552561,8,243.156401
-3.45712,8,243.177633
-18.81628,8,243.191152
-17.536692,8,243.206181
-101.28706,8,243.21722
-0.026677,8,243.23175
-7.050672,8,243.24228
-3.232322,8,243.2554
-22.326123,8,243.269091
-27.901597,8,243.284768
-2.699611,8,243.295292
-106.229287,8,243.31295
-34.302609,8,243.329519
-11.627684,8,243.348801
0.70676,8,243.359448
-67.601414,8,243.370974
-2.007205,8,243.383481
3.884785,8,243.401831
-30.461573,8,243.413354
5.644361,8,243.43067
-3.518869,8,243.444354
4.638128,8,243.458982
-33.245499,8,243.470511
-48.569036,8,243.481038
-77.537729,8,243.492276
-2.886931,8,243.506903
-1.702991,8,243.522091
-14.745844,8,243.539286
-53.557632,8,243.55147
-9.943789,8,243.56499
2.169601,8,243.577608
-69.69101,8,243.591213
-17.297191,8,243.600562
-99.240809,8,243.614067
-45.640857,8,243.626473
7.533656,8,243.636994
-5.037553,8,243.652491
-0.470262,8,243.665007
0.938743,8,243.679062
-37.483499,8,243.690601
2.831757,8,243.700445
-42.782285,8,243.713953
-33.896783,8,243.72611
-22.569834,8,243.737155
-8.16579,8,243.75068
-1.155824,8,243.764232
-35.36473,8,243.77511
-6.432623,8,243.784655
-11.708655,8,243.795207
-19.277756,8,243.809308
4.764995,8,243.820222
-1.144586,8,243.834846
-0.045194,8,243.846368
1.853211,8,243.863918
-57.240784,8,243.874634
-77.63829,8,243.884729
-9.363493,8,243.895241
-7.124968,8,243.909279
-68.651014,8,243.920163
-59.770726,8,243.930674
-23.917395,8,243.944541
3.785395,8,243.95892
6.980579,8,243.97543
-5.415439,8,243.992249
-53.710782,8,244.005404
-7.333989,8,244.019103
4.324775,8,244.02963
-38.358843,8,244.039278
-5.777285,8,244.049678
-251.519687,8,244.06491
-3.034801,8,244.082548
-15.119042,8,244.093267
-2.447133,8,244.103487
-16.787836,8,244.115527
-61.559534,8,244.128619
-10.417964,8,244.141058
-80.503757,8,244.157015
-122.767877,8,244.171591
2.391854,8,244.182139
-10.592068,8,244.19921
-3.993211,8,244.210772
-15.798515,8,244.224563
-73.855655,8,244.235177
-58.057634,8,244.244854
5.047068,8,244.256457
-0.648351,8,244.268078
-11.464252,8,244.278873
-15.986772,8,244.288293
-14.301534,8,244.308195
0.083891,8,244.322208
-28.129116,8,244.332797
-40.661728,8,244.344451
1.531665,8,244.355419
-81.387214,8,244.369084
0.336714,8,244.379611
-6.187285,8,244.388243
-22.391997,8,244.397776
-60.333158,8,244.415254
-16.15391,8,244.424024
1.492145,8,244.431533
-2.231168,8,244.443303
-98.608126,8,244.460037
0.901187,8,244.472559
5.574552,8,244.482073
-19.842057,8,244.49461
-42.494613,8,244.506902
-37.276567,8,244.51953
-39.61255,8,244.529062
-5.428487,8,244.540578
-39.97996,8,244.554105
5.168169,8,244.564627
-17.46952,8,244.575143
2.250898,8,244.584668
-3.068334,8,244.604706
-3.396838,8,244.614228
-28.023212,8,244.62876
-54.334506,8,244.639292
-133.605568,8,244.652996
1.347079,8,244.663518
-76.750355,8,244.673325
4.108747,8,244.68481
-77.445775,8,244.696831
-3.407932,8,244.706362
-1.07864,8,244.713375
-80.378929,8,244.725425
-15.831883,8,244.743467
6.1264,8,244.759494
-99.398411,8,244.772139
-74.399777,8,244.781672
-12.464283,8,244.7952
-4.315108,8,244.806206
-1.9233,8,244.815227
-72.423055,8,244.823132
-0.971312,8,244.836392
-6.745405,8,244.849924
5.089071,8,244.85957
-102.01892,8,244.871092
-4.163596,8,244.88261
-3.137771,8,244.89746
-6.373618,8,244.908976
-49.919851,8,244.919098
0.737779,8,244.933609
-0.009294,8,244.94622
-12.326596,8,244.962928
2.389624,8,244.974175
-159.985043,8,244.990223
-3.145545,8,245.002744
-41.48877,8,245.012327
-25.500687,8,245.025072
2.989353,8,245.040283
-56.147027,8,245.052437
-25.581412,8,245.078001
5.801953,8,245.091527
-66.473394,8,245.107564
2.860349,8,245.120147
-13.222745,8,245.134672
1.948411,8,245.149718
-14.639904,8,245.166191
-86.427954,8,245.184787
-213.348175,8,245.197885
8.246339,8,245.206187
1.390303,8,245.229666
3.768335,8,245.242182
-3.201867,8,245.257991
-0.231863,8,245.26952
-95.651786,8,245.293586
-40.305045,8,245.308626
-26.518816,8,245.324183
-92.077036,8,245.338354
-0.485181,8,245.359002
-31.80315,8,245.373089
2.827267,8,245.387133
-32.999531,8,245.40366
-0.540961,8,245.421774
7.269034,8,245.436297
-122.207476,8,245.452487
-125.181994,8,245.477678
-15.886012,8,245.497736
-16.945296,8,245.516264
-3.141992,8,245.528656
-11.719582,8,245.542465
-46.227981,8,245.558025
-65.672926,8,245.570161
-30.00142,8,245.581722
4.563587,8,245.593263
-25.834883,8,245.609071
1.478777,8,245.62408
-108.472539,8,245.637285
-7.28676,8,245.651595
5.135846,8,245.666612
-45.248926,8,245.678149
0.470622,8,245.689381
-177.846028,8,245.698901
-10.948101,8,245.711432
1.476855,8,245.722909
-3.954117,8,245.73837
-97.361543,8,245.750433
-21.800699,8,245.761993
-36.940389,8,245.77414
4.81111,8,245.784656
-48.323163,8,245.795213
2.693131,8,245.813251
-42.701789,8,245.824827
2.320294,8,245.834877
-10.042473,8,245.845394
8.243974,8,245.863998
-4.00791,8,245.874252
-147.019634,8,245.884771
-19.039262,8,245.895292
-2.196196,8,245.909313
-63.155915,8,245.91916
-59.544656,8,245.929681
-23.249277,8,245.94021
-2.78594,8,245.957941
-62.354963,8,245.972637
-2.299905,8,245.983192
0.636085,8,245.989351
3.561933,8,246.010191
-14.618399,8,246.020811
-3.203643,8,246.030324
-30.216414,8,246.041279
-1.03345,8,246.054298
3.366896,8,246.064809
-17.699249,8,246.077667
-17.38976,8,246.086322
-15.22414,8,246.099886
4.681294,8,246.114613
0.368182,8,246.126668
-42.663583,8,246.137357
-17.192175,8,246.153455
-6.545585,8,246.163947
-15.318409,8,246.175474
0.77477,8,246.190275
-18.582388,8,246.206939
-10.247627,8,246.216463
-26.625046,8,246.227998
-56.32155,8,246.239318
-48.183113,8,246.254788
0.428721,8,246.269434
4.727067,8,246.278959
2.773978,8,246.292482
-22.722872,8,246.308978
-96.275833,8,246.317498
-99.089139,8,246.328014
-14.074922,8,246.338385
-1.3458,8,246.352484
-46.661497,8,246.362995
-74.510401,8,246.373076
0.608604,8,246.383605
0.245169,8,246.40191
-13.476952,8,246.411431
-119.850461,8,246.424165
-60.603902,8,246.433679
0.799812,8,246.446974
-5.689247,8,246.455483
-3.658845,8,246.464995
-41.144505,8,246.476406
4.309514,8,246.489444
8.119022,8,246.49797
-49.039087,8,246.513612
-5.318897,8,246.525171
3.789925,8,246.539486
1.756138,8,246.548997
2.05384,8,246.564
0.023209,8,246.577722
-6.338186,8,246.590395
-24.534056,8,246.600928
-1.314552,8,246.611439
-112.902322,8,246.624198
-10.769796,8,246.638091
-13.684878,8,246.648601
5.977109,8,246.658263
-109.258193,8,246.666783
2.558169,8,246.680309
-7.191256,8,246.690817
-33.130281,8,246.700927
1.36877,8,246.717574
0.553304,8,246.740553
1.004301,8,246.752525
-22.138544,8,246.76304
-5.291694,8,246.776624
-138.201452,8,246.796242
-2.132032,8,246.808055
2.007695,8,246.818584
-20.269483,8,246.829138
-6.200107,8,246.848211
-23.826378,8,246.860435
-5.081492,8,246.873136
-4.611888,8,246.888369
-14.939443,8,246.902885
-0.981163,8,246.91441
-32.150292,8,246.92632
-0.511219,8,246.937289
-27.799464,8,246.9545
-80.767169,8,246.964023
-86.909817,8,246.976628
2.496557,8,246.987306
-7.584638,8,247.000833
4.392971,8,247.011357
-1.440245,8,247.020522
-19.323184,8,247.030053
-6.290675,8,247.048701
-22.075356,8,247.06151
-20.872108,8,247.075034
-3.536519,8,247.086572
-63.61628,8,247.099675
-19.148306,8,247.111304
-0.121768,8,247.120737
-63.101999,8,247.130437
2.907258,8,247.144957
-34.770183,8,247.154791
-27.001003,8,247.169644
10.152051,8,247.180403
-5.160432,8,247.199005
0.26379,8,247.210525
3.737308,8,247.220596
6.099036,8,247.231105
-35.779789,8,247.343305
-43.41542,8,247.351936
7.162789,8,247.361463
-18.991033,8,247.373166
-36.056734,8,247.388294
-5.356551,8,247.397809
-11.318443,8,247.409338
-3.716614,8,247.419479
-9.106479,8,247.432002
-4.365461,8,247.447011
4.90772,8,247.457694
-7.491927,8,247.467215
-1.494844,8,247.480784
5.364698,8,247.494318
-47.246042,8,247.50637
3.911135,8,247.515918
-68.489107,8,247.529688
-12.782096,8,247.544307
-11.170228,8,247.558335
-11.312204,8,247.571194
5.656983,8,247.588333
7.118181,8,247.617362
4.670765,8,247.629931
3.675261,8,247.643446
3.565493,8,247.658893
-41.981382,8,247.671154
4.501367,8,247.68227
2.466226,8,247.69883
2.526965,8,247.714683
-27.82069,8,247.731729
-13.856836,8,247.744238
-0.892296,8,247.755497
-5.921787,8,247.770598
-14.030081,8,247.782115
-18.97335,8,247.798209
-73.4551,8,247.812848
5.411606,8,247.834892
-1.634477,8,247.852566
-23.01891,8,247.864476
-23.16218,8,247.881744
-42.189703,8,247.901531
-55.752716,8,247.913041
1.199108,8,247.925227
-44.098557,8,247.939436
-15.155291,8,247.955133
-10.550064,8,247.964658
-91.552027,8,247.980808
0.436291,8,247.992422
-18.849382,8,248.007076
-15.953558,8,248.017801
-15.535737,8,248.028316
6.295113,8,248.038843
-69.583147,8,248.057101
-165.430648,8,248.067361
-14.994661,8,248.078928
-8.957765,8,248.089451
-71.832675,8,248.103974
10.979029,8,248.111383
-115.231053,8,248.12516
-17.501847,8,248.141539
-3.673207,8,248.159087
-8.069618,8,248.170676
4.854522,8,248.181295
5.909133,8,248.191977
-0.50464,8,248.206099
-6.855341,8,248.218167
8.809897,8,248.230698
-73.764407,8,248.241328
-79.018998,8,248.255549
5.524536,8,248.269233
-3.170123,8,248.280761
-65.303717,8,248.29917
-26.309571,8,248.314004
2.835925,8,248.324284
0.459711,8,248.332807
-20.707811,8,248.343411
-53.073531,8,248.356994
-52.970728,8,248.371151
-12.463748,8,248.38261
-16.867084,8,248.393432
5.921495,8,248.408016
-3.097618,8,248.418698
-8.812537,8,248.430222
-37.788498,8,248.440753
6.840711,8,248.457789
-42.176294,8,248.467302
-45.443561,8,248.478861
3.58579,8,248.494683
-28.638975,8,248.509729
-42.943912,8,248.520823
0.923846,8,248.531369
5.88067,8,248.542362
2.60391,8,248.628712
-3.687507,8,248.640559
-21.671794,8,248.648632
-20.088235,8,248.659041
-43.989915,8,248.676197
0.960576,8,248.686431
-16.90914,8,248.696954
-1.543989,8,248.707485
4.644985,8,248.724006
-4.28278,8,248.736413
-47.152049,8,248.747951
-8.498848,8,248.758059
-78.44975,8,248.773189
-10.996303,8,248.78391
-1.514643,8,248.794495
4.987782,8,248.804486
4.270438,8,248.817707
5.210572,8,248.830227
-8.710762,8,248.843376
-33.453876,8,248.853532
-7.493807,8,248.864722
-74.177568,8,248.874244
-39.092959,8,248.886371
-4.94036,8,248.897914
-35.892131,8,248.910446
-41.865006,8,248.921178
-101.500976,8,248.930703
-16.571778,8,248.943511
1.388309,8,248.957995
-36.634355,8,248.97159
-71.264156,8,248.981158
-8.165348,8,248.994048
-4.962326,8,249.008368
-15.508026,8,249.018341
-20.326382,8,249.028162
-20.373772,8,249.039374
-15.354494,8,249.05704
-19.99221,8,249.065042
-2.619513,8,249.076263
-25.049441,8,249.084931
-27.475354,8,249.096974
-11.350186,8,249.107499
-5.206773,8,249.122262
-3.113081,8,249.131772
-8.380079,8,249.146801
-30.003932,8,249.157005
3.922472,8,249.171061
-19.487277,8,249.182432
-2.677313,8,249.195419
-17.176722,8,249.206439
3.710719,8,249.216455
-19.124082,8,249.224975
0.424673,8,249.240787
-31.180672,8,249.248292
-32.948248,8,249.26281
6.124603,8,249.277836
-17.940959,8,249.291368
-4.873435,8,249.302568
-98.907551,8,249.312092
-52.477821,8,249.323152
-21.182861,8,249.336378
5.694813,8,249.346392
-2.447038,8,249.354914
-79.780677,8,249.364433
-34.327143,8,249.380661
5.654917,8,249.389488
-12.843267,8,249.399009
-31.264531,8,249.414518
-5.571284,8,249.428772
-1.103549,8,249.440304
-35.775118,8,249.449824
1.669826,8,249.462336
1.869324,8,249.476714
-96.856961,8,249.490396
-3.401706,8,249.500905
-15.320993,8,249.510431
-15.856872,8,249.522969
-0.603518,8,249.532494
-130.957567,8,249.543396
-50.544103,8,249.558096
-18.560928,8,249.572248
1.066575,8,249.582768
-22.860714,8,249.593442
-0.463917,8,249.608083
1.710714,8,249.623188
7.357109,8,249.633711
-28.306331,8,249.644339
-0.360922,8,249.655537
-85.804067,8,249.668577
-29.317316,8,249.679093
-17.845275,8,249.689609
-62.381569,8,249.70056
-117.823108,8,249.722495
-1.400335,8,249.733015
8.970431,8,249.743539
-7.400986,8,249.754578
-105.378419,8,249.769242
-86.901744,8,249.779788
-9.76001,8,249.791285
-21.294009,8,249.801544
-5.510065,8,249.819198
2.907019,8,249.830709
-15.687688,8,249.840483
-11.738699,8,249.849004
-41.652371,8,249.866148
-77.461388,8,249.878695
-16.282386,8,249.889472
-19.647882,8,249.899013
4.320178,8,249.912009
-163.085486,8,249.922299
-2.806075,8,249.946842
7.437636,8,249.958052
-49.738457,8,249.970872
-74.856318,8,249.984939
-0.129306,8,249.996465
-15.511421,8,250.006493
-72.674755,8,250.023644
-50.736794,8,250.044684
-0.562899,8,250.05552
1.429033,8,250.065031
-5.331616,8,250.081064
-13.259304,8,250.093589
9.735103,8,250.105545
-26.009466,8,250.115057
-26.273281,8,250.133241
-86.817205,8,250.152416
3.854088,8,250.162937
-55.140389,8,250.176965
-1.934356,8,250.193497
-0.5999,8,250.209055
-4.164308,8,250.222743
-106.192007,8,250.240583
-2.914042,8,250.261045
-26.936327,8,250.272569
-18.670133,8,250.2827
-38.20423,8,250.295548
-10.208697,8,250.315347
-150.43352,8,250.33147
3.366758,8,250.347513
-0.879762,8,250.361041
-2.642587,8,250.380768
-45.641748,8,250.393411
-18.585562,8,250.409152
4.231306,8,250.419276
2.993928,8,250.432797
0.592944,8,250.444324
-16.463353,8,250.45454
-25.785579,8,250.463053
-39.275287,8,250.482098
-25.304366,8,250.493621
-78.392226,8,250.50389
-1.175304,8,250.516444
-24.591966,8,250.529833
-0.401288,8,250.541361
6.512113,8,250.556812
-12.945495,8,250.568394
-73.008485,8,250.584911
-3.254518,8,250.595464
-90.389523,8,250.607775
-14.734536,8,250.617256
-51.204606,8,250.630864
-3.096089,8,250.642359
-163.452443,8,250.652898
-9.078453,8,250.663431
-94.552676,8,250.676461
-14.880227,8,250.686977
-20.142607,8,250.701499
-33.286318,8,250.715014
-28.664304,8,250.729794
-24.895666,8,250.740328
-31.548867,8,250.750508
-6.82547,8,250.761052
6.603502,8,250.776717
-22.949422,8,250.786468
-36.4228,8,250.795485
-17.629085,8,250.810056
1.129053,8,250.822944
4.410132,8,250.833824
-39.713065,8,250.843333
0.107625,8,250.85837
-48.661004,8,250.874594
-4.855179,8,250.884117
-92.726876,8,250.895428
-28.943261,8,250.906135
-23.684923,8,250.922285
2.648446,8,250.929796
1.651563,8,250.942452
-51.44641,8,250.95254
-45.230136,8,250.965596
-7.514196,8,250.976617
-2.267634,8,250.986337
-2.187203,8,250.996353
-60.4589,8,251.013162
5.736229,8,251.024757
-16.555396,8,251.039792
-22.206261,8,251.046301
-25.568064,8,251.063117
-3.812442,8,251.073639
-13.892059,8,251.083888
2.705685,8,251.094489
-1.357928,8,251.109085
-12.909733,8,251.122246
-13.174524,8,251.137465
-18.95128,8,251.150551
-21.557485,8,251.171449
5.781483,8,251.182007
5.249633,8,251.193458
-24.125784,8,251.204582
-18.295516,8,251.21718
-62.615641,8,251.228821
2.696289,8,251.25938
-2.007401,8,251.282439
1.225864,8,251.303703
-41.30568,8,251.31524
-100.533251,8,251.326286
-18.315511,8,251.33846
-2.709101,8,251.354598
-134.61885,8,251.375247
-17.460589,8,251.384936
-12.009864,8,251.395448
2.537611,8,251.410488
-49.305783,8,251.42168
2.971427,8,251.432191
-1.151668,8,251.442441
-2.778666,8,251.456472
-18.573575,8,251.466477
-2.927267,8,251.477513
0.260081,8,251.491354
-16.072131,8,251.506175
6.679027,8,251.520227
-115.678455,8,251.529753
-178.335282,8,251.542634
-42.752038,8,251.556766
-45.50236,8,251.570229
-4.292916,8,251.580736
-2.596782,8,251.592271
-161.969848,8,251.610307
-1.546645,8,251.622808
-110.045293,8,251.632341
-0.471866,8,251.643372
-20.180325,8,251.658007
-41.077329,8,251.671504
-20.05425,8,251.69255
-46.68565,8,251.709705
-34.70025,8,251.733267
-75.681899,8,251.746928
4.268039,8,251.758154
-76.753774,8,251.769504
-11.688896,8,251.784031
-16.599685,8,251.795541
-2.332748,8,251.807577
-4.547709,8,251.818765
-2.363851,8,251.837484
-51.674593,8,251.848996
-26.753259,8,251.863673
-14.878797,8,251.875304
-12.379885,8,251.889422
4.56918,8,251.898575
1.649645,8,251.909103
1.336259,8,251.917727
-84.863062,8,251.9308
-39.064117,8,251.945306
-0.396559,8,251.957179
-16.970148,8,251.967145
-0.630339,8,251.978734
-45.975702,8,251.990484
-37.264166,8,252.000005
-51.310456,8,252.013514
-4.98342,8,252.024789
-5.822957,8,252.033866
-20.804326,8,252.044441
-14.518756,8,252.058474
-22.812475,8,252.07636
-35.898411,8,252.108688
-102.345025,8,252.12969
-16.234146,8,252.147383
-51.592816,8,252.175463
5.096203,8,252.188505
-2.617741,8,252.2026
3.047136,8,252.219225
-0.17739,8,252.234888
2.913212,8,252.247924
-16.151199,8,252.258571
-92.556285,8,252.272699
2.589527,8,252.288733
-6.961987,8,252.301577
3.905349,8,252.313082
-15.689009,8,252.325231
1.048843,8,252.341426
-16.936544,8,252.352618
-63.685397,8,252.366149
-19.770307,8,252.380298
-19.98068,8,252.40503
-3.976256,8,252.419757
-17.858481,8,252.430283
1.788387,8,252.442803
-15.527991,8,252.457063
-18.58146,8,252.470603
7.372726,8,252.487632
-71.398567,8,252.500163
-1.125146,8,252.520724
-14.777652,8,252.537556
-18.049274,8,252.549114
-42.006978,8,252.562662
-114.824883,8,252.583845
-33.626259,8,252.603875
-22.140841,8,252.621547
-55.160293,8,252.636415
1.71324,8,252.660594
-53.277807,8,252.67623
-14.53011,8,252.769677
-4.167444,8,252.802498
4.463386,8,252.819805
1.08402,8,252.835366
-1.451693,8,252.848437
-1.407523,8,252.861068
0.67761,8,252.886154
-25.195616,8,252.904617
5.293685,8,252.917199
-25.395738,8,252.92931
3.113612,8,252.94383
-25.41258,8,252.957263
-16.949723,8,252.968792
-11.822738,8,252.979363
1.535034,8,253.000374
6.444345,8,253.012136
4.392013,8,253.024773
-1.077049,8,253.034919
-4.104791,8,253.050981
5.409139,8,253.066997
-20.522708,8,253.084625
0.198649,8,253.102684
-4.318091,8,253.117715
-12.314922,8,253.12974
-58.861984,8,253.141464
-50.693042,8,253.15453
-78.792961,8,253.16845
-0.180366,8,253.180959
-2.25052,8,253.193495
-13.533557,8,253.208533
0.095421,8,253.223557
-2.693287,8,253.23508
-25.246587,8,253.250123
-7.88943,8,253.261649
-141.434672,8,253.276781
-13.105174,8,253.289414
2.025102,8,253.29994
-31.595466,8,253.311464
-9.152835,8,253.329018
3.776193,8,253.339468
2.437151,8,253.350976
-22.104653,8,253.360484
-19.032688,8,253.374376
-38.289201,8,253.384899
-31.574238,8,253.399941
-32.003788,8,253.41447
8.708824,8,253.429003
-4.566302,8,253.443533
-1.293478,8,253.454255
-25.926893,8,253.466275
-151.288079,8,253.480816
-19.996615,8,253.493356
-28.849417,8,253.503871
-91.195466,8,253.513405
-30.285343,8,253.528326
0.762471,8,253.544872
-58.818402,8,253.557275
-21.211877,8,253.57049
-7.791509,8,253.585018
0.185578,8,253.594542
-71.920658,8,253.604058
-7.898606,8,253.614621
-7.144729,8,253.629244
-47.094171,8,253.641322
-87.724547,8,253.65639
-100.695156,8,253.667217
-40.222852,8,253.682031
-19.138358,8,253.695267
-26.831448,8,253.707117
-4.894126,8,253.721999
2.761962,8,253.735429
-93.330661,8,253.746641
-17.811555,8,253.763182
0.733129,8,253.774696
-1.980074,8,253.805261
-57.346535,8,253.814784
1.082064,8,253.826303
-100.650164,8,253.837827
-18.189143,8,253.851583
-8.619762,8,253.863106
-18.162371,8,253.877139
6.305416,8,253.888666
-20.587967,8,253.90618
2.378037,8,253.916217
-76.612175,8,253.928259
-33.524869,8,253.939793
5.396475,8,253.95465
1.489384,8,253.966584
5.313998,8,253.97992
1.520577,8,253.990434
7.136601,8,254.004947
-60.497143,8,254.015473
4.399233,8,254.024816
-20.84719,8,254.034334
-25.520109,8,254.073571
-14.046782,8,254.091619
2.180809,8,254.104141
-10.614227,8,254.113668
-4.835117,8,254.128293
1.387994,8,254.138824
-38.943009,8,254.148347
-2.120918,8,254.159077
-2.258713,8,254.173589
-11.898188,8,254.184107
-39.618482,8,254.199155
-4.292122,8,254.211678
-17.619066,8,254.226428
-19.293803,8,254.241639
-106.932276,8,254.250159
-3.914164,8,254.26068
5.313626,8,254.274375
-86.380262,8,254.283887
5.294232,8,254.294614
-16.879674,8,254.307756
-21.191885,8,254.320931
-63.385747,8,254.330441
-5.173894,8,254.343466
0.605079,8,254.356388
-3.66,8,254.371813
-21.35741,8,254.386519
-13.536032,8,254.396579
0.644709,8,254.408554
-12.565671,8,254.426623
-6.803908,8,254.436333
-241.045386,8,254.450573
-0.406205,8,254.46137
5.084246,8,254.478116
2.066983,8,254.490959
-3.60702,8,254.500572
-51.055408,8,254.506186
0.995038,8,254.526571
-3.686139,8,254.539174
-0.293204,8,254.556277
-22.927126,8,254.56993
-2.697798,8,254.585938
-2.774427,8,254.596277
-2.407617,8,254.606229
-21.821011,8,254.619964
-24.497647,8,254.633929
-21.734642,8,254.645106
-0.928221,8,254.662202
-3.003867,8,254.673186
-23.464818,8,254.688821
-29.787734,8,254.700344
-49.803437,8,254.716418
-34.543564,8,254.728514
-19.670603,8,254.74374
-89.90799,8,254.755599
-2.771125,8,254.756606
-23.089352,8,254.779807
10.124358,8,254.794465
-43.091538,8,254.806186
-50.480582,8,254.816481
2.047764,8,254.827529
-24.824133,8,254.843043
-18.233667,8,254.854803
1.820625,8,254.868857
-4.359644,8,254.890546
-3.438501,8,254.905094
-13.38996,8,254.917292
-10.249318,8,254.933368
-1.90138,8,254.948414
-69.079612,8,254.964953
-71.003925,8,254.979464
-23.103561,8,254.996464
-30.461642,8,255.010201
-67.482312,8,255.031013
5.391067,8,255.043992
-39.399472,8,255.058498
-33.211769,8,255.07848
-83.646774,8,255.102667
-113.700803,8,255.11519
-14.594122,8,255.128285
-90.43797,8,255.140819
-12.269604,8,255.157147
-28.267954,8,255.169682
-27.782247,8,255.186474
-15.334383,8,255.203893
2.014895,8,255.221819
-1.957978,8,255.235293
-30.368774,8,255.252537
-12.625041,8,255.267287
-15.022764,8,255.294878
-2.623988,8,255.314623
-0.982033,8,255.329463
7.201897,8,255.343089
-26.044653,8,255.361055
-17.935518,8,255.373654
-17.528475,8,255.382225
-36.840356,8,255.394451
-49.969546,8,255.416638
-11.754473,8,255.427699
-56.065254,8,255.439475
-8.820187,8,255.450558
-12.457164,8,255.470722
-71.314245,8,255.483479
-1.544891,8,255.494003
-140.586645,8,255.504524
-18.277644,8,255.523082
1.841664,8,255.533592
-77.486638,8,255.547249
-45.605962,8,255.562197
-21.034926,8,255.576533
7.929668,8,255.589295
-11.84148,8,255.596553
3.560784,8,255.613318
2.242912,8,255.627893
-13.332496,8,255.646389
-7.479038,8,255.659045
-37.087139,8,255.670465
-20.213352,8,255.685157
-21.87197,8,255.696322
4.732816,8,255.706114
-19.243597,8,255.714909
0.946225,8,255.728535
-98.577832,8,255.740055
-5.263088,8,255.756144
2.889527,8,255.766696
-29.415551,8,255.781252
-7.26465,8,255.796296
0.576487,8,255.80882
-15.845064,8,255.821422
-3.84634,8,255.837479
-40.79914,8,255.849994
-35.586566,8,255.867541
-6.847331,8,255.880074
0.390931,8,255.893604
-30.778297,8,255.904123
0.793054,8,255.914645
-11.898932,8,255.924961
-14.13195,8,255.940998
-73.37303,8,255.951529
-5.911977,8,255.970552
2.55596,8,255.982065
-34.796526,8,255.997102
0.161942,8,256.009624
-76.881249,8,256.020568
-53.466391,8,256.030605
-0.098723,8,256.044134
-3.934841,8,256.056186
-59.743359,8,256.070722
3.073101,8,256.08877
-57.964792,8,256.103902
1.374147,8,256.115426
-24.255021,8,256.130994
3.577884,8,256.143104
-30.118703,8,256.15788
-17.625405,8,256.168439
2.552196,8,256.179955
-41.776395,8,256.195622
-24.042386,8,256.207641
-110.060506,8,256.217166
-10.009807,8,256.228226
-7.272484,8,256.238686
2.935329,8,256.25214
-83.741875,8,256.262975
-2.409781,8,256.273966
-17.544336,8,256.291994
1.813916,8,256.306415
-29.476353,8,256.322542
-66.286331,8,256.331536
-38.042205,8,256.344577
6.120825,8,256.360404
0.725597,8,256.371487
-19.929986,8,256.380012
2.097779,8,256.393375
-70.906819,8,256.408729
0.804654,8,256.426281
1.656441,8,256.437859
0.070999,8,256.454857
-10.02596,8,256.470629
-95.586083,8,256.482157
8.141598,8,256.496222
-95.880637,8,256.51646
-0.101326,8,256.543087
-19.061052,8,256.559516
-48.069824,8,256.574564
-15.813683,8,256.589617
-14.07722,8,256.613302
-108.870677,8,256.633374
-71.335942,8,256.647843
-7.149415,8,256.666645
-38.786993,8,256.691466
-38.935758,8,256.703984
-10.829857,8,256.714489
-1.623796,8,256.73133
-8.982644,8,256.750898
3.700399,8,256.765529
-1.076138,8,256.786605
-44.80501,8,256.804729
0.259582,8,256.84055
-15.798847,8,256.87045
-7.176578,8,256.901613
-97.442584,8,256.911117
2.076519,8,256.943533
-98.909663,8,256.959003
-4.4473,8,256.976521
7.400473,8,256.996536
1.725665,8,257.019372
3.564905,8,257.036479
-0.266767,8,257.048564
-4.054119,8,257.07032
0.736463,8,257.090194
-51.003589,8,257.106289
7.693968,8,257.126457
-76.292889,8,257.139508
2.656382,8,257.156595
-42.757764,8,257.174488
-76.701307,8,257.188608
-116.965243,8,257.203649
-0.251988,8,257.226543
-23.239107,8,257.242852
-82.699902,8,257.257893
-68.727676,8,257.278824
1.339042,8,257.305595
-96.723769,8,257.32646
-24.745811,8,257.343677
-0.579115,8,257.401107
-56.649005,8,257.425022
-28.9277,8,257.46863
-53.824898,8,257.485301
5.06607,8,257.498879
-8.094837,8,257.515346
7.429038,8,257.530674
-0.723545,8,257.560115
-23.234179,8,257.574684
1.258953,8,257.59375
-31.717837,8,257.607303
-2.566287,8,257.632053
-67.088126,8,257.658542
-0.548352,8,257.687691
8.767769,8,257.706145
4.779645,8,257.73296
-22.948134,8,257.751648
-74.81307,8,257.782577
-14.491019,8,257.80928
-36.674543,8,257.834968
4.244013,8,257.853639
-0.513296,8,257.873525
-42.452763,8,257.894915
-14.138991,8,257.921406
-37.639731,8,257.942545
4.528615,8,257.964127
-49.081706,8,257.981009
6.708022,8,258.11889
5.454659,8,258.137446
1.222045,8,258.177018
-23.899537,8,258.198527
-16.049663,8,258.21523
-12.963216,8,258.231039
-10.196259,8,258.254687
-186.790361,8,258.2697
2.561547,8,258.28323
-17.747356,8,258.306441
-0.788702,8,258.322972
-15.893003,8,258.333988
-16.286218,8,258.345573
-48.660504,8,258.361526
0.722932,8,258.378663
-53.705063,8,258.391657
-76.077814,8,258.407707
-0.607159,8,258.42271
-0.779831,8,258.440496
-20.391439,8,258.453011
0.927843,8,258.466569
-21.499614,8,258.47871
-39.281822,8,258.493617
0.545515,8,258.506742
-46.517547,8,258.526451
2.066079,8,258.544518
-2.292451,8,258.562524
-122.954376,8,258.57828
-85.5408,8,258.593405
2.034053,8,258.613152
-12.905813,8,258.646551
5.294622,8,258.662267
-196.21147,8,258.676419
-5.008837,8,258.693467
-44.380514,8,258.71056
0.395587,8,258.722122
-11.935675,8,258.737556
0.065698,8,258.749119
-20.875058,8,258.770733
-113.070105,8,258.779333
-36.269435,8,258.790864
1.96861,8,258.807187
0.825005,8,258.832284
-15.143546,8,258.848471
-42.850043,8,258.862765
-66.771263,8,258.87623
11.067227,8,258.892931
2.780675,8,258.904449
-50.057178,8,258.914976
-9.052335,8,258.927526
-114.652892,8,258.946683
-26.347999,8,258.958217
-78.316184,8,258.974733
-18.12034,8,258.985247
-16.053317,8,258.999286
-107.677109,8,259.010045
-93.479559,8,259.020556
-27.00386,8,259.031585
0.631703,8,259.045534
-2.02039,8,259.056238
-9.130138,8,259.067765
-18.467477,8,259.086282
1.535589,8,259.10234
0.623797,8,259.118376
1.621876,8,259.130898
-41.413695,8,259.14254
2.997063,8,259.161189
-20.642905,8,259.173338
4.325856,8,259.188692
0.111374,8,259.200701
-74.886871,8,259.215261
-13.477741,8,259.226795
-32.928239,8,259.239333
-175.881155,8,259.250382
-29.691386,8,259.264408
3.943978,8,259.280446
-94.94432,8,259.297403
-4.66172,8,259.306923
3.397065,8,259.322437
-4.751783,8,259.333457
-91.359453,8,259.344169
-39.18642,8,259.356193
3.792867,8,259.370705
-14.630597,8,259.38245
1.843107,8,259.397499
-17.861216,8,259.409033
2.663353,8,259.424548
1.873197,8,259.43458
1.467677,8,259.450599
-21.433289,8,259.463265
1.11484,8,259.47793
-2.281627,8,259.490562
3.158401,8,259.505068
-130.652716,8,259.515641
-3.494188,8,259.52972
-77.803212,8,259.540247
-1.279436,8,259.551862
2.577963,8,259.562379
-73.482878,8,259.576462
-20.644623,8,259.586987
-95.01479,8,259.601891
-0.025683,8,259.617326
3.548311,8,259.630407
8.521487,8,259.638512
-23.938813,8,259.651662
-24.469001,8,259.662186
-120.380196,8,259.674823
-97.639215,8,259.688497
-18.024007,8,259.699069
-56.378315,8,259.710584
-25.162015,8,259.728241
-73.865342,8,259.739801
-49.620247,8,259.750355
1.183085,8,259.766265
-23.323898,8,259.780313
-24.982379,8,259.790805
-12.47727,8,259.800478
1.915253,8,259.811351
-101.304556,8,259.824965
-117.752956,8,259.839671
-90.624942,8,259.849373
-48.636128,8,259.859569
-26.71669,8,259.874125
0.285179,8,259.885066
6.212108,8,259.89643
-19.559872,8,259.913359
-11.585451,8,259.927317
7.593659,8,259.938831
-34.460737,8,259.948343
5.548943,8,259.963269
-50.818234,8,259.976469
-63.220192,8,259.987998
-112.446758,8,259.999714
-1.470144,8,260.013227
-13.686482,8,260.030613
-82.487517,8,260.04465
-5.277308,8,260.057317
-3.006496,8,260.076339
5.987381,8,260.102694
-20.331195,8,260.114221
-19.276379,8,260.12787
8.448931,8,260.139403
-15.235658,8,260.156435
-2.297865,8,260.173122
-103.203879,8,260.190629
-35.678176,8,260.204268
0.143332,8,260.223647
1.40681,8,260.234679
-0.135727,8,260.246713
-14.12323,8,260.260353
-0.117876,8,260.288001
0.717144,8,260.299536
-4.349349,8,260.312229
-76.540278,8,260.324744
4.793449,8,260.341789
-20.127936,8,260.356814
-74.789248,8,260.37146
-103.985898,8,260.381987
5.135925,8,260.401765
3.184979,8,260.414308
-140.031314,8,260.431366
4.393978,8,260.443568
-27.618644,8,260.459243
-43.626697,8,260.477351
0.686745,8,260.48989
-15.053107,8,260.504816
-47.594902,8,260.520886
-20.781139,8,260.533439
-18.429368,8,260.546466
-69.294147,8,260.559018
2.987055,8,260.574679
3.396226,8,260.587726
-96.985226,8,260.601373
-57.545699,8,260.618477
2.314785,8,260.635056
7.10458,8,260.653122
-15.499485,8,260.669794
-34.86779,8,260.680318
-263.034367,8,260.702813
-54.108331,8,260.714334
-34.39993,8,260.732371
-52.888761,8,260.746251
-5.135298,8,260.761872
0.418579,8,260.772579
-3.045378,8,260.786108
-17.649513,8,260.797171
-22.813373,8,260.810813
-22.071001,8,260.822726
-38.592235,8,260.842926
-119.339589,8,260.856494
-0.373452,8,260.973056
-4.296409,8,260.976582
3.248829,8,260.993641
-72.756247,8,261.003164
-3.446,8,261.016729
2.435949,8,261.02642
-27.564928,8,261.034429
-15.699592,8,261.043977
-73.502897,8,261.060264
2.188321,8,261.070785
-0.804953,8,261.084298
-18.897956,8,261.094831
-64.572688,8,261.108947
-0.681267,8,261.119555
1.53659,8,261.129642
0.824175,8,261.139163
-12.98419,8,261.151683
2.621523,8,261.16519
6.037469,8,261.175532
-39.561194,8,261.185058
-9.106058,8,261.202203
1.244092,8,261.212721
6.290145,8,261.226615
-7.27653,8,261.245336
-0.093678,8,261.26331
-0.718665,8,261.281106
-1.654875,8,261.292634
-2.470164,8,261.302783
-3.942388,8,261.315305
-5.315853,8,261.326329
-2.045407,8,261.336593
-63.690138,8,261.347115
-33.306922,8,261.361674
-82.071074,8,261.374206
-98.805656,8,261.389023
-17.195317,8,261.403712
-33.736402,8,261.416789
-43.968844,8,261.427356
-18.559729,8,261.437921
3.380974,8,261.448417
-1.292023,8,261.461946
-40.450274,8,261.472586
1.686776,8,261.484094
-55.974616,8,261.498578
-22.957342,8,261.512347
-81.287374,8,261.522858
2.483274,8,261.533395
-47.837715,8,261.544923
8.706331,8,261.563969
2.278723,8,261.576994
-69.459475,8,261.587526
-2.29412,8,261.598095
-2.120856,8,261.612602
-10.21386,8,261.622127
7.090232,8,261.630649
-30.322669,8,261.641177
-0.646228,8,261.653706
-69.269046,8,261.662231
-9.315406,8,261.671817
2.526245,8,261.679328
-53.298162,8,261.696387
-25.329279,8,261.712292
2.335866,8,261.722865
-62.048848,8,261.730425
3.958862,8,261.743958
9.236923,8,261.756433
-4.473923,8,261.765225
-70.180014,8,261.776149
-31.40131,8,261.79051
0.365595,8,261.799029
-4.837334,8,261.808552
-9.169956,8,261.822468
-39.258569,8,261.836165
-15.971203,8,261.850199
1.030544,8,261.86172
1.468151,8,261.871572
-4.540823,8,261.885089
2.850724,8,261.895617
-34.269715,8,261.904142
-59.39713,8,261.912662
1.774771,8,261.925542
-2.601424,8,261.938619
-0.896682,8,261.948115
-105.472192,8,261.958642
-93.230684,8,261.970157
-100.366325,8,261.984675
-28.12708,8,261.996191
-3.136261,8,262.006404
-14.386701,8,262.020602
-32.569978,8,262.030855
9.223021,8,262.044772
-4.35361,8,262.056803
-1.683538,8,262.069166
-104.968054,8,262.087225
-16.130013,8,262.098768
-1.890233,8,262.112468
-51.516014,8,262.127064
-22.925373,8,262.136581
-36.544141,8,262.157612
-76.878389,8,262.168594
-0.575779,8,262.180105
-17.804009,8,262.19164
-122.010477,8,262.200756
-2.490096,8,262.211324
-4.955053,8,262.263288
-6.859295,8,262.274689
-48.36397,8,262.286212
-1.636565,8,262.298661
-0.786819,8,262.312735
2.436928,8,262.324784
2.446782,8,262.339348
-123.58293,8,262.350691
1.025171,8,262.369533
1.101663,8,262.384038
1.419787,8,262.395568
-23.665607,8,262.406264
-14.828472,8,262.420797
-177.795237,8,262.430826
-18.336963,8,262.442474
-21.475646,8,262.456493
1.171057,8,262.473725
2.921344,8,262.491775
-127.044773,8,262.508436
8.429812,8,262.526578
-14.480059,8,262.542305
-16.613354,8,262.556435
-20.043683,8,262.567653
3.413528,8,262.580229
-19.55981,8,262.603855
-2.455373,8,262.623623
-17.688376,8,262.640488
-27.791552,8,262.656247
-68.42424,8,262.674057
-54.797901,8,262.691068
2.008951,8,262.71014
8.008816,8,262.729393
-23.257665,8,262.748256
-0.454386,8,262.762637
-24.431821,8,262.77647
-74.30062,8,262.791557
-128.414801,8,262.817565
-14.221636,8,262.831597
-52.396612,8,262.8464
-0.491896,8,262.860309
-75.619025,8,262.878379
-9.679978,8,262.889793
-23.67459,8,262.901808
1.794836,8,262.914649
-146.156434,8,262.940266
4.773196,8,262.951786
1.420739,8,262.96471
-50.800895,8,262.976986
8.145039,8,262.993082
-22.643218,8,263.004765
-13.327928,8,263.01529
-196.22262,8,263.027476
-3.933098,8,263.044601
0.642845,8,263.056468
-8.161393,8,263.066449
-47.789575,8,263.078288
-18.281572,8,263.098497
2.266884,8,263.112343
3.556517,8,263.123864
-70.940719,8,263.14073
-10.875956,8,263.156687
9.849396,8,263.167563
-2.815028,8,263.179215
4.969329,8,263.191115
3.750074,8,263.206164
0.471471,8,263.218739
-2.356422,8,263.231624
3.228928,8,263.247061
-18.944131,8,263.262389
-82.74093,8,263.278582
2.291427,8,263.291955
-2.211755,8,263.304347
-2.312816,8,263.321393
3.061467,8,263.332314
-6.527076,8,263.345024
-0.546832,8,263.361812
-32.798611,8,263.378094
-55.359712,8,263.389609
-96.069218,8,263.399911
1.172501,8,263.411329
3.79634,8,263.427391
-51.739226,8,263.443671
-50.899282,8,263.454916
-48.09021,8,263.469488
-48.861516,8,263.483044
3.906566,8,263.496403
-2.747095,8,263.508645
3.209917,8,263.519571
1.654013,8,263.532739
0.798805,8,263.545252
-2.710781,8,263.557401
-1.110017,8,263.566264
-4.200088,8,263.584816
-57.207269,8,263.594721
-19.269405,8,263.612335
-91.726843,8,263.623851
-20.038383,8,263.638425
3.336088,8,263.648957
-10.841871,8,263.659446
-24.397547,8,263.670091
8.107265,8,263.682601
-10.089132,8,263.700639
-60.206272,8,263.713166
1.839236,8,263.724689
-53.226376,8,263.739719
3.195899,8,263.752256
-81.139539,8,263.768594
-42.582698,8,263.77913
-45.51435,8,263.793648
-4.748624,8,263.803275
-4.287514,8,263.818578
-21.579253,8,263.831946
-36.726904,8,263.847985
-31.207226,8,263.859656
-13.650686,8,263.871595
-29.245232,8,263.883121
-72.579351,8,263.898599
-54.421756,8,263.910383
-6.175867,8,263.92494
-48.343138,8,263.940852
-2.129521,8,263.956898
4.944405,8,263.969451
-1.215493,8,263.979012
-21.381185,8,263.990531
-37.297276,8,264.004246
-12.652079,8,264.014847
2.891258,8,264.031035
-19.056777,8,264.041555
-51.616472,8,264.056375
-2.877621,8,264.066391
4.970554,8,264.077422
0.936776,8,264.092949
2.78513,8,264.106365
-64.885072,8,264.116389
4.412351,8,264.127087
-36.030798,8,264.141118
0.569461,8,264.158584
-72.850107,8,264.172503
2.534956,8,264.185029
-19.568126,8,264.198072
-0.855421,8,264.211324
-0.900533,8,264.222838
1.979389,8,264.234971
4.185994,8,264.247046
-34.619586,8,264.263325
-8.348713,8,264.273644
-23.446615,8,264.285187
0.646392,8,264.294713
-24.159753,8,264.310037
6.894035,8,264.3216
5.336442,8,264.332475
-33.877613,8,264.342001
-83.750856,8,264.360358
-6.210071,8,264.371651
-23.15575,8,264.380175
-25.081696,8,264.3908
-17.963346,8,264.409107
-87.745649,8,264.421598
-16.012466,8,264.431417
3.149316,8,264.443635
-14.02064,8,264.461178
4.237182,8,264.472687
-4.756161,8,264.485159
-36.394012,8,264.49738
1.192611,8,264.513146
-15.433642,8,264.524696
1.53071,8,264.537108
-43.961803,8,264.547625
-5.790414,8,264.561316
-8.017345,8,264.582281
7.358952,8,264.5934
-68.053568,8,264.60192
-0.757137,8,264.613481
-4.738381,8,264.6256
1.551653,8,264.63717
-65.413863,8,264.647701
-88.80497,8,264.662262
-35.274699,8,264.670828
4.333882,8,264.68421
-48.884513,8,264.699246
-29.655095,8,264.713933
0.721214,8,264.730605
-5.638753,8,264.741244
6.093486,8,264.750752
-56.816707,8,264.762348
4.439496,8,264.772993
8.522163,8,264.782534
-70.176779,8,264.79754
-24.348686,8,264.81015
-0.137064,8,264.820672
-68.975289,8,264.8307
0.699151,8,264.840219
2.225974,8,264.852744
-84.62991,8,264.863276
-5.31053,8,264.878407
-16.643283,8,264.890675
5.581792,8,264.909696
-4.835395,8,264.922212
-9.622389,8,264.938877
-0.240636,8,264.948473
-1.944409,8,264.965311
-18.863937,8,264.976973
-13.351425,8,264.988614
-101.681992,8,264.999132
-23.636916,8,265.020876
-156.709863,8,265.035135
-0.454866,8,265.052177
-15.428302,8,265.064696
3.980078,8,265.082161
-8.8656,8,265.09622
-17.497077,8,265.106847
-0.813862,8,265.119592
-2.970948,8,265.140327
2.083782,8,265.152851
-33.426514,8,265.163378
-0.684727,8,265.175005
-88.19391,8,265.191046
5.255761,8,265.200571
-0.058302,8,265.214936
4.814541,8,265.239124
-77.755317,8,265.254934
-11.79608,8,265.266461
-10.685518,8,265.277172
-3.517438,8,265.288696
-15.244128,8,265.30434
-18.628929,8,265.314864
-68.290522,8,265.327105
-7.433007,8,265.342789
5.773843,8,265.358384
-68.837359,8,265.370584
1.687706,8,265.38311
-97.798551,8,265.398163
0.912009,8,265.413807
-91.928222,8,265.424624
2.423832,8,265.436261
-74.577054,8,265.450788
3.886008,8,265.466809
-19.400753,8,265.4764
-2.040845,8,265.489626
-0.600693,8,265.500135
-69.580942,8,265.513821
0.564357,8,265.5247
4.54188,8,265.534732
1.14716,8,265.545259
-64.933193,8,265.565293
-68.789354,8,265.574974
-106.333267,8,265.585497
-18.86992,8,265.59502
-12.706568,8,265.608176
-40.519569,8,265.617509
-52.416246,8,265.629573
-69.950568,8,265.63971
-12.14446,8,265.653274
-65.207191,8,265.668291
-5.835301,8,265.680827
5.471183,8,265.694662
-6.059505,8,265.715341
-61.228785,8,265.728672
1.618791,8,265.746503
-5.918451,8,265.760348
-60.131005,8,265.778549
-22.233996,8,265.791069
-49.14668,8,265.800595
-0.587813,8,265.812115
-47.697333,8,265.827136
-43.440564,8,265.83815
-117.010902,8,265.84766
-26.654354,8,265.858375
-64.457719,8,265.871929
5.371565,8,265.892966
-22.705322,8,265.903885
-160.054248,8,265.914407
-35.539383,8,265.928437
-64.404834,8,265.938721
-71.555932,8,265.94723
-1.261418,8,265.956736
-14.46334,8,265.968572
-62.570321,8,265.977101
-63.370246,8,265.986614
-7.799503,8,266.00125
-132.07,8,266.00645
-4.621401,8,266.031574
7.215068,8,266.042299
2.554038,8,266.053835
-7.199997,8,266.065359
2.583712,8,266.076392
6.312594,8,266.086923
-63.873468,8,266.097458
-4.451764,8,266.11311
-16.919005,8,266.123639
-15.934646,8,266.131676
0.261243,8,266.142199
-16.498915,8,266.154729
-1.044481,8,266.166252
-9.187897,8,266.181194
4.88516,8,266.191725
-23.878799,8,266.205342
0.147198,8,266.219651
-37.673029,8,266.230687
-0.603443,8,266.240326
-113.715686,8,266.260353
0.795027,8,266.271953
-7.153929,8,266.282462
4.42704,8,266.292986
-34.032231,8,266.306371
-1.864858,8,266.316895
1.793038,8,266.331667
-102.560847,8,266.34621
-34.622832,8,266.360731
1.358362,8,266.370595
-9.557682,8,266.380116
-40.305677,8,266.389627
-27.77971,8,266.403173
-11.6112,8,266.41474
-67.900551,8,266.426358
-56.105074,8,266.437951
-3.340477,8,266.45552
-39.630001,8,266.466631
1.180518,8,266.477467
-38.664984,8,266.49251
-125.264672,8,266.504653
0.809166,8,266.515358
-3.70433,8,266.527667
-5.222002,8,266.537682
-67.318742,8,266.552912
-26.436805,8,266.566232
-40.938531,8,266.577064
-1.392313,8,266.588932
1.047078,8,266.601838
-19.181321,8,266.610593
-20.651088,8,266.622203
-32.929918,8,266.636789
-38.100881,8,266.649305
-42.865595,8,266.659818
-13.93703,8,266.673502
-24.112161,8,266.682028
-5.9766,8,266.696901
-28.031327,8,266.707425
-7.148805,8,266.716948
2.159549,8,266.727517
2.231308,8,266.73972
7.018523,8,266.747244
3.169185,8,266.756759
-26.567565,8,266.764765
-11.112381,8,266.786588
-55.880736,8,266.796275
-49.318502,8,266.806398
5.351636,8,266.814411
-9.053945,8,266.827119
-0.452875,8,266.836643
0.044653,8,266.846675
-7.608605,8,266.856424
2.960293,8,266.870001
-3.309011,8,266.880522
4.048314,8,266.893031
-13.807277,8,266.901836
-15.310706,8,266.918765
-22.729091,8,266.930295
-13.884108,8,266.940354
-15.693007,8,266.949874
-40.896003,8,266.963397
-6.831128,8,266.973994
-7.498054,8,266.982505
-29.040417,8,266.993032
-7.435298,8,267.00813
2.919364,8,267.016646
-41.475261,8,267.027219
-20.025113,8,267.036399
-13.344327,8,267.050933
-11.634732,8,267.061551
-87.897513,8,267.07768
-15.058462,8,267.091314
-23.585252,8,267.106389
-5.483385,8,267.116408
-66.345216,8,267.126174
-42.608031,8,267.133706
-13.144359,8,267.146873
0.443865,8,267.157398
-2.406307,8,267.168005
7.572868,8,267.178537
5.049453,8,267.192061
-89.522752,8,267.206394
-2.529612,8,267.220638
-39.154312,8,267.23115
-6.293476,8,267.244169
-13.638994,8,267.254826
-95.546396,8,267.265352
-13.704012,8,267.274062
-12.612109,8,267.286576
-0.018754,8,267.296633
-0.020671,8,267.308157
-33.485802,8,267.326433
4.743611,8,267.344687
-28.565893,8,267.357724
0.176575,8,267.375542
-0.442916,8,267.389832
-53.4815,8,267.404506
-38.125501,8,267.415025
-14.388412,8,267.428058
3.386174,8,267.443289
-0.32452,8,267.462419
0.840062,8,267.478454
-21.286208,8,267.49499
-5.374398,8,267.508396
-52.958869,8,267.523507
0.907223,8,267.536597
0.310538,8,267.557643
-11.432931,8,267.57163
5.463187,8,267.586253
-5.302971,8,267.596612
-10.451546,8,267.610447
-2.809951,8,267.623507
-15.318573,8,267.637796
-33.357426,8,267.648319
4.304017,8,267.664847
5.341643,8,267.687412
-89.964638,8,267.810448
-11.47419,8,267.822958
1.435805,8,267.835173
2.040871,8,267.852221
-26.937843,8,267.868175
-7.237545,8,267.881501
-25.785523,8,267.894931
-9.890209,8,267.910962
-16.789477,8,267.926986
-17.380012,8,267.939745
-10.795396,8,267.950797
3.895349,8,267.963814
5.352226,8,267.979152
0.012305,8,267.990733
-75.357285,8,268.002247
-14.41756,8,268.021277
-11.68214,8,268.036738
-20.183176,8,268.046248
-45.868292,8,268.057384
-2.591911,8,268.068911
-82.188229,8,268.086802
-7.286594,8,268.096473
-0.544026,8,268.106988
-106.346892,8,268.117526
5.946343,8,268.137758
-0.551246,8,268.148329
-27.512554,8,268.159469
-38.349482,8,268.17058
-16.802076,8,268.190667
-13.638183,8,268.198725
-2.092222,8,268.210391
5.012829,8,268.221926
-136.961597,8,268.238459
6.216928,8,268.249991
-96.27126,8,268.262396
-43.230157,8,268.274944
-24.689565,8,268.293227
-3.213437,8,268.306552
-6.734048,8,268.31962
-32.31156,8,268.336529
-12.413521,8,268.36006
-29.404388,8,268.372795
-119.955699,8,268.384196
-69.739108,8,268.396172
-223.376673,8,268.411355
-2.05856,8,268.423728
1.573682,8,268.433764
-6.544386,8,268.445293
-2.994219,8,268.46503
-33.228266,8,268.480073
1.866245,8,268.492601
-63.054299,8,268.505081
-19.48058,8,268.517707
1.826048,8,268.53352
-41.121071,8,268.545038
-18.635925,8,268.558411
-79.037328,8,268.577146
-6.309996,8,268.589744
-10.451006,8,268.600851
-13.326771,8,268.61238
3.457762,8,268.629618
-11.631113,8,268.642779
-0.738587,8,268.656322
-17.489129,8,268.677701
-0.157521,8,268.70148
7.683253,8,268.72237
-16.954482,8,268.74046
-25.696776,8,268.758981
4.155379,8,268.776392
-2.445766,8,268.793394
-16.430649,8,268.808524
1.625449,8,268.822183
-32.022915,8,268.838377
-3.266548,8,268.851519
-65.777792,8,268.858581
-32.185492,8,268.876363
-73.729979,8,268.899177
-48.520457,8,268.911227
7.736013,8,268.929807
-23.102454,8,268.942507
-77.927783,8,268.958703
-35.519304,8,268.97173
-46.026936,8,268.983283
4.763201,8,268.994874
-124.758835,8,269.015195
1.849831,8,269.02888
-14.078502,8,269.093119
-64.82251,8,269.10264
-19.509148,8,269.115154
-12.735839,8,269.12827
-55.849292,8,269.141772
0.578394,8,269.153304
1.357192,8,269.167068
1.336729,8,269.178589
-39.757098,8,269.189869
-49.246928,8,269.202941
-70.111057,8,269.214315
-37.6306,8,269.224731
-16.873793,8,269.2407
-17.723402,8,269.256219
-1.076675,8,269.270626
-3.185533,8,269.27915
-20.743169,8,269.290802
-23.137165,8,269.305413
-1.190754,8,269.318328
-52.746851,8,269.328971
0.341652,8,269.343001
-43.416659,8,269.353526
4.45768,8,269.370582
-0.443068,8,269.384518
-15.618252,8,269.39616
-43.273869,8,269.412234
0.799991,8,269.428962
-48.374284,8,269.444673
-15.376902,8,269.457414
-43.856296,8,269.474607
-32.653975,8,269.492539
-7.081227,8,269.508355
-1.112651,8,269.520884
4.444543,8,269.533982
-6.827851,8,269.549024
-23.424841,8,269.562556
-11.693183,8,269.573083
-26.576125,8,269.583621
2.15028,8,269.631595
2.076213,8,269.646304
-67.896161,8,269.657522
-14.525203,8,269.672664
-11.515323,8,269.692652
1.415824,8,269.704181
-3.313097,8,269.714741
-135.934308,8,269.728594
-49.869503,8,269.744717
-1.803617,8,269.756757
1.244797,8,269.769279
-1.734163,8,269.787312
-27.298868,8,269.802838
-15.540608,8,269.813365
0.717239,8,269.826386
4.272553,8,269.84073
-49.89233,8,269.864364
-61.199047,8,269.8791
4.163096,8,269.990908
4.873126,8,270.007048
-1.839589,8,270.027133
-118.895713,8,270.039312
-115.697007,8,270.059454
-58.04348,8,270.073619
0.316027,8,270.091362
-84.527198,8,270.102885
4.321142,8,270.119944
-23.885439,8,270.135269
-6.439681,8,270.152092
-4.580038,8,270.174992
-19.420227,8,270.190033
1.896339,8,270.204894
-5.119643,8,270.222937
-0.042209,8,270.238506
-33.503515,8,270.253025
-2.573217,8,270.265564
0.60931,8,270.28447
2.110358,8,270.296508
-1.948745,8,270.306433
1.635592,8,270.317551
-45.007597,8,270.333628
3.797744,8,270.352281
-5.465258,8,270.367576
-0.547927,8,270.380118
2.827103,8,270.400268
-16.535587,8,270.413892
6.167647,8,270.425517
2.256332,8,270.437744
-42.950541,8,270.453276
0.44315,8,270.464745
-19.574038,8,270.477366
-39.276321,8,270.487887
-46.973389,8,270.505548
-9.287279,8,270.517573
-101.472728,8,270.530267
-1.723625,8,270.544426
-5.914478,8,270.559462
5.502736,8,270.569077
-99.590371,8,270.579601
-0.009738,8,270.591123
-0.641358,8,270.606154
7.578,8,270.622677
-17.758358,8,270.633705
-32.959963,8,270.645346
3.802823,8,270.65942
2.205145,8,270.670044
2.665084,8,270.685567
-72.575363,8,270.697587
-92.447764,8,270.709103
-22.932522,8,270.721746
-11.439056,8,270.732268
-18.12399,8,270.743524
2.419264,8,270.757435
-94.660464,8,270.766448
-0.154132,8,270.774974
-6.557719,8,270.784495
-2.207427,8,270.797035
7.524757,8,270.80505
5.047111,8,270.81457
2.575955,8,270.833609
6.902958,8,270.848256
-17.519693,8,270.859753
5.422406,8,270.869533
-33.083081,8,270.880053
-25.650085,8,270.894694
-0.816036,8,270.905207
3.917587,8,270.914728
-25.6603,8,270.926755
-18.126861,8,270.942627
-22.426562,8,270.95416
1.652766,8,270.964668
7.009571,8,270.979181
-117.965375,8,270.992836
-1.681084,8,271.002533
-130.706726,8,271.013053
-3.298365,8,271.023585
-19.705818,8,271.035618
-0.707773,8,271.045127
-34.101129,8,271.059173
-1.570167,8,271.069694
-4.746868,8,271.083209
8.007967,8,271.092826
-10.586335,8,271.10192
-0.319904,8,271.110447
-3.942442,8,271.12713
-27.927751,8,271.137269
-41.202968,8,271.146277
2.352471,8,271.160529
1.917352,8,271.173606
-11.588005,8,271.181128
-23.43309,8,271.191849
-75.239331,8,271.201474
-6.318675,8,271.213558
-16.357419,8,271.223083
-16.721009,8,271.232605
-38.792675,8,271.24164
-42.23649,8,271.25869
3.328965,8,271.273623
-17.287076,8,271.283136
-61.888587,8,271.294794
-111.927018,8,271.308938
7.107431,8,271.320459
-14.170177,8,271.334312
-16.085846,8,271.348381
-22.988861,8,271.36191
-39.550318,8,271.379099
0.369736,8,271.390872
2.163232,8,271.401935
-10.913894,8,271.414448
-16.801361,8,271.43229
0.398671,8,271.443904
-53.7379,8,271.454428
-55.628645,8,271.468688
4.713669,8,271.47921
-2.530412,8,271.494735
-79.223055,8,271.505082
-4.234949,8,271.519117
-4.719212,8,271.529638
-2.69319,8,271.54143
1.006443,8,271.552014
-0.721801,8,271.565539
-64.116596,8,271.581667
-73.248512,8,271.592189
-4.592582,8,271.60624
2.010847,8,271.619805
-0.378439,8,271.629362
-23.582279,8,271.638397
-65.775987,8,271.646909
-43.321389,8,271.660445
-5.864223,8,271.669148
-22.786358,8,271.677666
-15.585944,8,271.687187
-65.789312,8,271.699714
-1.54865,8,271.713243
-17.658921,8,271.729126
-2.210595,8,271.74189
-42.066024,8,271.754409
1.326294,8,271.764916
3.87284,8,271.777169
-66.5906,8,271.786824
-22.593228,8,271.798342
2.859955,8,271.809051
5.102744,8,271.822705
-16.385068,8,271.832224
3.140514,8,271.84525
2.500359,8,271.856276
0.9054,8,271.870818
-30.970137,8,271.880331
-149.125475,8,271.892839
-69.700658,8,271.900888
0.384107,8,271.910478
-15.879628,8,271.921001
-16.104418,8,271.935872
5.304556,8,271.944391
-6.164791,8,271.956348
5.47208,8,271.964408
1.201733,8,271.977118
-5.922067,8,271.987859
-2.562903,8,271.999523
-4.754617,8,272.01504
-3.211402,8,272.029164
5.59373,8,272.042614
-8.293888,8,272.053145
-3.256403,8,272.063666
-22.119345,8,272.078121
0.534606,8,272.088243
-25.060438,8,272.097724
7.511507,8,272.107247
-10.814945,8,272.118769
-0.251311,8,272.128283
-38.6558,8,272.137472
-2.589633,8,272.154991
-75.132273,8,272.16866
-62.60344,8,272.179176
-9.662001,8,272.189853
-3.324535,8,272.200217
2.98894,8,272.214738
-33.609449,8,272.225261
-18.975659,8,272.234847
-20.568231,8,272.244401
-23.960812,8,272.261439
-1.780282,8,272.274962
-2.529663,8,272.287923
-2.770657,8,272.299337
-16.219936,8,272.317675
3.262462,8,272.329937
1.993523,8,272.341207
-98.728208,8,272.354727
-86.735746,8,272.378334
-4.255568,8,272.389874
-21.571097,8,272.40141
-37.72508,8,272.413723
-62.331556,8,272.430588
-3.355542,8,272.444622
1.958198,8,272.459512
-75.541935,8,272.480551
-49.092727,8,272.508492
-43.014245,8,272.523017
-18.065936,8,272.537566
-7.917533,8,272.554933
-5.668092,8,272.572769
-10.306042,8,272.590762
-5.189764,8,272.604052
-184.055637,8,272.615577
4.003262,8,272.631881
1.547482,8,272.644902
-26.190985,8,272.658628
-5.265965,8,272.671697
-8.158603,8,272.69082
-10.818024,8,272.714782
-16.834588,8,272.726353
-32.968349,8,272.734867
-1.530071,8,272.750891
-61.337068,8,272.756215
3.487931,8,272.777121
-23.477704,8,272.789
-2.238836,8,272.80401
2.770666,8,272.815522
-10.574765,8,272.830896
0.418337,8,272.841883
-46.296609,8,272.858559
1.219645,8,272.875225
2.680523,8,272.888997
-32.90205,8,272.898397
8.255861,8,272.911912
-34.789249,8,272.922423
-18.686333,8,272.937868
6.223323,8,272.949381
-45.037442,8,272.962544
0.487325,8,272.973961
5.457446,8,272.984486
7.349858,8,272.995011
-0.935206,8,273.010056
-34.077651,8,273.021354
-64.328797,8,273.035455
-47.722328,8,273.050476
-0.609638,8,273.064997
-37.153477,8,273.079046
6.088205,8,273.091783
-53.214511,8,273.100307
-23.244965,8,273.112948
-10.831352,8,273.123609
-8.033195,8,273.133133
-33.969403,8,273.149976
-0.408135,8,273.164494
3.567951,8,273.17501
-10.158804,8,273.190056
2.409673,8,273.199585
-7.856078,8,273.214124
-12.168078,8,273.224637
-0.530752,8,273.233147
-29.098627,8,273.242208
8.624571,8,273.258484
4.628351,8,273.267637
-4.285485,8,273.279253
-24.715196,8,273.287745
-17.537561,8,273.303955
-4.867478,8,273.312484
-42.278218,8,273.322834
0.244895,8,273.33842
1.184971,8,273.349974
-1.661764,8,273.359502
-32.203757,8,273.373703
-19.308668,8,273.38424
-30.617426,8,273.399323
-84.850813,8,273.409535
-15.738972,8,273.421053
-8.039118,8,273.430573
-26.836325,8,273.443613
-35.362681,8,273.454127
-24.826922,8,273.464667
-42.307989,8,273.48273
-75.137857,8,273.497758
-68.186303,8,273.508512
-69.856057,8,273.518635
2.794715,8,273.529479
-6.973609,8,273.543566
-88.090732,8,273.555095
-6.573076,8,273.561578
-225.155573,8,273.574598
-2.862091,8,273.591983
2.232431,8,273.602749
-42.107123,8,273.612524
-58.2172,8,273.623742
-5.450352,8,273.641611
2.989098,8,273.651248
10.856258,8,273.662026
-91.456127,8,273.674549
-5.154182,8,273.687188
3.579932,8,273.701851
6.60845,8,273.715381
-34.311694,8,273.724982
0.21692,8,273.738565
-90.27502,8,273.74808
-96.686071,8,273.757689
-69.561222,8,273.767423
-19.114183,8,273.784194
-54.036757,8,273.794796
4.829848,8,273.805539
0.049758,8,273.820716
2.269464,8,273.826499
6.360175,8,273.844817
-2.72663,8,273.855526
9.277678,8,273.865222
1.278776,8,273.878612
-71.008108,8,273.888636
-6.48211,8,273.898372
-87.037542,8,273.908891
-70.858778,8,273.924717
3.760925,8,273.938256
7.865527,8,273.948786
-51.972344,8,273.958473
-3.899161,8,273.971082
-0.068047,8,273.980596
-1.2752,8,273.990699
-99.921443,8,274.000228
3.418159,8,274.012744
0.462704,8,274.02326
-19.031332,8,274.036802
-28.021279,8,274.046323
-58.092298,8,274.06089
-23.314931,8,274.074429
-69.967463,8,274.08744
-0.366507,8,274.100202
-81.457735,8,274.113573
-41.023686,8,274.124783
-7.822804,8,274.134301
-103.765418,8,274.147846
-1.653033,8,274.162465
-12.124292,8,274.17213
5.913583,8,274.181638
-65.528128,8,274.193165
1.815885,8,274.207578
-45.620726,8,274.218099
9.957351,8,274.232625
2.977316,8,274.243709
-14.038485,8,274.258748
-33.240105,8,274.268617
3.712367,8,274.279191
-10.657775,8,274.28886
-28.128854,8,274.302508
-10.799644,8,274.313035
-62.232311,8,274.325539
-25.256698,8,274.335563
-5.39361,8,274.349104
-84.174659,8,274.359499
-52.056369,8,274.377218
-87.083282,8,274.388063
-122.930055,8,274.402595
-28.819072,8,274.413146
-8.862376,8,274.42371
-110.84326,8,274.434244
3.747594,8,274.447473
-61.724731,8,274.459013
-57.607484,8,274.473561
6.284567,8,274.48308
-3.020909,8,274.611734
-81.63247,8,274.623689
-0.413621,8,274.633807
-9.597335,8,274.647345
1.748446,8,274.661821
4.333518,8,274.672608
-1.190141,8,274.683142
-99.03216,8,274.694118
-122.652416,8,274.709841
-1.339134,8,274.723364
-7.532161,8,274.732882
1.956114,8,274.74492
-2.147724,8,274.758965
-7.535153,8,274.770639
-34.63041,8,274.784867
-34.10034,8,274.801905
-3.333815,8,274.81995
2.258463,8,274.831473
1.495764,8,274.845494
-42.023263,8,274.859536
-28.934445,8,274.877272
7.231591,8,274.888137
-31.123768,8,274.901978
-6.984734,8,274.912495
-41.412914,8,274.932547
-60.830515,8,274.944577
-108.223132,8,274.955096
-30.733747,8,274.96461
-19.153953,8,274.983222
-23.000948,8,274.996395
-59.551313,8,275.007944
5.81402,8,275.018674
-29.850784,8,275.039375
-6.382941,8,275.052991
-36.432425,8,275.065518
4.032875,8,275.081541
-91.26209,8,275.103073
-26.1927,8,275.114629
-48.600615,8,275.12669
-16.980267,8,275.14343
-18.316044,8,275.156466
-7.34276,8,275.174642
4.140034,8,275.188674
-48.459967,8,275.198195
-74.360525,8,275.21189
-79.862048,8,275.221413
-2.25571,8,275.230938
0.619188,8,275.243462
-16.56583,8,275.26115
-2.866804,8,275.272502
-8.494889,8,275.283032
-5.828962,8,275.292809
-40.443444,8,275.307735
-65.885896,8,275.324291
-2.335648,8,275.335938
-0.938727,8,275.34549
-36.322334,8,275.363758
-8.093086,8,275.374713
-16.985252,8,275.386928
-38.278277,8,275.398268
-6.346793,8,275.417068
1.154902,8,275.432158
-15.301161,8,275.443534
0.104254,8,275.455058
0.224765,8,275.474762
-2.931856,8,275.49138
2.830519,8,275.50335
-5.53162,8,275.514872
-38.977528,8,275.531101
-3.076378,8,275.542626
1.331787,8,275.552155
5.503522,8,275.563691
-79.892092,8,275.582268
4.105016,8,275.594599
-19.071055,8,275.604782
-2.358816,8,275.616391
-10.813879,8,275.629705
-14.871917,8,275.6414
-21.319275,8,275.657345
-24.891027,8,275.669811
-14.73138,8,275.688516
-19.157134,8,275.698037
-1.455888,8,275.708653
0.453902,8,275.720178
3.688903,8,275.732696
2.442389,8,275.744221
-39.171247,8,275.756425
-14.102724,8,275.766443
-0.972864,8,275.778474
-1.771406,8,275.788982
-1.501932,8,275.80719
-6.703889,8,275.81519
-19.609107,8,275.828833
0.826839,8,275.840371
5.258027,8,275.849881
0.955807,8,275.861386
-64.679067,8,275.874794
3.025381,8,275.886307
-91.186634,8,275.896164
-46.605166,8,275.906693
-3.455947,8,275.924869
-25.988635,8,275.934313
-13.288025,8,275.946432
-1.992369,8,275.963051
-2.275593,8,275.976238
-10.361981,8,275.987654
-131.581712,8,275.998303
-13.176396,8,276.009798
-4.178987,8,276.027645
4.887595,8,276.038702
-11.762408,8,276.049226
-44.023774,8,276.059748
-39.247641,8,276.074424
-3.10824,8,276.087695
-15.769249,8,276.096208
-4.487179,8,276.109421
-204.424263,8,276.124753
-28.13485,8,276.137778
-60.127812,8,276.146283
-57.870356,8,276.156804
-74.710119,8,276.171674
-15.444696,8,276.182202
1.165459,8,276.193722
-4.096422,8,276.203411
-15.129183,8,276.218445
-0.4928,8,276.22928
-14.534455,8,276.243799
-2.635485,8,276.254309
2.41764,8,276.271667
3.332997,8,276.281181
-8.05428,8,276.292891
-31.913539,8,276.303494
-3.029269,8,276.315561
-64.267258,8,276.325092
-101.096679,8,276.334611
3.085195,8,276.345145
-1.287738,8,276.363195
-14.479335,8,276.372687
-42.239891,8,276.381211
2.264723,8,276.390734
-15.861082,8,276.407804
6.094447,8,276.417341
0.698009,8,276.427853
2.878869,8,276.436579
-1.80108,8,276.449113
-64.474756,8,276.463626
-2.185684,8,276.474722
-1.623802,8,276.486374
6.57399,8,276.500087
-6.939071,8,276.510604
1.165124,8,276.52211
2.054104,8,276.531635
-15.050338,8,276.54477
-17.152181,8,276.560804
5.468597,8,276.574697
-0.075415,8,276.58686
-88.999595,8,276.601464
-39.165412,8,276.612012
6.075694,8,276.625543
-118.456807,8,276.638606
-6.802784,8,276.653132
-12.793354,8,276.662669
-9.923465,8,276.672708
-21.033194,8,276.684225
-10.060755,8,276.698245
-12.988177,8,276.711299
5.921836,8,276.722813
-0.228936,8,276.732778
-26.197746,8,276.747501
-36.065112,8,276.759776
-47.15317,8,276.770403
-6.159567,8,276.778922
-1.96154,8,276.796453
-86.719079,8,276.806526
-35.837434,8,276.817083
-40.722537,8,276.828626
-38.826652,8,276.842714
5.079867,8,276.853256
-3.71413,8,276.869712
-0.440266,8,276.880463
-0.854357,8,276.898477
-34.861529,8,276.909101
2.338024,8,276.919612
8.019146,8,276.930136
-15.123251,8,276.943652
-66.382057,8,276.952174
-4.198108,8,276.963768
-16.977906,8,276.973751
-29.898021,8,276.9873
-31.168274,8,276.997868
-19.818901,8,277.015424
-3.420509,8,277.029095
-84.442927,8,277.043925
-98.324751,8,277.054559
0.608831,8,277.064079
0.234195,8,277.075603
-8.81558,8,277.089932
4.412495,8,277.099546
-120.958766,8,277.110245
5.126438,8,277.123896
-52.134426,8,277.138207
-22.559893,8,277.146616
-18.662909,8,277.159515
-34.941101,8,277.17924
-33.811883,8,277.193865
-6.256324,8,277.205509
-67.516382,8,277.217688
0.068056,8,277.232269
-0.479235,8,277.246797
-1.504104,8,277.260547
-13.770719,8,277.270781
-4.066046,8,277.282302
-0.265762,8,277.298203
-81.629155,8,277.310624
-3.547551,8,277.323451
-98.902977,8,277.343859
6.846991,8,277.361903
-2.16021,8,277.376432
-66.949114,8,277.390016
-16.7872,8,277.40466
-47.318564,8,277.420705
-7.567277,8,277.433235
-73.781874,8,277.45155
-48.385428,8,277.464617
-34.378323,8,277.479214
-37.654874,8,277.490962
-21.302432,8,277.502564
-38.770926,8,277.518679
-2.770762,8,277.541798
-55.093763,8,277.556415
6.414477,8,277.568711
-28.577207,8,277.579495
-13.02437,8,277.594051
0.15606,8,277.606369
-8.114429,8,277.615387
3.847672,8,277.627407
5.08162,8,277.643936
-37.437125,8,277.657611
-10.459477,8,277.676188
-0.42753,8,277.688714
-3.676048,8,277.710803
-15.207698,8,277.724724
-6.111159,8,277.738
-5.181355,8,277.751031
-4.386174,8,277.768076
0.793044,8,277.785592
-11.709593,8,277.798641
-0.863445,8,277.813281
-13.26377,8,277.829325
-23.865886,8,277.840361
0.573859,8,277.849884
-9.544944,8,277.861548
3.456374,8,277.876291
-48.184716,8,277.896326
-22.872112,8,277.906998
1.414868,8,277.918547
-3.12349,8,277.932105
-13.844904,8,277.943202
-12.253918,8,277.955118
-0.203443,8,277.966169
-47.659891,8,277.980967
2.517817,8,277.992397
-21.997669,8,278.005058
-50.581611,8,278.01457
3.741707,8,278.029624
-21.678389,8,278.043615
-11.687829,8,278.05413
-45.976582,8,278.066157
3.279717,8,278.084262
-62.671398,8,278.0993
5.418825,8,278.116317
-131.923491,8,278.129397
-16.712886,8,278.14506
5.802714,8,278.158652
-5.973319,8,278.170791
2.446551,8,278.182306
-10.558254,8,278.202106
-49.854245,8,278.219142
1.469808,8,278.238687
-54.953413,8,278.251228
-65.463201,8,278.266254
-55.00073,8,278.277791
-19.888806,8,278.288329
-17.131656,8,278.300047
-19.44611,8,278.313676
6.577711,8,278.328707
-9.598088,8,278.341743
-31.434028,8,278.354592
-0.628087,8,278.368769
-19.25803,8,278.37929
0.814138,8,278.393962
-6.512624,8,278.406973
-40.431142,8,278.418537
-7.19297,8,278.428062
-98.640015,8,278.442128
-27.911719,8,278.453049
-22.984581,8,278.468741
1.299924,8,278.479248
-25.223179,8,278.489994
-60.57201,8,278.500539
-10.761702,8,278.517672
-0.484414,8,278.530186
-2.475268,8,278.540948
-106.808688,8,278.562026
0.867995,8,278.577045
1.470891,8,278.588585
6.422214,8,278.600137
-58.437887,8,278.611462
-80.171999,8,278.626421
-2.290388,8,278.638059
1.433809,8,278.648471
-38.999371,8,278.661511
-0.801584,8,278.677584
-1.115544,8,278.690114
-24.660935,8,278.701729
-37.910933,8,278.717696
-3.577049,8,278.731253
-19.139131,8,278.742511
-23.396596,8,278.755573
-96.992919,8,278.772203
-20.990444,8,278.790247
-7.824548,8,278.802859
2.286424,8,278.815373
-4.247373,8,278.829551
-0.354803,8,278.846282
-70.459418,8,278.860908
7.619494,8,278.879284
-64.121718,8,278.893761
-16.398406,8,278.914616
5.463114,8,278.926651
-135.030694,8,278.934656
-3.355225,8,278.944696
-101.099597,8,278.958736
-112.160536,8,278.968373
-44.091222,8,278.977898
6.108427,8,278.993436
9.000784,8,279.009049
3.718329,8,279.020732
3.546881,8,279.031281
-17.734485,8,279.042461
-26.809696,8,279.061029
-35.466318,8,279.072723
-6.776493,8,279.084244
-221.786931,8,279.098561
-116.714113,8,279.112666
-1.216225,8,279.124184
-2.894345,8,279.134706
-17.620848,8,279.146231
4.24382,8,279.160318
-33.225243,8,279.169839
-15.578659,8,279.179362
-55.978006,8,279.189885
-19.481811,8,279.206654
-21.346563,8,279.220194
1.079356,8,279.230712
-0.992157,8,279.241726
0.964823,8,279.256248
-8.457518,8,279.264768
-9.894469,8,279.276251
-64.69202,8,279.286474
5.456516,8,279.299517
-0.92325,8,279.31405
3.006167,8,279.32473
-31.790144,8,279.335352
-10.406945,8,279.348919
-71.967035,8,279.364954
-3.468854,8,279.377321
4.297952,8,279.387879
-46.425447,8,279.402107
-24.821409,8,279.412922
0.807041,8,279.427328
-26.926751,8,279.437168
-18.755152,8,279.449212
-17.999179,8,279.460276
-2.487705,8,279.470788
-22.167949,8,279.481312
-21.874307,8,279.493957
0.295261,8,279.50348
-1.038225,8,279.518507
-44.357993,8,279.533133
-71.940604,8,279.546557
-25.880848,8,279.558606
-4.222981,8,279.570819
-27.502169,8,279.58233
6.653364,8,279.59829
-56.941265,8,279.610644
5.097214,8,279.623854
-10.301387,8,279.639905
-4.384667,8,279.6616
-1.005218,8,279.676601
-16.872123,8,279.699296
-37.69954,8,279.712809
-33.328439,8,279.732989
-144.012714,8,279.757061
5.551037,8,279.774569
-8.12784,8,279.793099
-25.813093,8,279.81215
-5.190929,8,279.826396
4.355743,8,279.838931
2.741859,8,279.85197
-6.721757,8,279.87357
1.423884,8,279.889881
-27.751611,8,279.902479
7.770217,8,279.923235
-108.607345,8,280.08537
5.171559,8,280.099392
-25.936883,8,280.111906
-28.074078,8,280.123616
4.171119,8,280.139843
6.518779,8,280.14939
-14.960838,8,280.162717
-15.466481,8,280.175988
-1.507295,8,280.196376
-32.088934,8,280.209399
-13.633401,8,280.22168
-23.513413,8,280.235513
-8.437882,8,280.250057
-63.477126,8,280.261585
-29.939866,8,280.273216
-57.745117,8,280.28239
0.596261,8,280.29642
-20.347341,8,280.30664
-4.614633,8,280.322842
-26.826598,8,280.335366
-34.401389,8,280.349488
6.7499,8,280.361599
-21.977836,8,280.373082
-19.594068,8,280.384691
-21.129376,8,280.408077
6.967321,8,280.418806
-63.070704,8,280.43554
-34.808536,8,280.447067
-38.900826,8,280.463252
2.113993,8,280.476272
-2.186671,8,280.490003
-32.19011,8,280.501314
-57.264306,8,280.514845
-2.698583,8,280.527568
-32.877421,8,280.542422
-2.367333,8,280.554963
-0.35741,8,280.57284
-81.196663,8,280.584361
-31.762803,8,280.597453
-3.28107,8,280.607986
-6.386068,8,280.623515
-40.062522,8,280.635473
-77.781946,8,280.648666
-1.763025,8,280.663971
2.312869,8,280.678294
-1.683304,8,280.687968
5.422768,8,280.696503
-55.941898,8,280.706447
-61.914914,8,280.718208
-40.128094,8,280.735209
1.017881,8,280.775226
-90.068884,8,280.822813
-0.208965,8,280.851122
-7.607594,8,280.871149
-0.089874,8,280.894968
6.015697,8,280.911017
3.603273,8,280.936532
-21.889983,8,280.956726
1.004693,8,280.976876
-93.827742,8,280.99743
0.057615,8,281.010787
-89.477249,8,281.035433
-2.403169,8,281.051141
-39.115809,8,281.066423
-16.551341,8,281.086968
-10.550517,8,281.104585
2.867408,8,281.116655
-26.731184,8,281.12923
-1.213288,8,281.144892
2.545733,8,281.156199
-67.115729,8,281.166402
2.536747,8,281.176257
-38.392579,8,281.190219
2.006341,8,281.206604
-47.514618,8,281.224208
0.372887,8,281.233829
4.598216,8,281.24645
1.923053,8,281.258024
-6.819868,8,281.268757
-51.185648,8,281.280324
4.158256,8,281.296386
-1.131259,8,281.363721
-0.030042,8,281.374775
0.94862,8,281.387572
-3.045443,8,281.402092
-82.638403,8,281.413614
-6.991026,8,281.434652
0.651271,8,281.448218
0.717329,8,281.466244
-21.390008,8,281.477947
-0.436848,8,281.489495
-0.421328,8,281.500022
-47.696354,8,281.513539
-113.823271,8,281.524052
-13.537197,8,281.540046
-29.690089,8,281.55111
-18.016807,8,281.564251
-0.536926,8,281.576313
5.824743,8,281.588305
-20.799982,8,281.606466
-1.050932,8,281.622348
-23.309927,8,281.63387
-18.466534,8,281.644667
0.295606,8,281.664708
3.470423,8,281.679416
-14.288525,8,281.69101
6.010445,8,281.700541
-2.332698,8,281.711063
1.816222,8,281.725573
-10.079219,8,281.735102
-21.912848,8,281.745143
-1.075415,8,281.765178
-16.644558,8,281.779218
4.959376,8,281.791103
-26.023568,8,281.801723
1.382613,8,281.81126
-12.971869,8,281.826377
-18.149345,8,281.838092
-15.517869,8,281.84714
4.631348,8,281.857684
-27.224337,8,281.870469
1.21009,8,281.885102
-2.961168,8,281.896528
-15.02739,8,281.907034
-38.21934,8,281.924818
1.810997,8,281.935502
-1.685966,8,281.945521
-27.572305,8,281.955034
-42.082533,8,281.971081
-1.225698,8,281.988023
-33.520011,8,281.999541
-0.36826,8,282.013151
-16.14204,8,282.03329
-81.080365,8,282.048026
8.325582,8,282.062542
0.928304,8,282.081395
-5.72627,8,282.115286
-17.913432,8,282.131474
-42.038286,8,282.145559
-71.799092,8,282.160634
-35.791409,8,282.17717
-7.406587,8,282.189203
-35.814178,8,282.199246
-9.61027,8,282.214482
-70.09527,8,282.235559
-6.496791,8,282.253115
-1.432324,8,282.267688
-172.936287,8,282.278298
-12.372343,8,282.299542
-97.905359,8,282.323857
-57.271113,8,282.339955
1.769175,8,282.353252
-47.750016,8,282.372818
-6.733156,8,282.383346
-17.677777,8,282.397561
-17.938169,8,282.41319
-82.97627,8,282.436987
-17.3953,8,282.451711
-58.772171,8,282.467455
-9.106889,8,282.479854
2.350712,8,282.497889
-44.545645,8,282.518822
-8.994023,8,282.534454
-7.775968,8,282.55213
5.210116,8,282.567791
-21.774205,8,282.580363
-21.733235,8,282.593006
-23.17888,8,282.603591
-5.460256,8,282.617621
-0.018138,8,282.629298
-4.244797,8,282.638958
-8.652755,8,282.652221
4.444873,8,282.667251
-40.690593,8,282.677339
-14.965339,8,282.693923
-89.34088,8,282.703446
-219.87805,8,282.718507
-15.648592,8,282.729067
-6.80553,8,282.740681
4.865462,8,282.754763
-0.878249,8,282.768603
-0.518601,8,282.777133
-6.091101,8,282.786677
2.195439,8,282.797388
0.796044,8,282.811259
-32.501884,8,282.822773
1.432154,8,282.840047
1.121457,8,282.85318
-12.136787,8,282.874372
-4.993873,8,282.888025
-75.216089,8,282.899559
-1.860871,8,282.910272
0.656933,8,282.924775
-22.712902,8,282.93619
-53.871441,8,282.946207
-50.835844,8,282.956707
3.533764,8,282.973812
-14.309749,8,282.981336
-7.936926,8,282.994364
0.32082,8,283.010681
-30.764192,8,283.025192
-60.860831,8,283.034702
-111.575143,8,283.044719
2.26413,8,283.055229
-23.148116,8,283.069377
-6.497251,8,283.082896
-38.127468,8,283.094091
-49.452149,8,283.101799
1.942438,8,283.115326
-25.212986,8,283.12743
5.435232,8,283.139522
3.146026,8,283.15524
-15.834282,8,283.166229
-5.518895,8,283.177846
-81.943049,8,283.19236
-14.72524,8,283.200892
2.822313,8,283.214706
-38.925278,8,283.226811
-86.976171,8,283.237343
-34.71261,8,283.247382
4.659382,8,283.261912
-83.530659,8,283.271809
2.148293,8,283.282335
-1.429232,8,283.291987
-109.886209,8,283.311045
-44.606136,8,283.32156
-0.095844,8,283.332069
-14.279981,8,283.340797
-27.745782,8,283.354165
-0.723442,8,283.364684
-8.803181,8,283.374804
-15.73528,8,283.384329
-0.871382,8,283.397466
8.440923,8,283.413797
-35.717017,8,283.423328
-38.809042,8,283.43284
2.960954,8,283.449404
-3.849942,8,283.460917
-5.945364,8,283.471818
1.002474,8,283.480329
0.495126,8,283.494643
-136.558509,8,283.50417
4.705907,8,283.51469
-3.977049,8,283.530146
-14.278042,8,283.544185
2.215349,8,283.553326
2.069485,8,283.564905
-51.531933,8,283.573995
-120.975537,8,283.590359
-4.421645,8,283.608272
-0.123254,8,283.622804
-3.033888,8,283.639621
-32.208997,8,283.654251
-61.955828,8,283.666152
-32.856505,8,283.678171
-29.14332,8,283.691009
-11.220627,8,283.705522
1.780143,8,283.718344
-12.474209,8,283.732876
-55.76598,8,283.746166
3.587717,8,283.766503
-4.774048,8,283.780653
4.601061,8,283.796243
0.874369,8,283.808312
-102.024298,8,283.823996
-0.660354,8,283.834467
-38.436717,8,283.84359
5.606929,8,283.858312
-6.804433,8,283.874883
-101.640288,8,283.886928
-50.623669,8,283.89871
-116.095985,8,283.913294
-5.49136,8,283.928008
2.221511,8,283.940288
-22.78236,8,283.958115
-4.631649,8,283.972875
-0.711364,8,283.98702
-58.754831,8,283.998247
1.684342,8,284.009033
-14.020114,8,284.020491
0.021153,8,284.034577
-41.346515,8,284.045599
1.984943,8,284.057505
0.4341,8,284.068027
-103.095792,8,284.091087
3.069135,8,284.101744
-7.980811,8,284.116769
-18.894103,8,284.128287
-10.614754,8,284.14285
-15.747602,8,284.154154
-23.686227,8,284.164715
-15.790849,8,284.176384
-24.607041,8,284.193858
2.062025,8,284.206374
-55.166632,8,284.217859
-39.313346,8,284.22851
-22.176066,8,284.243523
-5.151875,8,284.25493
-44.418095,8,284.264835
-1.310899,8,284.281367
-7.482941,8,284.299457
-30.33642,8,284.311774
-20.50276,8,284.322302
-110.567389,8,284.33282
-54.564475,8,284.346364
-28.512611,8,284.360905
-13.8088,8,284.374873
3.425026,8,284.386326
-35.748769,8,284.406187
1.497886,8,284.419817
-5.046407,8,284.434058
3.687279,8,284.456185
-5.913735,8,284.480478
-22.181089,8,284.49305
-24.456436,8,284.511742
-9.248938,8,284.528751
-0.81088,8,284.549329
0.02263,8,284.564857
6.251321,8,284.57743
-31.342958,8,284.589755
-19.67445,8,284.607806
-134.642513,8,284.630358
-53.289344,8,284.64439
-28.890957,8,284.657421
-39.890453,8,284.67944
-8.855377,8,284.696476
5.619627,8,284.709005
-1.315344,8,284.7244
-36.815128,8,284.747618
-2.273675,8,284.760927
-104.753929,8,284.773458
-12.449059,8,284.786379
2.01428,8,284.804993
-37.450272,8,284.816519
1.761393,8,284.83013
-7.080099,8,284.8481
2.397026,8,284.871532
-66.163828,8,284.887091
-0.63244,8,284.91098
-27.183147,8,284.938175
-20.070198,8,284.970611
-0.250103,8,284.986144
-17.22781,8,285.000051
0.03999,8,285.012103
-72.550256,8,285.030377
-53.444525,8,285.042125
-0.023254,8,285.054872
0.952201,8,285.070964
-14.073014,8,285.08947
-14.917281,8,285.107799
-2.607255,8,285.119328
-11.262621,8,285.131851
-25.541127,8,285.148391
-102.7636,8,285.16095
-21.423718,8,285.177449
-40.358741,8,285.189023
-53.159612,8,285.203786
-176.105894,8,285.215308
-6.44006,8,285.227345
-1.874138,8,285.238078
-6.655276,8,285.25111
6.674393,8,285.269132
-37.417039,8,285.282683
-17.977721,8,285.29312
-19.611219,8,285.305201
-18.734836,8,285.314731
-73.658437,8,285.32625
-12.728571,8,285.337293
-35.64757,8,285.350326
-2.161539,8,285.361848
-2.122198,8,285.373287
-9.594315,8,285.388322
-14.792964,8,285.399832
-47.785633,8,285.410726
-100.907183,8,285.425248
-17.214816,8,285.434771
-52.925902,8,285.446315
1.605832,8,285.456322
4.048007,8,285.466353
-7.141319,8,285.474856
-2.700241,8,285.489578
-0.921754,8,285.5032
-53.960645,8,285.512735
-8.071396,8,285.523268
8.905267,8,285.53847
10.081953,8,285.546609
-20.168591,8,285.56472
-81.800875,8,285.575259
-103.690352,8,285.590302
-5.084002,8,285.599814
-1.319892,8,285.614698
-57.290052,8,285.62672
-20.086374,8,285.639261
-177.331371,8,285.649355
-33.68657,8,285.659877
2.006859,8,285.670404
-18.781015,8,285.681912
-125.578224,8,285.691427
1.701926,8,285.699955
-8.576823,8,285.71803
-21.391112,8,285.73158
-43.490966,8,285.74111
-5.350586,8,285.74918
-30.838471,8,285.758696
-19.469061,8,285.771853
-70.358966,8,285.782364
-1.488405,8,285.787947
-10.710032,8,285.801171
-18.828759,8,285.813702
-5.173052,8,285.826317
-40.053259,8,285.833838
0.502161,8,285.844858
0.004444,8,285.862037
-11.277446,8,285.872579
-0.724806,8,285.882102
-50.323011,8,285.892629
-42.448881,8,285.90624
-13.568955,8,285.914754
-1.271827,8,285.925274
-23.603485,8,285.940311
-2.625532,8,285.952381
1.95623,8,285.961904
3.505925,8,285.971427
-86.090623,8,285.979947
-3.175041,8,285.994478
-86.84496,8,286.003279
-51.040961,8,286.012822
-19.166137,8,286.023376
-44.134811,8,286.037138
-32.011739,8,286.050252
-27.957261,8,286.061779
3.26969,8,286.072057
5.002759,8,286.086557
2.4896,8,286.096169
-89.801806,8,286.107378
-36.217198,8,286.116908
1.991132,8,286.135558
-12.676418,8,286.145575
-0.719668,8,286.160775
-77.331409,8,286.170889
-20.292109,8,286.184416
-14.751278,8,286.195102
-29.150696,8,286.2048
-15.289969,8,286.214323
8.633537,8,286.22799
-16.937256,8,286.237512
-16.591138,8,286.247542
0.328836,8,286.262092
-9.589579,8,286.279102
-29.326541,8,286.293637
-20.423474,8,286.302161
-139.872734,8,286.310681
0.596716,8,286.324772
-1.784785,8,286.3365
2.079688,8,286.347041
1.093956,8,286.357571
-3.331119,8,286.370903
-24.566716,8,286.385432
-6.05522,8,286.396631
4.786457,8,286.407809
-18.350249,8,286.421358
-21.945733,8,286.436246
-7.980946,8,286.446549
-82.647904,8,286.457071
0.132603,8,286.470615
-16.885923,8,286.480132
-1.710763,8,286.493689
11.444089,8,286.503262
-2.007636,8,286.516156
-25.739651,8,286.528936
-76.2527,8,286.540503
-13.921562,8,286.552246
-6.25827,8,286.566385
-13.052054,8,286.577453
-22.598143,8,286.596342
4.485513,8,286.607299
-17.553832,8,286.619861
-10.647682,8,286.63244
-0.580226,8,286.642964
-38.865046,8,286.654273
-16.074746,8,286.66646
1.556944,8,286.676677
6.595198,8,286.687211
-13.627863,8,286.695206
-1.299979,8,286.712402
-82.678034,8,286.722922
-4.585361,8,286.736942
-4.091061,8,286.746968
0.582981,8,286.884311
-26.615136,8,286.894831
-33.868892,8,286.903569
-66.412589,8,286.913136
-1.365594,8,286.924649
-4.521686,8,286.938671
-126.023472,8,286.94769
-8.891564,8,286.963578
0.16336,8,286.98162
-5.777333,8,286.993129
-19.049476,8,287.003733
-24.899519,8,287.023776
3.251368,8,287.039809
-191.867573,8,287.058364
-10.675669,8,287.070897
-3.53476,8,287.082428
-16.354864,8,287.097581
-70.314627,8,287.112643
-26.943691,8,287.126405
-16.004967,8,287.136571
-19.235562,8,287.159719
-43.852485,8,287.171369
1.26332,8,287.18289
1.863572,8,287.200926
-7.903418,8,287.216529
-29.231621,8,287.228456
-37.529636,8,287.240085
3.994398,8,287.253453
-4.578536,8,287.275075
-73.086811,8,287.290114
9.15859,8,287.303746
4.499248,8,287.314267
4.754955,8,287.328385
-26.314469,8,287.341142
-80.27038,8,287.355217
-30.832044,8,287.367873
-57.016054,8,287.393136
-30.863651,8,287.404368
-14.716888,8,287.416141
-2.339907,8,287.428401
0.290321,8,287.442105
-36.01359,8,287.455218
-50.139921,8,287.464766
1.712353,8,287.475328
-11.847292,8,287.494462
-15.924285,8,287.505227
-65.204094,8,287.51374
-2.708108,8,287.525252
-0.559863,8,287.544796
-0.945755,8,287.557877
-31.697659,8,287.567414
1.804174,8,287.577425
-3.715469,8,287.594945
1.060082,8,287.605294
0.904846,8,287.614817
-6.522184,8,287.625349
1.436826,8,287.63896
5.739446,8,287.648489
-112.519145,8,287.661781
-57.379712,8,287.674118
-10.20012,8,287.688153
-92.871797,8,287.707253
-0.952909,8,287.716261
-24.12196,8,287.726418
-13.154172,8,287.739972
1.06857,8,287.750546
-6.716556,8,287.763086
-0.017507,8,287.77287
-32.62983,8,287.786376
-2.573187,8,287.796393
-23.124153,8,287.806517
-3.080814,8,287.818639
-48.856066,8,287.832185
-67.536363,8,287.84482
-16.891989,8,287.856851
-13.405038,8,287.867873
-6.539807,8,287.880419
-0.154157,8,287.891148
1.568169,8,287.900666
-36.881127,8,287.910374
0.598428,8,287.995109
-7.827419,8,288.010913
4.383901,8,288.024952
10.859922,8,288.036967
-2.909688,8,288.051542
2.232638,8,288.063064
6.263351,8,288.079107
-39.141609,8,288.090632
-23.378931,8,288.108753
-33.528258,8,288.120316
-22.807514,8,288.174414
4.774764,8,288.184196
4.566103,8,288.19646
-35.931316,8,288.212003
-0.117895,8,288.222626
0.349532,8,288.232392
-1.075377,8,288.246593
-3.931522,8,288.256115
-16.129227,8,288.271659
-28.194503,8,288.281183
-12.017781,8,288.297225
-17.820243,8,288.306751
-77.916649,8,288.319279
-110.058529,8,288.33007
4.990635,8,288.343495
-3.000981,8,288.353616
4.417827,8,288.363151
-26.674659,8,288.371874
-12.624523,8,288.38341
-4.690981,8,288.392916
3.14379,8,288.403471
3.411535,8,288.419543
5.278321,8,288.437174
-0.954092,8,288.447694
-33.304782,8,288.460228
-35.67898,8,288.469915
-6.185658,8,288.482483
-46.687646,8,288.494154
-3.242512,8,288.505092
-27.87936,8,288.516119
-16.6018,8,288.536153
-82.204227,8,288.545843
5.089924,8,288.556987
1.846243,8,288.573035
-2.983231,8,288.585444
5.380303,8,288.595027
-41.579031,8,288.606958
-3.772878,8,288.617679
4.061158,8,288.630464
-3.581543,8,288.641043
2.892867,8,288.654893
-3.090013,8,288.661453
-5.868333,8,288.674914
3.420968,8,288.683437
-5.455402,8,288.694697
-26.535119,8,288.705402
-2.481032,8,288.724003
0.99504,8,288.733725
-18.345717,8,288.744421
-1.632104,8,288.758017
-42.788259,8,288.772926
-31.480895,8,288.782442
4.012388,8,288.792108
-6.349447,8,288.801702
-21.165672,8,288.814437
-19.236685,8,288.825013
-36.060284,8,288.835537
-17.916536,8,288.845053
-88.388428,8,288.869589
-21.556957,8,288.880103
4.216123,8,288.889618
7.479523,8,288.899145
-5.344156,8,288.911748
-3.473182,8,288.922271
3.351772,8,288.930828
3.523138,8,288.940361
-18.384953,8,288.950866
-36.625102,8,288.962396
5.769263,8,288.971991
0.520996,8,288.985699
-21.42007,8,288.998475
3.430356,8,289.015301
-1.358857,8,289.027456
0.187184,8,289.038155
7.813631,8,289.050671
1.093411,8,289.06228
-1.619966,8,289.071922
-20.930695,8,289.087074
-7.505105,8,289.103287
5.157829,8,289.112804
4.844917,8,289.125322
-26.214162,8,289.134841
-64.558987,8,289.147869
2.9517,8,289.16242
-5.070894,8,289.174069
-16.092192,8,289.183616
-34.101369,8,289.196671
-16.656257,8,289.213289
-142.273396,8,289.223925
-17.981939,8,289.23345
6.515636,8,289.247474
3.534673,8,289.260633
-63.277911,8,289.272153
-2.678192,8,289.284674
-31.699668,8,289.298711
3.084009,8,289.310937
6.801644,8,289.33299
1.132543,8,289.345181
4.826855,8,289.362559
-1.87293,8,289.374987
-27.868401,8,289.38802
-4.303413,8,289.402614
-5.349264,8,289.417229
-17.728406,8,289.436148
1.158802,8,289.447687
-57.627917,8,289.460204
0.334864,8,289.497469
5.36733,8,289.510132
-16.846259,8,289.528531
-0.059147,8,289.546419
0.337192,8,289.561826
-13.002795,8,289.573439
4.516012,8,289.58396
3.853573,8,289.596496
-51.789024,8,289.611544
-13.803414,8,289.626381
-11.221734,8,289.638424
-4.645045,8,289.653949
-86.239124,8,289.671994
-1.393258,8,289.687141
-110.859134,8,289.701656
3.461919,8,289.721698
-4.901231,8,289.740659
-21.016,8,289.755344
0.383079,8,289.772464
5.46955,8,289.789497
-30.563492,8,289.806522
5.338292,8,289.817048
-0.504264,8,289.829585
9.045659,8,289.841112
8.197578,8,289.856153
1.558396,8,289.866158
0.498095,8,289.879983
-3.794965,8,289.896513
-0.992749,8,289.911772
2.573067,8,289.923975
-4.392872,8,289.935499
3.019878,8,289.945042
-6.910779,8,289.960162
1.151207,8,289.969927
-3.777477,8,289.979448
-17.054661,8,289.992966
-40.596111,8,290.007103
-14.08713,8,290.016617
-9.814448,8,290.028445
-19.559938,8,290.038513
-13.382906,8,290.058801
2.07006,8,290.070429
6.659366,8,290.079949
2.502136,8,290.091471
-120.452009,8,290.107579
-1.363747,8,290.118117
-34.860025,8,290.1287
-20.344858,8,290.139202
-44.523044,8,290.152849
-41.794964,8,290.163571
-25.040227,8,290.174223
4.032338,8,290.184822
-35.485259,8,290.202848
-15.333594,8,290.216359
-29.162249,8,290.227386
-0.834418,8,290.239169
-105.572043,8,290.252192
-19.081355,8,290.261714
-15.573537,8,290.27196
-1.840087,8,290.279484
-18.188049,8,290.292214
-0.886204,8,290.301727
-56.358556,8,290.313249
-66.249486,8,290.327378
-17.555236,8,290.341719
-2.980664,8,290.358338
-9.398808,8,290.369971
-1.661792,8,290.380379
2.654373,8,290.396142
-5.962437,8,290.404848
-11.403946,8,290.41437
2.460815,8,290.4264
7.7076,8,290.443104
3.008103,8,290.455159
-24.604854,8,290.466188
-62.608856,8,290.476351
0.918953,8,290.489396
-109.288332,8,290.5026
-3.704863,8,290.512115
-4.98763,8,290.522637
-25.361796,8,290.537827
-14.408149,8,290.544828
2.459623,8,290.559866
-15.243412,8,290.571025
-17.659304,8,290.581522
5.242814,8,290.593183
-26.31451,8,290.603879
-34.376047,8,290.614406
3.75201,8,290.628424
-30.060153,8,290.640207
-6.609735,8,290.658916
-14.381063,8,290.669601
-14.305757,8,290.683107
-15.986961,8,290.694208
-38.681012,8,290.70492
-13.677331,8,290.715443
-3.791057,8,290.728468
-19.199236,8,290.739177
-5.517465,8,290.749195
-148.251632,8,290.759708
8.752736,8,290.77648
-1.14034,8,290.787188
5.766143,8,290.802397
-142.455406,8,290.812917
-9.826763,8,290.826471
-37.265116,8,290.838332
-21.589048,8,290.848602
-2.371061,8,290.860934
-47.540925,8,290.876984
1.334687,8,290.886501
-98.051299,8,290.897049
-43.026939,8,290.907646
-18.144778,8,290.920149
5.495799,8,290.930657
-187.743323,8,290.940173
-6.441011,8,290.954872
-1.772079,8,290.96898
-0.79197,8,290.978494
-28.654621,8,290.992201
-0.172027,8,291.000716
-38.691608,8,291.012237
7.899538,8,291.022758
5.639659,8,291.032284
-1.415061,8,291.043282
-56.010299,8,291.056809
4.446114,8,291.066327
1.985985,8,291.076458
-37.68889,8,291.091224
-117.074787,8,291.110311
-12.573514,8,291.121042
1.965578,8,291.12956
6.086115,8,291.139086
2.196001,8,291.15331
5.766008,8,291.164822
-6.796395,8,291.174987
-1.033729,8,291.187242
2.884013,8,291.20277
4.092258,8,291.215285
-6.400024,8,291.224975
-4.525869,8,291.236394
3.826596,8,291.253513
5.172667,8,291.265018
-30.867489,8,291.277121
-0.118601,8,291.287656
-27.534505,8,291.299175
-0.031367,8,291.3097
-19.708067,8,291.324256
0.767572,8,291.331775
-24.38876,8,291.344288
5.382061,8,291.355405
-10.361893,8,291.364924
-32.101053,8,291.373941
-4.267455,8,291.393171
1.008151,8,291.402807
1.435735,8,291.413357
-50.958309,8,291.428352
2.08662,8,291.44321
4.004484,8,291.454246
-30.92665,8,291.464765
-38.056659,8,291.475021
-21.204034,8,291.492064
2.351123,8,291.503714
2.35063,8,291.516794
3.871809,8,291.527518
1.796799,8,291.549194
-1.214857,8,291.563928
-29.53047,8,291.575009
6.168287,8,291.586266
2.746475,8,291.600795
-21.928857,8,291.611319
0.091159,8,291.623946
-11.162751,8,291.634471
4.624656,8,291.653
1.998653,8,291.665382
3.03589,8,291.67647
-34.376392,8,291.688006
3.873669,8,291.699575
-3.658062,8,291.71618
-21.686261,8,291.728284
9.448867,8,291.738858
-13.443511,8,291.754978
6.858695,8,291.763504
-14.399119,8,291.774018
6.835147,8,291.784566
-19.644537,8,291.797743
5.361408,8,291.808443
-6.174245,8,291.817971
2.457071,8,291.828537
-1.412988,8,291.846572
-1.215561,8,291.867132
3.910305,8,291.888197
-1.803862,8,291.900718
-40.104361,8,291.915252
0.986176,8,291.929797
3.310789,8,291.941318
4.849363,8,291.952397
-25.82862,8,291.966637
-72.82626,8,291.98356
-42.096415,8,291.997763
2.410331,8,292.00886
-20.092157,8,292.02537
-13.166357,8,292.039415
2.596421,8,292.054999
5.580804,8,292.068009
0.836549,8,292.082591
-4.716467,8,292.099614
-12.275333,8,292.111468
-38.025515,8,292.124901
-0.25469,8,292.14018
-34.335422,8,292.151812
-16.765334,8,292.163336
5.148801,8,292.1784
3.906945,8,292.198713
-1.896368,8,292.211367
-42.588738,8,292.222891
-19.842452,8,292.239915
1.190152,8,292.323658
-38.153748,8,292.332182
9.039721,8,292.341815
-74.510048,8,292.351836
-67.761679,8,292.36535
-82.44453,8,292.374961
-19.462371,8,292.386985
-9.898622,8,292.395005
-7.689966,8,292.409056
-8.667181,8,292.423003
-33.502626,8,292.433527
-107.645088,8,292.449902
-46.695625,8,292.465276
5.925992,8,292.477334
-14.171496,8,292.487144
-6.77801,8,292.497651
-4.281931,8,292.513241
-1.378706,8,292.525025
4.451621,8,292.535738
-5.857235,8,292.546803
-12.345479,8,292.561594
2.939246,8,292.57304
3.097748,8,292.583572
-3.494647,8,292.594284
-23.466476,8,292.612498
0.271376,8,292.623019
3.212139,8,292.637201
1.012713,8,292.646701
7.180392,8,292.661303
-36.757343,8,292.67162
-16.057928,8,292.676594
4.764906,8,292.693261
-15.788138,8,292.706408
-10.537175,8,292.715092
-50.207364,8,292.726658
-23.961778,8,292.740182
-6.538307,8,292.757897
-44.564639,8,292.768521
-60.102839,8,292.779322
-2.448981,8,292.789935
-0.32176,8,292.802356
-1.447406,8,292.81313
1.399135,8,292.825094
-41.581118,8,292.834852
0.534558,8,292.852211
-38.355493,8,292.863734
-2.822311,8,292.876757
5.155069,8,292.887636
6.192091,8,292.902248
4.228247,8,292.911159
-37.667931,8,292.926508
-72.949488,8,292.937032
-19.282781,8,292.953967
4.728803,8,292.964581
-49.970517,8,292.976246
-13.343712,8,292.986991
-13.381674,8,292.998394
-2.221615,8,293.009718
-0.916957,8,293.019971
-2.207164,8,293.032311
0.97524,8,293.046445
-5.423013,8,293.066544
-16.253647,8,293.078373
-0.814755,8,293.087888
-46.611863,8,293.106601
9.068171,8,293.116623
-19.753375,8,293.1262
7.689834,8,293.136277
7.678304,8,293.146253
-92.824748,8,293.156598
-0.285422,8,293.173972
-1.087366,8,293.182727
-17.138569,8,293.198257
3.859816,8,293.210937
0.688917,8,293.231875
6.520438,8,293.246331
4.991206,8,293.265021
-40.846373,8,293.283083
0.282038,8,293.294967
-1.215768,8,293.305445
-5.838233,8,293.319487
5.993323,8,293.329736
-113.099851,8,293.342259
-2.853307,8,293.354384
-2.143485,8,293.36644
-22.8999,8,293.376565
-103.945497,8,293.39659
-12.224438,8,293.409291
6.852331,8,293.42293
-39.905063,8,293.432448
7.315231,8,293.443291
-3.927384,8,293.455307
-15.599552,8,293.468334
8.410697,8,293.478859
-30.530576,8,293.489282
-19.861518,8,293.504802
2.26304,8,293.51782
-25.295868,8,293.529441
-78.36039,8,293.541245
4.67242,8,293.556994
-17.46424,8,293.571054
-0.33169,8,293.611496
-106.313109,8,293.623967
-7.434357,8,293.634728
1.174658,8,293.648772
-81.68622,8,293.660877
-2.996641,8,293.671371
4.632943,8,293.681904
-33.136688,8,293.696282
-0.095804,8,293.706833
-40.600221,8,293.722431
-73.397045,8,293.737376
-25.148283,8,293.751577
4.352323,8,293.765042
-1.038715,8,293.776497
-22.020568,8,293.787196
-12.938406,8,293.802375
-16.360515,8,293.810623
1.155715,8,293.830689
-39.188311,8,293.840827
-23.27447,8,293.856525
-4.071078,8,293.868664
0.394041,8,293.881683
-30.283404,8,293.891693
4.867271,8,293.914338
-11.052912,8,293.926553
-7.747777,8,293.943245
5.644787,8,293.956463
-6.413028,8,293.971058
-25.317534,8,293.984226
-14.553079,8,293.995319
4.106625,8,294.005007
2.036883,8,294.02015
1.514528,8,294.032791
-19.058748,8,294.046309
14.49193,8,294.058611
-32.466249,8,294.079253
-79.345974,8,294.093769
-43.958466,8,294.1078
-18.884556,8,294.119448
-1.100235,8,294.13718
-2.818471,8,294.154364
-56.27339,8,294.16856
-21.056804,8,294.176218
-48.969435,8,294.199037
-19.130909,8,294.210261
2.079058,8,294.22255
-24.804854,8,294.235527
-30.92056,8,294.257613
-16.780707,8,294.278273
-59.542458,8,294.291974
-91.427628,8,294.309298
-5.840121,8,294.334484
-103.143107,8,294.356216
-33.823022,8,294.38175
3.9918,8,294.402372
-12.345704,8,294.42803
-16.634257,8,294.444558
-7.707324,8,294.466197
1.684353,8,294.478284
-66.01026,8,294.498336
-50.680202,8,294.516357
-36.501961,8,294.529633
-15.32249,8,294.547306
-21.918726,8,294.570118
-26.154329,8,294.581643
-3.245256,8,294.602416
3.576161,8,294.618045
-13.429132,8,294.637687
-6.59795,8,294.65474
-25.492605,8,294.670053
-65.903066,8,294.683568
-52.082375,8,294.708771
-10.7218,8,294.724155
2.805509,8,294.743922
-11.266001,8,294.7565
-25.763548,8,294.77202
-0.195422,8,294.784551
-3.910839,8,294.795214
2.671494,8,294.80643
-2.113228,8,294.82509
-14.239159,8,294.838174
-16.715804,8,294.84935
2.973359,8,294.861662
-63.623781,8,294.878588
-48.883774,8,294.890241
3.931626,8,294.907263
-54.179948,8,294.918795
3.191163,8,294.939236
2.479292,8,294.949781
-4.503136,8,294.959821
-1.627617,8,294.970055
-35.94554,8,294.982623
-4.122554,8,294.993273
-1.582836,8,295.006281
-13.864954,8,295.016793
2.059021,8,295.030352
-18.118639,8,295.03992
-57.033739,8,295.055861
8.074116,8,295.069929
2.675721,8,295.084481
-1.154172,8,295.0965
-28.863283,8,295.107038
-9.797967,8,295.115054
-30.240877,8,295.128624
-18.180226,8,295.140139
-2.899452,8,295.154808
0.624516,8,295.164059
-18.960359,8,295.178169
2.243429,8,295.189117
7.829194,8,295.199389
3.998299,8,295.214989
-7.259363,8,295.227352
-14.279014,8,295.236309
-0.06911,8,295.246367
-14.632118,8,295.257499
-0.555099,8,295.277623
-47.467474,8,295.288144
0.323424,8,295.298674
5.012524,8,295.309869
-32.60289,8,295.325389
4.092615,8,295.333912
-9.426126,8,295.346992
-8.770747,8,295.358048
-2.956257,8,295.376543
1.882524,8,295.391317
-5.215921,8,295.402967
-18.446481,8,295.413484
0.786404,8,295.428308
6.338277,8,295.439314
2.861385,8,295.447885
-20.717018,8,295.459959
-23.185985,8,295.473488
0.083648,8,295.480999
-19.088021,8,295.49702
-11.959564,8,295.507946
-14.653899,8,295.525465
5.125141,8,295.537325
7.067957,8,295.547845
1.891848,8,295.559871
-28.186246,8,295.574731
-3.600279,8,295.58426
5.027047,8,295.593769
-102.537802,8,295.606796
-13.866557,8,295.61833
-15.8412,8,295.629853
-13.23233,8,295.638279
3.816189,8,295.646793
-16.414696,8,295.660388
-2.156682,8,295.676206
6.233554,8,295.686357
-0.139475,8,295.696375
-2.852034,8,295.713512
0.588595,8,295.725055
-42.045318,8,295.734579
-3.747909,8,295.744389
-70.159883,8,295.759564
-10.080607,8,295.76909
-0.819977,8,295.7766
-33.956261,8,295.787109
3.097298,8,295.798629
-9.088834,8,295.814319
-37.646222,8,295.824941
-1.191072,8,295.833473
-2.42267,8,295.847256
-45.797202,8,295.857464
-2.290418,8,295.868013
-3.348115,8,295.877592
-26.62821,8,295.891355
-2.997646,8,295.901878
-6.766611,8,295.910405
3.906181,8,295.923816
1.919599,8,295.93684
-29.805578,8,295.946589
-13.271074,8,295.96245
-1.218536,8,295.971075
-8.315445,8,295.98258
6.270037,8,295.992393
-2.992853,8,296.000914
-24.320257,8,296.011477
-29.668395,8,296.028295
-0.055376,8,296.036798
2.571464,8,296.047329
0.052948,8,296.058547
-47.253101,8,296.07341
-35.593308,8,296.083929
-8.954246,8,296.100833
0.842829,8,296.112356
-78.679362,8,296.129835
-64.197701,8,296.142333
0.973595,8,296.153877
-50.230068,8,296.164402
-71.693616,8,296.178596
3.982133,8,296.189224
-23.093721,8,296.198745
-16.556787,8,296.207373
-10.23018,8,296.222687
-40.065374,8,296.232246
-41.082508,8,296.24615
-28.786147,8,296.261189
-71.872607,8,296.276311
-20.280195,8,296.289987
-4.09646,8,296.300512
-3.061936,8,296.312018
3.335936,8,296.325557
0.871484,8,296.335092
3.426053,8,296.345638
0.876002,8,296.359191
-17.768735,8,296.371949
-54.274724,8,296.380471
-217.101182,8,296.391366
-0.830723,8,296.404905
2.292819,8,296.416453
-0.167142,8,296.42857
-10.886736,8,296.438319
-39.86249,8,296.44963
7.395027,8,296.466211
-33.372677,8,296.476612
-52.856496,8,296.487222
-17.849382,8,296.496705
-0.75273,8,296.510256
-38.516896,8,296.518778
-5.994719,8,296.529299
-28.208743,8,296.538807
-21.285424,8,296.557996
-20.629668,8,296.572065
5.283898,8,296.582635
-42.242622,8,296.593303
-22.484662,8,296.607433
-13.986591,8,296.616939
-18.089879,8,296.626537
-113.012185,8,296.636546
-129.218621,8,296.648604
-12.827943,8,296.659646
-8.682309,8,296.670166
-116.012886,8,296.683441
-15.362426,8,296.698954
6.454921,8,296.710653
-18.413862,8,296.722575
-54.422155,8,296.732897
3.478288,8,296.747066
-17.669717,8,296.759755
-22.535253,8,296.770694
-16.254252,8,296.777209
3.398254,8,296.798566
8.903072,8,296.811128
-47.879667,8,296.819666
-15.416577,8,296.838348
-39.583943,8,296.855678
3.154521,8,296.871116
-47.306962,8,296.881645
6.078065,8,296.900651
4.286751,8,296.916242
-18.634265,8,296.928931
-2.281933,8,296.94146
-57.105005,8,296.952492
-85.846771,8,296.966612
5.192707,8,296.9827
-4.027208,8,296.998408
6.350801,8,297.016305
-21.35746,8,297.039296
-13.811911,8,297.060867
-4.712909,8,297.07539
1.931395,8,297.090319
2.591753,8,297.106357
-5.208713,8,297.121915
2.675107,8,297.13654
-143.69256,8,297.149096
-111.158729,8,297.166565
-3.793664,8,297.180675
1.297923,8,297.191266
1.988545,8,297.20638
2.958533,8,297.219864
0.81246,8,297.226345
-131.677197,8,297.256446
-16.577535,8,297.268223
-1.108853,8,297.280665
3.276327,8,297.293282
-19.408855,8,297.307197
-78.311453,8,297.322061
5.737111,8,297.337289
1.118041,8,297.35534
-18.691955,8,297.370099
5.490018,8,297.382623
-1.190427,8,297.398997
0.932686,8,297.415257
-14.522902,8,297.430897
-67.638792,8,297.442489
-11.997747,8,297.462519
-20.285887,8,297.474078
-9.743744,8,297.484645
-22.545049,8,297.497064
7.604525,8,297.510625
-28.661396,8,297.522193
-4.171483,8,297.534081
-17.146918,8,297.546528
6.446496,8,297.561476
2.88478,8,297.576501
-36.358939,8,297.588038
-43.641812,8,297.603569
1.970375,8,297.621502
-10.17583,8,297.634844
-101.546826,8,297.646922
-0.340992,8,297.660626
-2.989311,8,297.780607
1.781359,8,297.792112
-21.967133,8,297.806145
-136.728789,8,297.816157
5.077642,8,297.831708
2.260214,8,297.841252
-14.465128,8,297.848771
-80.532145,8,297.863795
1.255211,8,297.876313
-2.997644,8,297.884829
-6.637756,8,297.894344
-68.901744,8,297.90509
-18.921865,8,297.922173
-1.731341,8,297.931706
0.768294,8,297.940359
-20.870667,8,297.949879
-0.045393,8,297.963075
3.303751,8,297.973607
5.520741,8,297.983133
-8.51109,8,297.993656
-1.532263,8,298.011702
2.410401,8,298.022217
-96.173687,8,298.036281
-1.39914,8,298.046298
3.875416,8,298.060529
-22.958523,8,298.071046
3.126504,8,298.082488
5.619762,8,298.093407
-34.476908,8,298.107049
-0.101763,8,298.116574
-24.094841,8,298.128096
-15.03128,8,298.141616
-71.647137,8,298.159204
2.520574,8,298.170119
-27.223007,8,298.180636
-41.300765,8,298.189519
-38.629693,8,298.202169
-4.305342,8,298.211679
-47.646195,8,298.22119
-42.108383,8,298.230708
-32.869342,8,298.244232
-40.875569,8,298.257777
-173.202442,8,298.270299
-2.455748,8,298.28081
-131.329325,8,298.294344
-107.874129,8,298.307224
-126.524949,8,298.316736
-71.862934,8,298.324744
-38.632324,8,298.33834
1.080208,8,298.349225
-38.041372,8,298.365385
-4.347005,8,298.374898
-39.411573,8,298.390712
-22.367758,8,298.400264
-5.360324,8,298.410756
-12.967591,8,298.422271
-3.109157,8,298.436308
-22.007884,8,298.449841
-0.539285,8,298.460866
-25.589771,8,298.474394
-19.270824,8,298.488428
6.698302,8,298.497952
-46.429978,8,298.507486
0.782064,8,298.516491
-41.571668,8,298.530894
-15.736645,8,298.541415
1.577889,8,298.552928
-48.270189,8,298.563031
-76.807786,8,298.581612
-89.210495,8,298.592269
-7.611795,8,298.607416
1.035825,8,298.616922
-16.390138,8,298.63173
-19.109034,8,298.641251
-1.447647,8,298.651771
-21.923158,8,298.661389
-20.992031,8,298.674083
2.911979,8,298.68361
-21.836996,8,298.697843
4.077082,8,298.708532
-18.473222,8,298.720124
-82.910216,8,298.728649
-10.18179,8,298.742265
0.810754,8,298.752784
-24.793976,8,298.766203
-27.006927,8,298.776284
1.173937,8,298.786799
-31.552271,8,298.799399
-9.586772,8,298.812917
-8.294261,8,298.824433
-6.757215,8,298.834956
4.015601,8,298.844481
-32.010054,8,298.859029
-25.557511,8,298.866535
2.570237,8,298.876191
3.277899,8,298.893884
-24.276981,8,298.909922
-35.942559,8,298.92044
-14.857762,8,298.930961
-23.098646,8,298.940488
-29.645687,8,298.953993
5.122082,8,298.964571
3.486137,8,298.974083
-31.474997,8,298.984622
-65.829724,8,298.99529
0.670998,8,299.004923
-9.162873,8,299.020132
-11.209516,8,299.06999
-20.846022,8,299.081698
-23.386967,8,299.09242
-118.984981,8,299.099947
4.367424,8,299.109015
-23.369071,8,299.125521
-18.795354,8,299.134031
-30.139947,8,299.14479
-75.577265,8,299.153954
-36.7558,8,299.165473
-6.834302,8,299.173984
-121.896411,8,299.181495
2.149952,8,299.191634
-51.05144,8,299.210661
-16.60692,8,299.222179
-21.699763,8,299.2317
-14.03297,8,299.246217
-52.177704,8,299.259361
-50.261974,8,299.269113
-2.009389,8,299.279682
-70.129078,8,299.295202
5.843256,8,299.310236
-13.430849,8,299.322577
-12.453093,8,299.333123
-2.791905,8,299.350135
1.370226,8,299.375229
3.112255,8,299.392273
-10.075369,8,299.406357
-17.51291,8,299.429661
-13.477228,8,299.449846
-39.512647,8,299.468153
-96.79601,8,299.481673
-30.618604,8,299.4984
-20.403153,8,299.513919
2.771674,8,299.525439
3.756586,8,299.538495
-9.679184,8,299.554993
-0.543153,8,299.577144
-32.004806,8,299.594677
-35.330614,8,299.606982
-0.762931,8,299.620522
-20.94349,8,299.635041
0.759566,8,299.646569
-20.935988,8,299.658492
-47.608389,8,299.671134
-43.451047,8,299.689405
-16.792328,8,299.700913
-18.843478,8,299.7126
4.19082,8,299.724114
-18.313123,8,299.737384
-9.681212,8,299.751919
-20.464711,8,299.762964
-5.542,8,299.774483
-1.193902,8,299.793529
-112.740062,8,299.804609
-21.622391,8,299.815132
-8.325162,8,299.826164
-1.968059,8,299.840685
0.119321,8,299.850195
-2.287188,8,299.861221
-9.887515,8,299.872736
-134.83446,8,299.886249
-0.682554,8,299.900285
-81.962484,8,299.916297
3.437199,8,299.928327
-2.820454,8,299.942384
-22.600259,8,299.951905
-23.42235,8,299.963943
-4.113982,8,299.974453
-54.950059,8,299.988
5.069435,8,299.998523
-15.199111,8,300.013221
-0.914616,8,300.023811
-48.461778,8,300.037834
1.12694,8,300.047345
-20.710717,8,300.061758
-0.623308,8,300.081793
-52.007843,8,300.096886
4.885794,8,300.107024
-32.912778,8,300.121553
-3.44597,8,300.131082
-36.784651,8,300.1436
-15.268343,8,300.153121
-16.340536,8,300.16177
1.886654,8,300.173292
0.639826,8,300.186939
-2.318562,8,300.198514
-91.837725,8,300.207956
-3.656016,8,300.221508
4.362909,8,300.234036
-2.530526,8,300.247063
-14.161019,8,300.256594
3.400625,8,300.26612
-19.221081,8,300.278172
-7.257834,8,300.289406
-64.208276,8,300.299949
-4.054465,8,300.310432
-5.214142,8,300.322959
1.084482,8,300.331484
2.819329,8,300.341301
3.978171,8,300.358838
1.774533,8,300.372185
2.66882,8,300.383694
2.704453,8,300.393598
-8.715705,8,300.401531
-0.161445,8,300.416617
-46.834691,8,300.430182
7.668415,8,300.441693
-17.67212,8,300.45493
-33.211819,8,300.469164
-29.611996,8,300.478683
0.373508,8,300.489314
-43.483906,8,300.498835
-12.202267,8,300.517519
6.353021,8,300.526425
-58.493487,8,300.54035
0.962426,8,300.547877
-15.073762,8,300.564919
2.216723,8,300.575447
-72.491061,8,300.582962
-95.679393,8,300.592486
-15.988552,8,300.60669
3.399341,8,300.616212
-5.991664,8,300.626737
5.035482,8,300.638269
-34.174976,8,300.65632
-54.274123,8,300.66936
-0.121522,8,300.678875
-18.133808,8,300.691406
-23.100985,8,300.703015
-24.52124,8,300.714602
-81.350478,8,300.725142
-41.420314,8,300.734653
-29.355668,8,300.749723
-19.998234,8,300.761265
-3.45956,8,300.771994
2.521143,8,300.785105
-19.862267,8,300.798248
-39.953882,8,300.81275
-64.917678,8,300.826275
-7.929687,8,300.837316
-77.156356,8,300.850696
-40.235055,8,300.861159
-39.936313,8,300.871825
-2.307801,8,300.88663
-11.647827,8,300.899675
-32.166983,8,300.911217
-12.848917,8,300.920499
-8.87104,8,300.930648
6.179003,8,300.938624
-90.635371,8,300.959523
7.471636,8,300.971178
-14.207562,8,300.982226
-2.497547,8,300.996426
-16.959639,8,301.009074
3.380393,8,301.017602
1.406439,8,301.02912
-8.91522,8,301.042359
5.316034,8,301.052878
-14.690333,8,301.062897
-0.379771,8,301.074003
-24.040453,8,301.087035
5.723101,8,301.097569
-19.290863,8,301.116664
2.221538,8,301.128252
0.871485,8,301.140746
-15.662705,8,301.150275
0.023388,8,301.160289
-8.427505,8,301.169802
-1.529145,8,301.182333
-21.255275,8,301.192863
-15.365666,8,301.204265
-18.636962,8,301.217317
2.626252,8,301.229858
-28.950736,8,301.24237
-1.800851,8,301.256397
2.650652,8,301.268164
-3.701407,8,301.281691
-1.290272,8,301.291499
1.547531,8,301.304501
-2.67026,8,301.316525
2.586882,8,301.333042
1.750573,8,301.343574
-51.010285,8,301.356635
-15.752092,8,301.369248
-78.25157,8,301.380824
-79.873521,8,301.39133
2.212251,8,301.402533
-2.690789,8,301.416588
-16.723742,8,301.429107
1.217233,8,301.443632
10.132134,8,301.453162
-8.056575,8,301.4642
-5.220144,8,301.477681
1.688585,8,301.488206
-14.749537,8,301.497728
0.742974,8,301.507435
-7.941804,8,301.526598
-11.534122,8,301.54334
-38.925341,8,301.556369
-19.128808,8,301.57508
-8.24973,8,301.590578
5.154262,8,301.602906
1.20461,8,301.612428
9.297677,8,301.627471
-48.754668,8,301.65361
-1.470057,8,301.668204
-7.033267,8,301.680731
-27.709405,8,301.692348
3.715531,8,301.709028
-1.440504,8,301.72121
4.104279,8,301.736338
-37.692512,8,301.746856
-16.905558,8,301.773441
-8.380482,8,301.787487
-101.19139,8,301.799609
-25.414141,8,301.813643
5.462731,8,301.829244
-16.260457,8,301.841365
-6.449356,8,301.85189
-1.849567,8,301.86393
-1.644724,8,301.882975
-1.759858,8,301.900028
-56.499745,8,301.911732
-92.037306,8,301.924257
-32.839535,8,301.943912
-3.064683,8,301.957616
-20.240903,8,301.971139
-5.623191,8,301.98744
0.457394,8,302.003104
-22.627495,8,302.012632
1.197444,8,302.026149
5.718211,8,302.043585
-21.304357,8,302.060863
-15.882691,8,302.076384
2.199536,8,302.098641
-15.067646,8,302.111279
-45.637842,8,302.126644
-22.67197,8,302.143409
3.711491,8,302.157979
-87.309726,8,302.172512
-3.467118,8,302.189554
-14.485217,8,302.20554
-145.075537,8,302.216573
-29.01504,8,302.22812
-6.827391,8,302.242653
3.740203,8,302.25218
-62.53746,8,302.263221
-1.827993,8,302.273873
-11.036156,8,302.289917
-1.181518,8,302.309997
-20.472343,8,302.322545
-74.773789,8,302.334102
5.593067,8,302.350111
-2.993544,8,302.361155
-5.443908,8,302.372293
-32.42261,8,302.383809
0.203215,8,302.398323
-0.151708,8,302.410107
-78.284162,8,302.423636
2.070051,8,302.432162
-1.973363,8,302.446478
-131.235627,8,302.457249
-30.923426,8,302.47342
1.251751,8,302.483941
-4.221009,8,302.497971
-46.026467,8,302.50804
-18.595864,8,302.518138
-45.32674,8,302.528706
-57.596172,8,302.547889
-130.534249,8,302.564376
-94.674184,8,302.579417
-6.09117,8,302.593956
-4.236397,8,302.611083
-13.305813,8,302.622671
2.617169,8,302.643736
-20.458557,8,302.656416
-4.562158,8,302.674233
7.27293,8,302.683756
-47.97112,8,302.694404
-25.313463,8,302.704031
-18.511761,8,302.718097
2.65936,8,302.728755
-18.150481,8,302.7396
3.158588,8,302.75581
-8.256369,8,302.770343
-15.987114,8,302.781028
2.134291,8,302.793461
0.397437,8,302.809874
1.679939,8,302.823308
-111.660728,8,302.834084
-43.608505,8,302.845505
-2.710238,8,302.859508
-115.210886,8,302.873012
-52.492927,8,302.883538
-17.16114,8,302.894058
-8.550192,8,302.904627
-152.749927,8,302.91765
3.705208,8,302.929156
-69.578338,8,302.939684
-89.17216,8,302.956228
7.499998,8,302.973366
-8.136248,8,302.982897
-27.993469,8,302.993427
-5.14181,8,303.004575
-27.676101,8,303.0176
-23.932802,8,303.02813
-17.311256,8,303.038637
-15.389753,8,303.047152
-9.81916,8,303.059698
-44.250071,8,303.069272
-1.217806,8,303.08276
-0.523312,8,303.094298
2.896002,8,303.106437
5.403049,8,303.124172
-75.731127,8,303.133681
0.649908,8,303.143388
-60.875149,8,303.25069
-24.717426,8,303.261817
-33.563983,8,303.271328
-1.063875,8,303.280838
5.651177,8,303.294375
-7.568839,8,303.307471
-17.810431,8,303.315472
-23.658649,8,303.324989
3.861929,8,303.342008
-3.248189,8,303.352576
0.452032,8,303.363094
-88.726264,8,303.373211
-53.236848,8,303.386374
-15.242666,8,303.396382
1.725478,8,303.411169
-92.774876,8,303.421551
-0.846274,8,303.434082
-1.402941,8,303.442603
-3.681649,8,303.451119
0.913396,8,303.461193
-1.916282,8,303.474325
2.178293,8,303.489366
2.499589,8,303.499885
-2.124382,8,303.510544
-66.852903,8,303.528634
1.006305,8,303.539773
-70.403669,8,303.549304
-49.878743,8,303.55941
-14.965242,8,303.573968
-30.965263,8,303.585517
3.550915,8,303.597547
8.933459,8,303.611208
4.1946,8,303.631275
-1.991917,8,303.647303
-146.042106,8,303.65961
-30.762673,8,303.669166
12.318428,8,303.680673
1.401178,8,303.692201
-34.810046,8,303.700725
-17.910449,8,303.711358
2.88182,8,303.723882
-28.288231,8,303.734406
-14.964268,8,303.748444
-2.619707,8,303.76064
-0.557266,8,303.774175
-26.750917,8,303.783697
-15.80173,8,303.799891
1.59426,8,303.811501
3.315065,8,303.825033
-35.537271,8,303.835834
-124.07212,8,303.847857
1.59332,8,303.857931
-0.304715,8,303.871449
-57.772493,8,303.88196
-38.800291,8,303.891482
-19.03131,8,303.902575
-15.095292,8,303.916289
-15.849242,8,303.926757
4.9803,8,303.941528
-8.73266,8,303.95204
-12.959854,8,303.969875
-81.148258,8,303.978457
-11.621478,8,303.986939
-0.151186,8,303.99745
-0.419114,8,304.011112
-5.086188,8,304.021636
-0.815823,8,304.030153
-20.960568,8,304.040676
4.311966,8,304.054191
2.416497,8,304.062218
-11.910854,8,304.077244
-2.034551,8,304.091789
-111.436346,8,304.106533
-1.152191,8,304.120203
-4.974233,8,304.132746
0.574894,8,304.143396
-15.346783,8,304.158629
-3.212092,8,304.173283
-2.721209,8,304.190399
-34.088484,8,304.20092
-34.512751,8,304.22125
-4.234272,8,304.23277
2.803774,8,304.243387
-3.759206,8,304.259619
0.137892,8,304.329063
-107.976371,8,304.355052
5.109907,8,304.374868
0.174969,8,304.394416
-4.489598,8,304.416469
-18.322336,8,304.430509
3.153781,8,304.443633
0.657205,8,304.458577
2.205509,8,304.47522
1.525233,8,304.541428
-11.739267,8,304.55748
-1.068346,8,304.570514
6.127237,8,304.590138
5.345557,8,304.601547
-39.449814,8,304.613103
-13.296638,8,304.626122
-33.151385,8,304.646382
-30.335227,8,304.657305
2.354824,8,304.669348
3.174887,8,304.680744
8.22952,8,304.697426
3.859589,8,304.70905
-11.73818,8,304.720304
-1.228166,8,304.732465
6.085236,8,304.757535
-61.200305,8,304.768576
-2.260899,8,304.776225
-1.032318,8,304.791429
-29.43816,8,304.806373
-88.260665,8,304.819925
-2.448041,8,304.826456
-44.057751,8,304.844293
-49.511837,8,304.862639
-2.466025,8,304.873251
-60.820985,8,304.884489
9.023817,8,304.896248
-11.171606,8,304.906442
-19.219846,8,304.92647
-31.092084,8,304.9375
5.87098,8,304.946428
-15.114204,8,304.967296
-2.77933,8,304.977742
-37.905155,8,304.991731
3.148784,8,305.002081
0.312253,8,305.019173
-36.507243,8,305.031007
-70.39811,8,305.042537
0.301016,8,305.052608
-15.76274,8,305.066215
-19.223705,8,305.096141
1.52466,8,305.110937
-2.233386,8,305.124889
-179.708545,8,305.14148
4.997646,8,305.155057
-79.232511,8,305.166449
-23.169546,8,305.178865
6.111045,8,305.196388
3.317793,8,305.206527
8.635144,8,305.217068
-22.750222,8,305.227837
-32.565682,8,305.245336
-5.919312,8,305.257174
4.020388,8,305.273218
-16.386355,8,305.283741
-38.579129,8,305.301716
-2.577885,8,305.312285
-17.041895,8,305.32324
-28.808128,8,305.33276
4.8256,8,305.346919
3.502267,8,305.35745
2.111468,8,305.368226
-18.032918,8,305.37684
-5.242767,8,305.391485
-3.698085,8,305.405121
-22.897573,8,305.420245
-18.217277,8,305.429746
-36.628716,8,305.442402
2.218892,8,305.452668
-3.76753,8,305.46376
-70.097676,8,305.474351
-54.540099,8,305.489394
-44.192252,8,305.502538
-76.947241,8,305.519579
2.683711,8,305.531132
1.1779,8,305.544655
4.681489,8,305.556208
-25.292218,8,305.566396
1.093079,8,305.581001
-20.523748,8,305.594525
-5.468353,8,305.60525
-16.929725,8,305.614772
5.408028,8,305.629808
-2.246011,8,305.643325
-3.637832,8,305.654839
5.335706,8,305.66939
-5.749551,8,305.679717
6.671358,8,305.695442
-0.797788,8,305.708134
-6.524675,8,305.719697
-6.306239,8,305.740796
-0.804469,8,305.757123
3.019334,8,305.770212
-23.031131,8,305.781735
-44.630389,8,305.792465
-0.564943,8,305.80809
4.481908,8,305.818622
-73.765557,8,305.830605
6.219066,8,305.859148
-46.500608,8,305.873333
-34.436174,8,305.883844
-39.018513,8,305.895361
4.508755,8,305.906382
-27.449997,8,305.924243
1.460735,8,305.934768
2.926042,8,305.945405
-30.087478,8,305.961234
-18.986943,8,305.974398
-2.405044,8,305.98492
-1.550235,8,305.995444
-26.921935,8,306.004964
-90.726423,8,306.017985
-4.589223,8,306.029513
-6.509752,8,306.040038
-19.490721,8,306.049378
-28.423184,8,306.070329
2.068552,8,306.081874
0.775771,8,306.09339
-0.244944,8,306.103608
2.376673,8,306.116217
-2.274553,8,306.12623
3.564207,8,306.134745
0.46195,8,306.145276
-67.356901,8,306.160376
-75.904746,8,306.173331
1.25677,8,306.181858
1.73257,8,306.192385
-75.890636,8,306.209002
-21.933818,8,306.22353
1.544079,8,306.234087
5.137117,8,306.2436
0.750333,8,306.256121
1.145334,8,306.266657
-21.048436,8,306.27619
-7.406532,8,306.291724
-11.367309,8,306.305545
-171.908029,8,306.317586
-22.164709,8,306.326598
1.093339,8,306.335116
-21.097155,8,306.348165
-10.565373,8,306.361969
-1.802728,8,306.374218
-0.592728,8,306.382737
1.799907,8,306.399803
6.771738,8,306.409409
-17.090906,8,306.419276
-12.369133,8,306.428824
5.338293,8,306.441441
-0.152746,8,306.449972
-56.172955,8,306.460491
-22.453339,8,306.469547
3.160553,8,306.481102
4.125985,8,306.491606
-14.558487,8,306.510366
-1.811179,8,306.521254
-65.235891,8,306.533769
-136.651241,8,306.543431
1.017368,8,306.55496
1.398621,8,306.565001
-4.283585,8,306.578681
3.227916,8,306.590456
2.236918,8,306.600979
0.879552,8,306.614595
-8.08594,8,306.634762
-136.873079,8,306.645434
5.470304,8,306.660474
-27.900646,8,306.675514
-13.882891,8,306.694566
0.036888,8,306.707602
0.75191,8,306.718122
2.290761,8,306.733764
-4.46276,8,306.749017
-19.794368,8,306.760533
-18.381914,8,306.771574
6.005166,8,306.783094
-2.163837,8,306.799135
-128.321663,8,306.814662
-14.011992,8,306.830578
-17.196551,8,306.851586
-24.142531,8,306.866402
3.460373,8,306.877993
7.940252,8,306.891496
-3.613363,8,306.903018
5.059897,8,306.920292
3.777626,8,306.932816
-16.108719,8,306.944437
-1.485434,8,306.963993
-1.237175,8,306.980024
-27.807508,8,306.991536
-47.459087,8,307.003646
-13.571434,8,307.01969
-4.427065,8,307.03421
3.169594,8,307.044736
-10.505799,8,307.060773
7.782672,8,307.072854
-21.589135,8,307.0875
-0.076214,8,307.098026
-1.228012,8,307.108107
-17.646907,8,307.116621
4.965,8,307.131143
2.325196,8,307.140662
-245.011955,8,307.14921
-16.14591,8,307.159746
-76.133083,8,307.178448
-5.06939,8,307.190951
-11.927879,8,307.201477
3.098993,8,307.211098
1.776324,8,307.22361
-30.505259,8,307.234145
8.648515,8,307.24464
-18.601375,8,307.254745
4.399766,8,307.272403
3.680805,8,307.280925
-42.153957,8,307.290447
-18.076479,8,307.29797
-24.851197,8,307.314614
-35.962561,8,307.326804
0.362054,8,307.334821
-12.989108,8,307.345578
-0.345695,8,307.360209
-55.718445,8,307.371317
4.076804,8,307.386585
-57.013625,8,307.396108
-92.890523,8,307.409156
-2.334487,8,307.419675
5.735855,8,307.429202
-22.913872,8,307.438722
-14.449745,8,307.453229
-58.768639,8,307.467789
3.096821,8,307.478436
-49.732619,8,307.491963
3.084421,8,307.504616
6.564466,8,307.513127
-22.483999,8,307.522636
-2.670692,8,307.532169
-1.862805,8,307.546703
-2.319357,8,307.556226
1.099936,8,307.566268
-24.589491,8,307.576133
-19.206282,8,307.589178
0.415071,8,307.609372
-30.57395,8,307.620286
-32.96725,8,307.630524
-3.779823,8,307.645473
-15.49915,8,307.655
-1.02195,8,307.666548
-0.715898,8,307.677009
-1.00845,8,307.694549
3.637659,8,307.705069
-0.018147,8,307.719107
7.984772,8,307.731634
6.684576,8,307.746992
3.533977,8,307.760536
-28.122875,8,307.778928
-13.312216,8,307.789569
-109.123554,8,307.803691
1.996847,8,307.814211
-3.018762,8,307.83025
-14.325846,8,307.839768
6.477307,8,307.854277
-56.557905,8,307.864975
-21.922975,8,307.874604
0.394286,8,307.885115
-164.7705,8,307.900705
-28.971978,8,307.911226
-25.593921,8,307.926265
-1.254439,8,307.934279
-125.850395,8,307.951907
-0.08307,8,307.963025
-20.021481,8,307.973328
1.412431,8,307.98285
-2.409273,8,307.996971
-21.92288,8,308.006512
5.379594,8,308.017024
-20.260593,8,308.028531
-64.931954,8,308.041059
-16.630351,8,308.050584
6.970271,8,308.06461
0.811184,8,308.079648
-9.581464,8,308.094169
-18.991472,8,308.104691
-2.489773,8,308.115213
-24.583509,8,308.124643
-15.819846,8,308.138671
-1.264131,8,308.146174
-38.828656,8,308.157699
2.218938,8,308.17173
-51.925196,8,308.184793
3.968565,8,308.196529
-16.256528,8,308.206196
-5.77172,8,308.22219
-4.592998,8,308.234988
-9.786527,8,308.241463
-29.935908,8,308.252737
-111.152715,8,308.262685
-39.531871,8,308.276589
-25.878664,8,308.288593
-16.16469,8,308.298776
-7.402703,8,308.311743
-6.472984,8,308.329778
3.094219,8,308.340309
-27.208564,8,308.34783
6.051923,8,308.360375
8.048728,8,308.378922
-45.886512,8,308.392448
-23.987343,8,308.402075
-8.607295,8,308.412594
-23.12747,8,308.426896
4.617703,8,308.43753
-68.406541,8,308.448533
2.081207,8,308.459226
3.500263,8,308.474355
-4.555054,8,308.484865
-20.76681,8,308.499354
-47.78198,8,308.510878
-26.003244,8,308.530265
-22.368472,8,308.541506
-47.206634,8,308.551031
-1.006466,8,308.564221
2.896596,8,308.690064
0.303542,8,308.700434
-11.079517,8,308.714121
-14.904788,8,308.724684
6.706656,8,308.736796
-3.453283,8,308.746317
-6.668158,8,308.75561
8.046893,8,308.76617
-99.855031,8,308.778783
-58.134472,8,308.792542
-5.109895,8,308.802175
-16.950045,8,308.810699
-53.270735,8,308.826724
4.205517,8,308.84249
9.16948,8,308.854027
-11.857242,8,308.864051
-0.935402,8,308.878179
-37.54502,8,308.888484
0.995166,8,308.89799
-4.359815,8,308.90881
-35.394477,8,308.921943
-3.469578,8,308.940569
-9.682272,8,308.951708
7.610363,8,308.962398
-17.477309,8,308.977684
-6.692992,8,308.988904
3.051432,8,309.002603
-23.67648,8,309.012661
-3.463325,8,309.031655
-27.479726,8,309.048392
1.620436,8,309.062255
3.251903,8,309.074518
6.670744,8,309.091347
-48.558122,8,309.111025
-10.613588,8,309.132265
3.508964,8,309.147989
-12.863626,8,309.175499
9.624378,8,309.189609
-0.878269,8,309.201653
-0.370628,8,309.216164
0.747043,8,309.238442
-3.333263,8,309.251957
-1.343105,8,309.275461
-16.359561,8,309.291636
-34.277721,8,309.316431
1.237127,8,309.342591
-4.400536,8,309.37071
0.864372,8,309.392734
-25.834648,8,309.418374
-3.672544,8,309.43291
-7.43072,8,309.451931
-11.519693,8,309.476816
-1.992055,8,309.512378
-1.622836,8,309.658349
-14.914851,8,309.704725
4.068859,8,309.726061
-2.181129,8,309.750749
-31.1799,8,309.775047
-0.973948,8,309.793084
1.854495,8,309.826402
-3.809817,8,309.852057
0.777112,8,309.886156
-1.367214,8,309.901649
8.557274,8,309.917467
-3.503369,8,309.98716
-2.349762,8,310.001638
-15.547923,8,310.015436
-18.292267,8,310.028886
-22.995181,8,310.047147
-13.811849,8,310.062717
-52.895659,8,310.077759
-1.01173,8,310.094352
7.793873,8,310.116215
-73.826882,8,310.129637
6.366611,8,310.140263
-29.191795,8,310.151634
5.685208,8,310.167295
2.887404,8,310.178001
2.028412,8,310.189523
-1.619776,8,310.201659
-17.208704,8,310.223012
4.069221,8,310.234719
-23.578813,8,310.246238
-9.346097,8,310.259549
-0.558573,8,310.282131
-10.219269,8,310.296465
4.294376,8,310.310985
-20.247266,8,310.331602
-20.462757,8,310.349641
-1.332075,8,310.365462
5.40834,8,310.380509
0.10444,8,310.39407
-10.793828,8,310.414292
-26.564149,8,310.435298
-6.706959,8,310.448322
-139.179543,8,310.461383
-17.044287,8,310.48282
3.750574,8,310.496846
2.181547,8,310.509411
-15.967676,8,310.523426
-16.608748,8,310.541482
1.148366,8,310.554013
-0.471619,8,310.566398
-115.757481,8,310.579372
-0.996397,8,310.595334
2.723789,8,310.608493
-1.601646,8,310.620337
-17.924985,8,310.626352
3.089495,8,310.646271
-6.029182,8,310.676456
-1.818255,8,310.688377
-67.90573,8,310.701984
-56.244051,8,310.718846
-82.809061,8,310.733076
2.12419,8,310.748257
-36.567745,8,310.762843
0.5518,8,310.78337
1.05134,8,310.796415
10.310647,8,310.808287
2.792347,8,310.820913
-1.040785,8,310.835001
-10.394235,8,310.851116
-18.62118,8,310.863122
-27.964271,8,310.878168
-6.127351,8,310.89271
-16.559157,8,310.906805
2.392857,8,310.918372
-35.684898,8,310.929594
2.065211,8,310.947326
5.774054,8,310.960516
-117.519682,8,310.972292
3.872765,8,310.983462
-93.787761,8,311.002504
-1.062329,8,311.013027
-162.019797,8,311.029906
1.438143,8,311.041556
5.133023,8,311.056075
-34.757555,8,311.065114
-62.337457,8,311.076503
-1.836388,8,311.087538
-162.983964,8,311.104674
-18.553712,8,311.117236
1.530208,8,311.12987
-92.875093,8,311.141549
-30.173654,8,311.157584
4.122645,8,311.171629
-1.539643,8,311.18615
-76.034424,8,311.200569
-1.216657,8,311.221734
1.969382,8,311.232257
-3.938734,8,311.244787
-20.858029,8,311.259849
5.638643,8,311.274888
2.986702,8,311.291436
-8.44125,8,311.302997
-5.33775,8,311.312529
-30.20181,8,311.332556
3.480883,8,311.34517
-6.720281,8,311.357202
-19.520965,8,311.372325
0.065363,8,311.386124
-17.737852,8,311.397206
-0.00899,8,311.409741
0.962926,8,311.421548
-85.373205,8,311.434285
3.010554,8,311.44931
-18.069259,8,311.45882
1.292352,8,311.469838
8.357853,8,311.483362
-15.770067,8,311.494885
-49.963049,8,311.506919
-40.197963,8,311.523476
6.187988,8,311.541084
-10.351496,8,311.558136
-6.123318,8,311.571423
-14.26671,8,311.581941
0.683154,8,311.599989
-22.116209,8,311.612503
-41.640567,8,311.629533
-18.363867,8,311.642196
2.466307,8,311.66112
-1.21749,8,311.676868
-25.301698,8,311.691567
-58.905372,8,311.705189
-20.832732,8,311.730217
-10.41226,8,311.747266
-17.835667,8,311.761571
-19.915099,8,311.782132
-5.207178,8,311.802172
-10.114441,8,311.807011
-40.773374,8,311.829237
-103.658662,8,311.84275
-100.870599,8,311.858768
1.192659,8,311.870374
-59.356949,8,311.888545
8.572427,8,311.906248
-3.233559,8,311.932318
4.113815,8,311.946382
1.550599,8,311.961238
-28.031506,8,311.97439
1.31628,8,311.994054
-0.377303,8,312.004692
-65.289025,8,312.016224
-15.661339,8,312.027247
-13.560764,8,312.042763
-18.360295,8,312.054699
-41.527094,8,312.067746
2.056876,8,312.07931
-11.836974,8,312.099855
-38.615646,8,312.117147
-40.077778,8,312.133007
-21.571332,8,312.144561
3.819842,8,312.163649
-22.200166,8,312.17767
4.033413,8,312.190438
-13.658296,8,312.204678
-26.843358,8,312.228762
-60.746003,8,312.243519
-28.14134,8,312.256549
-17.121584,8,312.269366
-29.740519,8,312.28652
-3.039751,8,312.306327
-2.44726,8,312.322423
-11.462433,8,312.335583
-5.137123,8,312.352628
6.668678,8,312.362586
-41.478632,8,312.376347
7.004316,8,312.386233
-1.555663,8,312.400265
3.331448,8,312.406274
-7.828173,8,312.419669
0.864305,8,312.426486
-49.113004,8,312.453741
-27.762456,8,312.467447
7.719596,8,312.481238
-4.051327,8,312.494669
-2.007345,8,312.511422
-17.806646,8,312.522835
-14.247773,8,312.53335
-17.369967,8,312.543861
-17.981233,8,312.563232
-121.299129,8,312.573464
3.798239,8,312.584987
-33.39594,8,312.598548
-119.920255,8,312.617618
-4.851591,8,312.630847
-43.632567,8,312.648114
-0.249841,8,312.670469
1.053543,8,312.690918
-11.213358,8,312.70835
-12.486816,8,312.725389
-13.848187,8,312.742631
-0.817415,8,312.761039
5.023387,8,312.780036
-0.008405,8,312.793976
-0.858013,8,312.806509
0.99321,8,312.822328
1.000322,8,312.83467
-41.879492,8,312.846698
-23.66864,8,312.865323
-112.03208,8,312.883896
-38.552014,8,312.896412
-8.447848,8,312.908941
-13.989311,8,312.921454
-11.36243,8,312.935027
-8.604782,8,312.948067
-16.540704,8,312.961901
-89.555523,8,312.972186
-59.790541,8,312.990225
4.762685,8,313.001779
-46.442046,8,313.012381
-12.268621,8,313.028628
1.947486,8,313.043627
1.889865,8,313.055146
-42.692983,8,313.068323
-31.356401,8,313.081066
3.578216,8,313.106109
3.35584,8,313.123321
5.383897,8,313.13931
0.978771,8,313.154824
-12.468727,8,313.172482
-5.506085,8,313.188592
-19.756765,8,313.207274
-3.629035,8,313.219492
0.444628,8,313.239679
-16.445194,8,313.250196
-4.08535,8,313.261714
-32.110009,8,313.274815
8.995394,8,313.292863
1.917012,8,313.306233
-3.253972,8,313.322769
3.799427,8,313.338814
-5.089722,8,313.363862
-3.085871,8,313.379097
5.476957,8,313.391566
-13.572973,8,313.407226
-100.972879,8,313.430598
-32.047329,8,313.445155
-24.225768,8,313.457204
1.808317,8,313.469298
-24.63524,8,313.484822
-15.897845,8,313.496285
-5.370556,8,313.508433
1.436169,8,313.524389
4.22569,8,313.544146
-3.462013,8,313.557239
-83.064773,8,313.570266
-5.428112,8,313.581788
-42.870499,8,313.597481
6.189406,8,313.61532
-8.95338,8,313.630678
6.352556,8,313.643271
-15.452286,8,313.666338
-0.946908,8,313.679032
-32.772012,8,313.694623
-16.480463,8,313.70746
3.021527,8,313.726587
6.984093,8,313.744777
-64.830962,8,313.756447
-42.309983,8,313.766958
-1.714449,8,313.784537
7.033708,8,313.804793
5.276103,8,313.806303
-40.200358,8,313.827184
-11.88735,8,313.846516
-17.149583,8,313.860447
-21.024797,8,313.871326
-14.156618,8,313.882438
-2.925893,8,313.898387
5.813563,8,313.910926
4.789978,8,313.922818
3.457869,8,313.935046
-13.647719,8,313.956195
-70.047388,8,313.974588
6.231434,8,314.001834
0.540237,8,314.018877
-15.531236,8,314.039623
-34.257379,8,314.061199
6.295328,8,314.075521
4.158586,8,314.09352
-30.029162,8,314.112819
-22.432799,8,314.128223
-1.082531,8,314.141718
2.797068,8,314.154245
-54.004694,8,314.170784
-3.889591,8,314.187821
-40.594507,8,314.207027
-2.446356,8,314.222572
-38.708141,8,314.242515
1.931298,8,314.258295
-11.624439,8,314.271335
-5.662091,8,314.282857
2.957206,8,314.307477
-35.957343,8,314.320004
9.517757,8,314.331661
-2.211984,8,314.3443
-12.672904,8,314.360346
3.329494,8,314.374513
0.853118,8,314.387052
-2.326663,8,314.412273
1.832473,8,314.430624
-1.826467,8,314.445169
-0.883836,8,314.457816
-26.370125,8,314.470833
-2.335638,8,314.490363
5.677762,8,314.501885
-1.097345,8,314.516938
-39.314858,8,314.529451
3.993384,8,314.543723
-24.666087,8,314.552956
-49.757423,8,314.564541
-18.293418,8,314.581026
1.928008,8,314.597061
5.557051,8,314.608691
-85.590952,8,314.624208
-5.854413,8,314.636237
-12.072454,8,314.648765
-57.668569,8,314.660286
-12.986637,8,314.670468
6.82538,8,314.680989
-21.375291,8,314.696542
-19.1113,8,314.706962
-9.053668,8,314.7188
-117.285957,8,314.737046
3.221291,8,314.756379
-30.488302,8,314.76504
0.445254,8,314.77693
-0.247352,8,314.794459
-36.84542,8,314.812012
-6.542802,8,314.826743
1.394231,8,314.846531
-1.963088,8,314.86211
-1.805045,8,314.879237
-15.27938,8,314.890724
-1.037172,8,314.903033
-18.289924,8,314.91485
-107.979657,8,314.932946
-3.677763,8,314.946523
1.007668,8,314.962242
-21.468779,8,314.974237
-18.823008,8,314.98974
1.164486,8,315.000231
-14.858535,8,315.010754
-10.277285,8,315.022382
-12.829315,8,315.044443
-16.586536,8,315.063855
-46.800708,8,315.086126
5.154848,8,315.106212
-13.871007,8,315.1252
-0.116083,8,315.145276
3.90097,8,315.158855
-4.754392,8,315.181288
0.126897,8,315.20053
1.682817,8,315.216564
-1.795847,8,315.232893
-5.410774,8,315.248171
2.761307,8,315.265882
-23.298976,8,315.276518
-8.159388,8,315.290183
0.947342,8,315.301531
-52.103839,8,315.320723
-38.537121,8,315.354433
4.954273,8,315.391576
-0.411259,8,315.406471
-60.094315,8,315.519494
-1.818479,8,315.536332
1.648193,8,315.550635
-3.578613,8,315.563795
-36.765898,8,315.577056
-51.212906,8,315.589577
-10.989279,8,315.607608
-8.764897,8,315.638394
-1.630866,8,315.659274
-5.119652,8,315.673443
3.222149,8,315.694789
-24.235511,8,315.708698
-152.75746,8,315.724763
-0.632845,8,315.743952
-9.403869,8,315.756463
-20.577455,8,315.770538
-96.839445,8,315.786623
-5.85688,8,315.800813
3.718871,8,315.814044
8.511353,8,315.826446
6.464842,8,315.84059
-2.204052,8,315.857185
-25.59501,8,315.882485
6.409841,8,315.914257
0.426578,8,315.936232
2.032742,8,315.958448
-86.500937,8,315.982107
-0.505894,8,315.998231
-120.718808,8,316.018422
-11.686388,8,316.03159
-0.897048,8,316.048051
-12.346403,8,316.073644
4.822446,8,316.096859
-23.765387,8,316.112403
2.212323,8,316.130276
-26.742028,8,316.158987
6.886981,8,316.188572
-6.475452,8,316.208627
-0.072085,8,316.242373
-20.679872,8,316.266781
-89.603258,8,316.296122
3.224435,8,316.326243
-49.21658,8,316.345427
7.31538,8,316.358803
-21.984241,8,316.386272
-0.948485,8,316.406177
-2.301219,8,316.422686
-3.526183,8,316.442249
-24.452428,8,316.461621
-69.292061,8,316.476123
-15.158961,8,316.489678
-48.520246,8,316.506321
2.015061,8,316.529466
0.610412,8,316.546324
-14.270929,8,316.561987
-1.846697,8,316.578036
1.004522,8,316.599101
-26.661229,8,316.616434
2.033226,8,316.634074
-13.758805,8,316.670754
-54.682133,8,316.704838
2.320171,8,316.723058
-59.991266,8,316.738941
-21.986769,8,316.798492
-26.380253,8,316.816136
-0.537661,8,316.82868
3.02241,8,316.841206
-4.190833,8,316.853837
-6.273888,8,316.874664
0.166068,8,316.888241
-7.660529,8,316.904774
-35.15457,8,316.919818
-54.921906,8,316.948857
2.855636,8,316.966384
1.776328,8,316.987436
2.500147,8,317.003491
0.821914,8,317.020519
-0.08115,8,317.032029
-0.078806,8,317.045292
0.207378,8,317.062308
3.999544,8,317.094693
-3.939975,8,317.116252
2.924209,8,317.13352
5.922621,8,317.15033
-46.990553,8,317.170445
-4.104751,8,317.193549
-25.020127,8,317.214289
-72.419193,8,317.234188
-2.226139,8,317.251734
7.747097,8,317.264416
-18.862496,8,317.279564
-37.405389,8,317.290174
7.101153,8,317.31029
-1.16074,8,317.321915
-86.553521,8,317.33925
-61.4201,8,317.350775
-17.395588,8,317.361016
-82.450914,8,317.382027
-2.896799,8,317.392666
-19.215582,8,317.403178
-66.285176,8,317.418014
-2.549344,8,317.429564
-44.434476,8,317.444646
6.725008,8,317.456728
-148.012078,8,317.470477
-21.892848,8,317.48164
5.198758,8,317.494591
0.95829,8,317.506787
0.293638,8,317.521567
-72.47961,8,317.532792
-23.392699,8,317.549954
-6.338393,8,317.565123
-36.728312,8,317.5796
-1.017638,8,317.591268
7.626235,8,317.60187
-17.912331,8,317.612561
-29.934577,8,317.627391
-18.139064,8,317.637447
-15.084845,8,317.646534
-0.231118,8,317.657581
1.649116,8,317.675183
-14.168319,8,317.686437
2.414707,8,317.703974
1.155222,8,317.71625
7.621961,8,317.731044
-69.77463,8,317.739509
-20.448305,8,317.75888
-130.272757,8,317.769459
-51.760103,8,317.786483
-15.070109,8,317.797209
-72.333682,8,317.809057
-64.09203,8,317.825556
-2.07253,8,317.865348
-51.956513,8,317.879881
-4.284538,8,317.896732
0.373413,8,317.914356
-1.48997,8,317.932557
1.482873,8,317.948301
0.670346,8,317.962999
-52.328107,8,317.975046
-89.083388,8,317.99858
1.177265,8,318.013084
-7.774764,8,318.030572
-43.054432,8,318.044408
8.793193,8,318.065389
3.924413,8,318.083122
-34.661414,8,318.097735
5.025818,8,318.125496
-4.893846,8,318.144639
3.004119,8,318.156373
-14.790045,8,318.166902
-38.631599,8,318.18293
-36.845808,8,318.201265
-6.394905,8,318.216406
-46.754548,8,318.238731
-0.527003,8,318.254827
-18.219667,8,318.271026
0.744487,8,318.284561
-19.460984,8,318.29961
-3.301634,8,318.314391
-27.378246,8,318.343836
-67.785357,8,318.358893
-21.506083,8,318.372086
-4.376057,8,318.384617
2.171666,8,318.40377
-26.372313,8,318.420837
5.791986,8,318.434831
2.249535,8,318.454999
-3.353328,8,318.474996
-2.075996,8,318.491035
-0.410068,8,318.51009
-27.411808,8,318.52639
-12.789257,8,318.55496
2.140656,8,318.574528
-113.927476,8,318.587698
-8.114187,8,318.600233
-15.610814,8,318.618122
-3.302012,8,318.631699
3.186389,8,318.645226
13.021326,8,318.659986
-7.508513,8,318.681976
6.329215,8,318.695507
0.998871,8,318.707538
-1.596859,8,318.722092
-7.537599,8,318.73813
-6.590671,8,318.754745
6.065866,8,318.765272
-12.083156,8,318.775333
-8.907792,8,318.794711
-15.339245,8,318.806305
-14.5523,8,318.819469
-19.974899,8,318.829988
-1.091913,8,318.843507
-39.777383,8,318.856514
-3.755439,8,318.868439
2.763521,8,318.878976
-22.393883,8,318.893496
-90.340935,8,318.912678
-12.572103,8,318.924813
-78.338943,8,318.938174
-0.011815,8,318.953968
-93.612163,8,318.964479
-63.565253,8,318.975065
-19.913004,8,318.986304
-67.50436,8,319.003818
-3.852987,8,319.025569
-5.241713,8,319.0442
0.390419,8,319.060608
-54.316383,8,319.07861
3.825,8,319.090206
-73.146794,8,319.111417
3.909528,8,319.126104
-18.098036,8,319.239217
-15.003438,8,319.280492
-14.048863,8,319.298586
-87.229569,8,319.314211
-9.730404,8,319.33303
-14.530721,8,319.349365
-3.468264,8,319.371058
-92.55488,8,319.386148
-6.4864,8,319.399676
-14.74436,8,319.413391
-61.357332,8,319.42957
0.079814,8,319.442309
1.966073,8,319.462057
-27.322102,8,319.479599
-5.992077,8,319.491117
-4.606028,8,319.504897
-16.383616,8,319.521583
-17.002199,8,319.534096
-69.058726,8,319.54558
-31.319607,8,319.556442
5.898292,8,319.572042
-8.039484,8,319.588176
-39.352925,8,319.599688
-25.521555,8,319.615198
3.49596,8,319.631131
1.655327,8,319.641645
-4.636224,8,319.65117
5.099093,8,319.662896
-184.777576,8,319.677585
4.397725,8,319.688094
-49.345945,8,319.704898
-95.294338,8,319.716594
-34.192551,8,319.731586
1.751105,8,319.742229
-22.768574,8,319.751513
-9.924844,8,319.767563
4.696564,8,319.79808
0.259301,8,319.828788
-1.66477,8,319.842386
-83.278319,8,319.85641
-15.204653,8,319.87628
-9.911771,8,319.900199
-3.208966,8,319.913392
-14.669985,8,319.938477
-4.564755,8,319.961048
-10.320221,8,319.978519
-2.084356,8,319.994399
-19.290406,8,320.007617
-8.870297,8,320.026574
-8.558739,8,320.039625
2.619399,8,320.053818
-1.059401,8,320.066342
-35.014756,8,320.079717
2.785326,8,320.090203
-4.551318,8,320.101798
-91.807044,8,320.111334
-47.155774,8,320.126371
-22.73654,8,320.135382
5.558428,8,320.144913
1.205243,8,320.159969
-126.745097,8,320.178666
-35.134351,8,320.191266
-2.174402,8,320.200785
1.686752,8,320.211437
1.650946,8,320.224967
-22.802376,8,320.235502
-48.298537,8,320.245019
-61.357537,8,320.258435
-23.400782,8,320.279991
0.996073,8,320.293778
-20.606742,8,320.309739
1.376657,8,320.321031
0.009633,8,320.338073
-1.297912,8,320.353956
-11.959285,8,320.366486
0.633834,8,320.3826
3.802407,8,320.397628
-38.86413,8,320.40939
-68.472059,8,320.420003
1.97495,8,320.431683
-123.097659,8,320.445122
1.08964,8,320.456405
-2.434354,8,320.466958
-3.541405,8,320.478167
-7.789512,8,320.496721
-41.835195,8,320.511256
-50.603815,8,320.523775
-24.456923,8,320.537808
-17.285046,8,320.554323
-4.981145,8,320.56835
5.92986,8,320.578665
3.489958,8,320.59218
-0.667589,8,320.606352
6.723409,8,320.614365
-1.37824,8,320.625562
-18.035896,8,320.635076
3.904707,8,320.651122
-5.440743,8,320.663421
-22.573684,8,320.679059
6.258917,8,320.690722
-29.928397,8,320.709871
-11.69765,8,320.722604
2.341777,8,320.733784
-75.439686,8,320.746271
-26.901588,8,320.761748
-41.386014,8,320.772764
-3.046891,8,320.783298
-18.421693,8,320.810442
-13.32971,8,320.838187
2.309713,8,320.856648
-17.588653,8,320.87857
-7.393307,8,320.893419
3.456656,8,320.912103
-38.346496,8,320.931263
5.250031,8,320.943253
-5.261233,8,320.957295
-127.632558,8,320.97985
-1.937246,8,320.993383
-85.077562,8,321.004927
-45.528606,8,321.01803
-22.207475,8,321.036766
-19.103874,8,321.048758
5.352009,8,321.061553
1.727934,8,321.079592
-2.027172,8,321.095107
-15.934769,8,321.106266
-52.736248,8,321.116789
-13.156947,8,321.127782
1.27911,8,321.14867
-20.887653,8,321.16185
-16.788606,8,321.171884
-37.21822,8,321.184964
-9.648818,8,321.200908
3.312423,8,321.215098
-11.323566,8,321.22614
-11.026722,8,321.248207
5.573959,8,321.26638
-15.247049,8,321.278547
-56.727632,8,321.292384
3.755742,8,321.304847
-15.394595,8,321.319873
-44.774385,8,321.331387
-13.606926,8,321.340908
-105.43965,8,321.358451
-8.060197,8,321.374784
-16.081617,8,321.388433
-37.023281,8,321.398963
-25.449057,8,321.411495
4.683937,8,321.444651
-53.74329,8,321.473652
2.932241,8,321.488535
-14.449436,8,321.510451
3.497755,8,321.542966
5.368908,8,321.563475
-35.320076,8,321.581551
-3.467286,8,321.606292
5.424377,8,321.634948
2.783592,8,321.650616
-5.345137,8,321.668998
-64.203673,8,321.717296
1.654533,8,321.758195
-57.742403,8,321.784049
3.762376,8,321.809824
6.025977,8,321.849868
4.962579,8,321.88195
-0.931311,8,321.91053
-1.681913,8,321.933178
-0.349885,8,321.962831
-4.225573,8,321.989334
-1.114979,8,322.009636
-24.717996,8,322.03045
7.646874,8,322.050789
7.984672,8,322.083532
2.744626,8,322.10809
9.021692,8,322.123223
4.992995,8,322.139084
2.691383,8,322.152595
-62.343414,8,322.165138
-30.386233,8,322.179699
-15.689882,8,322.192243
5.009386,8,322.332612
3.28187,8,322.348745
-37.59755,8,322.362549
-40.163151,8,322.376273
-15.909186,8,322.393285
-69.049294,8,322.408853
-15.514344,8,322.422917
1.087336,8,322.435443
1.800137,8,322.451887
-15.878806,8,322.46646
-18.722481,8,322.480397
8.29164,8,322.496247
-6.800952,8,322.510286
-27.062963,8,322.521879
2.757713,8,322.534645
-7.012981,8,322.553904
-0.068593,8,322.574098
4.210195,8,322.58395
0.689763,8,322.603997
-18.490849,8,322.614563
-19.865296,8,322.629626
0.876376,8,322.642159
-5.621269,8,322.652924
0.309313,8,322.665476
-7.05429,8,322.681422
-5.640129,8,322.691496
-32.04874,8,322.711391
-79.425026,8,322.721911
-20.389863,8,322.737391
1.299287,8,322.749532
-6.148253,8,322.766373
-57.1742,8,322.779016
-39.333478,8,322.796447
-2.267015,8,322.809622
-20.354496,8,322.820429
-12.54934,8,322.837167
-19.748186,8,322.852689
-1.418328,8,322.865173
2.736368,8,322.876712
-67.865533,8,322.888245
1.646633,8,322.902292
6.811351,8,322.913812
-11.686069,8,322.926602
-34.117795,8,322.948177
-28.884809,8,322.964311
-21.184557,8,322.974374
-3.167566,8,322.98494
2.176977,8,322.998142
-1.541553,8,323.013142
6.994504,8,323.024668
-51.918269,8,323.036233
2.621147,8,323.046746
4.850983,8,323.062277
3.933411,8,323.072881
4.347778,8,323.089872
-78.751528,8,323.110811
-9.640153,8,323.132149
-96.747313,8,323.146435
2.088893,8,323.160638
-5.418387,8,323.176427
-40.592996,8,323.192767
-162.465561,8,323.206136
-13.23478,8,323.219344
1.657977,8,323.231645
-6.883608,8,323.248349
-20.713491,8,323.261019
6.14651,8,323.278398
-62.914387,8,323.29168
-17.102621,8,323.310449
-1.252597,8,323.328513
-101.268845,8,323.339201
-2.459535,8,323.351777
-35.184686,8,323.374339
-36.583708,8,323.398718
-35.928366,8,323.413389
-28.729172,8,323.429606
-102.697034,8,323.4519
-5.827887,8,323.468124
-2.4996,8,323.488286
3.185229,8,323.506423
-0.95159,8,323.54422
-24.824595,8,323.563209
-5.820753,8,323.618554
-21.752682,8,323.635115
2.824641,8,323.651491
1.193213,8,323.666296
-2.578868,8,323.680304
-21.317737,8,323.694539
-40.50718,8,323.710615
-31.853615,8,323.722144
-38.441527,8,323.73771
2.535877,8,323.749307
-46.164457,8,323.76504
1.622616,8,323.781598
5.050731,8,323.793266
-12.179592,8,323.804942
3.111081,8,323.819648
-37.543228,8,323.831157
0.155519,8,323.84619
-16.464468,8,323.856728
-30.504489,8,323.870262
-29.130632,8,323.8803
0.982935,8,323.890822
-20.070126,8,323.902346
-34.033236,8,323.914861
-0.904281,8,323.931153
-4.100979,8,323.943676
-1.505586,8,323.958467
-2.923611,8,323.972226
-21.308496,8,323.980751
-21.552131,8,323.992348
-23.301871,8,324.001887
-21.514182,8,324.015417
-17.860572,8,324.02502
-29.577109,8,324.036327
-11.646694,8,324.046883
-25.141239,8,324.066934
-19.769995,8,324.078206
5.798079,8,324.0934
1.821093,8,324.102921
-38.345626,8,324.120805
-0.494961,8,324.13986
-70.350226,8,324.156447
-55.339272,8,324.182652
-49.263182,8,324.210662
1.590676,8,324.23323
-2.245807,8,324.25861
3.740016,8,324.284101
-37.911861,8,324.318711
-21.811194,8,324.341267
0.994353,8,324.363404
-44.979424,8,324.378973
1.247799,8,324.397329
-21.813237,8,324.419306
-9.174606,8,324.437773
-22.475247,8,324.456471
-11.079227,8,324.481272
1.774576,8,324.496919
-10.563148,8,324.527296
-54.555366,8,324.549302
-5.423714,8,324.586337
-14.059656,8,324.612539
-8.143973,8,324.636718
-29.451694,8,324.666342
-20.633495,8,324.696415
7.807171,8,324.718101
-12.907342,8,324.731483
3.75528,8,324.758234
-1.071306,8,324.779403
-24.690305,8,324.798176
-31.959302,8,324.81664
-2.909992,8,324.831158
-2.292618,8,324.852654
-12.554217,8,324.865186
-20.447179,8,324.87715
7.622941,8,324.894817
-78.534721,8,324.910817
-0.478362,8,324.926092
-1.370418,8,324.939291
-17.96091,8,324.961392
-16.761801,8,324.992334
-60.511258,8,325.019303
-31.823922,8,325.040391
0.879668,8,325.060963
-17.181968,8,325.088245
-52.095238,8,325.106435
-72.840229,8,325.121531
-2.068839,8,325.138414
-8.412914,8,325.162256
-27.503558,8,325.178432
-18.663503,8,325.189065
-3.479368,8,325.208901
-19.642662,8,325.226148
-65.528755,8,325.241415
4.060705,8,325.269568
-38.754037,8,325.305043
1.893308,8,325.328434
-29.763718,8,325.344571
-12.679088,8,325.359519
-27.915918,8,325.372036
-2.524499,8,325.396418
1.561368,8,325.413036
8.024932,8,325.427352
5.837231,8,325.440787
-35.789692,8,325.457809
-3.089492,8,325.472372
-16.371532,8,325.48441
-7.244145,8,325.498146
-1.883357,8,325.516963
-15.170588,8,325.530656
-85.398716,8,325.544173
-16.880715,8,325.556245
-0.430197,8,325.57177
-44.797394,8,325.587339
3.923706,8,325.598871
-41.871403,8,325.610497
2.672758,8,325.628325
0.801658,8,325.641276
1.874288,8,325.651802
-60.076739,8,325.663519
-18.648976,8,325.678701
3.351415,8,325.691238
-6.886439,8,325.702255
-1.501552,8,325.713763
-1.590363,8,325.730727
-2.534726,8,325.744307
5.243211,8,325.755061
-0.768558,8,325.767105
4.683533,8,325.780141
12.204762,8,325.791654
-16.427985,8,325.803163
-14.672479,8,325.813674
-33.085799,8,325.833706
0.921859,8,325.845397
5.032775,8,325.854986
-42.808802,8,325.865498
-18.340593,8,325.87971
2.386911,8,325.891225
-6.615052,8,325.907533
0.053773,8,325.919065
5.532059,8,325.93258
-5.518486,8,325.946615
-54.060805,8,325.95815
-24.726451,8,325.972226
-52.906738,8,325.984268
4.710808,8,325.994786
3.709186,8,326.006499
-21.811137,8,326.015022
-23.607178,8,326.02905
-2.410173,8,326.041579
-19.657776,8,326.058923
0.550327,8,326.069736
8.795261,8,326.082798
4.044672,8,326.093323
2.330386,8,326.104845
3.126291,8,326.114366
-7.121538,8,326.127939
0.618524,8,326.139385
-12.468861,8,326.154027
-7.147251,8,326.16536
-28.410367,8,326.180831
-15.471802,8,326.19338
-20.68325,8,326.208797
1.461663,8,326.230091
-1.189757,8,326.246132
-64.994621,8,326.265467
4.092191,8,326.277574
2.712002,8,326.289069
-16.233438,8,326.302738
-24.896992,8,326.317091
2.196541,8,326.331604
-0.042672,8,326.347641
6.266273,8,326.369144
-1.903965,8,326.382306
0.562071,8,326.394855
-148.545847,8,326.411245
5.762126,8,326.426891
-5.036253,8,326.44041
-96.465275,8,326.4525
-15.64455,8,326.464235
-15.734242,8,326.483682
-16.071933,8,326.501058
-9.947435,8,326.516904
1.520115,8,326.533774
-0.354429,8,326.553912
-1.63694,8,326.566439
-30.71079,8,326.579172
-24.444776,8,326.596386
-40.773669,8,326.619538
-0.722347,8,326.631125
-38.782059,8,326.642654
-52.231779,8,326.651175
-3.942111,8,326.668199
-51.330936,8,326.685369
5.576699,8,326.705199
-21.179953,8,326.719878
-56.495282,8,326.736134
10.103496,8,326.749642
-76.978484,8,326.761187
-22.370395,8,326.773393
2.689156,8,326.796426
-4.754675,8,326.816564
-19.830502,8,326.830156
-53.431846,8,326.846211
2.886254,8,326.864375
-12.687049,8,326.878702
-1.390523,8,326.894854
-13.992002,8,326.908592
-1.505433,8,326.933038
-10.368171,8,326.946563
7.201126,8,326.959725
-36.894774,8,326.973751
0.792154,8,326.988904
-19.408086,8,327.007951
3.971906,8,327.02148
-35.089353,8,327.040528
-6.839,8,327.05758
-74.386502,8,327.068625
1.525799,8,327.080639
-27.995418,8,327.095268
-18.375046,8,327.110312
-13.821307,8,327.12083
-13.959933,8,327.134609
2.309261,8,327.153475
-23.266814,8,327.170968
-15.176176,8,327.189367
-53.466351,8,327.201892
-15.069616,8,327.217017
-8.056807,8,327.232542
-110.614221,8,327.246552
0.916174,8,327.263674
-100.171129,8,327.27616
-72.334328,8,327.291452
2.076794,8,327.302985
3.885838,8,327.316305
-0.927495,8,327.326399
-1.790817,8,327.344386
-16.588528,8,327.354918
-2.048138,8,327.377449
10.558949,8,327.389386
2.842263,8,327.407583
-17.780672,8,327.417491
-32.671591,8,327.428211
-8.882522,8,327.439701
3.49025,8,327.458777
-6.099036,8,327.472793
-21.302415,8,327.489409
1.69156,8,327.500695
-8.529998,8,327.51522
-13.28884,8,327.527309
-37.570176,8,327.544078
1.678439,8,327.553602
-1.951642,8,327.570061
-4.192933,8,327.582867
4.946209,8,327.599205
-9.205832,8,327.613238
-22.940342,8,327.626395
-7.022956,8,327.639106
2.167568,8,327.648627
0.53119,8,327.662529
-4.036655,8,327.677953
11.851575,8,327.6905
-16.79808,8,327.706544
-96.072059,8,327.724604
-6.362044,8,327.741323
-44.372285,8,327.752846
-19.52091,8,327.768453
0.842461,8,327.789757
0.440595,8,327.811544
-33.37149,8,327.825401
-38.73588,8,327.839427
3.524768,8,327.850131
1.426331,8,327.864866
-11.560449,8,327.878281
4.286707,8,327.892262
3.297942,8,327.911611
4.898826,8,327.931461
-26.262986,8,327.944025
5.227832,8,327.95555
8.481325,8,327.976126
-61.669539,8,328.000411
-67.473523,8,328.015454
1.305583,8,328.029337
-39.030797,8,328.047207
1.218515,8,328.066516
-21.272539,8,328.079514
7.550934,8,328.091795
6.96124,8,328.104493
-8.984077,8,328.130663
-0.24596,8,328.150543
-15.09955,8,328.164531
-30.179545,8,328.178688
-5.13054,8,328.195364
-42.948542,8,328.207408
6.271027,8,328.219406
2.902106,8,328.230807
-2.965985,8,328.245364
-20.647528,8,328.263048
4.304896,8,328.276287
-0.60852,8,328.286354
-22.291785,8,328.305072
4.170412,8,328.3146
-20.871939,8,328.327547
-5.832618,8,328.339578
-60.942423,8,328.354558
-38.963653,8,328.371714
-16.057947,8,328.387498
-19.841395,8,328.401968
-4.667665,8,328.415542
1.233338,8,328.425053
-0.515814,8,328.438175
-17.710606,8,328.446271
2.614154,8,328.459524
-39.857622,8,328.479149
-1.857867,8,328.491405
-16.608918,8,328.501915
-2.040665,8,328.516185
4.921443,8,328.528486
-27.862226,8,328.540567
-51.563212,8,328.559867
-43.000628,8,328.574456
-19.485765,8,328.588266
-20.503935,8,328.610163
-15.208587,8,328.626765
-16.436993,8,328.648667
9.70783,8,328.668301
-0.539649,8,328.676827
-15.626445,8,328.693349
-128.433354,8,328.711991
-29.790162,8,328.724539
-12.718078,8,328.738381
-14.201717,8,328.750917
-23.795769,8,328.766354
-8.875337,8,328.777726
-21.253574,8,328.789267
-20.97289,8,328.798791
-21.812909,8,328.812194
-1.400642,8,328.82785
0.438123,8,328.843149
1.914826,8,328.854563
4.294581,8,328.869714
-2.830483,8,328.882576
3.736196,8,328.89464
-20.228956,8,328.906916
3.30929,8,328.921668
2.2509,8,328.93619
4.24857,8,328.947211
8.040631,8,328.958739
-7.518944,8,328.97147
-49.864441,8,328.980521
-27.364977,8,328.994501
-77.682528,8,329.00465
-15.967824,8,329.138492
-22.038892,8,329.155034
0.247475,8,329.166383
-20.12021,8,329.179758
-0.018073,8,329.193039
-9.791379,8,329.203486
6.465506,8,329.211169
-41.621391,8,329.226404
-45.780726,8,329.241693
-61.741236,8,329.252955
10.017399,8,329.271651
6.612855,8,329.288333
-31.25078,8,329.30495
-9.135226,8,329.316982
-14.753776,8,329.33028
-48.066365,8,329.34174
-59.767022,8,329.359629
1.167062,8,329.376625
-15.126484,8,329.395342
-17.605934,8,329.410525
-15.570773,8,329.426513
-0.884682,8,329.437555
-15.888212,8,329.450082
-22.857805,8,329.47548
1.348805,8,329.505111
14.034471,8,329.521966
-7.881549,8,329.536461
-17.260544,8,329.553051
-1.746705,8,329.572091
-19.860074,8,329.587359
1.170808,8,329.602911
-67.181125,8,329.620707
2.02875,8,329.641857
4.33437,8,329.657622
-24.689971,8,329.67625
-19.96972,8,329.694933
2.49594,8,329.718024
-1.188106,8,329.734023
-2.025016,8,329.747927
-28.967573,8,329.760571
-1.388364,8,329.77713
2.631754,8,329.788662
-38.579909,8,329.799187
-3.326615,8,329.812698
-20.276192,8,329.827812
3.111033,8,329.843336
-40.997636,8,329.854973
-75.450879,8,329.865502
1.958202,8,329.885055
-27.060671,8,329.893666
4.801101,8,329.905191
-56.360046,8,329.916215
5.555991,8,329.9302
6.585191,8,329.941727
-40.161252,8,329.957835
-0.067031,8,329.967369
-11.945733,8,329.976201
-19.123371,8,329.992482
-14.405165,8,330.002011
-1.617668,8,330.013663
-16.231198,8,330.028013
-9.088239,8,330.043602
-15.963615,8,330.056907
10.271288,8,330.067597
-58.091409,8,330.082136
-3.296887,8,330.092359
-114.086932,8,330.103058
-18.813253,8,330.113564
1.929871,8,330.127602
-37.703194,8,330.137126
-43.174646,8,330.146137
-88.721517,8,330.154938
-1.5532,8,330.172932
-4.983782,8,330.189846
-2.852952,8,330.199549
-21.897848,8,330.210962
-83.171173,8,330.224671
-13.019031,8,330.234198
-28.567895,8,330.246222
-25.182593,8,330.255018
-15.519209,8,330.269054
0.828606,8,330.282372
-22.841698,8,330.293391
4.148749,8,330.303913
-32.813432,8,330.317626
-0.327638,8,330.328147
2.944508,8,330.342677
-7.344158,8,330.353193
2.853224,8,330.367223
2.700524,8,330.420778
-10.915027,8,330.430313
4.970627,8,330.444812
-24.926034,8,330.457913
-2.543644,8,330.4686
-16.185578,8,330.47863
-92.45013,8,330.493169
-29.167278,8,330.507092
0.031819,8,330.517956
-8.739646,8,330.532569
4.391767,8,330.542955
-3.728629,8,330.56059
3.201388,8,330.571775
7.594075,8,330.584013
-26.91638,8,330.596269
-14.806804,8,330.614771
-23.189464,8,330.626543
-7.189176,8,330.637873
-35.062167,8,330.648673
-1.707776,8,330.665051
6.954194,8,330.678968
-4.300512,8,330.6924
-18.836226,8,330.721786
-40.212591,8,330.740239
0.878018,8,330.752052
-21.229156,8,330.764083
-6.847127,8,330.779261
-32.582292,8,330.795557
-19.592622,8,330.807816
-9.189782,8,330.823625
-15.223104,8,330.835168
-0.186599,8,330.850563
0.890907,8,330.86108
-13.465468,8,330.8727
-108.021086,8,330.888293
-26.903477,8,330.901799
-54.852846,8,330.912313
-44.429082,8,330.927331
-19.800954,8,330.936338
3.705517,8,330.948364
4.683517,8,330.958997
-70.958204,8,330.968521
-10.711039,8,330.979554
4.08394,8,330.993261
-7.038919,8,331.00377
1.497914,8,331.014279
-27.19208,8,331.026375
0.756688,8,331.046412
-1.135307,8,331.058927
-19.75058,8,331.069754
2.85272,8,331.080279
-2.748031,8,331.08979
-6.348359,8,331.106648
2.453186,8,331.118179
-6.824773,8,331.129862
1.702546,8,331.146617
-19.673267,8,331.156335
3.970559,8,331.169743
-36.608365,8,331.176465
4.32719,8,331.196532
-16.870818,8,331.20923
6.240276,8,331.219752
8.601325,8,331.229275
-174.278098,8,331.244793
-21.939444,8,331.258825
1.749779,8,331.26834
-30.490653,8,331.27948
-27.611813,8,331.292439
-10.90355,8,331.301961
-0.351285,8,331.313494
-0.131955,8,331.324576
-4.330774,8,331.337626
-1.172649,8,331.351181
-1.06493,8,331.366145
-5.416607,8,331.377231
-9.185256,8,331.392447
-140.283785,8,331.401969
-5.456486,8,331.411767
-9.025003,8,331.421286
4.073035,8,331.433806
-10.707509,8,331.444328
-2.73908,8,331.454869
-19.627736,8,331.465394
-37.662178,8,331.478423
-18.196122,8,331.494952
2.488055,8,331.507024
3.303098,8,331.517319
-48.16466,8,331.532584
-61.757979,8,331.5441
-77.548462,8,331.554081
-28.673008,8,331.566177
-17.500812,8,331.578717
-1.452974,8,331.59548
-23.587776,8,331.606615
-20.098619,8,331.614632
-54.34707,8,331.628675
-2.313766,8,331.640866
-1.027715,8,331.656563
-3.358799,8,331.666587
3.572444,8,331.681967
-15.755416,8,331.691482
2.235327,8,331.707555
-0.335064,8,331.721162
-46.481548,8,331.736183
-22.103756,8,331.747887
0.316405,8,331.760591
0.987416,8,331.773118
-27.76566,8,331.789331
-4.167681,8,331.80085
-3.142227,8,331.820789
-23.588052,8,331.83531
-13.090989,8,331.850366
-16.274606,8,331.862888
-8.447857,8,331.876425
0.442165,8,331.887964
-54.238038,8,331.905475
4.229302,8,331.916508
-9.229295,8,331.938777
-31.864591,8,331.955292
3.257166,8,331.973326
6.618057,8,331.988763
5.005418,8,332.004819
0.262885,8,332.026115
-14.235788,8,332.04919
1.228671,8,332.066108
-8.808967,8,332.076287
-18.754861,8,332.091637
-17.708113,8,332.108738
-0.897214,8,332.126082
-38.542036,8,332.140408
6.605903,8,332.155031
-53.823406,8,332.17511
-38.199149,8,332.190433
-5.595365,8,332.206106
-1.546906,8,332.224782
2.523336,8,332.245372
-35.920951,8,332.257943
-19.641744,8,332.278837
-13.407598,8,332.296526
-14.572783,8,332.314769
1.778775,8,332.327429
-5.741511,8,332.338469
2.377043,8,332.350923
0.691968,8,332.369748
-25.414255,8,332.381787
-6.342922,8,332.400704
-46.261167,8,332.413039
-17.056273,8,332.434063
-20.349978,8,332.44838
-29.824742,8,332.467119
-27.739789,8,332.485164
-7.034704,8,332.511191
-2.402846,8,332.523247
-120.743633,8,332.53811
-63.396096,8,332.552795
-14.963554,8,332.569799
6.094771,8,332.583306
-5.364649,8,332.60004
1.162629,8,332.620896
-32.888845,8,332.655588
-29.702545,8,332.671038
6.491182,8,332.683091
1.961806,8,332.694953
-17.861748,8,332.714321
-16.273825,8,332.728072
5.530389,8,332.742948
0.461408,8,332.761025
0.827904,8,332.777943
-17.679696,8,332.793456
-28.733628,8,332.820102
4.411748,8,332.841393
2.240408,8,332.859521
-16.416294,8,332.877815
1.864259,8,332.888343
-5.527034,8,332.901195
9.556175,8,332.920766
-15.400897,8,332.947355
0.766456,8,332.962578
0.961293,8,332.982528
-5.046119,8,333.004508
-53.41651,8,333.033078
4.058195,8,333.077348
1.308163,8,333.11441
-49.794992,8,333.162379
-33.412499,8,333.214047
-15.908838,8,333.242451
-33.274648,8,333.269909
-61.924398,8,333.305568
3.578723,8,333.33126
-18.272457,8,333.349639
-0.093181,8,333.372118
-40.094229,8,333.39701
-16.611024,8,333.423814
-24.539465,8,333.442577
-1.246575,8,333.461061
-3.671333,8,333.479282
-0.235209,8,333.491431
-6.521789,8,333.516996
-3.318754,8,333.531334
-133.939388,8,333.547951
-48.846581,8,333.561656
7.476609,8,333.576266
-12.909177,8,333.591441
-3.903576,8,333.611609
-61.732138,8,333.628403
4.876582,8,333.643555
-41.662647,8,333.657646
-8.93009,8,333.677414
-62.245393,8,333.691951
-70.637647,8,333.714801
-20.810009,8,333.740827
-3.814871,8,333.759264
-125.680151,8,333.777486
-20.592306,8,333.791691
-1.193578,8,333.806482
-11.618033,8,333.826473
-1.710024,8,333.850095
-2.591802,8,333.870029
-12.720071,8,333.882222
-10.417836,8,333.900196
3.543568,8,333.916567
-17.398347,8,333.929007
-99.519997,8,333.976376
-19.06082,8,333.993435
-21.92426,8,334.005049
2.638283,8,334.019791
-9.185232,8,334.047658
-2.925584,8,334.071778
-13.925827,8,334.085306
-53.678523,8,334.104103
3.78221,8,334.128307
-16.190321,8,334.146946
-87.050193,8,334.163636
-19.450892,8,334.188478
4.732477,8,334.216301
-4.505201,8,334.241503
-17.805961,8,334.257714
0.711772,8,334.272784
-10.269056,8,334.293434
-9.739067,8,334.31129
-91.415967,8,334.324778
-5.588807,8,334.354274
-17.759042,8,334.568788
-0.853733,8,334.592485
-23.007864,8,334.617524
-4.068849,8,334.639474
0.507869,8,334.661347
-65.19108,8,334.694601
0.273915,8,334.738488
-25.60647,8,334.826339
1.552764,8,334.872825
-26.401171,8,334.894473
-1.984651,8,334.912795
7.317237,8,334.932581
-43.97492,8,334.958991
-29.644417,8,335.039675
-0.495976,8,335.071789
-4.463915,8,335.088587
-49.412244,8,335.107676
-20.317478,8,335.130331
-1.039927,8,335.145442
-64.587632,8,335.16174
-103.818444,8,335.176868
3.670956,8,335.194727
-14.113913,8,335.209636
5.66892,8,335.228399
-28.570122,8,335.244456
-15.900191,8,335.26435
8.356695,8,335.282117
2.368475,8,335.306128
-6.787904,8,335.322085
-6.418159,8,335.345122
-20.235932,8,335.36233
-4.177029,8,335.376976
4.976566,8,335.393627
4.244571,8,335.412675
0.692573,8,335.42772
-5.479809,8,335.443676
-4.410538,8,335.464103
-34.342145,8,335.483955
1.098728,8,335.500829
-49.450675,8,335.52306
-40.003293,8,335.540245
-44.576741,8,335.560804
-83.737822,8,335.593727
-0.128431,8,335.620268
-40.168767,8,335.644675
-0.273102,8,335.669816
-1.255248,8,335.696164
-32.620934,8,335.726113
4.188255,8,335.746367
-83.541552,8,335.766185
-37.898702,8,335.781037
-0.589031,8,335.796498
6.144285,8,335.814661
1.467365,8,335.978019
11.103517,8,335.993318
-16.859399,8,336.017269
-31.382767,8,336.040317
-1.340598,8,336.06214
-11.180302,8,336.078915
-3.987261,8,336.104251
-34.627236,8,336.128386
1.920084,8,336.165369
-5.146936,8,336.18434
-16.899014,8,336.203245
3.944606,8,336.226376
-27.398364,8,336.256517
-27.441532,8,336.276175
-12.946491,8,336.300567
-16.163572,8,336.314808
6.359459,8,336.334425
-17.193821,8,336.353216
-25.964678,8,336.375535
-17.797506,8,336.389548
-151.839893,8,336.409737
-56.448059,8,336.425783
-18.319992,8,336.441333
-7.393833,8,336.456431
1.79785,8,336.481843
-33.944774,8,336.500725
-12.819938,8,336.516385
3.619257,8,336.546262
-3.524341,8,336.572724
4.023749,8,336.591412
-4.552726,8,336.606678
1.660635,8,336.623186
-113.472104,8,336.641452
-26.514526,8,336.653323
-118.03078,8,336.666102
-17.584622,8,336.677514
-13.444038,8,336.696472
-56.664698,8,336.716831
-20.352632,8,336.729091
-4.428713,8,336.746479
-3.960282,8,336.764574
-42.904368,8,336.777837
-29.191104,8,336.792329
3.771247,8,336.806333
0.338827,8,336.826444
0.749594,8,336.841785
-35.5133,8,336.856488
-10.892138,8,336.870012
1.489079,8,336.886383
2.920656,8,336.896499
2.942101,8,336.912924
-51.301104,8,336.925362
-12.54221,8,336.958755
-1.178244,8,336.97812
-8.576224,8,336.999146
-139.363735,8,337.014742
-3.290104,8,337.036599
-15.000308,8,337.057332
-19.102466,8,337.074089
-38.829751,8,337.092324
-81.418617,8,337.119944
3.173572,8,337.139101
-65.426768,8,337.165144
-0.087661,8,337.184132
-42.189017,8,337.276249
-5.344559,8,337.291048
-88.087935,8,337.307806
-1.871545,8,337.32759
5.34567,8,337.346947
-36.261708,8,337.364436
-60.379632,8,337.39244
-15.248255,8,337.409853
5.179126,8,337.428103
-21.32741,8,337.441802
-32.757287,8,337.458947
-43.749636,8,337.48003
10.70126,8,337.507465
-51.379059,8,337.534827
-25.539162,8,337.559476
-7.414176,8,337.590374
-5.86798,8,337.620719
-6.665969,8,337.637275
-14.639988,8,337.650814
-29.92491,8,337.666383
-9.901775,8,337.688641
-20.578323,8,337.705374
-96.713223,8,337.731025
-21.14445,8,337.748647
-3.50933,8,337.77119
4.432049,8,337.803845
1.053285,8,337.822489
-36.466457,8,337.852745
-29.322247,8,337.87237
-45.061266,8,337.888271
-10.953304,8,337.904875
-1.165671,8,337.918933
-90.504877,8,337.937571
-2.070689,8,337.956761
-2.714299,8,337.973537
-78.414815,8,337.987106
0.555617,8,338.0062
0.853455,8,338.021204
4.680216,8,338.044874
-75.093742,8,338.064697
-5.203277,8,338.082328
-33.082683,8,338.094282
-3.603184,8,338.106268
-18.012682,8,338.117171
-18.900028,8,338.131585
-2.33512,8,338.147554
-5.337456,8,338.15779
-36.338869,8,338.174475
-7.110029,8,338.189878
-15.098125,8,338.202909
-1.761025,8,338.222089
-70.465057,8,338.234704
-2.176509,8,338.25032
-29.530756,8,338.265545
-67.000419,8,338.278543
-53.926282,8,338.295177
-25.715951,8,338.310898
-15.251645,8,338.322424
-68.660908,8,338.330947
4.852369,8,338.341587
-27.282284,8,338.357336
-4.627505,8,338.367856
-5.110725,8,338.379389
-42.849491,8,338.397205
1.750121,8,338.418931
-33.414553,8,338.434528
-20.626467,8,338.446142
0.445691,8,338.45829
-37.815425,8,338.473944
-22.633292,8,338.484962
-19.497994,8,338.494642
-15.953124,8,338.505163
-50.351794,8,338.523203
-4.623471,8,338.536226
-15.391546,8,338.547784
0.960766,8,338.568994
-28.576007,8,338.584034
-7.145769,8,338.595559
-25.604515,8,338.606214
-2.894439,8,338.617256
-9.906036,8,338.637791
-3.476201,8,338.648308
-90.840986,8,338.658837
-5.590696,8,338.670034
0.479787,8,338.683053
5.082795,8,338.693584
-2.314256,8,338.705014
-35.783801,8,338.714565
-7.02191,8,338.733435
-16.765205,8,338.746336
3.55633,8,338.761889
0.335547,8,338.773584
2.751728,8,338.787065
-93.267612,8,338.797574
-40.671343,8,338.808183
1.196474,8,338.817721
-1.412646,8,338.83166
-34.117505,8,338.842204
-53.721029,8,338.854716
4.361298,8,338.869411
-18.983823,8,338.887315
-117.734272,8,338.899049
4.702813,8,338.910477
-18.104472,8,338.92387
0.268659,8,338.939907
-6.633492,8,338.954142
-14.694465,8,338.966598
0.827544,8,338.980615
0.588987,8,338.996172
-30.129993,8,339.007276
5.589961,8,339.017799
-71.436986,8,339.02832
0.367516,8,339.046734
0.667104,8,339.06462
-1.745137,8,339.078575
-18.472067,8,339.096128
0.702875,8,339.112818
-25.379891,8,339.125343
3.724267,8,339.136372
-0.245452,8,339.147903
1.122176,8,339.16242
3.48362,8,339.174895
-39.058386,8,339.184925
-8.922872,8,339.199216
8.710585,8,339.213739
1.002317,8,339.229555
-21.584181,8,339.24038
-6.778602,8,339.250901
-160.697599,8,339.266228
-3.392809,8,339.278752
-61.135527,8,339.28978
-18.523706,8,339.306823
-22.194747,8,339.321877
1.934019,8,339.332701
-1.240899,8,339.344228
-25.538181,8,339.356264
-4.690602,8,339.372906
-74.834701,8,339.38347
-0.98089,8,339.403288
-25.508041,8,339.420307
2.379694,8,339.43651
-5.323214,8,339.446733
4.247041,8,339.456184
3.411737,8,339.468868
3.730216,8,339.484589
-2.565195,8,339.498158
-8.441434,8,339.510739
-0.482718,8,339.527321
-18.396792,8,339.544357
0.5818,8,339.557799
-55.057312,8,339.574957
-43.362257,8,339.58856
-1.840863,8,339.603922
2.252219,8,339.617979
-4.403701,8,339.6278
-11.753941,8,339.648701
-111.337748,8,339.666286
-20.745615,8,339.681872
-31.070104,8,339.698354
-24.56214,8,339.714204
1.541107,8,339.736176
-50.732003,8,339.753553
-109.243542,8,339.771224
-16.857139,8,339.789368
3.448529,8,339.808788
-6.817361,8,339.82385
-59.770002,8,339.839122
-2.998693,8,339.850293
-86.81828,8,339.875572
-49.469402,8,339.887591
1.018092,8,339.896232
4.213226,8,339.906187
2.326136,8,339.92629
-39.107007,8,339.940073
-14.686044,8,339.958898
-48.476692,8,339.981531
-13.949375,8,339.996157
-79.884534,8,340.01056
-1.964325,8,340.024306
-156.832696,8,340.038582
1.421179,8,340.055249
-3.502677,8,340.068285
-14.789416,8,340.083405
-7.317599,8,340.103179
8.787866,8,340.117237
-16.489755,8,340.130425
5.157214,8,340.142625
2.802709,8,340.151153
-13.571424,8,340.171917
1.370342,8,340.182945
4.214465,8,340.19612
-13.15839,8,340.211229
4.024381,8,340.228431
2.911603,8,340.241246
-81.57171,8,340.250764
-41.643463,8,340.263637
-5.620268,8,340.279691
6.339647,8,340.290721
8.097629,8,340.302233
-66.112812,8,340.319297
0.456265,8,340.341178
-5.98213,8,340.353259
-1.697215,8,340.363834
-22.391179,8,340.376446
2.311474,8,340.392853
-61.423445,8,340.404649
-0.024453,8,340.419952
3.356852,8,340.431633
-16.171739,8,340.445158
-39.164681,8,340.456198
-19.326899,8,340.466724
-14.688328,8,340.478243
4.797366,8,340.49228
-1.687249,8,340.506835
2.577388,8,340.517416
-36.203858,8,340.528903
-0.449495,8,340.548495
-15.935662,8,340.560019
-2.626348,8,340.569639
-16.647976,8,340.581165
2.171135,8,340.596465
-5.176944,8,340.608828
-1.093073,8,340.618348
1.933663,8,340.629508
-21.594673,8,340.648546
-61.231517,8,340.662654
-125.809213,8,340.674226
-10.16377,8,340.685261
4.074236,8,340.699821
-17.530758,8,340.710786
-17.000503,8,340.72331
-0.369725,8,340.733833
-0.725018,8,340.747893
-70.882029,8,340.761407
-87.505285,8,340.770954
-4.175008,8,340.779501
0.178224,8,340.793299
1.157203,8,340.80392
-22.15538,8,340.816955
7.408219,8,340.828431
7.174894,8,340.841602
-3.698923,8,340.852117
-17.453308,8,340.863659
0.911485,8,340.876698
-33.49243,8,340.88978
3.133884,8,340.89932
-5.521258,8,340.909846
-13.922968,8,340.919371
-3.131669,8,340.933918
-20.118985,8,340.944432
5.277972,8,340.958503
2.739807,8,340.969784
-10.770042,8,340.984627
-12.052852,8,340.996715
-22.63278,8,341.006298
-30.189827,8,341.015301
-0.684735,8,341.029392
7.106083,8,341.040693
-21.970637,8,341.051227
4.42261,8,341.061795
-16.150235,8,341.075394
2.75765,8,341.089211
-33.547866,8,341.09749
-22.737053,8,341.112009
-41.118469,8,341.130259
-8.280422,8,341.144615
1.805133,8,341.156131
-8.179779,8,341.168104
-42.573075,8,341.18516
-0.417372,8,341.199816
3.356565,8,341.212855
-20.467019,8,341.223829
12.211931,8,341.238383
-4.175281,8,341.249911
-4.376058,8,341.261438
-41.257953,8,341.277485
-0.997111,8,341.400759
-23.763662,8,341.420946
-17.428731,8,341.42632
-38.224223,8,341.442131
-27.896736,8,341.458817
3.434597,8,341.472335
-14.509101,8,341.483447
-5.745418,8,341.497158
9.890528,8,341.519186
7.875683,8,341.532705
0.283374,8,341.546226
-4.191421,8,341.556355
2.007737,8,341.578182
-20.547123,8,341.588486
-188.251096,8,341.600599
-33.672348,8,341.606247
-124.900995,8,341.627492
5.256281,8,341.642608
-4.228945,8,341.655125
1.847838,8,341.667421
-19.046211,8,341.682217
-13.509383,8,341.69425
-35.618931,8,341.705468
3.769399,8,341.718503
1.780239,8,341.739771
-29.289756,8,341.75804
-10.660893,8,341.771264
4.312208,8,341.776122
-0.268759,8,341.796429
2.437015,8,341.809832
-54.07689,8,341.820359
-7.12225,8,341.826478
-11.161496,8,341.838592
-43.730373,8,341.8565
1.1528,8,341.869727
-42.546628,8,341.88361
11.41234,8,341.89623
-1.709083,8,341.914348
0.876198,8,341.92642
-31.322582,8,341.938972
-19.73815,8,341.953774
6.079869,8,341.964932
1.955924,8,341.98055
-24.585773,8,341.990728
7.820925,8,342.004387
-0.626727,8,342.015539
-28.826576,8,342.027007
-7.139339,8,342.03727
-49.916957,8,342.052463
-1.017197,8,342.066489
-0.009272,8,342.080013
6.921194,8,342.098479
-2.205156,8,342.114997
-41.951914,8,342.130776
-0.805414,8,342.144307
-17.417532,8,342.159841
-25.20514,8,342.179517
-20.702763,8,342.196599
-1.639577,8,342.216303
-18.206341,8,342.229843
3.846494,8,342.249882
-10.769229,8,342.267926
-35.641813,8,342.290715
5.14587,8,342.303466
-3.102544,8,342.321505
3.071319,8,342.339554
-20.837902,8,342.351075
-8.509743,8,342.363593
3.842494,8,342.37849
-7.705228,8,342.390679
-66.560919,8,342.401202
3.078231,8,342.417372
3.718389,8,342.433903
-49.314355,8,342.450806
6.561508,8,342.472365
-7.341877,8,342.487679
-26.23687,8,342.507728
-21.150767,8,342.521256
2.201433,8,342.5383
1.933712,8,342.55999
-2.567633,8,342.577036
0.414723,8,342.587708
-10.697913,8,342.598231
-6.838156,8,342.610762
-40.856725,8,342.626785
0.846449,8,342.639332
-3.031316,8,342.742179
-1.096333,8,342.76711
-9.820616,8,342.788164
-2.492937,8,342.804518
-66.213831,8,342.82106
2.159728,8,342.835053
-22.430907,8,342.853273
-65.071359,8,342.867346
-25.765169,8,342.879895
-26.278179,8,342.894766
-22.873377,8,342.912891
-1.279115,8,342.926953
6.245524,8,342.946581
-18.163046,8,342.963808
-5.657764,8,342.985654
7.838211,8,342.998478
5.072538,8,343.014473
-39.970106,8,343.030543
-8.959774,8,343.046468
1.710216,8,343.063817
-19.049149,8,343.07653
4.245397,8,343.088781
-2.497854,8,343.103307
-1.404712,8,343.116099
-10.455177,8,343.128546
-21.712038,8,343.138622
-12.509408,8,343.159481
0.424899,8,343.174994
3.877425,8,343.187262
-104.814307,8,343.198427
-83.61007,8,343.215459
-14.704174,8,343.230471
1.287836,8,343.243004
-1.520858,8,343.257673
-79.771404,8,343.275069
-9.663167,8,343.293854
-23.993362,8,343.307654
-82.444226,8,343.320999
-38.010323,8,343.340844
-1.129171,8,343.353529
-83.460246,8,343.364025
-27.514682,8,343.376125
7.080367,8,343.400669
2.212374,8,343.414146
-64.454698,8,343.425061
0.176331,8,343.437181
5.783969,8,343.452546
-75.793882,8,343.464061
-34.007434,8,343.476107
-3.025079,8,343.486139
4.613093,8,343.500663
-37.518758,8,343.52744
1.898388,8,343.542341
-113.39377,8,343.555537
2.037347,8,343.57299
-9.85723,8,343.586035
0.43168,8,343.600101
-57.938403,8,343.613414
-3.119323,8,343.636641
-2.0084,8,343.65018
-21.620282,8,343.664603
-72.870723,8,343.678632
5.164011,8,343.69767
2.357765,8,343.717482
1.237868,8,343.734611
4.974643,8,343.74867
-1.838172,8,343.764616
3.297587,8,343.777664
5.929127,8,343.789189
-13.61032,8,343.79973
1.721965,8,343.806728
-13.869941,8,343.828513
-0.727989,8,343.840725
-87.268508,8,343.857411
-0.691553,8,343.873045
2.352511,8,343.887113
8.372757,8,343.906272
-22.344789,8,343.918007
2.524372,8,343.941761
-0.759754,8,343.965073
-87.759352,8,343.978826
-72.058283,8,343.988553
-0.589634,8,344.008327
-13.979424,8,344.021026
-7.916941,8,344.037176
1.328458,8,344.046367
-19.941788,8,344.07953
-0.307324,8,344.102169
-42.156149,8,344.127656
-13.61207,8,344.146266
0.909788,8,344.1643
-17.575041,8,344.178527
-0.504514,8,344.197086
-17.601011,8,344.211612
-48.561323,8,344.227642
-17.622821,8,344.239178
-0.952776,8,344.250698
-29.406202,8,344.263223
-8.059519,8,344.277562
-1.304443,8,344.290096
-3.685906,8,344.306824
4.459962,8,344.32698
-1.032213,8,344.345509
-30.966136,8,344.358532
-3.113186,8,344.369579
-31.495684,8,344.382103
-0.157895,8,344.397143
-20.660618,8,344.414581
-5.218866,8,344.426554
-5.420413,8,344.437079
-16.43661,8,344.451331
-1.035856,8,344.464862
-23.681957,8,344.476891
-4.767965,8,344.493418
-36.656013,8,344.507924
3.897925,8,344.524549
-2.714262,8,344.535057
-66.547981,8,344.549199
3.89812,8,344.564813
4.503452,8,344.576843
-33.207344,8,344.588374
-22.493121,8,344.601604
4.346346,8,344.624063
2.565803,8,344.644878
-10.220029,8,344.660919
-12.973308,8,344.675535
-35.414727,8,344.704618
5.442409,8,344.725053
-1.734564,8,344.748219
-2.711363,8,344.76494
-4.369363,8,344.784803
-19.37721,8,344.800845
-21.452383,8,344.815363
0.762615,8,344.833519
-20.885101,8,344.855423
-0.143796,8,344.871588
1.153346,8,344.887204
4.903204,8,344.900742
-2.231488,8,344.923109
-24.767516,8,344.941291
-6.952016,8,344.960487
-23.236403,8,344.978318
10.819638,8,344.996357
-16.216634,8,345.0126
-39.741459,8,345.027634
3.13529,8,345.043157
-4.994331,8,345.067226
-0.302638,8,345.081675
2.758398,8,345.096949
-1.257171,8,345.110487
-44.51064,8,345.128543
-20.695001,8,345.148258
-4.846828,8,345.162587
-2.119547,8,345.17663
-90.666325,8,345.200249
1.186027,8,345.211781
9.915709,8,345.225309
3.951926,8,345.249237
-15.598344,8,345.278902
-5.702975,8,345.306227
3.32906,8,345.330356
-1.280093,8,345.35355
-60.932933,8,345.379459
-5.6702,8,345.415385
-9.132737,8,345.442868
2.023304,8,345.466279
2.009896,8,345.492284
-19.96664,8,345.530347
-13.251485,8,345.556352
-23.989745,8,345.58188
-80.666156,8,345.61389
-70.733781,8,345.642259
7.47936,8,345.661085
0.033358,8,345.678117
0.094891,8,345.696781
-15.158562,8,345.712066
-3.890244,8,345.736498
-17.800505,8,345.759739
6.777644,8,345.779611
2.198899,8,345.797136
-8.561953,8,345.812321
-32.164254,8,345.827035
-3.037664,8,345.843152
-10.213662,8,345.856064
-4.027594,8,345.873787
-0.026993,8,345.885788
2.760969,8,345.903308
-12.832242,8,345.918308
6.919519,8,345.938308
10.979543,8,345.961302
-61.621274,8,345.984308
-3.218654,8,345.997823
-35.906245,8,346.010827
-32.720858,8,346.023031
-12.410414,8,346.039033
-33.755245,8,346.051029
4.020167,8,346.064031
4.08724,8,346.082036
1.661666,8,346.105969
1.723282,8,346.126017
-16.416356,8,346.139246
-68.240962,8,346.157926
-17.897431,8,346.174542
-9.784596,8,346.188745
-13.397932,8,346.198754
2.891363,8,346.208871
-71.674587,8,346.223502
-9.363849,8,346.234505
-43.766655,8,346.246085
-18.566661,8,346.257837
-8.317569,8,346.272501
2.168782,8,346.283514
7.826026,8,346.294684
-0.959987,8,346.312917
-3.001815,8,346.328496
-36.409559,8,346.340325
5.234642,8,346.351324
-17.210825,8,346.361913
-206.372022,8,346.375528
5.564864,8,346.386111
-1.729374,8,346.399658
-14.684803,8,346.410659
-15.759419,8,346.433111
-0.987292,8,346.445117
-27.298007,8,346.457113
-2.995546,8,346.468127
-1.043446,8,346.48964
1.307208,8,346.503944
-112.602098,8,346.519944
-8.350564,8,346.545948
-35.50919,8,346.586668
-16.203398,8,346.605182
-15.418514,8,346.622299
2.426937,8,346.637253
-17.076692,8,346.660073
5.52546,8,346.675231
0.85245,8,346.687955
-68.799014,8,346.70049
-21.46055,8,346.723089
-0.978946,8,346.736001
-21.136123,8,346.748836
1.239383,8,346.767154
-23.560774,8,346.88645
-31.083313,8,346.900995
-12.00391,8,346.915996
-22.929016,8,346.929914
-10.776235,8,346.944915
-39.027632,8,346.953911
0.823027,8,346.964911
-16.551889,8,346.97575
3.017162,8,346.994913
1.048212,8,347.011305
6.881878,8,347.025303
-43.100094,8,347.037304
-31.769345,8,347.053306
3.533005,8,347.065303
-13.280402,8,347.075296
-6.514993,8,347.084296
0.570237,8,347.09772
1.433094,8,347.114793
3.665778,8,347.126648
-0.998517,8,347.144442
-0.185087,8,347.165225
-46.499448,8,347.184585
-48.190754,8,347.199909
4.476269,8,347.217041
-19.540782,8,347.254447
-21.082572,8,347.295242
-2.539037,8,347.324311
-35.90532,8,347.361154
-1.010299,8,347.462369
6.638364,8,347.486799
-31.632732,8,347.504467
0.207162,8,347.523605
4.175633,8,347.557796
-30.264212,8,347.585
-3.980383,8,347.610977
-51.789045,8,347.631097
-10.992073,8,347.658791
-15.309096,8,347.709297
-14.133878,8,347.730427
-11.507353,8,347.750022
-7.086783,8,347.790239
4.738305,8,347.813625
-15.123431,8,347.834509
-30.188632,8,347.858271
1.700222,8,347.879205
-1.056397,8,347.89602
-0.039003,8,347.928117
-8.678178,8,347.945602
-7.154812,8,347.969592
-32.234175,8,347.988802
-4.273658,8,348.005034
5.298413,8,348.026493
-3.411963,8,348.044045
-47.631761,8,348.056453
-27.544702,8,348.071123
-0.405403,8,348.084585
4.32269,8,348.171547
-104.985233,8,348.187823
-24.634176,8,348.200958
0.733784,8,348.221432
0.895453,8,348.238012
7.358253,8,348.251009
6.359593,8,348.355492
-7.692072,8,348.429143
6.881545,8,348.457405
-28.945488,8,348.481234
7.339405,8,348.534024
-1.358716,8,348.558387
-12.868683,8,348.578085
-11.321062,8,348.608562
3.236416,8,348.621005
-22.783689,8,348.655349
-27.539818,8,348.676029
-28.407629,8,348.694348
-20.176635,8,348.7163
2.638737,8,348.733046
1.50325,8,348.761037
-32.00187,8,348.780035
-42.124683,8,348.795336
-59.650154,8,348.813437
-17.255277,8,348.837793
0.079915,8,348.866688
-121.825996,8,348.880191
-13.651055,8,348.893281
-29.696725,8,348.920405
-92.812766,8,348.932222
-146.525475,8,348.950376
1.923231,8,348.968241
-1.369433,8,348.985058
0.224617,8,348.997585
-6.96028,8,349.011396
-14.890947,8,349.022395
0.999461,8,349.038921
-0.742704,8,349.052219
-0.02244,8,349.068538
2.610516,8,349.074789
-75.522026,8,349.105531
-36.535422,8,349.126023
0.017924,8,349.140039
-2.783161,8,349.156345
-4.979409,8,349.184838
-7.414812,8,349.199706
2.226526,8,349.215846
-5.221838,8,349.232325
0.522728,8,349.25282
-81.361899,8,349.271225
-64.601764,8,349.283283
-72.283945,8,349.305422
-4.462446,8,349.323338
4.712429,8,349.344343
-24.447186,8,349.358507
2.31161,8,349.369086
0.294602,8,349.385816
-4.844476,8,349.398097
-104.01929,8,349.414663
-27.791614,8,349.427152
4.649204,8,349.443109
-4.174598,8,349.455362
-19.43347,8,349.477063
-32.088164,8,349.487035
-8.357835,8,349.503116
-17.74502,8,349.527846
6.907539,8,349.544985
-37.787822,8,349.560127
3.490688,8,349.584831
-98.879614,8,349.605064
4.207072,8,349.629172
-1.059323,8,349.650307
-34.904132,8,349.669449
-51.178873,8,349.686913
-4.52932,8,349.707547
-19.671015,8,349.731221
0.910263,8,349.767415
-20.019446,8,349.787729
5.94086,8,349.811387
8.530511,8,349.825163
-20.894419,8,349.845816
1.290316,8,349.875055
-29.008452,8,349.895017
4.432884,8,349.911423
-71.524257,8,349.930425
-10.879738,8,349.948831
-16.806721,8,349.971012
-43.42123,8,349.985756
-3.304982,8,350.007102
-10.157029,8,350.024086
9.883401,8,350.053511
6.282761,8,350.069086
1.555335,8,350.094376
-35.998865,8,350.120626
-0.560161,8,350.156136
-34.95738,8,350.175133
-70.153326,8,350.205659
2.186944,8,350.224658
-6.422106,8,350.248665
1.285117,8,350.265797
-6.50936,8,350.286969
-24.244113,8,350.308702
1.775603,8,350.325301
5.628543,8,350.346081
-8.987444,8,350.365583
-112.105663,8,350.379601
-1.869744,8,350.395405
-138.661268,8,350.419483
-42.836513,8,350.438643
-6.883565,8,350.452643
-6.854184,8,350.467642
5.633622,8,350.483705
1.610873,8,350.503227
-96.920604,8,350.516227
2.4362,8,350.535268
-17.28508,8,350.556531
-0.065933,8,350.572026
-10.495391,8,350.591141
0.013711,8,350.604954
-3.247426,8,350.616926
-5.788189,8,350.633066
1.447708,8,350.656988
-43.477671,8,350.672058
-52.23434,8,350.686097
0.66611,8,350.699775
-3.581831,8,350.712762
-9.387505,8,350.725896
3.558899,8,350.738225
-50.846104,8,350.763428
-39.434228,8,350.774161
-25.126799,8,350.78417
-43.217573,8,350.796684
-11.433279,8,350.81322
-10.803693,8,350.826829
-6.727636,8,350.838191
5.560108,8,350.850651
-9.78356,8,350.866541
-24.510112,8,350.882562
-11.350866,8,350.897159
-2.502433,8,350.910155
-23.209203,8,350.929154
0.675762,8,350.942158
-2.726325,8,350.955159
-22.283871,8,350.968158
1.380459,8,350.987746
-4.834382,8,351.000002
10.702897,8,351.012796
4.606835,8,351.025158
-5.010706,8,351.038158
-27.210657,8,351.049161
-6.631487,8,351.061529
-87.757415,8,351.073528
-22.456907,8,351.084531
-12.144915,8,351.100045
-42.063842,8,351.117048
0.99158,8,351.128047
1.848084,8,351.143047
-2.686007,8,351.153048
3.24503,8,351.164047
-18.487886,8,351.174048
-4.073609,8,351.189057
-7.230026,8,351.19957
-8.386777,8,351.210571
-74.732184,8,351.224314
0.335225,8,351.23831
-6.230875,8,351.254313
-27.468144,8,351.267314
4.7673,8,351.279321
-4.065287,8,351.295012
-59.21844,8,351.305019
-19.641193,8,351.317013
-26.113143,8,351.331192
-24.216499,8,351.346299
-43.949537,8,351.357145
-25.397275,8,351.367145
-3.773936,8,351.377788
1.657859,8,351.391656
-20.583393,8,351.403172
-3.388072,8,351.418179
-1.133697,8,351.429415
2.540246,8,351.447415
0.869936,8,351.4584
-4.841132,8,351.469361
1.88192,8,351.480426
6.637035,8,351.494931
-6.011484,8,351.505213
0.011442,8,351.515212
-4.223372,8,351.524323
0.513244,8,351.537997
-21.984025,8,351.549996
-4.934915,8,351.569257
0.128548,8,351.584414
-55.015204,8,351.601464
-12.667381,8,351.611653
7.137151,8,351.626653
4.186362,8,351.638989
-6.875758,8,351.652647
3.229955,8,351.668761
6.024876,8,351.680404
-6.834213,8,351.690961
-3.706071,8,351.704687
-4.778914,8,351.715689
-110.134883,8,351.727252
2.059489,8,351.745252
-4.348786,8,351.761256
-7.812318,8,351.77425
-29.550619,8,351.784286
-73.462822,8,351.795469
3.802137,8,351.809646
-18.504209,8,351.820338
6.93668,8,351.831354
-22.301229,8,351.841355
-16.30492,8,351.855756
-97.255906,8,351.865768
6.093606,8,351.8773
-21.820449,8,351.89506
-27.288388,8,351.908802
-20.836274,8,351.918803
3.286719,8,351.929803
-48.728564,8,351.939799
-14.136363,8,351.952545
2.085509,8,351.963588
-29.685411,8,351.973587
-17.507604,8,351.983599
-16.790226,8,351.996173
6.45844,8,352.010147
-27.470557,8,352.020152
5.500813,8,352.028155
-11.876191,8,352.045996
-13.981536,8,352.053996
6.815926,8,352.063017
1.314489,8,352.071993
4.202633,8,352.084998
-0.291984,8,352.096638
3.409185,8,352.106638
-34.73977,8,352.120381
-0.355637,8,352.132375
-2.331265,8,352.145598
-5.001035,8,352.155599
-22.241423,8,352.165598
-8.064589,8,352.181597
-4.983582,8,352.192597
-6.42323,8,352.205598
-3.490669,8,352.218591
3.306828,8,352.235677
0.468929,8,352.250676
-3.107069,8,352.263677
-0.002617,8,352.278679
3.057166,8,352.297204
3.591368,8,352.308454
-1.017388,8,352.318453
-29.216842,8,352.333452
4.27772,8,352.350451
-18.704935,8,352.366453
-5.256039,8,352.381316
-25.26246,8,352.396833
-1.474959,8,352.411834
-85.991275,8,352.423833
-16.996953,8,352.439831
2.018516,8,352.450831
-0.737533,8,352.466832
5.016428,8,352.481841
-3.417782,8,352.494344
-23.050473,8,352.504353
-65.343835,8,352.521353
-49.851963,8,352.548092
-17.272227,8,352.560092
-3.023779,8,352.573091
4.78431,8,352.589102
-3.036513,8,352.599617
-29.822432,8,352.610616
-9.594462,8,352.623272
-12.028202,8,352.640267
4.366833,8,352.661267
-6.729298,8,352.673403
2.126722,8,352.690412
0.391891,8,352.707589
-31.443786,8,352.718591
-17.842292,8,352.739847
3.355547,8,352.756938
-38.774364,8,352.778936
4.766972,8,352.791546
-20.068762,8,352.808063
-18.45079,8,352.826066
-2.640007,8,352.848067
-47.819,8,352.863067
-16.241436,8,352.881317
-16.613919,8,352.897148
-102.260061,8,352.914919
1.964365,8,352.932383
2.674257,8,352.955018
-18.823354,8,352.968033
-16.660731,8,352.990736
0.530724,8,353.00579
-41.530278,8,353.018715
-105.872735,8,353.03238
-59.659161,8,353.047697
-13.49127,8,353.062885
-72.795934,8,353.074902
-14.716002,8,353.085912
-12.0251,8,353.105463
-12.141436,8,353.119463
-34.681313,8,353.131551
-21.679742,8,353.147817
-3.663468,8,353.166025
-6.635735,8,353.179872
0.734812,8,353.191784
-59.107495,8,353.203685
-28.075622,8,353.224487
1.834328,8,353.237478
1.872388,8,353.248475
-44.887634,8,353.259784
-30.097718,8,353.274465
-25.550179,8,353.284069
-23.709623,8,353.29615
-46.29755,8,353.314981
-31.273692,8,353.329741
-43.990995,8,353.341869
-29.958377,8,353.354039
2.630367,8,353.364753
4.366703,8,353.379651
2.713188,8,353.390352
-13.322946,8,353.401547
4.058355,8,353.413203
3.192289,8,353.43156
-7.887804,8,353.44335
-21.073547,8,353.455781
-85.620324,8,353.466774
-80.943549,8,353.485778
4.518035,8,353.497452
-1.32437,8,353.508409
-14.691621,8,353.524518
-43.492801,8,353.539794
-137.453265,8,353.551824
6.507059,8,353.564517
-17.698418,8,353.578521
-0.2203,8,353.676677
-9.95187,8,353.691388
-32.669866,8,353.702483
1.66562,8,353.71368
-30.159229,8,353.733187
-4.774632,8,353.749224
-0.418822,8,353.759508
-36.776777,8,353.770878
-19.99084,8,353.784873
-1.042042,8,353.801564
-83.143808,8,353.814475
-9.323934,8,353.824475
-9.97472,8,353.839486
-12.711605,8,353.849485
-59.925068,8,353.865054
3.741778,8,353.875395
-16.645572,8,353.890575
-1.415016,8,353.906028
-3.402726,8,353.917028
3.787804,8,353.929027
-8.985514,8,353.943431
-7.758796,8,353.956633
-87.512793,8,353.972201
-7.137168,8,353.982231
-4.705238,8,353.996543
-9.374421,8,354.007063
-19.879625,8,354.017063
-20.070976,8,354.02976
7.140869,8,354.047091
-4.794276,8,354.070548
-33.072403,8,354.096536
-56.950102,8,354.114581
3.072792,8,354.136843
-2.970792,8,354.149889
-2.738573,8,354.166929
3.17986,8,354.180114
1.657985,8,354.205475
-4.374226,8,354.222168
4.714739,8,354.237568
-32.934476,8,354.250515
6.723239,8,354.269212
-78.938471,8,354.282221
-5.572355,8,354.299347
-15.473045,8,354.340899
-2.648697,8,354.37013
-17.141532,8,354.390772
-13.67114,8,354.414492
-0.613137,8,354.427158
-31.793081,8,354.473329
5.192403,8,354.490975
-3.648671,8,354.508783
-36.867879,8,354.530414
-7.292183,8,354.558496
-0.577019,8,354.576194
3.773843,8,354.601728
-42.442629,8,354.618917
3.17123,8,354.645869
3.241831,8,354.66487
-19.665829,8,354.691014
-82.29814,8,354.710997
-1.703001,8,354.744952
-6.311186,8,354.761449
-16.504357,8,354.774439
2.093307,8,354.789598
3.227325,8,354.813551
-9.384155,8,354.826194
-89.415285,8,354.840894
-9.907235,8,354.860748
-1.546774,8,354.877145
4.78988,8,354.890781
3.336024,8,354.907624
-11.149781,8,354.966463
-41.33271,8,354.989736
4.245499,8,355.009643
-16.319198,8,355.026409
-14.311557,8,355.039922
3.48307,8,355.061626
-26.419423,8,355.082216
-0.440165,8,355.102075
-9.749863,8,355.146174
1.905245,8,355.169881
-18.062584,8,355.183147
3.319705,8,355.197561
-10.071195,8,355.211885
-0.034074,8,355.240785
-21.934178,8,355.256891
-21.489679,8,355.273261
0.852544,8,355.461606
-13.72497,8,355.47925
-63.153188,8,355.492173
-1.256298,8,355.508322
-2.29297,8,355.529175
2.210815,8,355.580462
-24.98339,8,355.608371
-54.868903,8,355.662488
4.591625,8,355.68011
-35.472901,8,355.69931
-0.466162,8,355.717044
-17.827043,8,355.742856
-93.949385,8,355.784186
6.021127,8,355.812474
-22.761214,8,355.8332
-18.34473,8,355.856278
-2.190645,8,355.880135
-19.714035,8,355.907585
-34.882599,8,355.923343
-11.082995,8,355.939803
11.957019,8,355.953591
-21.714929,8,355.971198
2.851551,8,355.98888
0.595719,8,356.002453
-21.833425,8,356.014464
-1.26977,8,356.030161
4.283943,8,356.041959
-33.627276,8,356.05357
2.362042,8,356.064566
-14.978731,8,356.081685
6.843207,8,356.124406
3.462417,8,356.143183
-12.116395,8,356.158547
8.000291,8,356.181276
-4.352074,8,356.195946
-20.406021,8,356.210604
-31.299202,8,356.227343
-0.318956,8,356.245987
-35.3998,8,356.260592
0.338062,8,356.27534
3.690775,8,356.288935
4.9002,8,356.30927
-18.664848,8,356.330322
-2.66012,8,356.347196
-58.886701,8,356.36176
-22.885372,8,356.378198
3.006336,8,356.38982
2.372381,8,356.40187
-49.151139,8,356.413445
1.690187,8,356.432238
-22.731669,8,356.45468
0.573437,8,356.469197
-70.78863,8,356.48298
-5.602404,8,356.501053
-17.156151,8,356.525119
-2.716205,8,356.548445
-114.162796,8,356.571241
-31.549466,8,356.587902
-35.33918,8,356.603525
2.061638,8,356.615036
2.062285,8,356.6292
1.201267,8,356.64634
3.699893,8,356.659391
2.58944,8,356.675656
-4.376688,8,356.688798
-0.595894,8,356.707792
-3.528892,8,356.724693
-52.678247,8,356.75538
-126.66088,8,356.773304
-45.46556,8,356.792859
-26.062243,8,356.806455
-4.427012,8,356.822186
4.801927,8,356.835803
-52.849357,8,356.85582
4.216117,8,356.869123
-27.75816,8,356.881133
-2.727438,8,356.897872
1.373879,8,356.914591
4.975706,8,356.925189
1.388271,8,356.937018
9.212005,8,356.952456
1.743368,8,356.970146
-39.433834,8,356.982141
-5.007643,8,357.000664
-21.908453,8,357.019092
-14.711488,8,357.036999
-94.401118,8,357.046518
-20.702585,8,357.060832
8.778606,8,357.073364
-0.604213,8,357.090852
-31.570378,8,357.104535
-84.659024,8,357.122234
-52.626956,8,357.141873
-19.148393,8,357.157549
2.727384,8,357.168698
-4.992663,8,357.183614
-2.825298,8,357.195934
-67.746617,8,357.211607
-24.217993,8,357.225186
-22.798763,8,357.24068
-2.087532,8,357.251679
-109.492712,8,357.272137
-5.341041,8,357.284138
4.192275,8,357.298175
-42.510738,8,357.314612
0.032235,8,357.347309
-30.754294,8,357.360491
-99.041475,8,357.37227
1.793923,8,357.384578
2.717112,8,357.400362
4.394243,8,357.412617
3.301627,8,357.424751
-6.501787,8,357.435922
-2.63701,8,357.459139
-3.596137,8,357.478596
-37.101788,8,357.494895
-63.495335,8,357.510511
0.524238,8,357.540865
8.576294,8,357.559029
1.398903,8,357.57426
-7.480083,8,357.59091
4.346721,8,357.609606
-37.297829,8,357.625273
-5.550488,8,357.645459
-25.149742,8,357.667356
-18.561287,8,357.69037
6.786876,8,357.719477
-45.148216,8,357.737582
-19.972396,8,357.75258
-14.324659,8,357.783404
4.955835,8,357.806762
-3.193524,8,357.825434
-3.302644,8,357.842087
-5.980496,8,357.86669
-12.393557,8,357.894133
-39.509499,8,357.91192
-16.142741,8,357.92765
-11.054327,8,357.95187
-15.491576,8,357.971426
-3.528975,8,357.987112
-3.136402,8,358.010402
-17.334298,8,358.029478
-25.892384,8,358.049976
-16.364083,8,358.067115
-18.956154,8,358.079413
5.613723,8,358.096115
-1.671879,8,358.113707
-19.966084,8,358.130172
-83.373632,8,358.142878
-51.894537,8,358.159898
7.226256,8,358.181221
-31.476605,8,358.195162
-51.145015,8,358.215607
9.583721,8,358.237606
-33.355699,8,358.253684
-34.023845,8,358.275505
-4.220294,8,358.288335
-67.724015,8,358.307844
-23.98839,8,358.324344
1.602315,8,358.337892
-104.143924,8,358.348893
-117.679227,8,358.366045
-2.344944,8,358.380082
-9.598974,8,358.392096
-3.149072,8,358.404302
3.529005,8,358.419525
-31.674466,8,358.438974
3.867748,8,358.470079
1.743986,8,358.482932
-5.316077,8,358.501268
-20.045329,8,358.51289
2.623584,8,358.524449
-19.054478,8,358.541148
-51.20501,8,358.558547
-14.518612,8,358.574442
-100.62432,8,358.58595
6.406723,8,358.598088
-2.317722,8,358.613687
0.734573,8,358.625468
1.920618,8,358.638293
-4.571923,8,358.659305
-3.136038,8,358.675306
-6.476741,8,358.685971
-9.791592,8,358.698041
-8.431869,8,358.711008
-14.313859,8,358.726375
-7.865508,8,358.738079
2.378457,8,358.752466
1.392647,8,358.773508
-19.409318,8,358.789505
-11.959346,8,358.802652
-51.499618,8,358.8144
0.695775,8,358.832436
0.501445,8,358.849134
6.160499,8,358.867922
-27.299517,8,358.880065
-32.63448,8,358.891083
-17.659582,8,358.906736
-3.774136,8,358.917736
-22.891159,8,358.930266
-38.986163,8,358.941061
-41.318038,8,358.956744
4.001215,8,358.974919
-17.605164,8,358.988207
4.322572,8,359.003733
5.251965,8,359.025815
-14.402117,8,359.038905
-31.032889,8,359.053807
2.058388,8,359.073288
2.10913,8,359.110661
-3.14133,8,359.125777
-41.92776,8,359.138968
-25.606659,8,359.150964
7.288912,8,359.172206
-44.965073,8,359.190916
-75.15347,8,359.213513
-43.845416,8,359.227338
1.069497,8,359.248887
-56.066283,8,359.261887
-66.10042,8,359.274241
-19.287582,8,359.287961
-0.678503,8,359.30543
0.20286,8,359.330733
-0.825018,8,359.345767
5.617135,8,359.36259
-13.467958,8,359.380287
1.196878,8,359.39424
-16.655949,8,359.409607
-2.305212,8,359.428314
-31.604062,8,359.446882
6.298212,8,359.466581
4.590124,8,359.480443
-5.39123,8,359.493051
-24.58819,8,359.508945
-23.105347,8,359.521315
5.357609,8,359.541066
6.925083,8,359.554718
4.556079,8,359.572586
-0.407803,8,359.585669
2.621969,8,359.598012
7.616693,8,359.61262
-29.01917,8,359.629835
-1.0505,8,359.652366
7.173633,8,359.665301
-19.962612,8,359.677922
5.65766,8,359.692929
-22.227009,8,359.705914
-7.564976,8,359.718237
-12.696423,8,359.729316
5.691543,8,359.746919
-11.920631,8,359.763566
-20.255092,8,359.775238
-3.066873,8,359.78693
-23.997461,8,359.81268
6.127922,8,359.826216
9.557943,8,359.846124
-20.818646,8,359.864033
-10.415623,8,359.880946
-17.284594,8,359.893123
2.988299,8,359.905561
5.791012,8,359.91915
-1.111143,8,359.941186
0.095396,8,359.957612
6.251591,8,359.981785
-55.97771,8,359.99491
5.786287,8,360.012816
-4.052484,8,360.025314
2.021644,8,360.044935
-19.512024,8,360.061401
2.777892,8,360.086949
2.456149,8,360.102679
-27.559095,8,360.124841
-16.384398,8,360.142579
1.904068,8,360.167219
5.746416,8,360.185359
-18.587267,8,360.20907
0.789374,8,360.229837
5.744487,8,360.250181
-4.477752,8,360.265673
2.72229,8,360.284287
-2.120123,8,360.374314
-21.786193,8,360.497048
3.899756,8,360.511138
-2.203089,8,360.526324
-13.545925,8,360.548076
-74.308356,8,360.568185
-21.745054,8,360.582305
-12.899578,8,360.59796
-91.556115,8,360.612904
-2.234362,8,360.631265
2.977725,8,360.646424
-3.232846,8,360.667444
-6.487432,8,360.688833
0.902914,8,360.711608
-3.394995,8,360.724213
-59.879162,8,360.738986
-14.833306,8,360.757656
-6.5578,8,360.791065
2.491843,8,360.81115
-28.875182,8,360.828133
2.701715,8,360.844062
2.049557,8,360.864945
1.676468,8,360.888207
-10.845222,8,360.901917
4.018499,8,360.919311
-18.508485,8,360.944959
-26.673314,8,360.960333
-14.163964,8,360.975994
3.38385,8,360.997588
6.828042,8,361.016021
6.58868,8,361.029979
-18.522759,8,361.044965
-0.218887,8,361.065453
-5.757325,8,361.083458
-24.861752,8,361.106125
0.870511,8,361.120386
-9.109948,8,361.137969
-3.393854,8,361.172285
-2.213108,8,361.191062
-2.357357,8,361.208809
-28.013528,8,361.234057
-13.186617,8,361.258687
1.460558,8,361.274318
-5.007939,8,361.298318
4.998385,8,361.309647
1.411182,8,361.330904
-7.253063,8,361.3455
-14.156412,8,361.359467
-80.053036,8,361.373391
-19.254016,8,361.390976
-15.583004,8,361.409617
-0.965584,8,361.422316
0.526652,8,361.434316
2.982504,8,361.453635
-18.223335,8,361.465634
-30.652321,8,361.480609
-30.201813,8,361.496979
-83.812169,8,361.512632
-134.044446,8,361.526774
-12.755132,8,361.54001
-31.311075,8,361.555628
2.824748,8,361.573113
-85.557437,8,361.593204
0.005507,8,361.608735
-44.761958,8,361.623518
-47.32033,8,361.641053
3.525417,8,361.661479
5.544523,8,361.676689
-6.158806,8,361.692035
1.201678,8,361.707641
-39.660366,8,361.719315
-13.095709,8,361.782162
3.983396,8,361.797122
-18.836648,8,361.816493
3.844683,8,361.827486
-20.64499,8,361.845486
-10.998872,8,361.859107
-15.724348,8,361.878812
2.218643,8,361.890053
8.03779,8,361.902621
-11.628324,8,361.915241
0.932986,8,361.932747
2.873255,8,361.948543
-43.284176,8,361.966484
-36.060334,8,361.978065
-0.714866,8,361.99817
-7.27249,8,362.013166
-29.281995,8,362.032798
-0.858943,8,362.047994
6.889137,8,362.067493
-10.970102,8,362.084984
-17.29514,8,362.105965
0.405106,8,362.122851
9.351126,8,362.137855
7.58749,8,362.149863
-18.69003,8,362.165329
4.720259,8,362.182999
0.596261,8,362.200119
-1.353653,8,362.215803
4.216922,8,362.231989
-59.560124,8,362.257112
-6.482045,8,362.278242
-55.914625,8,362.295143
-31.080993,8,362.309174
-21.110627,8,362.338681
-4.271503,8,362.35966
-33.302655,8,362.387513
6.983704,8,362.406659
-2.507746,8,362.425298
-35.94353,8,362.448082
-4.501603,8,362.466079
-111.200055,8,362.484081
-1.556266,8,362.512583
4.953518,8,362.536938
-21.716814,8,362.553873
-9.240108,8,362.567266
-20.348598,8,362.581123
-22.185815,8,362.601092
-92.694061,8,362.616049
-17.140583,8,362.631271
-20.692848,8,362.646285
-45.768976,8,362.657782
2.50595,8,362.68572
2.11445,8,362.699239
-15.453243,8,362.712059
-2.551404,8,362.735216
-44.989079,8,362.751233
2.656407,8,362.77124
-34.680852,8,362.783996
-47.535894,8,362.803883
-29.92714,8,362.819858
-4.509531,8,362.833527
4.054446,8,362.847788
5.361594,8,362.866375
-3.228551,8,362.883403
-80.937036,8,362.897562
-18.418916,8,362.912486
-0.014282,8,362.936702
-3.80502,8,362.951711
-15.711606,8,362.965594
4.506623,8,362.980916
3.438556,8,363.005624
-20.886482,8,363.018827
-32.259804,8,363.03609
3.743271,8,363.049087
-70.351352,8,363.066745
-18.681212,8,363.083572
-136.859953,8,363.098238
0.212595,8,363.114813
-29.625718,8,363.132148
-3.678394,8,363.149232
-11.739364,8,363.160159
-2.969832,8,363.170941
-17.233157,8,363.187444
0.06094,8,363.187444
-54.511878,8,363.204414
-17.964212,8,363.22058
2.708599,8,363.239777
4.115162,8,363.239777
-101.291987,8,363.254318
0.786658,8,363.271077
-64.213438,8,363.271077
-18.904948,8,363.292199
-46.827672,8,363.308914
-169.399493,8,363.318387
-0.023899,8,363.323616
4.290545,8,363.345734
6.554097,8,363.354348
-12.232672,8,363.354348
-2.856441,8,363.380976
-26.177773,8,363.387757
-2.34025,8,363.403823
-18.324731,8,363.404311
-40.724438,8,363.420757
-67.035295,8,363.420757
-20.301461,8,363.44878
-6.331037,8,363.463841
-20.282811,8,363.471147
-29.691603,8,363.487474
-3.425338,8,363.487474
-52.252624,8,363.508351
-136.446776,8,363.529001
-60.830686,8,363.542821
-0.995069,8,363.555932
2.564657,8,363.569296
-19.790897,8,363.588035
4.73693,8,363.601699
-3.233882,8,363.615528
-6.107687,8,363.633464
4.432151,8,363.650591
5.413807,8,363.664111
0.285887,8,363.67473
0.252458,8,363.686936
-0.668485,8,363.70782
-24.424875,8,363.717141
-59.510089,8,363.729985
3.732973,8,363.742195
1.84545,8,363.758203
-35.969914,8,363.769378
-4.057976,8,363.780828
-0.957785,8,363.797746
-15.101465,8,363.816098
-31.090528,8,363.826856
-16.377657,8,363.836858
6.484711,8,363.846808
-0.452805,8,363.860425
-53.243465,8,363.87022
3.359892,8,363.879658
3.125254,8,363.890016
-4.162224,8,363.902787
3.797543,8,363.911038
-149.693048,8,363.923163
6.007649,8,363.934168
-4.942456,8,363.949331
-163.979268,8,363.958007
-22.019359,8,363.968043
-30.094751,8,363.978918
-50.198947,8,363.993262
-16.319873,8,364.001287
0.97299,8,364.01211
-3.01927,8,364.021291
-42.36949,8,364.036075
0.500118,8,364.049901
-17.396898,8,364.060661
-2.356677,8,364.0704
-8.956645,8,364.086928
-11.538709,8,364.098123
-67.776596,8,364.108021
6.531311,8,364.119436
-5.749886,8,364.135087
-28.878672,8,364.147148
-45.331594,8,364.160296
0.519586,8,364.170259
-4.180993,8,364.183869
-144.938954,8,364.194331
-5.229349,8,364.203228
-3.828832,8,364.212223
-17.902582,8,364.229588
-14.422554,8,364.241293
-0.9918,8,364.249306
1.168754,8,364.253825
6.692629,8,364.276229
-76.619961,8,364.286804
2.130039,8,364.295409
-13.409028,8,364.304021
-31.355434,8,364.316339
-96.07488,8,364.32458
-21.622736,8,364.32458
-4.287749,8,364.336792
-77.086289,8,364.344245
-69.508241,8,364.36958
-117.413463,8,364.380862
0.450975,8,364.395445
-3.822934,8,364.412247
-2.87769,8,364.422696
0.404711,8,364.434739
-5.91442,8,364.444231
-0.386877,8,364.460244
0.759879,8,364.470594
-18.431283,8,364.480132
-34.361709,8,364.491013
-15.358878,8,364.512014
2.554719,8,364.52897
4.695851,8,364.539542
-58.64386,8,364.550649
6.183382,8,364.567735
-12.784409,8,364.587221
-0.366035,8,364.599205
-0.109268,8,364.611657
-52.309478,8,364.629994
-80.583538,8,364.641164
-36.992481,8,364.651357
-1.664925,8,364.662812
-29.169479,8,364.677743
-2.587654,8,364.688136
-0.132365,8,364.704784
-10.729826,8,364.714974
-10.812024,8,364.729522
-23.361931,8,364.744146
-6.921996,8,364.752825
1.254775,8,364.763418
-3.995747,8,364.776239
-104.681295,8,364.783476
-13.235982,8,364.794356
5.334537,8,364.803755
-22.366199,8,364.81513
2.857394,8,364.825251
0.149484,8,364.840593
-33.475714,8,364.850727
1.763917,8,364.867805
5.626917,8,364.879169
1.784445,8,364.88909
-15.232735,8,364.897844
-4.854901,8,364.91041
-72.453963,8,364.921518
-7.123643,8,364.93188
-15.306582,8,364.942567
-18.678917,8,364.956704
1.501209,8,364.966464
-12.563957,8,364.979961
4.738177,8,364.995497
2.73072,8,365.009862
5.363973,8,365.020556
-17.444569,8,365.030591
-104.974008,8,365.040661
1.065739,8,365.054213
-83.233797,8,365.062081
-7.975456,8,365.070142
-4.414053,8,365.079183
-120.175878,8,365.096789
-20.107758,8,365.109132
-77.875783,8,365.121459
-25.467002,8,365.140095
-6.751497,8,365.159698
1.889197,8,365.177306
-24.755841,8,365.195718
-22.584405,8,365.208275
-9.804553,8,365.22501
-14.774628,8,365.239555
5.67334,8,365.254954
-6.522579,8,365.268412
-40.378914,8,365.285503
0.361654,8,365.299889
-28.835037,8,365.321822
-94.4374,8,365.3349
-1.331331,8,365.3586
-14.022,8,365.372017
2.060804,8,365.385989
1.061677,8,365.397996
-0.505627,8,365.412141
-35.261834,8,365.426616
-1.807748,8,365.439937
-82.304669,8,365.454274
1.352145,8,365.471968
-29.931347,8,365.483648
-186.60904,8,365.496059
9.671118,8,365.507424
-29.491338,8,365.531639
-10.975626,8,365.550436
-33.449468,8,365.561514
-5.438896,8,365.573222
-23.669392,8,365.590483
-27.475598,8,365.603639
-27.187575,8,365.613728
5.606753,8,365.624993
1.186154,8,365.639607
-17.209778,8,365.649877
-33.859721,8,365.666793
-56.800468,8,365.68129
-14.698606,8,365.698298
-8.609461,8,365.717261
0.015155,8,365.729534
1.462092,8,365.741457
-22.0053,8,365.755462
-25.928612,8,365.765237
-26.941763,8,365.780162
0.231158,8,365.792311
-30.967064,8,365.8066
-13.737727,8,365.816336
-119.428434,8,365.828526
-19.72965,8,365.839149
-10.890881,8,365.948916
-22.131042,8,365.961293
-2.8048,8,365.972455
-16.051075,8,365.981564
2.028693,8,365.99339
-111.665325,8,366.00773
-28.695349,8,366.017324
2.778782,8,366.026658
-14.779393,8,366.040904
-7.226489,8,366.050514
-1.612613,8,366.05971
-94.530514,8,366.067288
-138.830438,8,366.079386
-7.488347,8,366.08949
5.736039,8,366.107205
-25.295235,8,366.118079
-3.803562,8,366.130518
-34.540924,8,366.140478
-48.641513,8,366.149311
-78.950047,8,366.159689
-22.900455,8,366.175937
3.482676,8,366.191977
2.595468,8,366.206804
-8.586305,8,366.219466
3.579591,8,366.238502
1.455611,8,366.247402
5.832604,8,366.262487
-36.153759,8,366.273826
-3.313377,8,366.288894
1.962325,8,366.300325
-29.123951,8,366.310364
-13.369858,8,366.322104
-8.878931,8,366.341311
-34.98581,8,366.351197
-31.470703,8,366.363204
0.961928,8,366.374693
-16.600406,8,366.388767
-24.993857,8,366.39789
-99.793264,8,366.40779
-76.361288,8,366.422855
1.143744,8,366.439959
-18.586401,8,366.449943
-1.599308,8,366.460745
-6.476827,8,366.471731
-38.695222,8,366.485419
-15.576339,8,366.496653
-3.880123,8,366.507126
-25.823586,8,366.517363
0.185234,8,366.531807
-139.896855,8,366.541732
-17.620406,8,366.551131
1.092673,8,366.570526
5.045939,8,366.58376
-6.668766,8,366.593704
0.07921,8,366.603848
-49.901082,8,366.613636
-25.300927,8,366.627042
-23.176012,8,366.634496
-100.622879,8,366.645228
-12.865456,8,366.655946
-31.593922,8,366.674369
-0.701348,8,366.685411
-114.506077,8,366.69673
-26.174122,8,366.708491
-0.005382,8,366.725691
-2.366348,8,366.734961
-20.657726,8,366.745265
5.652814,8,366.756068
0.517205,8,366.76723
1.688349,8,366.778089
2.175382,8,366.790656
-5.903331,8,366.800995
5.191287,8,366.812918
-18.879841,8,366.822644
-60.753391,8,366.83237
-2.22889,8,366.842041
4.964133,8,366.858711
7.649655,8,366.869316
-4.949306,8,366.879376
2.494684,8,366.889922
-22.151399,8,366.901869
6.837658,8,366.915384
-17.992126,8,366.926193
-37.741761,8,366.936211
-15.691362,8,366.948885
-16.416173,8,366.959366
-17.903537,8,366.968348
-23.837452,8,366.977842
-9.07367,8,366.991102
10.088449,8,367.005127
1.568316,8,367.015498
-42.549559,8,367.028639
-25.265639,8,367.042323
0.25279,8,367.051632
-49.940932,8,367.061035
-2.343087,8,367.071641
0.736226,8,367.084478
-59.386761,8,367.093416
-0.428842,8,367.103468
-31.604102,8,367.112604
0.852592,8,367.125148
3.111168,8,367.141853
-5.014498,8,367.15162
-0.524479,8,367.16206
1.622363,8,367.174784
-1.728409,8,367.234872
-1.701651,8,367.24613
-72.021954,8,367.259591
-9.445945,8,367.271919
-0.200818,8,367.282193
-12.449044,8,367.291941
-106.304559,8,367.300446
0.734106,8,367.312857
-20.096102,8,367.322576
2.941694,8,367.332793
0.574222,8,367.343827
-18.432002,8,367.355941
2.524294,8,367.363498
-27.985483,8,367.375878
0.423862,8,367.385763
4.879574,8,367.398376
8.344583,8,367.408767
-2.341388,8,367.418281
-7.150269,8,367.428356
-111.132685,8,367.441308
-51.529686,8,367.4498
-2.516764,8,367.464262
4.362953,8,367.473969
-17.314941,8,367.490987
4.415565,8,367.500258
-1.375066,8,367.51021
-0.449086,8,367.518011
-4.958128,8,367.532537
-27.19414,8,367.542623
-25.560154,8,367.550207
-63.8002,8,367.562311
-5.943274,8,367.577183
-26.494114,8,367.587192
0.011745,8,367.598168
-6.066685,8,367.618402
-1.823827,8,367.632734
-7.284355,8,367.645365
-70.020519,8,367.65875
3.356912,8,367.668245
-10.489557,8,367.682111
9.160378,8,367.697656
-123.656538,8,367.709971
4.293881,8,367.723661
2.716966,8,367.739643
-3.715948,8,367.753561
-57.788769,8,367.763492
-1.174785,8,367.7788
-20.247572,8,367.793387
5.009635,8,367.80405
-43.953293,8,367.817604
3.268154,8,367.832066
4.384529,8,367.851199
-6.629705,8,367.862058
4.178376,8,367.874761
-153.604314,8,367.884517
-45.774613,8,367.899504
-14.651404,8,367.908074
-34.089357,8,367.919553
-4.077553,8,367.931088
-72.534552,8,367.937763
-0.095904,8,367.964234
-13.057651,8,367.970396
0.50554,8,367.987303
-8.761609,8,367.992347
-33.764784,8,368.004028
-48.808521,8,368.020106
-14.123707,8,368.020106
-17.794776,8,368.037396
-14.926306,8,368.05356
1.561606,8,368.05356
-23.841755,8,368.073252
-5.51885,8,368.087129
-8.30925,8,368.105958
-19.349333,8,368.107962
1.299652,8,368.120821
-39.460245,8,368.142559
-6.084474,8,368.152563
-16.217211,8,368.158369
-3.801153,8,368.170155
-76.311479,8,368.18771
-1.273311,8,368.18771
-20.628844,8,368.203988
-8.924355,8,368.219412
0.601092,8,368.223075
0.771962,8,368.240071
4.486831,8,368.260106
-10.408882,8,368.270604
1.043179,8,368.286836
-10.635063,8,368.29964
-3.488363,8,368.309655
-14.668002,8,368.32059
-7.279316,8,368.322644
-2.943696,8,368.343005
-16.543226,8,368.352789
4.770681,8,368.353839
-11.340261,8,368.370727
-86.784589,8,368.387577
-25.400381,8,368.387577
3.176119,8,368.405451
-18.142288,8,368.420364
2.443309,8,368.437122
2.546172,8,368.437122
6.098631,8,368.453974
-82.182621,8,368.469516
-10.644073,8,368.470469
-16.86005,8,368.487071
-70.634326,8,368.487071
6.501186,8,368.503866
0.19738,8,368.522969
-27.791028,8,368.537694
-215.4135,8,368.539699
2.897612,8,368.553924
-23.064435,8,368.57067
-19.087971,8,368.57067
-59.871543,8,368.589139
-12.578391,8,368.591142
-37.462845,8,368.603832
2.696578,8,368.621755
-0.178916,8,368.624765
-15.243931,8,368.637196
-15.388139,8,368.654771
-97.550944,8,368.670212
-14.441401,8,368.673057
0.013082,8,368.688054
-29.753002,8,368.688054
2.436002,8,368.704457
-29.35617,8,368.723339
1.193083,8,368.737089
-17.313047,8,368.737733
-9.718101,8,368.754544
-17.641801,8,368.771049
-5.077548,8,368.771049
0.768963,8,368.787469
-24.287043,8,368.787469
-0.02907,8,368.815269
0.376935,8,368.828625
4.732917,8,368.839737
-2.435643,8,368.849775
5.283503,8,368.861869
-3.817021,8,368.881497
-36.448832,8,368.893177
-23.079509,8,368.902777
-5.069735,8,368.915474
-13.594039,8,368.93033
-57.698348,8,368.943453
5.544244,8,368.953814
1.03554,8,368.969734
-9.919363,8,368.984007
7.845913,8,368.997547
-1.187879,8,369.010154
-15.164289,8,369.020161
-4.710564,8,369.031525
-85.831261,8,369.042925
-75.009794,8,369.052696
1.39717,8,369.062005
-2.391007,8,369.077952
-33.711394,8,369.087676
-1.838904,8,369.097943
-3.392371,8,369.112339
-18.805964,8,369.130454
-67.657376,8,369.140449
0.702883,8,369.150539
-3.478491,8,369.154511
-6.811875,8,369.174552
4.339154,8,369.183552
-20.794098,8,369.194655
-22.414227,8,369.205819
-3.363176,8,369.222902
-8.722499,8,369.229489
-26.218489,8,369.237293
-0.224879,8,369.253608
-21.880128,8,369.270865
-3.576577,8,369.270865
-20.317256,8,369.286992
-3.687883,8,369.31646
-3.776439,8,369.325908
-53.364913,8,369.339419
2.79,8,369.353716
5.341885,8,369.36962
-0.304503,8,369.379626
-2.223145,8,369.38721
-21.811058,8,369.38721
0.210278,8,369.410073
-7.709039,8,369.420281
-1.038252,8,369.437012
-12.454813,8,369.447453
-0.612896,8,369.461155
-0.594015,8,369.474838
0.571863,8,369.485345
-68.493004,8,369.495761
-0.227112,8,369.505162
-19.768663,8,369.517856
-15.393107,8,369.528501
-24.213649,8,369.539414
-26.259837,8,369.548918
-6.996137,8,369.562362
-79.177261,8,369.581258
3.683461,8,369.591427
3.598717,8,369.600959
-22.558847,8,369.61459
-4.643197,8,369.625344
-82.560746,8,369.635062
-37.59543,8,369.64668
-5.526207,8,369.663134
-103.408266,8,369.675133
6.291515,8,369.686918
-21.639584,8,369.701593
-0.595013,8,369.716696
-3.29049,8,369.729443
0.070329,8,369.747035
-1.964754,8,369.759871
-55.225757,8,369.777406
-3.311701,8,369.787795
-1.076297,8,369.80082
0.801161,8,369.815211
-2.445406,8,369.827469
-29.514632,8,369.837476
-0.056306,8,369.847476
-19.526368,8,369.857067
-1.717682,8,369.869506
1.518039,8,369.879302
6.831934,8,369.895353
4.337802,8,369.907133
7.599263,8,370.044772
0.207267,8,370.057172
-5.238157,8,370.067892
4.466925,8,370.078307
-98.242312,8,370.092831
5.036025,8,370.102949
-78.565682,8,370.111876
-23.742267,8,370.122515
-0.86672,8,370.137531
-82.070618,8,370.148784
-5.200662,8,370.166745
-25.348332,8,370.180098
-1.696617,8,370.197671
4.993962,8,370.210542
-0.34404,8,370.221668
-16.403344,8,370.23134
-0.827803,8,370.248246
-38.546142,8,370.260441
-12.244269,8,370.276278
-26.509267,8,370.287872
1.495666,8,370.307564
3.032582,8,370.320819
6.389887,8,370.334697
-10.09686,8,370.354257
-31.703489,8,370.37026
6.687281,8,370.381138
0.305177,8,370.396224
5.749396,8,370.408384
-6.295517,8,370.424339
-15.83001,8,370.435518
-34.162064,8,370.446268
-22.375326,8,370.457767
-1.32455,8,370.472159
-0.298725,8,370.482703
-56.671857,8,370.492114
0.978088,8,370.506548
-14.889714,8,370.526661
-2.57342,8,370.537444
-58.64436,8,370.548697
5.772954,8,370.560581
4.717765,8,370.574058
-3.259687,8,370.584695
-59.349049,8,370.595446
-6.274362,8,370.606896
3.059359,8,370.624057
-39.309998,8,370.633959
-0.929126,8,370.645579
-20.214955,8,370.655417
-8.294086,8,370.672004
-3.335135,8,370.682779
-22.894522,8,370.69452
-1.457685,8,370.704044
-17.739062,8,370.71771
-4.893841,8,370.72816
5.703962,8,370.741773
-66.317828,8,370.751441
4.782673,8,370.763809
-34.876184,8,370.77493
4.913566,8,370.784608
-0.335524,8,370.795141
3.826933,8,370.808337
1.618224,8,370.822345
-46.995921,8,370.83237
-16.932296,8,370.842742
-0.039044,8,370.858058
-39.029094,8,370.867873
-14.585588,8,370.878265
-52.720663,8,370.887173
4.807407,8,370.899065
-0.282498,8,370.910532
-16.39798,8,370.920295
-23.703443,8,370.929509
-36.646412,8,370.941649
-43.001948,8,370.955677
-18.380074,8,370.966597
-94.486231,8,370.981914
5.066239,8,370.995
-3.944376,8,371.004766
-57.732677,8,371.012654
0.694493,8,371.02131
10.061378,8,371.032641
-19.251797,8,371.042215
3.877209,8,371.052842
-3.195421,8,371.06276
3.122262,8,371.076512
-22.540235,8,371.084929
4.423077,8,371.10375
-116.794107,8,371.112621
4.181444,8,371.125709
-58.546123,8,371.134276
2.641169,8,371.144351
-1.158077,8,371.153417
3.561269,8,371.166266
2.191689,8,371.176102
-16.171095,8,371.185428
-2.776534,8,371.194459
-13.69328,8,371.210208
3.982666,8,371.220218
-36.37852,8,371.232569
-22.323562,8,371.242739
-20.554143,8,371.255961
-84.532262,8,371.325752
6.467482,8,371.33543
5.720316,8,371.344912
8.241575,8,371.35718
6.406157,8,371.36767
-49.70098,8,371.378104
-2.149509,8,371.387237
1.975257,8,371.3991
-5.650509,8,371.40925
-150.226996,8,371.418834
-11.675439,8,371.432275
-4.069296,8,371.448008
-24.540815,8,371.457984
-21.559003,8,371.467659
-0.512849,8,371.477759
5.625671,8,371.490501
9.305643,8,371.500181
1.898643,8,371.509135
5.711181,8,371.519018
-4.409993,8,371.532356
-29.972132,8,371.542843
7.011348,8,371.552723
-40.077357,8,371.567617
3.065291,8,371.580884
-39.607994,8,371.590981
3.603723,8,371.600383
0.223601,8,371.609739
-0.166825,8,371.623041
-46.584745,8,371.631548
-13.866278,8,371.641728
-6.596905,8,371.651693
-108.437702,8,371.664599
3.13128,8,371.678123
-82.817883,8,371.686782
-51.745986,8,371.696439
-15.649326,8,371.712807
1.371968,8,371.722647
-12.487425,8,371.731038
2.316507,8,371.741792
-6.340586,8,371.753653
-25.285625,8,371.762434
7.696822,8,371.772742
-55.832667,8,371.782028
-42.994347,8,371.798158
3.832645,8,371.808357
-33.611095,8,371.815537
1.10204,8,371.9803
-5.629449,8,372.007941
3.514322,8,372.051818
2.287923,8,372.063875
1.51775,8,372.085057
-58.283947,8,372.103673
-15.562572,8,372.116015
2.605019,8,372.127969
-17.994948,8,372.138245
-4.197144,8,372.153054
-2.963933,8,372.165033
6.820208,8,372.17583
-99.50661,8,372.19096
-11.947577,8,372.206218
-27.624763,8,372.221014
-55.625808,8,372.231317
-19.488567,8,372.242644
-116.138903,8,372.255991
-13.931147,8,372.265672
-1.546244,8,372.275928
0.799782,8,372.287448
-27.008224,8,372.307399
3.747033,8,372.318205
-26.533799,8,372.331503
-7.787533,8,372.34437
-19.117833,8,372.36145
6.322417,8,372.381587
-18.385051,8,372.396201
-16.371599,8,372.411731
-11.775415,8,372.437444
-2.234017,8,372.450335
-1.998721,8,372.463665
6.260428,8,372.480268
-6.067367,8,372.499458
2.664065,8,372.511755
-20.137921,8,372.527326
-0.717194,8,372.542241
-7.086713,8,372.560487
-24.683229,8,372.570634
-26.238962,8,372.589685
-26.374129,8,372.589685
1.782124,8,372.612239
-1.590856,8,372.627004
-7.609109,8,372.637399
5.822725,8,372.657616
-16.861889,8,372.673584
-2.181349,8,372.686282
-2.471978,8,372.696952
7.369494,8,372.708186
-1.44873,8,372.720796
-103.192928,8,372.734637
3.033389,8,372.753392
-15.552669,8,372.765447
2.576309,8,372.786214
-18.666267,8,372.796638
-0.731627,8,372.808185
-21.741565,8,372.819617
-3.18436,8,372.828021
-4.229811,8,372.844175
-21.34873,8,372.853595
-76.124342,8,372.865077
-40.29125,8,372.8785
-17.156198,8,372.892254
-37.375267,8,372.904408
-14.548942,8,372.921288
-16.67311,8,372.934829
1.658398,8,372.946113
3.479651,8,372.957916
-26.565924,8,372.967948
-2.499737,8,372.98335
-6.64136,8,372.993078
0.953025,8,373.004374
-36.042652,8,373.019564
-22.83735,8,373.033159
-40.858766,8,373.04396
-6.036925,8,373.054736
-24.232074,8,373.070525
4.639424,8,373.081658
-37.2138,8,373.092483
-0.462146,8,373.104439
-1.971116,8,373.104439
-15.514134,8,373.12101
-0.737694,8,373.140951
-9.61032,8,373.151986
-53.945197,8,373.159305
-24.032064,8,373.175391
2.262709,8,373.187201
-12.935377,8,373.196708
-8.144628,8,373.208276
-50.758371,8,373.226299
-11.343486,8,373.237851
2.441998,8,373.248476
-23.044766,8,373.26008
0.619951,8,373.27086
-69.363801,8,373.27086
-16.242922,8,373.291368
-37.494894,8,373.291368
-3.143945,8,373.313999
-24.872526,8,373.320567
-77.291739,8,373.320567
-21.069888,8,373.337431
-31.799107,8,373.362414
-7.166102,8,373.370525
3.402178,8,373.370525
-21.437626,8,373.392702
-8.771537,8,373.403701
-3.797609,8,373.409223
-5.78939,8,373.420398
-9.199373,8,373.420398
-15.437958,8,373.44361
-15.833716,8,373.452965
2.364803,8,373.453892
3.824682,8,373.476198
-2.54761,8,373.48846
-4.178079,8,373.49245
6.407638,8,373.506144
-61.618225,8,373.520727
2.986419,8,373.524962
-75.517793,8,373.537162
-35.258968,8,373.553609
-22.324567,8,373.553609
-4.826666,8,373.570266
0.22052,8,373.586967
2.796662,8,373.586967
-2.552925,8,373.603796
-8.640466,8,373.620303
0.201878,8,373.637452
3.445026,8,373.645971
-4.594132,8,373.65395
2.608052,8,373.666464
-23.568596,8,373.676946
-1.896613,8,373.687809
-44.319358,8,373.696524
-100.949575,8,373.703775
-20.714889,8,373.720455
-67.267844,8,373.720455
-30.172321,8,373.736977
0.707824,8,373.75376
-92.833986,8,373.75376
-5.909923,8,373.77752
-4.551067,8,373.787214
-20.519702,8,373.79434
-0.958285,8,373.808494
4.521972,8,373.81652
-0.573735,8,373.820471
-20.423756,8,373.839347
2.462312,8,373.852859
6.884428,8,373.853859
-12.763896,8,373.870705
-54.640747,8,373.876699
4.154784,8,373.887063
-14.88892,8,373.903778
0.565086,8,373.903778
0.017929,8,373.926614
-5.207557,8,373.937218
-2.326091,8,373.937218
-5.508803,8,373.962131
-25.109125,8,373.976856
2.262322,8,373.987377
-8.294231,8,373.998762
-22.416767,8,374.009936
-13.340882,8,374.140777
-47.164609,8,374.151775
3.497225,8,374.166906
-7.582234,8,374.183553
-6.707157,8,374.198156
-132.456397,8,374.209028
3.130541,8,374.220625
4.684704,8,374.232024
-12.458522,8,374.247739
-35.927069,8,374.258308
-4.899134,8,374.272783
-41.881473,8,374.284802
-3.717285,8,374.291275
-1.216482,8,374.308647
-23.276843,8,374.319624
2.49567,8,374.335125
-1.962506,8,374.349344
-19.126971,8,374.356706
0.980551,8,374.371027
-28.089714,8,374.380895
9.74268,8,374.397322
0.667681,8,374.404526
-22.207724,8,374.404526
-2.011034,8,374.429579
-0.033986,8,374.442913
-1.870803,8,374.454881
-1.615782,8,374.46583
-19.130059,8,374.479163
0.827491,8,374.510855
5.249502,8,374.534425
4.603319,8,374.551237
-26.991018,8,374.562598
-61.264384,8,374.580595
-2.733769,8,374.589599
-0.3881,8,374.608729
-33.681767,8,374.61676
1.396399,8,374.621295
2.591303,8,374.637828
-6.105897,8,374.637828
4.114292,8,374.65451
-35.926844,8,374.670543
-3.441296,8,374.687707
-13.64196,8,374.687707
-58.845535,8,374.706816
-16.281068,8,374.73037
2.310279,8,374.73911
-4.394222,8,374.752662
4.316344,8,374.763869
-31.916823,8,374.777892
-26.241773,8,374.787185
-50.046437,8,374.798408
4.502434,8,374.803542
-7.99678,8,374.828646
2.90143,8,374.845401
-11.961111,8,374.854682
-41.693316,8,374.86738
-20.274959,8,374.881553
-19.8183,8,374.888931
3.893101,8,374.910426
-90.201245,8,374.922004
-21.543927,8,374.9469
-0.979459,8,374.960742
-37.154722,8,374.971557
0.899258,8,374.971557
-3.270834,8,374.99531
-2.17778,8,375.015564
-5.281432,8,375.031503
-3.504979,8,375.050084
-47.46317,8,375.065498
4.970635,8,375.082189
5.065337,8,375.09588
3.260518,8,375.112127
2.815635,8,375.128254
-91.934911,8,375.140277
-78.208366,8,375.159109
-23.533326,8,375.174069
-23.008253,8,375.192242
-38.325925,8,375.204979
-4.086975,8,375.22657
-27.94971,8,375.241069
-0.928239,8,375.26248
0.717078,8,375.271397
1.827614,8,375.287835
-23.713019,8,375.292916
-16.925806,8,375.303942
-42.267868,8,375.325433
-8.894391,8,375.32744
-23.558381,8,375.337855
-27.752229,8,375.359418
-43.570603,8,375.42024
-25.288618,8,375.437616
-147.383,8,375.447633
-63.723971,8,375.453608
-18.059526,8,375.470656
-9.767523,8,375.474667
2.250136,8,375.487141
-51.29698,8,375.505856
-19.325338,8,375.505856
3.377114,8,375.529736
-0.369951,8,375.542372
-15.888712,8,375.555945
-62.290141,8,375.565965
0.587567,8,375.577432
-1.066528,8,375.59744
-61.352789,8,375.61086
2.583699,8,375.620844
-16.568314,8,375.620844
3.914699,8,375.637588
-8.508906,8,375.653984
4.144857,8,375.653984
-20.345556,8,375.670926
-16.990619,8,375.68727
-15.337779,8,375.700236
-20.163968,8,375.714146
-12.124694,8,375.724241
-17.613653,8,375.73715
1.358984,8,375.739508
-39.175743,8,375.761546
-4.921202,8,375.770316
-24.171342,8,375.770316
-3.256936,8,375.794461
-2.526904,8,375.803569
2.638873,8,375.803569
-0.34614,8,375.828197
-16.675213,8,375.837063
-25.427436,8,375.837063
-22.858315,8,375.859786
4.058739,8,375.870109
-0.023763,8,375.88686
-55.544422,8,375.891207
-55.985544,8,375.904257
4.619455,8,375.904257
-81.43989,8,375.929137
6.733683,8,375.941752
-5.810378,8,375.949765
-10.241506,8,375.958847
-29.202267,8,375.972564
-19.922433,8,375.982285
-8.592298,8,375.992482
-28.10176,8,376.000509
2.352174,8,376.015944
-0.014193,8,376.020293
2.063541,8,376.020293
-19.033485,8,376.036895
-62.90598,8,376.053566
-16.166839,8,376.064528
-24.851148,8,376.070443
2.418051,8,376.070443
3.483603,8,376.099246
-28.529163,8,376.110161
-62.279525,8,376.119967
-27.226097,8,376.130536
-5.153068,8,376.143579
-20.255818,8,376.158277
-2.575171,8,376.168658
-72.512996,8,376.181889
-15.610576,8,376.195676
-33.832058,8,376.205937
-24.783186,8,376.216734
-5.337624,8,376.229642
3.723699,8,376.243874
-28.814848,8,376.254002
-45.18596,8,376.266274
-30.911004,8,376.278939
-16.742175,8,376.297602
-14.42616,8,376.312171
-21.48395,8,376.323066
-0.088878,8,376.334468
-32.502333,8,376.348194
4.616953,8,376.358887
2.890868,8,376.367477
-9.36633,8,376.37816
-6.770095,8,376.392655
-25.895538,8,376.406012
-22.146248,8,376.415363
-2.635392,8,376.42601
1.484004,8,376.437625
-0.463952,8,376.448077
-17.451189,8,376.464562
-1.28159,8,376.476156
-17.304315,8,376.489504
2.949489,8,376.499921
5.584553,8,376.511028
-21.286033,8,376.524775
-80.279326,8,376.538473
-42.716338,8,376.549153
-111.663208,8,376.562124
-17.900802,8,376.573783
-1.828856,8,376.590674
-16.678174,8,376.603963
1.66968,8,376.617083
-98.239352,8,376.627605
-34.098403,8,376.645695
-14.456,8,376.656445
3.871329,8,376.667353
-57.979973,8,376.678071
-51.960505,8,376.692354
7.348461,8,376.703011
2.869087,8,376.713648
-0.423367,8,376.723109
-6.708652,8,376.749731
2.467251,8,376.763621
1.489695,8,376.774353
1.477752,8,376.789456
1.130362,8,376.803057
-0.75374,8,376.813088
3.587113,8,376.824971
-41.706615,8,376.832822
-47.89038,8,376.846035
-40.450525,8,376.856317
-3.168057,8,376.863984
-46.021187,8,376.877898
3.848492,8,376.892046
-1.282372,8,376.902007
-42.707657,8,376.912
-35.743907,8,376.926507
-0.140677,8,376.940194
-55.13667,8,376.950022
-49.533991,8,376.960367
-23.89146,8,376.9694
-45.774678,8,376.982312
-13.944526,8,376.99599
6.858584,8,377.006337
-51.862683,8,377.014277
2.406402,8,377.026947
-14.242765,8,377.036838
-20.905597,8,377.046699
1.709911,8,377.056699
-2.69679,8,377.074158
-2.38739,8,377.084153
-37.220392,8,377.094984
-18.454328,8,377.107244
-27.747151,8,377.119102
-28.496711,8,377.129949
3.418373,8,377.139714
-19.463747,8,377.149332
-0.160313,8,377.161335
-18.489051,8,377.171468
-125.338327,8,377.180498
-41.968946,8,377.189757
5.725697,8,377.208833
-12.07221,8,377.220753
-61.620569,8,377.231825
-53.014877,8,377.245154
-16.975232,8,377.259523
-42.736874,8,377.271605
-60.029348,8,377.284245
-0.189589,8,377.295448
-4.989977,8,377.309197
-33.33372,8,377.323556
-9.755749,8,377.335088
-0.254998,8,377.349826
-0.671798,8,377.368023
-1.693599,8,377.387443
7.706994,8,377.403031
0.109105,8,377.417661
0.038798,8,377.443813
-11.180628,8,377.459381
-3.707013,8,377.479454
-6.810189,8,377.497883
-0.295069,8,377.519857
6.109918,8,377.535064
4.727231,8,377.557478
9.727743,8,377.570479
-1.598182,8,377.588396
-2.944907,8,377.617153
-20.370083,8,377.634868
5.921886,8,377.658973
4.052574,8,377.678388
-12.922501,8,377.693135
-14.355344,8,377.704417
-33.938195,8,377.717242
-57.383686,8,377.734438
-30.184257,8,377.748762
-20.582755,8,377.763918
-43.503944,8,377.775985
3.233705,8,377.791452
-115.513081,8,377.802197
-49.609536,8,377.822584
-61.03756,8,377.83613
-0.135942,8,377.85319
-3.685417,8,377.868402
-17.365909,8,377.889852
-16.928235,8,377.904428
-22.030752,8,377.922228
-24.642923,8,377.937263
3.526067,8,377.950259
-4.277804,8,377.961258
-8.689102,8,377.979361
4.665014,8,377.997498
-19.267755,8,378.011783
-23.323035,8,378.023596
2.275504,8,378.039789
7.104917,8,378.051266
2.176351,8,378.062079
-28.610261,8,378.0726
1.22347,8,378.213259
-38.455807,8,378.226461
-62.776083,8,378.235941
-17.097391,8,378.246004
-4.242345,8,378.258605
-138.17263,8,378.267191
-7.815859,8,378.27813
-0.992892,8,378.291753
-22.341063,8,378.303522
-15.253977,8,378.314101
-1.105807,8,378.323424
-19.464412,8,378.333177
-0.202664,8,378.347252
2.29084,8,378.356648
-2.572227,8,378.364683
-53.988487,8,378.376145
-55.841317,8,378.388336
-23.217389,8,378.398359
-71.658326,8,378.40879
-15.54155,8,378.422602
-30.066691,8,378.433829
-7.028909,8,378.443438
-15.576988,8,378.455305
3.279566,8,378.464992
-109.836694,8,378.478767
-17.687738,8,378.488218
-67.126137,8,378.497599
-2.146738,8,378.507314
-3.721951,8,378.520518
-14.691365,8,378.531105
1.6522,8,378.540394
-44.086422,8,378.550194
-18.9887,8,378.567126
3.532062,8,378.582049
-0.169456,8,378.592463
2.093034,8,378.600895
-33.861216,8,378.611058
-33.620164,8,378.627207
-40.940396,8,378.639452
-0.242887,8,378.651349
4.631329,8,378.66052
-44.452421,8,378.670373
-21.450168,8,378.670373
-2.958045,8,378.687173
-129.126411,8,378.7195
-24.919033,8,378.730539
4.436108,8,378.73989
0.898537,8,378.73989
-51.48418,8,378.756583
0.801715,8,378.770147
-8.962021,8,378.786934
7.457701,8,378.786934
3.183975,8,378.803694
-13.411824,8,378.820342
-6.017292,8,378.820342
-64.818341,8,378.841562
-4.290339,8,378.853656
-48.42578,8,378.870623
-2.855134,8,378.870623
-19.857093,8,378.887167
-1.946782,8,378.90453
-17.762949,8,378.913486
-12.185967,8,378.923719
0.563825,8,378.938579
5.233487,8,378.952577
-21.083364,8,378.960354
-106.448613,8,378.975271
1.738023,8,378.989105
-22.423366,8,379.003306
-38.64432,8,379.008406
3.862125,8,379.036207
-12.539543,8,379.049439
-3.469555,8,379.060485
2.823574,8,379.077518
-17.608296,8,379.089939
-63.18661,8,379.101543
-17.492017,8,379.115705
6.515073,8,379.126305
6.264301,8,379.134304
0.667743,8,379.150335
5.980968,8,379.1637
-24.362319,8,379.178433
-42.699399,8,379.196034
3.636658,8,379.20726
-9.382839,8,379.220677
-1.37788,8,379.231489
-2.738606,8,379.246421
-2.630087,8,379.257092
-2.98664,8,379.270792
8.082505,8,379.282661
-7.574403,8,379.29421
2.85997,8,379.304211
2.745101,8,379.316964
-30.356195,8,379.326968
-1.110794,8,379.341789
-14.844741,8,379.349789
-31.460824,8,379.366392
5.32209,8,379.376744
2.30825,8,379.386909
-2.786483,8,379.395663
-1.103547,8,379.408332
-36.017559,8,379.418371
-2.051155,8,379.426949
-5.171319,8,379.436982
3.741214,8,379.499345
-13.689012,8,379.503734
11.031767,8,379.503734
-46.636334,8,379.530317
2.38649,8,379.545466
3.420861,8,379.553617
-56.212952,8,379.563835
-2.449863,8,379.570243
-4.811767,8,379.589651
-2.316502,8,379.597679
-14.532902,8,379.607875
-7.691606,8,379.607875
-4.646942,8,379.622575
-4.05905,8,379.636959
-47.892117,8,379.647416
1.840782,8,379.660292
-21.423736,8,379.677329
3.096769,8,379.687478
0.938206,8,379.687478
-45.34354,8,379.70382
0.149545,8,379.720419
-15.2417,8,379.720419
2.265607,8,379.741027
-4.604855,8,379.75107
-34.685959,8,379.763375
-3.131573,8,379.770422
-14.334426,8,379.770422
4.765727,8,379.793829
0.139962,8,379.816017
12.765639,8,379.827225
-22.931821,8,379.839536
-18.475333,8,379.848985
0.233575,8,379.864666
-14.449979,8,379.876001
3.316057,8,379.886413
-92.98349,8,379.896881
-46.029312,8,379.91243
-13.530067,8,379.9272
-38.472652,8,379.939461
-2.068193,8,379.951128
-22.647165,8,379.971012
-54.216422,8,379.98139
2.193843,8,379.993879
0.092255,8,380.006333
-122.471436,8,380.020491
-17.296422,8,380.031077
-46.071014,8,380.045722
-30.114781,8,380.05743
-40.48462,8,380.07106
2.327101,8,380.081411
1.389556,8,380.090696
-62.136326,8,380.098958
-0.08503,8,380.1127
6.857021,8,380.127182
-19.253097,8,380.138071
-17.518689,8,380.147385
-10.089692,8,380.1638
4.297241,8,380.174866
-38.475798,8,380.184704
1.198723,8,380.193546
-17.025359,8,380.205979
0.104426,8,380.21488
1.171427,8,380.223773
1.387997,8,380.232395
-79.215566,8,380.244915
-18.724146,8,380.258314
-41.070275,8,380.267406
3.283123,8,380.282637
-54.932025,8,380.294962
-0.31423,8,380.305152
1.594067,8,380.315558
5.669192,8,380.325766
-15.392232,8,380.339211
1.43115,8,380.34887
-4.899753,8,380.360422
1.849555,8,380.371133
2.987884,8,380.388467
-35.612758,8,380.400317
-1.831156,8,380.418633
-90.680043,8,380.432022
-32.271629,8,380.448474
-1.708527,8,380.462067
-44.861688,8,380.473529
-34.378606,8,380.489649
5.257417,8,380.504934
-4.175389,8,380.51687
-19.945379,8,380.529518
-36.323855,8,380.541304
-145.154579,8,380.555315
-42.932649,8,380.566742
-52.672837,8,380.592688
-11.436775,8,380.606854
-86.836121,8,380.623592
3.418133,8,380.635195
1.128161,8,380.648856
5.924737,8,380.661168
-4.283296,8,380.676037
-18.003015,8,380.687703
-2.027824,8,380.699774
8.106335,8,380.716448
-8.278901,8,380.736467
-45.379014,8,380.749984
-4.231772,8,380.762968
-15.009532,8,380.778152
-1.280937,8,380.793653
1.19305,8,380.806498
-37.246067,8,380.822461
-16.477163,8,380.83369
-35.73737,8,380.845989
1.574947,8,380.856991
2.965258,8,380.866162
-16.280711,8,380.877663
-2.911559,8,380.893314
3.526677,8,380.90535
-14.706705,8,380.917024
-1.539003,8,380.937733
-19.044234,8,380.95702
-19.724876,8,380.966914
3.285974,8,380.978773
-20.320937,8,380.991608
-8.471771,8,381.008071
6.750749,8,381.020738
-37.455535,8,381.032417
0.568872,8,381.04839
-21.351804,8,381.064336
-21.24694,8,381.075157
-0.99011,8,381.08624
-2.528939,8,381.098766
-0.665741,8,381.117422
-17.941396,8,381.129773
-18.754704,8,381.141732
-10.982891,8,381.156459
2.383954,8,381.171696
2.713113,8,381.184659
-15.639655,8,381.197913
0.700876,8,381.210606
-5.408436,8,381.224977
-3.487343,8,381.235881
4.670609,8,381.248536
-0.154078,8,381.260515
-2.145328,8,381.282566
4.330841,8,381.296989
0.174878,8,381.309721
-17.146402,8,381.31825
3.125869,8,381.333251
-85.340264,8,381.34586
-21.134277,8,381.35713
-27.204115,8,381.36713
3.790255,8,381.38445
13.147715,8,381.39821
-60.368944,8,381.410034
-21.545652,8,381.421214
-14.995495,8,381.433608
-18.360277,8,381.45015
-83.595267,8,381.463664
-87.021016,8,381.476001
-19.479039,8,381.49366
-25.066961,8,381.505631
-10.43603,8,381.516351
-22.775646,8,381.528868
-26.454729,8,381.542985
1.532476,8,381.553551
-0.643832,8,381.563637
-20.754896,8,381.575554
-108.449285,8,381.593356
-19.053575,8,381.613827
7.853941,8,381.625771
1.845441,8,381.634967
-22.284035,8,381.648952
-3.268359,8,381.661005
-19.096059,8,381.6718
-1.419358,8,381.682114
1.886129,8,381.697459
-36.89943,8,381.7073
-33.393484,8,381.72201
-6.060599,8,381.732881
-5.464432,8,381.746185
-43.026694,8,381.756657
-25.284437,8,381.772371
-0.803579,8,381.783247
0.766058,8,381.796794
-39.019337,8,381.808259
-27.967485,8,381.81726
-17.476238,8,381.83026
2.117054,8,381.843061
-4.700459,8,381.853056
-4.358999,8,381.862598
0.848975,8,381.872922
-53.941777,8,381.884891
5.884085,8,381.895746
4.255694,8,381.909361
8.828991,8,381.920727
-19.163642,8,381.933302
2.123973,8,381.948002
2.58592,8,381.95787
-7.519297,8,381.968565
5.163635,8,381.983339
-3.547431,8,381.994028
-3.040396,8,382.00482
7.103247,8,382.015087
-16.853642,8,382.030244
-6.186678,8,382.047357
-38.492174,8,382.061867
2.613989,8,382.078043
-35.02674,8,382.094274
-5.122102,8,382.104549
1.738401,8,382.121672
8.853378,8,382.133192
0.544305,8,382.148122
2.065752,8,382.167391
-18.516724,8,382.178754
2.884838,8,382.18788
-11.154766,8,382.30514
-4.212637,8,382.316137
-5.715201,8,382.328739
-1.806358,8,382.34936
3.712784,8,382.366968
-4.243526,8,382.382716
-12.236603,8,382.396614
-14.885679,8,382.409287
-57.757762,8,382.425743
-6.143389,8,382.436749
4.332442,8,382.448545
1.578585,8,382.459544
4.961881,8,382.475021
-22.48783,8,382.489018
-0.141487,8,382.500657
2.252613,8,382.513051
5.008674,8,382.532418
3.363849,8,382.544044
-28.606034,8,382.556208
-40.897691,8,382.56906
1.807719,8,382.584438
4.442093,8,382.587108
-9.707771,8,382.614115
-15.972359,8,382.628055
5.603478,8,382.643188
-0.939822,8,382.654387
-0.021464,8,382.667926
-0.133748,8,382.67982
-40.863883,8,382.699823
-3.145768,8,382.71687
6.709644,8,382.727148
-29.934668,8,382.73729
0.723158,8,382.750831
-13.12505,8,382.764603
3.87161,8,382.779987
-5.81713,8,382.794483
1.598957,8,382.825951
-1.83301,8,382.843303
-17.261408,8,382.863187
-25.912017,8,382.877733
-18.352688,8,382.895338
0.099038,8,382.915239
-90.15895,8,382.934731
-46.887283,8,382.946605
-20.441393,8,382.963609
-1.503227,8,382.976767
-2.995071,8,382.992342
7.823228,8,383.004339
-6.17085,8,383.020764
0.608406,8,383.031762
3.871516,8,383.044377
-20.646122,8,383.060052
-15.298934,8,383.07643
-23.297786,8,383.098741
-3.814024,8,383.116235
-4.774903,8,383.13103
2.986197,8,383.148789
-36.114051,8,383.169704
1.863232,8,383.183082
-1.787327,8,383.207735
-0.308575,8,383.230408
-37.343428,8,383.239068
4.359472,8,383.264106
-76.763031,8,383.283028
-5.232687,8,383.30006
-3.192743,8,383.312283
-0.914814,8,383.339088
-33.469089,8,383.35179
-74.791006,8,383.372996
0.98318,8,383.393686
4.67811,8,383.411332
-31.570401,8,383.428141
-2.608836,8,383.441928
-49.859171,8,383.460289
-21.930776,8,383.47163
-1.749118,8,383.480861
-28.627027,8,383.505197
-11.164277,8,383.517988
10.505303,8,383.538885
-30.734832,8,383.589356
-21.759983,8,383.606291
-51.327379,8,383.623878
1.630806,8,383.632878
-19.348349,8,383.644827
-135.627066,8,383.66103
3.131572,8,383.676709
-12.769991,8,383.690363
-124.883088,8,383.703351
-9.438229,8,383.719349
-6.509828,8,383.734489
6.854535,8,383.746695
-3.71627,8,383.762053
-11.134615,8,383.777817
-38.996367,8,383.789852
-16.950798,8,383.80064
0.432122,8,383.811556
-74.549934,8,383.826749
-25.186989,8,383.84176
5.409141,8,383.851804
-25.548305,8,383.863771
5.144863,8,383.879192
-0.286878,8,383.890196
0.67632,8,383.901191
-29.756334,8,383.915942
-69.66096,8,383.930746
-40.862921,8,383.944781
-119.730743,8,383.954973
1.174134,8,383.965734
-20.291064,8,383.979649
4.728833,8,383.989584
0.204902,8,383.99874
6.182142,8,384.007841
1.027864,8,384.020624
7.256175,8,384.030584
-53.839828,8,384.04391
-8.712622,8,384.055101
-19.573771,8,384.072834
1.224695,8,384.08283
-34.765887,8,384.093001
-3.791514,8,384.103597
-81.367201,8,384.115805
-3.205529,8,384.126364
-10.504845,8,384.134369
3.268046,8,384.144014
0.663773,8,384.161922
-42.794474,8,384.170369
-23.55569,8,384.179452
4.342384,8,384.191474
-12.905228,8,384.208398
-18.68761,8,384.218398
-26.496694,8,384.227924
-16.760509,8,384.23853
-1.853436,8,384.253096
0.089509,8,384.273015
-107.583563,8,384.284034
7.948737,8,384.296232
-31.361324,8,384.310235
2.86242,8,384.319806
-4.193745,8,384.331461
0.278963,8,384.342566
-11.145812,8,384.35726
-15.185032,8,384.384903
-48.301829,8,384.398273
-1.209251,8,384.413798
6.4394,8,384.431806
2.970799,8,384.448724
1.358849,8,384.467984
-2.998186,8,384.485049
-36.316381,8,384.526849
-108.49698,8,384.543901
-43.508058,8,384.558203
-33.550438,8,384.582989
-7.394232,8,384.609175
-23.908633,8,384.640787
4.063032,8,384.660334
-10.412671,8,384.676826
6.157089,8,384.701028
-23.328544,8,384.720851
-12.242511,8,384.746903
1.853065,8,384.763994
-1.164718,8,384.786064
4.906811,8,384.801965
-118.407174,8,384.824031
-4.211832,8,384.855098
-0.835106,8,384.888788
-32.695413,8,384.920187
2.826052,8,384.943493
-31.962678,8,384.960266
2.108703,8,384.978922
1.287997,8,384.991569
2.933488,8,385.005244
2.588755,8,385.174626
-1.164644,8,385.192585
-6.795267,8,385.226594
1.058214,8,385.240101
-90.360976,8,385.2521
-25.476278,8,385.266886
-44.582105,8,385.28164
-122.339268,8,385.295293
-0.250031,8,385.307885
-51.772353,8,385.324837
1.502457,8,385.335838
-15.314841,8,385.345842
-8.659827,8,385.354962
-20.741597,8,385.367963
-50.117366,8,385.379283
-25.371325,8,385.395262
3.526488,8,385.405823
-31.563833,8,385.418822
-26.212642,8,385.429584
-2.184502,8,385.440092
4.590853,8,385.454983
-43.823079,8,385.468979
1.858208,8,385.479481
-9.115509,8,385.490172
1.765044,8,385.500189
-19.648924,8,385.517137
-0.304407,8,385.528425
-25.379329,8,385.538058
7.65753,8,385.548057
-6.310607,8,385.561001
-6.381951,8,385.569001
-4.391422,8,385.580663
-2.438736,8,385.59393
-92.574249,8,385.606806
-16.873347,8,385.617803
0.490429,8,385.630326
0.284156,8,385.640811
-1.916659,8,385.65181
-37.202961,8,385.663149
7.312306,8,385.671817
-42.987465,8,385.680549
5.742854,8,385.69398
-6.175597,8,385.701981
-1.158679,8,385.711783
-20.138643,8,385.719784
-8.119142,8,385.740083
-40.749845,8,385.749093
-33.133779,8,385.760286
-12.452474,8,385.771287
-30.227882,8,385.7843
-0.881609,8,385.794445
-21.399877,8,385.804546
6.493958,8,385.814633
-1.389035,8,385.827574
-17.51039,8,385.83832
-21.989202,8,385.852218
3.516689,8,385.863448
7.159193,8,385.881944
6.470284,8,385.89235
2.332799,8,385.903061
0.785887,8,385.911605
2.766661,8,385.926106
-169.970778,8,385.938872
-2.877045,8,385.955064
-24.695944,8,385.967689
-6.625089,8,385.98153
-16.667803,8,385.992419
1.725385,8,386.003738
-62.29526,8,386.012946
3.960722,8,386.027413
5.797193,8,386.04348
6.422795,8,386.055096
-53.410949,8,386.068094
2.739042,8,386.082182
1.706443,8,386.092652
4.283856,8,386.101652
-0.290509,8,386.111554
-11.754076,8,386.125455
-6.951284,8,386.135453
-12.307169,8,386.145931
-36.205871,8,386.155591
-2.597867,8,386.171391
2.162234,8,386.18539
1.476662,8,386.19723
-3.728167,8,386.206671
-2.132441,8,386.219673
-33.315891,8,386.227997
14.605027,8,386.23687
0.456678,8,386.24604
-30.381611,8,386.25983
-43.413516,8,386.267828
-5.307566,8,386.277428
-37.355751,8,386.290113
-46.284576,8,386.302126
1.212888,8,386.311713
4.539907,8,386.325408
-64.735078,8,386.333408
5.769943,8,386.345113
-3.570969,8,386.35365
-19.037849,8,386.363805
-0.271437,8,386.375434
1.170491,8,386.388068
-9.469488,8,386.398089
-16.337032,8,386.411664
-14.874842,8,386.422333
-19.853279,8,386.435354
-103.874894,8,386.444165
6.974111,8,386.458894
-41.630956,8,386.468894
-15.493269,8,386.482408
6.764712,8,386.493046
-16.871427,8,386.503479
8.732108,8,386.512595
-4.906954,8,386.530434
-47.023129,8,386.541051
3.807755,8,386.552052
-13.95298,8,386.562632
-4.697124,8,386.57683
-14.953606,8,386.58732
3.920089,8,386.596326
5.261096,8,386.614276
-7.586998,8,386.633144
-5.43612,8,386.649508
8.700106,8,386.659879
0.831563,8,386.668879
2.184371,8,386.681602
6.674571,8,386.690678
-67.194247,8,386.698697
6.936078,8,386.70951
-6.716364,8,386.725292
-0.907214,8,386.735733
-13.03176,8,386.748561
-18.925314,8,386.761672
-71.763078,8,386.778954
-26.663021,8,386.790825
-27.205699,8,386.800871
-4.629361,8,386.813926
-14.357901,8,386.828226
-14.154844,8,386.841238
1.587834,8,386.854236
-15.34197,8,386.872981
3.414416,8,386.884983
-115.359957,8,386.894728
-25.349427,8,386.906243
-5.370461,8,386.917243
-14.105616,8,386.940084
5.408283,8,386.964188
-21.991134,8,386.977916
-41.298065,8,386.990601
-162.047392,8,387.00926
-29.93641,8,387.024688
-19.114826,8,387.04266
3.52921,8,387.055267
5.396291,8,387.076921
3.314483,8,387.094925
1.356304,8,387.112815
-9.765581,8,387.13118
-15.742947,8,387.162118
0.195073,8,387.184787
4.783567,8,387.202047
-27.472346,8,387.215122
1.035101,8,387.236406
-20.401144,8,387.250401
-22.248252,8,387.264341
-48.279802,8,387.280863
-18.432318,8,387.303478
-20.717685,8,387.31605
-30.97945,8,387.329046
-33.344394,8,387.342045
-2.386674,8,387.359243
0.874058,8,387.37801
3.511735,8,387.392791
-36.380648,8,387.415404
-65.613391,8,387.430172
2.884894,8,387.447432
-24.293105,8,387.462429
-0.544594,8,387.476894
6.019491,8,387.493621
2.944174,8,387.510265
2.899714,8,387.52577
-17.073009,8,387.539774
-14.015151,8,387.557806
-9.35321,8,387.574922
-12.573023,8,387.586897
-15.728624,8,387.596069
1.026281,8,387.611785
-13.229519,8,387.627488
0.908277,8,387.639095
-24.10963,8,387.650095
3.466533,8,387.760773
0.820874,8,387.770182
-20.681416,8,387.780325
0.010191,8,387.789052
-17.320228,8,387.801028
-14.136668,8,387.810699
-7.964905,8,387.8253
-46.98449,8,387.8353
-4.285011,8,387.848152
-32.20484,8,387.862753
-26.604958,8,387.872479
-0.585151,8,387.882478
-2.902639,8,387.896127
-16.038777,8,387.906761
-53.389605,8,387.915761
-15.653158,8,387.924365
-21.481003,8,387.93636
-0.409115,8,387.94609
-2.173438,8,387.959841
-41.658643,8,387.967841
5.630829,8,387.982348
4.378476,8,387.993096
-22.488167,8,388.002099
0.803916,8,388.012861
0.763422,8,388.025358
-39.9048,8,388.035358
3.362153,8,388.044082
-64.528327,8,388.051081
-19.136961,8,388.06477
-2.397339,8,388.07441
-18.611906,8,388.08441
0.610786,8,388.101123
1.76383,8,388.114759
-0.762012,8,388.12448
1.939716,8,388.135073
-5.808249,8,388.146557
-24.392081,8,388.161108
-14.647581,8,388.171108
0.624398,8,388.182108
-57.067468,8,388.192154
1.587553,8,388.209002
1.351613,8,388.219521
-18.917854,8,388.231522
-2.607129,8,388.247734
-24.040854,8,388.264273
1.971428,8,388.276913
-11.372542,8,388.28766
6.822135,8,388.29766
-5.023622,8,388.31129
1.876857,8,388.326929
-21.390026,8,388.336568
-80.478711,8,388.346687
-37.640421,8,388.361669
-34.422472,8,388.371953
-2.399883,8,388.386388
-78.018718,8,388.398266
-24.162367,8,388.415717
-23.602426,8,388.42709
6.618402,8,388.442615
1.931719,8,388.454145
4.063238,8,388.46913
0.440527,8,388.482183
-44.712043,8,388.494482
-6.86182,8,388.511126
-0.590524,8,388.536385
-1.806274,8,388.550433
-61.028338,8,388.570853
-0.43719,8,388.58185
-20.741456,8,388.602787
-4.567103,8,388.614683
-16.394255,8,388.624807
-3.585021,8,388.638379
-24.02666,8,388.652781
2.697818,8,388.664087
1.763049,8,388.678867
6.68617,8,388.69122
-2.391872,8,388.705263
-20.415656,8,388.719772
-15.943147,8,388.733606
-3.817069,8,388.746476
-0.882228,8,388.762439
-4.931785,8,388.778925
-38.983828,8,388.796155
-18.903691,8,388.806381
-63.669254,8,388.824041
-8.797323,8,388.838967
0.224919,8,388.851318
-16.176303,8,388.862565
-33.289712,8,388.878727
-0.041928,8,388.894694
-16.210347,8,388.904592
-15.083397,8,388.913911
-21.106936,8,388.928327
-36.221201,8,388.944862
3.776822,8,388.95619
-5.0094,8,388.969616
2.485853,8,388.983657
4.063786,8,389.046992
-10.857825,8,389.056755
-58.696677,8,389.056755
8.294798,8,389.075259
-85.69647,8,389.094101
0.324942,8,389.104556
-6.618308,8,389.114555
-77.391058,8,389.133323
-10.622852,8,389.144819
7.638358,8,389.161805
-10.697972,8,389.172998
-17.204246,8,389.186625
-151.214472,8,389.196836
4.804065,8,389.209352
-6.718019,8,389.219392
-58.094389,8,389.233006
-20.482926,8,389.248907
-0.536888,8,389.259598
-2.178206,8,389.271749
-7.323411,8,389.27522
-30.055801,8,389.288232
-82.608558,8,389.310958
0.502599,8,389.322027
2.601136,8,389.324095
3.84311,8,389.338504
-47.467553,8,389.362498
-25.784244,8,389.373283
-22.456392,8,389.387682
-20.562778,8,389.388293
-24.866453,8,389.404873
3.079921,8,389.404873
-57.131887,8,389.421797
-27.472686,8,389.438381
-50.048174,8,389.453176
-14.98806,8,389.454882
-0.11193,8,389.490112
6.823176,8,389.50003
-3.018678,8,389.512823
1.266808,8,389.5309
0.83503,8,389.545724
-81.402957,8,389.556735
0.163864,8,389.567676
-19.603973,8,389.581769
-6.335354,8,389.597912
-114.973207,8,389.609265
-19.668431,8,389.621222
-35.739251,8,389.636139
-3.931729,8,389.653626
5.446116,8,389.669866
-14.514188,8,389.68206
-19.827106,8,389.697028
4.072951,8,389.712749
-1.711157,8,389.723313
-1.461666,8,389.734626
-63.380693,8,389.747691
7.046538,8,389.761983
-54.949072,8,389.774598
-18.686145,8,389.790601
-20.935094,8,389.807924
-21.127835,8,389.82802
-42.547087,8,389.837896
-0.527375,8,389.849155
-22.473798,8,389.864699
-16.658707,8,389.881086
7.559474,8,389.893312
1.703589,8,389.908501
3.063921,8,389.919501
-6.723014,8,389.933547
-13.088874,8,389.945657
6.795022,8,389.956697
-1.743603,8,389.969074
-3.935784,8,389.988051
-12.430347,8,389.999049
-8.073891,8,390.010871
2.274722,8,390.026283
-10.965418,8,390.0392
2.199675,8,390.050198
-8.715472,8,390.059826
3.861035,8,390.070319
-23.287482,8,390.084998
5.37376,8,390.096664
4.739574,8,390.107582
-19.03717,8,390.11758
-0.447257,8,390.135792
-17.193978,8,390.149043
-17.07698,8,390.161057
-18.110366,8,390.171334
-3.903139,8,390.185911
2.596689,8,390.196949
-8.518553,8,390.208502
2.984125,8,390.217502
4.371126,8,390.234817
5.82034,8,390.244978
-15.8608,8,390.255964
-27.175492,8,390.267019
0.788436,8,390.280252
-9.030611,8,390.295025
-5.275158,8,390.304853
-5.388723,8,390.314852
-21.316414,8,390.328264
3.067857,8,390.342657
-18.163508,8,390.35354
-5.638295,8,390.363628
-0.137755,8,390.378925
-23.864953,8,390.389311
-70.456528,8,390.39936
-2.070431,8,390.410002
-24.096409,8,390.422585
-3.187764,8,390.432583
-46.583942,8,390.448806
-12.490693,8,390.464096
-23.063295,8,390.477696
1.993077,8,390.487007
-50.283647,8,390.496055
-45.904622,8,390.506723
1.246743,8,390.517723
-22.53756,8,390.52877
1.793903,8,390.541983
2.635484,8,390.55227
-12.680714,8,390.567888
-1.490715,8,390.581888
-3.021072,8,390.596079
-106.637123,8,390.607967
-27.501724,8,390.618968
1.317336,8,390.62852
-58.809009,8,390.638607
-0.209626,8,390.652608
1.972908,8,390.666607
-12.992734,8,390.675686
-5.970508,8,390.68765
-45.765014,8,390.69765
1.723643,8,390.712319
-36.981866,8,390.721965
-19.02595,8,390.731962
-78.892445,8,390.74573
-5.045534,8,390.759774
3.465577,8,390.772336
-27.942922,8,390.783337
-154.459404,8,390.803211
-4.295004,8,390.820262
-90.796516,8,390.832255
0.515085,8,390.846212
-4.711184,8,390.859211
-56.75475,8,390.876119
2.675012,8,390.887322
4.071433,8,390.903336
-1.029113,8,390.921477
-25.725497,8,390.935493
-0.06821,8,390.94811
-15.853992,8,390.959546
0.022416,8,390.971041
-28.081409,8,390.986377
-0.351218,8,390.998576
-4.014592,8,391.009736
0.771054,8,391.025249
-22.763438,8,391.03878
0.617641,8,391.050302
-3.598306,8,391.059511
-15.612094,8,391.076862
-20.094623,8,391.106059
-63.633256,8,391.127081
3.200661,8,391.14254
-71.791959,8,391.157238
5.432169,8,391.174882
-3.586713,8,391.186475
5.906755,8,391.19848
5.501257,8,391.210279
-14.371851,8,391.227796
1.48952,8,391.239301
-25.237955,8,391.25157
2.079756,8,391.25987
-81.050155,8,391.284948
1.078278,8,391.298367
-9.67316,8,391.30924
-1.94313,8,391.321142
0.527448,8,391.340156
9.609047,8,391.349142
-36.712006,8,391.35968
-31.039341,8,391.370993
-1.495241,8,391.384285
0.805921,8,391.396292
6.02467,8,391.40727
-36.955514,8,391.418271
-22.055633,8,391.438017
2.36306,8,391.453199
-2.249327,8,391.465151
-9.196039,8,391.476758
-22.313825,8,391.491493
-18.450374,8,391.501506
-7.651248,8,391.512937
4.124927,8,391.523665
-10.835635,8,391.541705
-12.217852,8,391.55185
5.72296,8,391.56347
-139.278134,8,391.572727
-21.804006,8,391.586725
-17.408009,8,391.601514
-77.237393,8,391.613788
-3.941342,8,391.624593
-0.704824,8,391.63867
-37.409688,8,391.649919
7.666717,8,391.666698
-0.612433,8,391.678867
-5.378222,8,391.694913
-23.102574,8,391.707213
-32.091899,8,391.717227
-1.846292,8,391.727695
-0.156499,8,391.837348
-95.447369,8,391.847403
-10.644019,8,391.860944
-24.790491,8,391.868944
-21.073266,8,391.882829
0.650179,8,391.891527
-0.984122,8,391.901538
-7.210359,8,391.912117
-20.370108,8,391.924696
-5.546014,8,391.933695
-65.169996,8,391.944519
-95.189986,8,391.955011
2.485289,8,391.96701
-6.4617,8,391.977361
1.535395,8,391.996709
-42.718541,8,392.00638
-26.552067,8,392.020698
-75.069814,8,392.031743
1.299737,8,392.042611
-34.570992,8,392.051612
-14.823835,8,392.069149
-0.672571,8,392.080978
-28.965278,8,392.09245
2.970748,8,392.106436
-0.386947,8,392.121835
1.90164,8,392.132808
-36.917789,8,392.14661
3.06372,8,392.163378
-1.168869,8,392.177592
0.937398,8,392.189078
-22.035485,8,392.202078
4.678117,8,392.21398
-17.851097,8,392.232515
-48.746385,8,392.244267
-10.068802,8,392.25753
-4.251883,8,392.268534
-31.303762,8,392.283908
-43.447912,8,392.293168
-5.612576,8,392.303632
-43.345825,8,392.315766
-14.070624,8,392.32966
-19.289332,8,392.345204
-4.470434,8,392.354932
-7.787711,8,392.363931
4.907857,8,392.37746
-19.229996,8,392.388109
1.040596,8,392.398108
-1.690859,8,392.407925
-69.382662,8,392.421584
-37.613955,8,392.431582
-4.357646,8,392.441911
7.755063,8,392.455749
-19.035484,8,392.472743
0.115547,8,392.482742
0.229443,8,392.49325
-1.040025,8,392.50318
-56.25771,8,392.515804
-124.435794,8,392.526508
3.29964,8,392.535509
-0.8959,8,392.54426
-72.401821,8,392.557012
3.438614,8,392.567012
-2.992908,8,392.581543
5.151188,8,392.59129
-43.085118,8,392.608507
-67.404457,8,392.616507
-40.512371,8,392.625581
-6.010085,8,392.63358
0.233318,8,392.646201
-28.123294,8,392.656079
-121.562917,8,392.667063
-9.289783,8,392.678734
-39.089377,8,392.698229
2.923789,8,392.708878
-14.983026,8,392.720384
-2.997273,8,392.731575
8.058598,8,392.744943
-0.519387,8,392.757861
-17.956785,8,392.765861
-7.578261,8,392.776468
-11.728741,8,392.788207
-55.241836,8,392.798206
0.327874,8,392.813028
-37.950643,8,392.824644
-10.433901,8,392.839256
-37.888706,8,392.849257
1.960542,8,392.859819
-17.728328,8,392.870402
-1.621613,8,392.883583
-22.299484,8,392.897278
-13.605487,8,392.907977
-87.032448,8,392.917977
-32.492208,8,392.932421
-0.653162,8,392.955975
-19.23229,8,392.966978
-2.543329,8,392.980565
2.418148,8,392.994119
-20.865783,8,393.002115
5.069516,8,393.012814
-1.478707,8,393.022497
4.416098,8,393.034485
-34.954382,8,393.04623
11.569702,8,393.061383
1.138989,8,393.072461
-17.978537,8,393.126545
-17.586588,8,393.135731
2.108811,8,393.149685
-1.203011,8,393.161871
-25.397394,8,393.177676
-21.579032,8,393.192912
-57.488015,8,393.210783
-0.514922,8,393.226781
-3.19692,8,393.246218
1.793196,8,393.262676
-7.973006,8,393.278991
-18.541999,8,393.292426
-5.546253,8,393.304993
2.913381,8,393.315041
-14.068038,8,393.322541
3.346431,8,393.334349
-17.219517,8,393.348848
7.180036,8,393.360091
1.21544,8,393.3736
5.01247,8,393.3846
-4.173407,8,393.396258
-7.264776,8,393.405128
-9.429894,8,393.415123
-16.875208,8,393.429945
0.916226,8,393.443453
-14.212985,8,393.452453
-19.49624,8,393.462949
-12.756987,8,393.473716
6.607664,8,393.491271
5.101627,8,393.503268
-2.770881,8,393.514265
-9.70068,8,393.524353
6.783299,8,393.538343
-5.595822,8,393.549342
3.844415,8,393.560016
5.143216,8,393.592401
2.821091,8,393.61088
-20.230834,8,393.61888
-27.069532,8,393.627567
7.148816,8,393.636548
-0.894065,8,393.648046
7.692347,8,393.657849
-17.670404,8,393.668846
-19.85338,8,393.680943
-0.045675,8,393.695949
7.152663,8,393.706944
-10.569489,8,393.721944
-14.074095,8,393.732942
-34.285924,8,393.751943
-0.78446,8,393.764943
-2.52747,8,393.777563
-15.114728,8,393.788564
2.91738,8,393.803975
1.585636,8,393.818496
-110.158074,8,393.834496
-14.064095,8,393.848027
-19.513278,8,393.865025
1.477138,8,393.877404
-3.380019,8,393.888949
-30.715875,8,393.902678
-22.011235,8,393.926307
-6.560971,8,393.945005
-0.337577,8,393.956804
2.024244,8,393.970159
5.335394,8,393.985069
-21.327679,8,393.99584
1.356485,8,394.01016
-1.030973,8,394.023798
-8.763254,8,394.042239
-34.708163,8,394.063243
2.122957,8,394.077634
-0.039796,8,394.088635
6.366279,8,394.105422
3.926798,8,394.121903
3.622876,8,394.132889
-5.551841,8,394.147529
-9.930755,8,394.16503
-21.472239,8,394.176511
-4.308664,8,394.188601
3.585753,8,394.199601
2.378429,8,394.2146
-21.324762,8,394.225616
-41.69865,8,394.236585
3.959874,8,394.252067
-15.474627,8,394.270665
2.26059,8,394.292112
1.465476,8,394.303335
5.519589,8,394.315253
-49.878247,8,394.332101
-17.53653,8,394.344094
-79.476103,8,394.359091
-4.766142,8,394.376694
0.250004,8,394.396408
-21.437521,8,394.407945
3.594238,8,394.417944
-34.536233,8,394.434734
-14.4313,8,394.453213
-29.484649,8,394.465201
0.416644,8,394.48183
-4.033075,8,394.497277
-71.898943,8,394.512966
-23.349145,8,394.526615
4.5779,8,394.540367
2.999861,8,394.558781
-83.274222,8,394.583668
-0.94488,8,394.61144
2.347603,8,394.625968
1.516295,8,394.642007
-3.18405,8,394.659409
-79.675705,8,394.672971
1.02264,8,394.692409
-3.187721,8,394.708334
-128.937697,8,394.72584
-29.334059,8,394.738118
1.216913,8,394.748675
-1.214705,8,394.759731
-18.314651,8,394.773658
1.753589,8,394.784657
5.338069,8,394.79625
0.92128,8,394.807766
-32.944231,8,394.825613
2.890149,8,394.837036
-19.128147,8,394.848253
-4.783972,8,394.864087
4.255209,8,394.878647
2.457138,8,394.889053
-3.763877,8,394.900069
0.949415,8,394.910901
3.689639,8,394.924634
3.277807,8,394.934635
-3.681152,8,394.948245
0.079004,8,394.96008
-2.523139,8,394.973765
3.835802,8,394.982759
5.255105,8,394.995204
-16.186176,8,395.010931
-82.372124,8,395.024607
-48.867719,8,395.035516
-13.23609,8,395.045254
-0.811698,8,395.06106
-177.459943,8,395.074474
-2.178087,8,395.084476
-18.191274,8,395.09304
1.109898,8,395.103042
-17.032267,8,395.115816
-19.309737,8,395.123551
-11.920239,8,395.131553
-39.713779,8,395.140138
-32.638765,8,395.160882
-48.246856,8,395.170289
7.669791,8,395.179424
-1.933214,8,395.188544
-43.704656,8,395.200545
-2.07269,8,395.210927
-26.662157,8,395.220302
-1.929358,8,395.232105
-14.772435,8,395.249619
-1.731381,8,395.263299
5.047572,8,395.280545
2.877994,8,395.292251
-13.528322,8,395.312951
-1.018285,8,395.3244
-2.706292,8,395.338643
-1.708212,8,395.343373
-16.202953,8,395.367281
-57.528829,8,395.381905
-4.705624,8,395.394522
-21.67265,8,395.405654
4.680248,8,395.419858
-21.541244,8,395.432863
0.303371,8,395.445527
-3.667229,8,395.456529
-14.349503,8,395.47453
-9.179138,8,395.498288
5.536488,8,395.50978
9.709551,8,395.521183
-5.953372,8,395.537903
-16.694855,8,395.549734
4.402024,8,395.561064
-22.415363,8,395.574317
-8.572066,8,395.589047
2.958959,8,395.603868
-75.491889,8,395.61571
-1.36046,8,395.627259
-3.794594,8,395.642311
-76.507557,8,395.65837
-62.400175,8,395.669446
-0.726982,8,395.681332
-10.489427,8,395.695629
-29.918697,8,395.705629
1.040295,8,395.718626
0.612036,8,395.729626
-2.185087,8,395.743689
5.503321,8,395.75404
10.593382,8,395.763149
-18.491768,8,395.772865
-31.804062,8,395.787386
1.397412,8,395.798575
-4.628918,8,395.814399
-11.300802,8,395.82884
-0.802834,8,395.939459
-1.77333,8,395.947461
4.137076,8,395.956109
-24.8857,8,395.964107
0.21316,8,395.9759
-0.795169,8,395.9829
5.477207,8,395.991554
8.497031,8,395.999554
4.202828,8,396.011114
-20.972175,8,396.018115
-15.714815,8,396.033635
-3.518465,8,396.044231
-4.761573,8,396.061212
0.570693,8,396.070542
4.074973,8,396.079678
-86.649068,8,396.088556
-29.283828,8,396.101549
0.044047,8,396.111268
-4.215299,8,396.120689
-1.021205,8,396.128794
4.589536,8,396.140605
-87.842698,8,396.148605
-4.745532,8,396.15614
-1.188856,8,396.175031
0.480788,8,396.186662
1.947559,8,396.195591
-5.035712,8,396.203317
-10.729614,8,396.212194
0.472516,8,396.225853
-3.151747,8,396.234854
-25.428455,8,396.244431
-11.814512,8,396.254025
-1.679104,8,396.266203
2.675276,8,396.274861
-41.583112,8,396.284861
-0.592979,8,396.301477
-4.621984,8,396.314758
1.051784,8,396.325085
5.814907,8,396.334086
6.578611,8,396.344387
-29.694794,8,396.357191
-8.154866,8,396.367191
2.575149,8,396.376858
2.51081,8,396.385859
-0.242752,8,396.398232
-120.421242,8,396.410207
5.184428,8,396.417207
-59.508072,8,396.427817
4.021752,8,396.444275
0.296141,8,396.454501
-20.703004,8,396.463586
1.611093,8,396.47365
-50.503484,8,396.48565
-91.272008,8,396.494807
5.103788,8,396.504866
-8.180158,8,396.513864
-22.501284,8,396.531698
-9.051671,8,396.541467
-17.876259,8,396.550466
-21.180733,8,396.559898
0.519076,8,396.576109
-75.592905,8,396.58609
1.183143,8,396.595974
8.58999,8,396.606024
0.601589,8,396.619026
-11.237376,8,396.629492
3.170547,8,396.643258
-3.192321,8,396.652266
4.89556,8,396.664979
2.256299,8,396.675573
6.282894,8,396.684572
0.468693,8,396.694261
1.125709,8,396.706009
-24.789048,8,396.719922
-5.467819,8,396.73174
7.913957,8,396.74438
-0.749963,8,396.761993
-2.693381,8,396.771759
0.635212,8,396.782759
-7.87292,8,396.794418
0.610273,8,396.80917
-29.941486,8,396.81817
-3.896587,8,396.828662
-4.633051,8,396.840368
4.574854,8,396.857106
-8.027174,8,396.876837
2.93401,8,396.890363
-0.592741,8,396.903798
-15.668667,8,396.919971
1.971531,8,396.930715
-35.246101,8,396.940347
3.851267,8,396.95115
-15.536694,8,396.971024
5.372335,8,396.988747
3.323305,8,397.18108
-42.463352,8,397.235141
3.187485,8,397.299627
7.633913,8,397.325369
-2.585766,8,397.351811
8.125861,8,397.367508
-15.317977,8,397.396879
-0.843755,8,397.410494
-2.211339,8,397.425182
-18.252719,8,397.43913
-0.738481,8,397.455123
-25.688524,8,397.467335
-13.354734,8,397.480158
-40.513076,8,397.493729
-8.556363,8,397.516458
-19.219459,8,397.530445
-22.329625,8,397.549098
-3.525793,8,397.564183
0.288668,8,397.58151
-11.49005,8,397.597333
-10.62248,8,397.609398
-26.100247,8,397.626658
2.198559,8,397.643367
2.535033,8,397.659736
-17.975111,8,397.673956
-1.081045,8,397.68396
-18.865428,8,397.698655
-26.096459,8,397.712301
-5.196165,8,397.726889
0.613711,8,397.748608
-18.486244,8,397.763271
-18.638828,8,397.776047
3.561603,8,397.790606
-5.951557,8,397.804366
2.206836,8,397.818374
-29.125138,8,397.830557
-2.325971,8,397.846239
5.516846,8,397.857977
3.348325,8,397.871454
-2.487106,8,397.88272
1.226877,8,397.89367
0.225969,8,397.909183
-25.88597,8,397.922797
-9.35395,8,397.933892
-77.147183,8,397.942533
0.938202,8,397.956103
-5.932731,8,397.967202
0.39679,8,397.977973
4.410469,8,397.988647
-6.409943,8,397.998657
-102.549664,8,398.011874
4.458744,8,398.021895
1.753199,8,398.031896
5.557553,8,398.042227
-0.931603,8,398.064819
2.187388,8,398.075903
-9.689705,8,398.084904
-21.760652,8,398.097757
-0.010794,8,398.111136
5.357497,8,398.121779
-6.544608,8,398.131779
-39.506779,8,398.141542
5.732389,8,398.155115
-14.82224,8,398.16411
-20.228098,8,398.178652
-47.7984,8,398.187567
-3.033076,8,398.206169
3.96385,8,398.217166
-19.103162,8,398.227661
-16.011444,8,398.235661
-25.913484,8,398.24974
1.214427,8,398.260003
-18.300787,8,398.269725
-14.398063,8,398.285629
-40.640655,8,398.299758
-41.226408,8,398.310757
4.490382,8,398.322757
4.597433,8,398.333495
-47.249246,8,398.350379
-20.241437,8,398.371351
-0.07908,8,398.383051
-30.511769,8,398.398169
6.060989,8,398.414181
-1.678888,8,398.426236
-24.523516,8,398.439236
8.131765,8,398.450243
0.735881,8,398.465397
-29.952327,8,398.477945
3.907804,8,398.49462
-17.583449,8,398.511275
-4.224228,8,398.529948
-163.05166,8,398.55431
-38.400409,8,398.568851
0.790388,8,398.58297
-40.01552,8,398.599132
-1.912569,8,398.615435
-17.202017,8,398.627141
-3.071442,8,398.638809
-31.640392,8,398.652802
-31.760821,8,398.664511
3.419804,8,398.676168
-7.693034,8,398.68886
-4.387618,8,398.706569
-10.156472,8,398.724226
-5.867726,8,398.740186
4.679537,8,398.753246
-2.5556,8,398.767496
5.237894,8,398.781165
-13.513188,8,398.792794
-2.308096,8,398.808392
-35.183106,8,398.831455
0.897425,8,398.846845
-2.757602,8,398.864551
-13.246906,8,398.879138
-20.418808,8,398.896929
-3.617367,8,398.91052
-1.032795,8,398.928017
5.155788,8,398.944272
-8.720504,8,398.971019
-12.975665,8,398.985022
7.034753,8,398.998018
-7.062403,8,399.011518
-18.311345,8,399.028214
-50.019178,8,399.044886
-30.020094,8,399.066295
-45.582706,8,399.083265
-20.04654,8,399.109349
-8.9475,8,399.123947
4.715901,8,399.145263
4.229938,8,399.175053
-159.083752,8,399.191865
0.883193,8,399.209936
-17.981515,8,399.223174
-2.64748,8,399.240839
3.193779,8,399.260412
-36.824146,8,399.277409
-4.667082,8,399.293027
-63.878655,8,399.308146
-82.992969,8,399.326574
1.989408,8,399.342725
-17.893994,8,399.355405
-2.238594,8,399.375025
-5.568124,8,399.396839
1.378307,8,399.41327
-85.476593,8,399.623216
-7.331167,8,399.656506
1.503753,8,399.693912
-10.386998,8,399.716554
-4.679552,8,399.735287
4.44147,8,399.749869
1.400857,8,399.770628
-56.900805,8,399.784636
-21.651345,8,399.805384
-2.416632,8,399.828072
-3.459007,8,399.85301
-4.960613,8,399.869473
5.255399,8,399.883045
-8.551329,8,399.897639
-43.929986,8,400.027187
-90.854373,8,400.042857
-3.650926,8,400.055547
-7.329224,8,400.066545
-81.202893,8,400.082194
-21.740866,8,400.095985
-74.11493,8,400.115375
-19.712102,8,400.128643
-73.608209,8,400.151678
-11.5447,8,400.170094
-7.592317,8,400.18228
-16.443661,8,400.194873
-31.750256,8,400.213642
-22.294701,8,400.229873
-32.062493,8,400.24387
-1.697471,8,400.256678
-13.864199,8,400.276174
-14.965522,8,400.2887
0.220004,8,400.300652
-15.875478,8,400.313822
-3.615454,8,400.329841
-40.509214,8,400.347686
-37.29396,8,400.360713
7.134735,8,400.371763
-20.164469,8,400.390366
-3.255947,8,400.399365
-0.173056,8,400.410158
-15.929678,8,400.418158
-18.936706,8,400.43381
-26.287929,8,400.445614
1.045845,8,400.456615
-0.137787,8,400.467613
-18.288894,8,400.48168
-27.313519,8,400.496575
0.25588,8,400.512089
2.640415,8,400.522784
-27.089334,8,400.535784
1.262817,8,400.545863
4.166393,8,400.555506
-2.425587,8,400.566573
-52.777986,8,400.57975
-15.249886,8,400.589834
-20.553839,8,400.599834
4.608498,8,400.610978
-2.42556,8,400.627689
0.280267,8,400.6373
-18.721859,8,400.650452
-29.871463,8,400.664042
3.892631,8,400.678131
0.955019,8,400.688325
-50.291153,8,400.696323
-21.275313,8,400.7038
-3.201892,8,400.715932
-9.370028,8,400.725651
1.684761,8,400.734651
-56.782482,8,400.748283
6.922351,8,400.761598
-1.981787,8,400.771571
3.943862,8,400.784589
1.558082,8,400.796558
2.571389,8,400.810006
-13.325088,8,400.820007
-1.964873,8,400.829574
-22.075224,8,400.840456
-31.810298,8,400.851465
3.791468,8,400.864055
-0.889312,8,400.872776
4.389683,8,400.880776
4.509141,8,400.894311
0.615546,8,400.903797
-0.529184,8,400.911939
-32.401819,8,400.925967
-21.806758,8,400.939334
0.697048,8,400.949334
-1.97816,8,400.959127
-35.53082,8,400.972723
1.874056,8,400.986708
-15.912631,8,400.996389
-58.664439,8,401.005014
0.316286,8,401.015012
5.012614,8,401.027437
-31.134871,8,401.037039
-4.474824,8,401.046163
-6.707895,8,401.0601
-5.02294,8,401.0727
-124.14278,8,401.081678
-21.75355,8,401.095272
-9.274009,8,401.104934
0.155408,8,401.116014
-64.7214,8,401.12694
-40.931633,8,401.13594
-7.523943,8,401.146911
-14.863481,8,401.160064
-15.751289,8,401.169074
7.359328,8,401.178657
-28.46596,8,401.187004
-56.631774,8,401.206108
-38.299214,8,401.216104
-14.934158,8,401.226671
-54.631771,8,401.237284
0.467785,8,401.250479
-8.916609,8,401.260092
3.555114,8,401.30905
-1.835115,8,401.317046
-20.507865,8,401.331623
0.527292,8,401.341371
-18.902791,8,401.350371
2.463517,8,401.360053
7.9953,8,401.377592
-21.617141,8,401.394554
1.388137,8,401.434794
-1.587545,8,401.457072
6.010139,8,401.470517
-8.717472,8,401.48066
-1.749847,8,401.48934
-18.15199,8,401.50034
-22.010172,8,401.513118
8.008117,8,401.522699
-2.979369,8,401.533697
-58.552665,8,401.544219
-16.933412,8,401.562056
-4.962529,8,401.578043
-3.002331,8,401.588455
-37.069008,8,401.599453
-6.442202,8,401.615033
-21.396961,8,401.626714
5.417098,8,401.638363
-30.243596,8,401.646366
-17.973723,8,401.661058
5.96767,8,401.675768
-0.552395,8,401.688492
3.368036,8,401.700492
-16.520004,8,401.717036
3.336915,8,401.737315
0.227689,8,401.751868
-31.776106,8,401.763013
3.320038,8,401.778647
-30.458932,8,401.794223
-18.036755,8,401.806068
-0.302263,8,401.817101
-15.060342,8,401.834843
-2.200196,8,401.84684
-29.902787,8,401.859819
-128.284033,8,401.871818
-30.326605,8,401.88591
-20.714441,8,401.90482
-14.444689,8,401.920824
-23.224998,8,401.933821
-0.746279,8,401.950832
-1.895347,8,401.963818
6.844871,8,401.976828
-25.248262,8,401.98882
-5.660194,8,402.004821
-6.990114,8,402.020764
-0.302372,8,402.031762
-139.427168,8,402.042382
-3.475757,8,402.05696
-1.350183,8,402.06796
-27.936632,8,402.081532
-16.258499,8,402.09339
4.947165,8,402.106399
-20.165916,8,402.116415
5.721652,8,402.133893
3.700071,8,402.145892
-42.9868,8,402.161027
-4.075678,8,402.17278
4.999383,8,402.183779
8.018503,8,402.19546
-20.370646,8,402.209087
-4.089788,8,402.219084
2.941557,8,402.229757
-2.363456,8,402.252412
3.297689,8,402.272832
-13.58959,8,402.285836
2.927597,8,402.297373
2.073579,8,402.310024
-34.225468,8,402.326624
-3.4214,8,402.341459
-22.952934,8,402.357021
-3.412855,8,402.367021
3.30215,8,402.382857
-37.004972,8,402.395407
3.208827,8,402.406958
-29.251434,8,402.423197
5.878957,8,402.438351
-0.384555,8,402.453349
-54.674069,8,402.465106
6.620679,8,402.484752
-51.371067,8,402.503966
-3.79417,8,402.518176
1.889998,8,402.533872
-38.999287,8,402.547481
-10.370508,8,402.566133
-0.622994,8,402.579815
-73.961439,8,402.598435
-21.711119,8,402.61222
-26.593674,8,402.633294
-16.484529,8,402.646517
-101.987049,8,402.659155
-46.640889,8,402.670515
-0.836857,8,402.685689
-42.266015,8,402.697572
-10.624915,8,402.713974
-2.264684,8,402.72568
2.715276,8,402.739363
-3.604574,8,402.749366
7.142883,8,402.761111
1.645957,8,402.773748
-83.825545,8,402.793667
2.311633,8,402.809208
-2.757407,8,402.828916
-32.768266,8,402.84045
0.701282,8,402.85813
-47.725762,8,402.869129
-15.062136,8,402.879748
0.023212,8,402.89049
0.671,8,402.905066
-21.529558,8,402.915146
-15.063714,8,402.927112
6.767873,8,402.942329
4.663442,8,402.95528
9.994925,8,402.969276
-76.849845,8,402.981194
5.646327,8,402.992487
-79.351451,8,403.006156
-15.673355,8,403.014156
-18.609353,8,403.022941
3.084308,8,403.032936
2.608868,8,403.04639
-5.967965,8,403.061139
-1.678775,8,403.071693
-52.580372,8,403.081785
4.556007,8,403.095336
-39.435032,8,403.109223
0.640465,8,403.120088
-22.020057,8,403.129784
0.776005,8,403.143605
-30.38342,8,403.153996
-31.748597,8,403.163295
-35.380136,8,403.175775
8.922163,8,403.189505
-21.574359,8,403.199564
-18.329969,8,403.209114
-3.927135,8,403.218107
-12.311572,8,403.231865
-26.907397,8,403.240448
-23.37662,8,403.253833
3.3053,8,403.264088
4.279119,8,403.276871
2.550942,8,403.290448
1.938465,8,403.299444
-25.591134,8,403.309252
-26.737457,8,403.322721
-7.731571,8,403.332712
1.340152,8,403.342385
-77.566021,8,403.351385
1.293905,8,403.364021
3.602982,8,403.376178
-42.234148,8,403.389595
-33.185442,8,403.399645
-0.340854,8,403.41363
-7.542669,8,403.421767
-52.450986,8,403.430767
-49.178362,8,403.440388
5.785699,8,403.451392
-23.960217,8,403.461159
-3.06432,8,403.471736
5.186213,8,403.480731
4.814828,8,403.493439
-34.784595,8,403.502438
-38.034204,8,403.512037
-8.349559,8,403.528849
2.559792,8,403.5415
-7.655402,8,403.551498
-6.052023,8,403.560191
0.895103,8,403.570526
-25.082218,8,403.583664
3.006006,8,403.592038
-0.065782,8,403.602038
-20.344978,8,403.611129
-10.155235,8,403.623475
-2.34419,8,403.632468
-3.861579,8,403.645545
-10.358033,8,403.659146
3.841816,8,403.672087
-5.904952,8,403.682183
1.42096,8,403.692715
-2.551941,8,403.702712
-15.784834,8,403.714119
-4.732643,8,403.724849
-7.547424,8,403.733856
-90.053813,8,403.743488
2.75031,8,403.759274
-39.830866,8,403.769173
-35.165806,8,403.779899
-83.564332,8,403.790454
2.434808,8,403.810298
-14.021774,8,403.820626
-6.409956,8,403.830871
-2.844337,8,403.841789
1.004518,8,403.858215
-2.81587,8,403.868763
1.014188,8,403.879644
-18.387182,8,403.890307
1.177202,8,403.90406
-19.97222,8,403.913747
-33.866932,8,403.924573
-16.335121,8,403.938574
-43.476155,8,403.965586
-13.811004,8,403.981268
2.117779,8,403.994298
3.652771,8,404.006356
3.561256,8,404.134137
6.588717,8,404.14531
3.157684,8,404.154313
-25.849909,8,404.164311
-2.976583,8,404.178428
4.714196,8,404.194428
3.595576,8,404.205428
0.817371,8,404.215427
-21.349015,8,404.230428
-19.574574,8,404.245428
-4.161077,8,404.255794
-4.778875,8,404.265789
-34.296522,8,404.278533
4.103146,8,404.292449
-2.88791,8,404.302448
-1.657759,8,404.313112
-16.72601,8,404.326816
-18.956741,8,404.337319
-44.602372,8,404.346482
-1.212881,8,404.356205
-1.51139,8,404.369203
-6.120191,8,404.383863
3.124675,8,404.395843
-21.736105,8,404.409845
0.34352,8,404.42389
-66.611745,8,404.433885
6.397505,8,404.444323
5.146223,8,404.453876
0.938186,8,404.466076
-38.547144,8,404.475697
-23.059739,8,404.485699
-46.414751,8,404.495286
-19.678682,8,404.508133
-25.330613,8,404.516133
2.195503,8,404.534566
-115.207801,8,404.545355
3.108139,8,404.56002
-152.793295,8,404.571659
-64.190332,8,404.584656
3.955846,8,404.599657
-17.439745,8,404.617656
-14.239318,8,404.631835
-0.788656,8,404.652574
-32.4106,8,404.664244
5.048267,8,404.682878
-9.325079,8,404.699867
-11.97983,8,404.720625
-20.759994,8,404.731761
-45.740732,8,404.744678
2.460723,8,404.761619
-1.941151,8,404.77762
1.64869,8,404.793427
0.838634,8,404.824265
-0.69656,8,404.850651
-11.320281,8,404.877817
0.309134,8,404.902945
-6.991101,8,404.944214
-11.373115,8,404.987744
-3.541975,8,405.021519
-21.071043,8,405.05981
-94.289141,8,405.106716
-18.563813,8,405.125434
0.219141,8,405.145044
0.887774,8,405.16391
-4.859676,8,405.18816
2.986482,8,405.215103
-3.234966,8,405.234433
6.562041,8,405.248488
-27.11737,8,405.271369
-78.518994,8,405.286063
-87.804118,8,405.303155
-3.749146,8,405.330753
-1.795776,8,405.353543
-24.704001,8,405.421118
-6.496555,8,405.437937
2.658086,8,405.459417
-28.670273,8,405.488006
-55.069692,8,405.508824
-2.731193,8,405.542015
2.879076,8,405.557025
-24.51944,8,405.579574
-0.535797,8,405.592938
-25.526385,8,405.611889
-24.386634,8,405.626342
-41.388615,8,405.647193
-0.094339,8,405.666341
-22.664985,8,405.680238
-33.134755,8,405.696869
-4.410521,8,405.717031
-38.711567,8,405.732101
3.375763,8,405.746468
-0.242308,8,405.761604
-22.302455,8,405.783601
-53.738461,8,405.797166
-21.558153,8,405.810163
-36.612898,8,405.822376
-18.544967,8,405.848862
2.762816,8,405.868736
0.258758,8,405.889805
-30.986067,8,405.904523
-18.755829,8,405.920151
-3.649807,8,405.933167
-65.751987,8,405.944813
1.421826,8,406.138782
-8.224513,8,406.158466
-0.767679,8,406.177215
-8.963612,8,406.197384
-3.23965,8,406.211475
-78.210579,8,406.229091
-84.469209,8,406.254511
-12.035777,8,406.267514
5.785119,8,406.281226
-0.037266,8,406.295971
8.132704,8,406.30697
4.968086,8,406.318991
3.738966,8,406.332217
-63.056463,8,406.347825
-2.522232,8,406.365478
1.392621,8,406.379854
-1.682042,8,406.391002
-1.073678,8,406.405
-34.505103,8,406.42343
-65.764277,8,406.434448
3.135903,8,406.447047
-43.386328,8,406.463495
-2.879755,8,406.48122
-34.258101,8,406.492808
6.776298,8,406.50281
1.796478,8,406.51881
-15.890445,8,406.530215
0.129511,8,406.543854
-24.425957,8,406.558563
-0.658269,8,406.575201
-65.535477,8,406.589635
7.436814,8,406.6048
-24.109669,8,406.616799
-40.348475,8,406.632796
3.141101,8,406.644953
-39.65342,8,406.656515
3.338896,8,406.669515
7.752731,8,406.687858
-21.409766,8,406.698861
-8.261398,8,406.710218
-5.732516,8,406.733082
-24.299333,8,406.747875
-4.160638,8,406.759651
3.88965,8,406.775271
-95.236822,8,406.787826
-34.059224,8,406.81182
-57.334045,8,406.850116
2.447657,8,406.865458
-29.895728,8,406.877172
-0.969962,8,406.891838
2.721529,8,406.908503
-4.454076,8,406.920503
-18.899553,8,406.931507
-41.747765,8,406.946503
-1.749017,8,406.957672
2.860649,8,406.968671
3.456637,8,406.986159
-68.69226,8,407.000772
-127.954699,8,407.014739
1.923281,8,407.026142
-15.425564,8,407.037796
1.950065,8,407.050803
-19.283789,8,407.060721
-9.039382,8,407.071158
-2.270385,8,407.085158
-15.066321,8,407.105648
2.141642,8,407.126172
1.330481,8,407.139864
-18.802687,8,407.161863
3.54012,8,407.179233
-26.013767,8,407.195088
1.5586,8,407.210514
-0.012683,8,407.22519
-9.998241,8,407.244853
2.615311,8,407.260855
-0.765807,8,407.27421
-6.515185,8,407.288212
-16.017985,8,407.311921
1.734528,8,407.330916
-18.526844,8,407.356917
0.476497,8,407.374919
4.010074,8,407.399854
-1.279535,8,407.416464
-17.158629,8,407.430158
-36.246984,8,407.446796
4.032789,8,407.470176
-4.21592,8,407.483186
-25.85336,8,407.496818
0.963969,8,407.514467
3.346321,8,407.531132
-1.098033,8,407.546818
-7.438295,8,407.567518
4.337061,8,407.584514
4.159445,8,407.608566
-17.649539,8,407.618569
3.547585,8,407.635216
-49.84011,8,407.651144
-1.418527,8,407.669556
-11.367437,8,407.688866
-24.221078,8,407.70188
-8.812948,8,407.71488
-15.748971,8,407.731227
-23.37934,8,407.743865
-0.319924,8,407.75656
-5.859618,8,407.76756
4.572551,8,407.78825
1.752386,8,407.80625
8.48419,8,407.82125
-33.973559,8,407.834249
-25.286149,8,407.849269
-102.902722,8,407.861271
-20.631131,8,407.874251
-3.432907,8,407.916795
-0.172237,8,407.946137
1.278009,8,407.970146
-79.835319,8,407.990724
-34.308859,8,408.013593
-2.851342,8,408.038291
-1.559154,8,408.065706
-13.182777,8,408.084699
-5.464543,8,408.102068
0.405678,8,408.121231
5.963662,8,408.138864
-42.434934,8,408.151862
-1.05255,8,408.16704
-18.40854,8,408.183653
-0.863531,8,408.194939
-14.884572,8,408.20862
-32.319731,8,408.220817
-64.315476,8,408.240886
-17.110903,8,408.257578
-16.458874,8,408.276274
-21.738188,8,408.288948
-5.500054,8,408.305596
-11.578233,8,408.321327
-97.637111,8,408.338057
-80.179726,8,408.359117
-30.449036,8,408.377242
-14.83638,8,408.393388
-16.997877,8,408.40652
-0.027662,8,408.421264
-24.994537,8,408.43891
1.783234,8,408.45756
0.762271,8,408.489695
0.040232,8,408.507609
-38.078526,8,408.525636
2.556634,8,408.540049
-74.228863,8,408.556703
-53.601679,8,408.573238
1.318959,8,408.599164
-1.986671,8,408.611597
3.743563,8,408.624252
-4.291612,8,408.636251
0.349436,8,408.65288
3.542209,8,408.665863
1.285135,8,408.677243
-0.517499,8,408.69987
-1.770365,8,408.717561
0.663153,8,408.729222
-44.350671,8,408.741815
-0.158788,8,408.753816
1.342316,8,408.772212
5.947675,8,408.7899
-1.871012,8,408.854047
-4.677235,8,408.874048
-35.338021,8,408.895911
1.470319,8,408.914595
-13.825848,8,408.934263
-0.49687,8,408.98893
-34.399971,8,409.009612
-20.916025,8,409.031235
6.172873,8,409.063607
-39.839429,8,409.077711
-53.133703,8,409.098923
3.790618,8,409.112092
-19.533866,8,409.125788
3.508492,8,409.142875
-13.133012,8,409.158578
-24.850841,8,409.16958
9.262835,8,409.182219
-4.022915,8,409.194218
1.403192,8,409.223244
-29.336946,8,409.235247
-78.904107,8,409.248996
-42.766345,8,409.261649
-1.942909,8,409.276245
-22.606073,8,409.288936
2.002297,8,409.300935
7.354207,8,409.313931
-24.966703,8,409.332497
-25.652524,8,409.345895
-1.374941,8,409.35864
8.460637,8,409.369642
-3.714495,8,409.391638
-0.743568,8,409.403638
-4.215696,8,409.416636
4.177684,8,409.42864
7.304436,8,409.57228
1.309856,8,409.58328
-2.753956,8,409.597918
5.019698,8,409.610581
-4.179785,8,409.629258
6.067704,8,409.642256
-2.605372,8,409.660649
-23.985711,8,409.672507
-4.965204,8,409.690902
-21.18606,8,409.709577
0.921318,8,409.721247
2.99274,8,409.732248
-27.998112,8,409.754604
0.963391,8,409.771271
3.257733,8,409.784269
-1.271884,8,409.796889
1.912205,8,409.810583
-10.263851,8,409.822239
2.30102,8,409.834238
4.31521,8,409.85001
-21.859071,8,409.866011
-7.507478,8,409.893009
-29.582367,8,409.911012
-24.373231,8,409.928012
-0.936793,8,409.946485
-14.333545,8,409.962592
-0.930652,8,409.981248
-45.753229,8,410.007583
1.867367,8,410.030294
1.293378,8,410.048966
-40.653152,8,410.066595
5.902475,8,410.084596
-14.287748,8,410.114708
5.145845,8,410.129239
6.602448,8,410.143867
-19.949896,8,410.168242
5.718899,8,410.217152
6.355623,8,410.231414
-16.50093,8,410.248405
-25.270774,8,410.26256
-11.275096,8,410.281659
3.021721,8,410.295846
-41.317284,8,410.309982
-17.698653,8,410.329181
0.611073,8,410.3459
-20.390976,8,410.356412
-186.989805,8,410.374313
1.531814,8,410.390314
-1.300155,8,410.409313
-24.024852,8,410.422246
1.599117,8,410.44192
-5.348049,8,410.455611
-2.492203,8,410.474277
-2.509784,8,410.486972
-1.759885,8,410.503488
-4.310984,8,410.52129
-10.747722,8,410.540961
1.572629,8,410.556612
4.049662,8,410.566611
-36.938244,8,410.583233
-2.817119,8,410.599902
-13.957606,8,410.611576
1.483931,8,410.624578
-14.384923,8,410.635716
-19.448235,8,410.649899
-4.168734,8,410.664578
-18.859087,8,410.678293
-12.841172,8,410.687939
-4.663503,8,410.703564
0.356311,8,410.715573
1.667252,8,410.727572
1.412139,8,410.743903
-41.049613,8,410.761667
-32.901877,8,410.778099
-34.567198,8,410.789948
-8.936271,8,410.858125
11.978187,8,410.876481
-13.005156,8,410.891918
-96.058117,8,410.900917
-15.948787,8,410.907915
3.993765,8,410.926982
-89.689168,8,410.93796
1.183539,8,410.948554
2.841095,8,410.962791
-15.189606,8,410.984926
-59.04684,8,411.001483
-35.795777,8,411.0115
-33.52208,8,411.028696
-37.715206,8,411.044787
-21.385411,8,411.057948
-35.283134,8,411.063949
-42.283017,8,411.084291
2.730452,8,411.099916
3.879766,8,411.109926
1.52665,8,411.129762
-19.004839,8,411.139788
-6.703776,8,411.159817
3.782673,8,411.163035
-10.960506,8,411.178927
-0.571223,8,411.190973
0.401242,8,411.203428
4.498073,8,411.218542
-25.337816,8,411.23033
-44.087707,8,411.240904
-1.064995,8,411.251723
2.895622,8,411.265206
4.724806,8,411.276395
-1.814219,8,411.289142
4.801735,8,411.302054
-1.21118,8,411.316532
-0.359053,8,411.330629
-16.123608,8,411.342105
0.923046,8,411.354996
-2.76225,8,411.365968
-7.260211,8,411.376429
2.98691,8,411.387237
-25.600701,8,411.39924
-52.767789,8,411.409239
-32.827004,8,411.418708
0.897198,8,411.428986
2.441199,8,411.445096
3.364188,8,411.461074
-16.101587,8,411.471442
-36.27062,8,411.482984
-3.667628,8,411.497255
-20.605453,8,411.507254
-2.678123,8,411.51725
-11.578305,8,411.526753
-15.284991,8,411.543661
-0.993756,8,411.554124
-54.061376,8,411.56398
-0.283405,8,411.574956
-8.620216,8,411.587772
5.58851,8,411.59802
-22.799666,8,411.61307
3.316215,8,411.623666
7.642525,8,411.636815
3.521665,8,411.649953
-38.082092,8,411.660802
1.037085,8,411.672158
-16.975615,8,411.686252
-17.874125,8,411.69614
0.656718,8,411.705741
3.634102,8,411.715948
-21.439334,8,411.730327
-46.248916,8,411.741091
-25.392349,8,411.759797
-8.066736,8,411.770086
-10.840352,8,411.783473
-30.048419,8,411.794067
4.000933,8,411.807656
-87.24746,8,411.822021
-99.547244,8,411.837013
-32.450335,8,411.850715
-55.04089,8,411.862806
-13.176713,8,411.880354
-0.323034,8,411.897995
-97.784467,8,411.910995
-20.18,8,411.922942
-1.528528,8,411.94209
-0.422086,8,411.956761
9.340057,8,411.969936
-2.106466,8,411.987038
-4.542231,8,411.999999
2.393073,8,412.016009
1.317007,8,412.025012
1.410873,8,412.036007
1.95425,8,412.051008
3.719092,8,412.068031
-17.267505,8,412.088146
-39.489766,8,412.102701
9.344525,8,412.123873
-10.058229,8,412.143968
-19.320645,8,412.160732
-20.44814,8,412.181782
-0.868866,8,412.207249
-76.524736,8,412.230418
-0.202081,8,412.24944
-50.104235,8,412.267995
-23.378653,8,412.284557
-17.995982,8,412.30775
-12.861122,8,412.330993
-17.346072,8,412.354277
-52.936733,8,412.372297
-30.504281,8,412.398657
-63.158403,8,412.41681
-103.358406,8,412.434851
-18.656384,8,412.450844
1.976141,8,412.469149
-122.595047,8,412.485074
-54.329415,8,412.501188
4.079287,8,412.514986
-0.603635,8,412.535399
6.895004,8,412.550169
-84.168319,8,412.565156
-14.771258,8,412.577276
-107.414822,8,412.59855
2.773883,8,412.612532
-3.538884,8,412.627772
9.088721,8,412.641096
2.155212,8,412.657438
-18.574572,8,412.671432
-17.131797,8,412.682675
-11.900287,8,412.69315
-17.285072,8,412.708595
2.591082,8,412.720378
-0.573187,8,412.735286
-54.726974,8,412.748139
-25.04361,8,412.765661
-18.569881,8,412.798225
-45.553658,8,412.809513
2.300428,8,412.820589
-22.737842,8,412.834725
-43.649475,8,412.846501
-22.638724,8,412.858427
8.771415,8,412.873159
-46.088846,8,412.897092
-18.939287,8,412.914478
-25.894643,8,412.928146
0.508233,8,412.943102
-19.250763,8,412.962292
-0.032496,8,412.983207
-10.714056,8,412.996453
-73.404289,8,413.014613
-18.236632,8,413.031476
6.50635,8,413.046107
-21.360501,8,413.05605
-35.712941,8,413.06959
-89.431132,8,413.089576
-117.374288,8,413.101577
1.47749,8,413.116136
4.781756,8,413.126466
1.831677,8,413.141174
-0.586921,8,413.15471
-2.536452,8,413.170403
-29.725208,8,413.183739
-0.52336,8,413.197384
-1.982249,8,413.208734
1.526736,8,413.22543
-10.842084,8,413.237328
3.602792,8,413.251246
0.165344,8,413.265227
-4.632512,8,413.277418
-1.337044,8,413.289676
-16.623572,8,413.304708
-19.251192,8,413.31567
7.983933,8,413.335762
-2.565692,8,413.348222
-1.444267,8,413.361506
-31.947512,8,413.372973
-19.620396,8,413.385106
-54.214714,8,413.394659
-8.695067,8,413.409649
-179.86565,8,413.420567
-24.589748,8,413.431657
-68.510264,8,413.445471
7.623874,8,413.459536
-1.399612,8,413.470224
-65.807257,8,413.479425
0.948904,8,413.495691
-39.293863,8,413.507782
-22.829238,8,413.518569
-59.170181,8,413.530468
-23.902353,8,413.540379
6.62918,8,413.656135
2.65208,8,413.663134
3.616953,8,413.677358
-1.525465,8,413.686541
-86.949041,8,413.698281
-51.327206,8,413.708748
-16.015925,8,413.718401
-16.359654,8,413.73076
-6.304711,8,413.743585
-8.266919,8,413.753193
4.351338,8,413.763105
-86.171232,8,413.775868
2.276973,8,413.79211
-17.262935,8,413.803688
4.406063,8,413.81637
1.32871,8,413.829574
4.331224,8,413.847069
-1.846218,8,413.860065
-32.365698,8,413.873064
-0.396896,8,413.889069
-2.070805,8,413.914306
2.717676,8,413.931163
-9.425144,8,413.945091
-20.319205,8,413.956397
-32.101382,8,413.970393
-21.208922,8,413.982471
-0.502432,8,413.998526
-35.096873,8,414.009788
-5.513048,8,414.023397
0.533869,8,414.035196
-44.235201,8,414.044989
-5.258123,8,414.055884
-0.608382,8,414.074666
-18.285884,8,414.08467
9.854422,8,414.101568
5.914363,8,414.112888
-13.576875,8,414.127236
-0.995392,8,414.13783
-1.703875,8,414.148827
-14.462013,8,414.158827
0.845555,8,414.172827
-41.537569,8,414.183461
-1.775087,8,414.194638
-10.607289,8,414.209188
-17.837322,8,414.224547
0.250075,8,414.239446
-11.633547,8,414.252438
5.918077,8,414.264151
-3.468377,8,414.281579
-19.77016,8,414.29208
-48.15229,8,414.302199
-1.818897,8,414.317216
-17.862784,8,414.331295
-0.854042,8,414.341862
-23.316177,8,414.35173
-3.136836,8,414.362604
-46.559936,8,414.376177
-81.191077,8,414.390442
-14.012656,8,414.400562
-59.364307,8,414.411446
-13.315738,8,414.427534
-7.115971,8,414.435957
-19.248098,8,414.445825
2.213495,8,414.456943
-5.552157,8,414.468532
-1.782651,8,414.479353
-3.627721,8,414.48995
-49.691293,8,414.498921
2.687791,8,414.511796
-0.965397,8,414.521897
-5.173148,8,414.543309
-1.637167,8,414.555746
-0.926516,8,414.569289
3.592268,8,414.580816
2.982905,8,414.59212
-16.116333,8,414.604826
2.237345,8,414.624408
-61.810349,8,414.638088
-18.997795,8,414.649184
1.192705,8,414.668189
-2.733156,8,414.682192
9.139873,8,414.694193
-1.182815,8,414.710847
3.094493,8,414.72417
-3.128255,8,414.740167
-36.257179,8,414.753792
-2.943536,8,414.77099
-3.280071,8,414.782362
-17.966918,8,414.795389
5.043188,8,414.806983
1.098856,8,414.818443
-20.547095,8,414.833602
-13.913335,8,414.852201
1.663628,8,414.867181
-58.284767,8,414.887062
6.106397,8,414.954309
-3.582006,8,414.969312
4.919354,8,414.981808
-6.020398,8,414.994237
-17.398859,8,415.010815
-14.4462,8,415.027597
-51.703801,8,415.039856
-9.316742,8,415.051998
-12.836406,8,415.059322
4.659448,8,415.078013
-17.826593,8,415.089527
-8.826162,8,415.101575
-19.293771,8,415.119378
0.304684,8,415.13318
-20.970481,8,415.144982
-0.185783,8,415.154757
-0.394616,8,415.164796
-12.855669,8,415.180129
-25.103484,8,415.19149
3.462377,8,415.201491
-46.119422,8,415.212139
5.440801,8,415.229414
-2.9675,8,415.239453
-5.195303,8,415.249487
-5.260017,8,415.259266
-26.85851,8,415.277481
-65.395136,8,415.286666
-1.379751,8,415.296703
-37.393217,8,415.306079
3.137433,8,415.318352
2.59995,8,415.331805
1.689699,8,415.342652
-7.033347,8,415.351687
-12.488039,8,415.364582
3.023303,8,415.373582
-1.012351,8,415.383582
7.020644,8,415.392787
4.043132,8,415.407782
-8.479623,8,415.417439
-26.593214,8,415.427195
-15.831251,8,415.436948
-5.981209,8,415.454633
-0.297628,8,415.467174
-2.90926,8,415.472554
2.396048,8,415.487077
1.3033,8,415.4991
-38.848995,8,415.509144
-3.391442,8,415.518144
8.533338,8,415.52749
11.666576,8,415.538192
5.058356,8,415.558289
-19.467646,8,415.56711
-12.411168,8,415.57614
-131.233941,8,415.589817
-28.152059,8,415.59957
-31.767916,8,415.608664
2.079704,8,415.610663
-24.456792,8,415.62652
4.155928,8,415.62652
3.489274,8,415.646574
1.581682,8,415.654587
-2.762109,8,415.662609
-2.315994,8,415.67446
4.92834,8,415.693722
-41.547581,8,415.702738
-2.98236,8,415.716843
-33.193787,8,415.727097
0.037569,8,415.736974
-31.070896,8,415.747888
0.552652,8,415.759557
-0.939206,8,415.772531
-91.51813,8,415.781762
-31.943883,8,415.788034
11.773829,8,415.805346
-70.300567,8,415.805346
2.036106,8,415.823555
-3.461502,8,415.840196
-24.491833,8,415.840196
-38.338371,8,415.856362
-35.11649,8,415.872214
-5.025356,8,415.872214
3.306122,8,415.889918
2.393381,8,415.906518
-15.777872,8,415.906518
-21.319131,8,415.923522
-9.060219,8,415.937189
1.238697,8,415.939517
-94.504311,8,415.960923
-26.962541,8,415.972696
-4.902567,8,415.983889
-21.245622,8,415.994795
-3.459242,8,416.002966
0.649647,8,416.012063
2.094347,8,416.026064
-20.217892,8,416.035053
-116.738669,8,416.043657
-17.683483,8,416.058805
-31.623188,8,416.074279
-75.143366,8,416.085949
-2.531177,8,416.096362
6.672226,8,416.114115
2.509256,8,416.12996
-3.525361,8,416.139958
4.131302,8,416.141958
3.6956,8,416.157267
-2.2323,8,416.159274
-4.39008,8,416.179028
-7.907368,8,416.188797
4.066577,8,416.20011
5.76567,8,416.21646
-38.404702,8,416.225773
9.992155,8,416.235809
1.899503,8,416.272927
-23.7646,8,416.286898
-1.81287,8,416.296167
-5.20849,8,416.306841
-9.651093,8,416.31771
5.325817,8,416.335568
-3.673122,8,416.346347
0.45999,8,416.356506
1.899579,8,416.367657
-22.490149,8,416.379657
-38.092071,8,416.389656
5.507065,8,416.398868
-20.909266,8,416.407866
1.966736,8,416.422865
3.546599,8,416.436288
-3.309043,8,416.447237
-7.412227,8,416.456774
-21.001795,8,416.456774
-17.445914,8,416.472721
-3.206515,8,416.488394
2.544393,8,416.488394
-8.105181,8,416.502413
-17.516376,8,416.518377
-9.588416,8,416.518377
-8.70569,8,416.545359
-5.55963,8,416.559919
1.982016,8,416.571115
1.298212,8,416.579112
-23.115669,8,416.586707
-21.177098,8,416.601061
-18.554758,8,416.605067
8.202255,8,416.615113
4.697413,8,416.629084
2.582488,8,416.643195
-82.604046,8,416.655341
-2.268694,8,416.660923
-17.975094,8,416.674657
-22.479235,8,416.687779
-30.204454,8,416.689539
-54.709445,8,416.708749
-4.625494,8,416.71678
-27.295152,8,416.729979
-18.24395,8,416.738094
-1.357021,8,416.75403
-4.143614,8,416.770542
-38.623615,8,416.787109
-2.279622,8,416.797122
-84.671604,8,416.806114
2.139933,8,416.814112
2.83838,8,416.827685
-41.113568,8,416.840798
-4.355457,8,416.852361
-27.393859,8,416.864199
-79.358108,8,416.878002
-20.511879,8,416.886031
5.769134,8,416.897331
-9.132725,8,416.906314
-2.256323,8,416.917318
3.045005,8,416.923311
3.384676,8,416.937035
-17.132631,8,416.939997
-41.108436,8,416.954771
1.446838,8,416.954771
-16.480845,8,416.972596
-17.71508,8,416.994751
-8.384662,8,417.008749
-18.685224,8,417.016753
4.699342,8,417.026049
3.026753,8,417.036085
0.488244,8,417.047759
-0.529811,8,417.054487
-2.1295,8,417.071746
2.998853,8,417.079483
11.218117,8,417.103209
-3.806484,8,417.116956
-8.708962,8,417.125957
1.119222,8,417.143613
-1.30091,8,417.15692
-19.672198,8,417.166959
-14.792807,8,417.178367
-3.774663,8,417.188404
-19.632731,8,417.201243
-18.655627,8,417.214567
-30.426335,8,417.224625
-14.653676,8,417.23439
-76.576921,8,417.252197
0.67105,8,417.261983
-19.967623,8,417.272016
-23.070561,8,417.288033
3.631997,8,417.30847
-44.463809,8,417.318509
-2.239193,8,417.334022
-12.865011,8,417.345021
2.48634,8,417.354029
-22.095385,8,417.354029
-5.952275,8,417.381716
3.089733,8,417.393487
-12.719687,8,417.409717
-20.550223,8,417.419718
8.229282,8,417.433848
-18.53653,8,417.454693
-0.200959,8,417.474401
-0.836795,8,417.482434
-0.534948,8,417.492214
-184.163495,8,417.50199
-0.556403,8,417.516592
0.086198,8,417.526134
-8.709344,8,417.533908
-3.920675,8,417.545023
2.318216,8,417.562036
-0.443549,8,417.564036
-2.418804,8,417.580094
-1.204929,8,417.590133
-4.556672,8,417.6074
-65.633445,8,417.613412
-12.941583,8,417.627213
0.486839,8,417.62922
-20.157512,8,417.752409
-3.512758,8,417.752409
-22.35886,8,417.777594
-28.329777,8,417.787142
-3.419553,8,417.788095
-1.848462,8,417.804902
4.296917,8,417.818098
6.523654,8,417.821979
-29.586488,8,417.845155
8.186451,8,417.855359
4.925116,8,417.864352
-56.570508,8,417.873353
-14.902255,8,417.888464
7.979509,8,417.897673
-2.490093,8,417.906672
-102.667538,8,417.916673
1.584342,8,417.923672
-4.322706,8,417.939138
6.390309,8,417.948463
-17.422191,8,417.954485
2.052014,8,417.967604
-9.131616,8,417.970613
-21.743923,8,417.993687
-70.442755,8,418.005863
-17.88666,8,418.01916
-36.177689,8,418.0307
-39.165034,8,418.040348
-19.315653,8,418.048378
1.840593,8,418.06246
1.741045,8,418.068888
-33.415655,8,418.079683
2.320175,8,418.089715
-0.522842,8,418.102681
3.809877,8,418.118208
-9.052515,8,418.129973
1.052471,8,418.135981
-15.47125,8,418.150029
-20.982547,8,418.159805
2.611823,8,418.169838
2.495862,8,418.177605
-20.749351,8,418.191305
-41.266574,8,418.199329
3.653207,8,418.209178
1.393438,8,418.218179
-29.438309,8,418.232814
-122.448336,8,418.239826
-4.510435,8,418.253598
-2.77884,8,418.263525
2.07949,8,418.277848
-3.249884,8,418.285372
2.663899,8,418.295402
-1.148613,8,418.305271
-10.370778,8,418.317268
7.567354,8,418.327272
-22.515512,8,418.340911
2.718292,8,418.352948
-56.253624,8,418.366455
4.297901,8,418.375986
-2.420761,8,418.392969
-24.24729,8,418.401969
5.094984,8,418.413701
-1.221385,8,418.423055
-1.496942,8,418.43309
0.989392,8,418.443122
-17.466256,8,418.458895
2.644994,8,418.46665
7.829469,8,418.476683
-1.405788,8,418.486368
2.406838,8,418.500124
-1.527762,8,418.509773
-12.793539,8,418.517804
3.736007,8,418.533817
1.483549,8,418.547814
6.067633,8,418.555544
6.828232,8,418.563572
-4.194,8,418.57807
-30.79747,8,418.58363
-0.357206,8,418.595304
-10.224922,8,418.595304
-35.145746,8,418.611314
0.927075,8,418.631533
-4.131175,8,418.641609
-40.445601,8,418.65078
6.85777,8,418.657771
-0.222914,8,418.67377
-9.306664,8,418.68876
-10.072478,8,418.689876
3.066222,8,418.704718
-18.874881,8,418.722546
-17.615465,8,418.729438
2.176225,8,418.738163
2.067711,8,418.738163
-28.276199,8,418.759069
-4.852672,8,418.766069
-17.655231,8,418.776002
-12.905024,8,418.788166
-35.621553,8,418.804842
-63.259489,8,418.815626
-32.035756,8,418.825834
-113.825035,8,418.825834
-46.494163,8,418.840266
-1.148806,8,418.856113
-9.019574,8,418.856113
-21.760109,8,418.873967
4.065279,8,418.893286
-27.654817,8,418.901316
-2.371275,8,418.910974
-8.365778,8,418.92148
-19.963519,8,418.938368
-30.243214,8,418.949362
-15.008904,8,418.958366
-2.145131,8,418.967365
-60.17602,8,418.981461
-17.690918,8,419.039429
-0.870812,8,419.047456
-59.896593,8,419.059432
-34.307107,8,419.071792
1.760957,8,419.080925
6.035056,8,419.08994
-102.87931,8,419.09494
-49.73493,8,419.110918
-1.115567,8,419.126826
-38.08757,8,419.128832
-59.598742,8,419.144877
-21.534821,8,419.155925
0.8376,8,419.161062
0.960477,8,419.177208
1.400953,8,419.177208
1.460147,8,419.198105
-19.218204,8,419.20402
0.317624,8,419.20402
0.243671,8,419.220136
-44.610696,8,419.238769
1.793118,8,419.251788
-3.858685,8,419.257437
-3.53214,8,419.273021
-34.152997,8,419.28366
-20.154796,8,419.285664
-23.168371,8,419.302523
-18.01014,8,419.310522
-2.516999,8,419.321623
-4.015737,8,419.335501
-74.729205,8,419.345214
2.328768,8,419.353242
-30.211326,8,419.371351
-80.301804,8,419.383132
1.653881,8,419.402612
5.515774,8,419.413612
7.202463,8,419.431708
2.351698,8,419.448706
-0.300739,8,419.460355
-16.555902,8,419.477509
1.953682,8,419.499324
-5.066241,8,419.518766
-16.459936,8,419.537071
-34.05951,8,419.558727
-13.980502,8,419.580475
6.403895,8,419.597133
-17.475644,8,419.617128
-0.134004,8,419.635831
-0.244608,8,419.66329
-27.961632,8,419.67542
6.652514,8,419.691619
-21.540436,8,419.704465
-16.349073,8,419.73011
0.346059,8,419.754889
-6.709292,8,419.77914
1.917427,8,419.80059
-43.253706,8,419.826551
-20.785465,8,419.845565
5.254633,8,419.860574
6.809074,8,419.885631
-0.910918,8,419.908942
-10.887844,8,419.926716
-15.903035,8,419.945203
-7.876615,8,419.962016
6.65051,8,419.982568
-2.453778,8,420.001336
-9.925624,8,420.016745
-59.967799,8,420.02958
-40.606553,8,420.044568
-23.856429,8,420.056857
-79.336399,8,420.067825
-2.708775,8,420.084367
1.050705,8,420.105834
-0.043329,8,420.118833
-0.399856,8,420.13044
-16.353753,8,420.142101
-92.429182,8,420.156099
-4.083525,8,420.167121
5.518806,8,420.178392
1.838452,8,420.19008
6.066434,8,420.20678
-0.77245,8,420.223538
-8.273185,8,420.23507
0.888552,8,420.245265
4.176672,8,420.266269
-1.077989,8,420.278444
-18.757358,8,420.290019
1.76428,8,420.300019
-3.029459,8,420.316663
3.531876,8,420.333561
4.367568,8,420.348017
2.126388,8,420.360153
-23.827919,8,420.476058
1.161513,8,420.488213
0.732435,8,420.501063
2.290666,8,420.515106
2.973805,8,420.53709
12.892219,8,420.550891
4.991795,8,420.567701
-5.556248,8,420.581705
-16.117241,8,420.597702
-17.790585,8,420.6128
-27.895929,8,420.624706
-2.928205,8,420.635705
-55.200477,8,420.650741
-5.919759,8,420.666785
0.768377,8,420.67898
1.119008,8,420.6901
-7.671896,8,420.703097
-40.231915,8,420.720493
4.000858,8,420.733623
-21.394837,8,420.745113
1.192255,8,420.760794
-2.8877,8,420.772445
-61.453024,8,420.788134
-2.577271,8,420.799129
-6.4579,8,420.814446
-1.09184,8,420.826434
-40.743257,8,420.839473
-3.354294,8,420.855846
-10.838065,8,420.872516
-44.971473,8,420.891115
7.173811,8,420.907814
-4.841353,8,420.916815
-106.452135,8,420.93181
-39.283548,8,420.942807
-1.233206,8,420.954808
-15.116887,8,420.959885
-0.218323,8,420.976524
-2.635535,8,420.989682
-67.32036,8,420.993682
-37.301957,8,421.009782
-44.512426,8,421.02655
-58.460578,8,421.02655
-1.825979,8,421.049545
-11.165576,8,421.060353
-2.783658,8,421.074436
5.465441,8,421.080431
-0.28903,8,421.093756
5.576503,8,421.106637
-11.128565,8,421.111671
-6.20659,8,421.135182
0.232747,8,421.143182
-0.143253,8,421.155865
-2.303661,8,421.168886
-43.242911,8,421.179333
-17.823427,8,421.193126
-25.197406,8,421.193126
6.049363,8,421.209476
-25.975201,8,421.228252
-24.813694,8,421.231838
-40.164616,8,421.254993
-89.515054,8,421.260423
0.015489,8,421.279407
-52.500642,8,421.289813
-5.736175,8,421.299567
-6.058736,8,421.314534
-21.072668,8,421.324671
3.708822,8,421.337701
-10.340263,8,421.337701
1.870453,8,421.354336
-42.159961,8,421.37989
-16.019872,8,421.389268
0.588552,8,421.398626
-17.858641,8,421.4124
-23.039932,8,421.422925
4.666091,8,421.433233
-6.838039,8,421.442344
4.578044,8,421.456157
-2.739475,8,421.469158
-14.913516,8,421.480439
2.851188,8,421.495478
-40.759291,8,421.510539
-9.879432,8,421.527444
-23.286528,8,421.539607
-10.360852,8,421.552847
-2.781757,8,421.563849
-3.486174,8,421.581142
-2.319232,8,421.595955
1.033964,8,421.610452
-1.502667,8,421.626429
-47.183546,8,421.639083
1.811682,8,421.650051
1.716269,8,421.662697
-19.803045,8,421.693197
3.854092,8,421.757313
5.645193,8,421.768386
-1.867662,8,421.778309
-53.641902,8,421.79006
0.23868,8,421.802964
1.15434,8,421.81387
4.765602,8,421.823991
-23.344441,8,421.838249
-6.004669,8,421.847418
-6.302397,8,421.859939
-53.975181,8,421.871493
-36.432189,8,421.891887
-70.126002,8,421.909421
5.275383,8,421.923899
3.835379,8,421.937189
3.678643,8,421.952904
-27.718273,8,421.965902
3.096088,8,421.976903
-0.743563,8,421.987903
4.866591,8,422.004906
-7.419182,8,422.022244
-42.015249,8,422.033486
-16.982907,8,422.044752
-4.458603,8,422.063126
-0.8477,8,422.091274
-27.445482,8,422.106691
4.260902,8,422.118687
2.446456,8,422.145361
9.940611,8,422.161745
2.649019,8,422.176442
-1.172757,8,422.19374
-17.057168,8,422.213943
-117.111088,8,422.226742
4.931366,8,422.243928
-16.950166,8,422.259189
-2.569329,8,422.279021
7.607804,8,422.297467
-0.397122,8,422.310073
0.925708,8,422.323215
-9.341865,8,422.337628
-16.623003,8,422.349435
-32.501135,8,422.363905
-1.515181,8,422.375797
-37.348354,8,422.39005
-22.996544,8,422.400892
-4.39043,8,422.41168
-52.728453,8,422.422649
-75.627907,8,422.436014
7.552764,8,422.448014
1.11742,8,422.466012
1.349187,8,422.485011
3.850291,8,422.501086
3.639894,8,422.521352
7.418813,8,422.536461
-10.005899,8,422.548439
0.386405,8,422.562938
-18.496602,8,422.581592
-22.196596,8,422.599869
3.184294,8,422.616247
-31.629969,8,422.632468
-42.71086,8,422.64728
2.016254,8,422.66874
-0.531459,8,422.683034
-28.46691,8,422.703538
-99.626899,8,422.713977
-41.851787,8,422.724987
2.982131,8,422.735182
-0.143636,8,422.748516
8.0434,8,422.759816
-4.087673,8,422.770015
-37.688675,8,422.780436
6.090283,8,422.79458
-0.023338,8,422.808821
-54.536396,8,422.820537
-54.610207,8,422.838209
-22.371612,8,422.854357
8.34516,8,422.865565
1.173989,8,422.878273
2.417845,8,422.891886
-17.402844,8,422.912636
-19.562177,8,422.925758
3.205341,8,422.939239
-12.361362,8,422.950629
3.74778,8,422.965921
-30.907877,8,422.981918
-4.575207,8,422.995165
0.328444,8,423.019488
0.853839,8,423.037659
-3.244137,8,423.050663
-36.849716,8,423.067458
-16.986324,8,423.083853
5.112915,8,423.100083
-14.997801,8,423.113095
-15.557062,8,423.130173
-23.620531,8,423.143182
0.585711,8,423.1591
-2.507852,8,423.171101
-21.127872,8,423.182273
-5.13791,8,423.193758
-2.78872,8,423.215669
-42.373389,8,423.227086
-0.205216,8,423.245078
10.476258,8,423.257829
8.724005,8,423.274829
-6.361813,8,423.28717
-2.810884,8,423.297839
-16.106989,8,423.310199
-4.66608,8,423.325885
6.816887,8,423.33812
-7.659762,8,423.356869
-63.216012,8,423.368955
-21.785808,8,423.39096
-0.111175,8,423.403337
3.979753,8,423.414785
-28.048492,8,423.426158
-1.306685,8,423.443512
2.523193,8,423.454932
-8.630425,8,423.476532
12.015672,8,423.489652
9.307857,8,423.503841
0.26046,8,423.516862
5.982632,8,423.529321
7.159515,8,423.540338
1.487733,8,423.555581
1.599973,8,423.578787
-45.275932,8,423.589551
-17.00127,8,423.601886
-62.986742,8,423.616686
0.061478,8,423.627785
3.314996,8,423.638716
-3.635547,8,423.6502
-28.218259,8,423.667064
-18.113333,8,423.681892
-5.515675,8,423.693897
-6.579186,8,423.702597
-0.426444,8,423.718003
-8.558264,8,423.736134
-13.708087,8,423.748841
5.812012,8,423.760602
-30.248201,8,423.777025
-1.503019,8,423.788168
3.346668,8,423.803737
-52.414272,8,423.816744
-0.426784,8,423.832735
-5.349653,8,423.84516
-1.803399,8,423.861149
3.157536,8,423.872511
5.397494,8,423.889174
1.492638,8,423.901144
-3.909348,8,423.922719
0.367203,8,423.93557
-66.470702,8,423.949328
-18.675458,8,423.960603
-26.98829,8,423.969602
-95.670678,8,423.978966
-18.463494,8,423.994806
-15.668379,8,424.007119
5.328714,8,424.018119
-1.645329,8,424.031114
-14.27601,8,424.045137
-19.600703,8,424.055882
5.191096,8,424.069327
4.021536,8,424.081389
7.790248,8,424.095818
-9.266128,8,424.106859
-13.313913,8,424.117477
-24.032609,8,424.128105
-0.060286,8,424.145483
-55.539591,8,424.15748
-18.644491,8,424.173113
0.80691,8,424.182593
2.769486,8,424.196892
-40.567679,8,424.206127
-5.045031,8,424.215132
-46.489949,8,424.229604
1.930459,8,424.24352
2.730962,8,424.255513
-41.48498,8,424.265512
8.735195,8,424.275557
-42.023752,8,424.289367
-27.800053,8,424.300376
-7.106486,8,424.311234
-34.949685,8,424.320586
-36.368425,8,424.334492
-0.724633,8,424.346178
3.21159,8,424.36225
-42.892624,8,424.379596
-5.960128,8,424.397147
-24.241155,8,424.409199
3.774016,8,424.421699
-114.726535,8,424.434729
0.605053,8,424.575749
-19.313051,8,424.592749
-3.647334,8,424.611954
-75.195077,8,424.623954
0.855397,8,424.641277
-1.791613,8,424.652279
-38.895756,8,424.665569
-3.520213,8,424.677571
-15.797129,8,424.698305
-18.29579,8,424.714309
-19.21894,8,424.724676
-19.205037,8,424.736674
-67.516015,8,424.754867
1.048704,8,424.766867
3.207212,8,424.778507
-1.372921,8,424.789149
-20.037505,8,424.805149
-14.198232,8,424.815154
7.910636,8,424.827553
-3.423453,8,424.839209
-0.994632,8,424.86035
2.961293,8,424.87298
-54.442833,8,424.883871
3.243027,8,424.896079
-59.338422,8,424.912839
-11.671017,8,424.92584
5.086688,8,424.942124
4.725887,8,424.952868
-15.497491,8,424.967901
-25.421354,8,424.979844
-16.763233,8,424.993162
1.256977,8,425.00495
-1.072279,8,425.021953
-15.863965,8,425.044033
7.598491,8,425.054904
-2.313287,8,425.065985
-15.303391,8,425.082309
-32.938773,8,425.095078
-2.756285,8,425.105831
1.256072,8,425.117722
-6.585184,8,425.134486
-11.50121,8,425.150879
6.819472,8,425.163926
2.511623,8,425.175298
-7.487854,8,425.18917
-1.960121,8,425.205421
-19.158466,8,425.217023
-20.882394,8,425.228026
2.297198,8,425.242982
2.185032,8,425.25787
2.163011,8,425.266865
-79.905599,8,425.280058
-4.173979,8,425.295132
-3.574806,8,425.306827
4.283219,8,425.318861
-23.577009,8,425.330554
-36.061314,8,425.346559
4.066806,8,425.358557
3.352512,8,425.381909
-21.071798,8,425.395881
3.413777,8,425.413097
-20.505415,8,425.424525
2.34588,8,425.437192
1.507619,8,425.448849
1.612014,8,425.464846
2.976437,8,425.476507
-31.993115,8,425.493235
2.142402,8,425.505905
3.486585,8,425.52257
1.449494,8,425.535573
-2.25167,8,425.55457
-12.650131,8,425.565568
-4.225553,8,425.581587
-0.808356,8,425.597218
-4.948215,8,425.61092
-38.322458,8,425.62361
1.40523,8,425.638266
1.938297,8,425.650262
-4.560542,8,425.660867
-0.839246,8,425.673531
-15.662957,8,425.689046
6.945086,8,425.709108
-6.735527,8,425.721543
-9.737095,8,425.74122
-0.57304,8,425.756627
-7.825665,8,425.767035
-18.607102,8,425.788249
0.633004,8,425.862772
-12.470157,8,425.974232
-0.553661,8,425.996477
7.197115,8,426.015733
-47.384983,8,426.037223
2.724268,8,426.061606
-10.986582,8,426.081604
1.351518,8,426.107712
-0.321328,8,426.173031
-3.943576,8,426.212741
-29.162063,8,426.239297
0.965173,8,426.261393
-11.746317,8,426.282126
-25.950735,8,426.311517
-38.249888,8,426.324049
1.683247,8,426.342215
0.435956,8,426.358134
-0.063903,8,426.378032
-43.945723,8,426.393098
-35.893883,8,426.409332
-19.248985,8,426.423451
-0.615887,8,426.453855
-13.245306,8,426.465839
8.262636,8,426.478154
1.936757,8,426.48979
-19.3031,8,426.501807
-4.334978,8,426.513502
2.281536,8,426.525748
-12.114444,8,426.535768
-84.607332,8,426.553964
6.16202,8,426.563639
-4.471532,8,426.57338
1.896531,8,426.588267
1.073563,8,426.606868
6.576878,8,426.62004
0.068082,8,426.633287
-0.360056,8,426.645434
-7.958937,8,426.66143
-20.072402,8,426.677593
-18.750534,8,426.688281
0.257105,8,426.697902
-3.885091,8,426.713749
-22.681768,8,426.724783
-13.747421,8,426.738691
-45.754117,8,426.747432
-47.131163,8,426.770573
-13.675531,8,426.790424
5.259471,8,426.804003
-47.681388,8,426.817731
-27.824814,8,426.835723
-26.576176,8,426.851975
2.690106,8,426.863915
-1.302758,8,426.872667
4.800815,8,426.8939
-20.776913,8,426.906624
-3.048972,8,426.92378
-22.891642,8,426.939939
-3.654504,8,426.956461
-0.226659,8,426.976353
-4.844339,8,426.991999
4.968016,8,427.007326
-2.090806,8,427.023365
-19.656227,8,427.040683
-18.873952,8,427.055842
-29.984639,8,427.070521
4.60848,8,427.101665
-40.045765,8,427.121548
-7.127922,8,427.134552
9.11199,8,427.149241
-9.748821,8,427.175535
-22.224776,8,427.1902
0.125813,8,427.210525
5.287314,8,427.230923
3.059739,8,427.246209
-19.631051,8,427.257208
-9.381781,8,427.268474
-24.067554,8,427.276533
-139.279085,8,427.29537
-2.798061,8,427.308009
6.378585,8,427.314078
0.642211,8,427.332707
-36.441627,8,427.345417
-16.223292,8,427.355932
-81.334594,8,427.372103
-43.478645,8,427.378924
-14.560831,8,427.393318
1.227955,8,427.40891
-21.735942,8,427.422631
-63.29063,8,427.432686
-2.62349,8,427.451667
-14.044382,8,427.464727
3.648579,8,427.475845
-10.684869,8,427.48723
-1.175889,8,427.497962
-28.876398,8,427.511964
-75.322156,8,427.523653
6.093554,8,427.540288
7.952207,8,427.559544
-23.136726,8,427.570623
-12.393138,8,427.584343
-49.68858,8,427.595291
-21.863668,8,427.606422
-23.557292,8,427.621631
0.873377,8,427.632891
-14.158612,8,427.641578
-9.695383,8,427.656394
-18.839524,8,427.674551
1.375428,8,427.687863
4.633314,8,427.691905
-1.11128,8,427.710744
-3.352213,8,427.726331
-27.018519,8,427.739258
3.703491,8,427.74371
-40.7603,8,427.764506
4.726743,8,427.777021
-1.199543,8,427.793828
-4.368783,8,427.806917
-2.580842,8,427.820429
-10.859742,8,427.83384
-112.452261,8,427.847992
-5.230129,8,427.859907
2.272398,8,427.877255
-4.514916,8,427.893978
-19.505935,8,427.903861
-13.954227,8,427.915284
8.108713,8,427.930904
-28.147015,8,427.941284
2.053222,8,427.950612
2.71694,8,427.960055
2.856444,8,427.976687
-68.456029,8,427.987534
-18.801603,8,427.998826
2.616717,8,428.014009
-22.712863,8,428.03282
2.809056,8,428.045491
-5.818892,8,428.059008
6.012109,8,428.069677
-59.94202,8,428.087111
4.813455,8,428.094223
-0.69779,8,428.119216
-24.336257,8,428.127133
0.37039,8,428.146168
4.51221,8,428.157956
0.88371,8,428.173567
-0.351401,8,428.185121
-31.526741,8,428.203087
0.139073,8,428.220574
-53.982329,8,428.240212
-1.80109,8,428.251965
-1.021923,8,428.260368
-36.910066,8,428.27698
1.314437,8,428.293853
4.200957,8,428.306906
5.903485,8,428.322555
-70.335812,8,428.333838
-1.05694,8,428.346942
-11.687558,8,428.358971
0.331173,8,428.375372
-17.41209,8,428.391731
0.510828,8,428.403948
-3.867039,8,428.416925
0.530243,8,428.432768
-21.11094,8,428.449805
4.368727,8,428.46174
-39.508625,8,428.475784
-178.327226,8,428.49064
1.877181,8,428.496699
4.353117,8,428.515384
6.061301,8,428.52998
-7.557557,8,428.659969
-31.354102,8,428.673249
10.924351,8,428.691681
-10.148284,8,428.706938
-25.048289,8,428.722706
-17.6839,8,428.735334
10.070244,8,428.759442
3.356711,8,428.77925
3.036701,8,428.800466
-40.150956,8,428.819162
5.912753,8,428.837183
-43.497296,8,428.855873
0.189691,8,428.874546
-3.844358,8,428.89425
0.685195,8,428.92056
4.423074,8,428.938211
4.735256,8,428.956906
-83.136932,8,428.972569
-4.832682,8,428.983967
1.64009,8,429.000663
-24.442843,8,429.010059
-1.011365,8,429.026688
2.54928,8,429.041303
-10.475147,8,429.049296
-25.091187,8,429.059959
3.050068,8,429.081858
2.373278,8,429.097365
5.773284,8,429.117896
-21.682014,8,429.132642
-4.517957,8,429.142627
-17.609971,8,429.143629
0.326194,8,429.159975
-178.930891,8,429.176705
1.215658,8,429.1913
-5.134652,8,429.201368
-0.174039,8,429.20997
-19.206996,8,429.231363
0.999398,8,429.245107
1.363529,8,429.262282
-1.180943,8,429.281679
6.360698,8,429.300304
5.027945,8,429.315969
0.58445,8,429.338217
0.052461,8,429.356873
-19.058675,8,429.377169
-1.664826,8,429.392245
-0.670675,8,429.409907
-40.005207,8,429.425563
-36.477125,8,429.443701
-29.135957,8,429.461366
-22.867639,8,429.477933
0.021021,8,429.491348
-33.787721,8,429.510052
-17.146987,8,429.524637
-18.925837,8,429.534755
3.596641,8,429.543259
-89.146935,8,429.560022
-16.523149,8,429.576702
2.647506,8,429.592278
-13.798546,8,429.60696
4.210605,8,429.621629
-15.176794,8,429.631436
-57.949053,8,429.642292
2.002011,8,429.6509
-19.578988,8,429.673789
3.461748,8,429.686549
-10.742205,8,429.697021
3.469116,8,429.708023
-118.415138,8,429.720459
-21.584189,8,429.726741
-20.319388,8,429.739387
-31.367344,8,429.743386
0.613665,8,429.756614
-43.541409,8,429.773039
-23.583852,8,429.784686
5.284201,8,429.792461
-11.297428,8,429.804504
1.837264,8,429.806513
-0.767145,8,429.822535
2.9216,8,429.839296
4.394426,8,429.854027
-1.556221,8,429.864048
-1.202768,8,429.875602
-42.76704,8,429.892699
-38.903797,8,430.004139
7.079692,8,430.014462
-4.179097,8,430.02424
9.462409,8,430.03428
-3.798121,8,430.049274
-42.788461,8,430.066392
-51.876245,8,430.108294
5.039443,8,430.11729
-19.430485,8,430.130749
-5.364868,8,430.139854
-41.713537,8,430.149869
-18.434796,8,430.160221
4.203159,8,430.173117
7.919136,8,430.173117
4.221603,8,430.189919
-3.526876,8,430.211425
-3.735259,8,430.223776
0.292834,8,430.235415
-9.815205,8,430.249806
0.987418,8,430.262921
-8.366261,8,430.276793
-0.563216,8,430.288028
0.164782,8,430.297537
-24.45674,8,430.309482
-95.433436,8,430.327749
-27.639498,8,430.338639
-3.426326,8,430.34963
9.346836,8,430.35969
2.250139,8,430.37188
-28.454475,8,430.385582
-0.444837,8,430.400566
-48.143367,8,430.411815
2.585231,8,430.429638
0.790204,8,430.439279
-28.817513,8,430.453872
-0.070904,8,430.464643
-83.76779,8,430.4782
-16.351731,8,430.4872
0.094752,8,430.497318
4.004383,8,430.508155
-2.451636,8,430.522211
-7.355276,8,430.533268
-5.995266,8,430.546741
-19.464678,8,430.560852
-18.314849,8,430.57493
-10.064467,8,430.584965
-7.344216,8,430.59069
-3.455422,8,430.605024
-34.461189,8,430.617767
-37.324739,8,430.627069
-0.529138,8,430.638055
-122.453136,8,430.638435
3.970789,8,430.655012
0.396886,8,430.671619
5.718038,8,430.671619
-3.206064,8,430.692809
-21.291016,8,430.706725
2.160745,8,430.706725
1.248834,8,430.723864
-1.720604,8,430.738306
-13.145486,8,430.738306
-19.289036,8,430.757873
-9.570482,8,430.779439
-16.032664,8,430.792379
-42.101329,8,430.808903
-2.820957,8,430.821635
7.219239,8,430.83384
-20.122985,8,430.840274
3.610414,8,430.856462
-43.722396,8,430.87058
-19.849615,8,430.883871
-58.947538,8,430.894748
-20.671434,8,430.909962
-6.847178,8,430.917962
-1.453022,8,430.927593
-19.504118,8,430.938926
-23.381121,8,430.956221
-0.347605,8,430.96822
2.928183,8,430.981871
0.868701,8,430.99858
-65.614087,8,431.022608
-3.254688,8,431.033607
-22.83562,8,431.047999
-1.97931,8,431.061264
-31.004241,8,431.079308
-3.172572,8,431.093208
-40.331233,8,431.109339
-75.98493,8,431.125633
-0.700662,8,431.140047
-52.452144,8,431.156613
-6.437515,8,431.173257
-2.121916,8,431.190009
-18.348352,8,431.210714
-8.918049,8,431.241936
0.72761,8,431.287981
-0.299257,8,431.290555
-18.716421,8,431.413777
4.366385,8,431.423189
-0.814242,8,431.438652
-16.347053,8,431.438652
-22.46973,8,431.465226
-24.835537,8,431.482912
4.327379,8,431.495432
-14.553752,8,431.505881
2.051564,8,431.527149
-36.069653,8,431.548265
5.022765,8,431.562258
-18.234583,8,431.579841
-0.712026,8,431.597299
-2.983415,8,431.605924
-0.310372,8,431.605924
-27.029904,8,431.629263
-22.709491,8,431.647876
-71.123985,8,431.66201
-28.752401,8,431.675267
8.682721,8,431.685357
-2.633822,8,431.704585
1.892512,8,431.721203
-19.735692,8,431.737829
-4.071928,8,431.753996
6.49712,8,431.773188
-14.400601,8,431.786335
-46.654621,8,431.8066
-22.439076,8,431.821224
4.355104,8,431.838339
-0.203071,8,431.8534
-16.803487,8,431.855008
-8.368307,8,431.881883
-27.294902,8,431.907998
-8.412916,8,431.927574
2.423373,8,431.94725
3.40497,8,431.962962
-31.399477,8,431.983592
0.5222,8,432.001825
-52.585142,8,432.019456
5.1012,8,432.040251
-40.204523,8,432.058902
0.219735,8,432.073586
-17.624209,8,432.090252
-16.218725,8,432.102782
4.889045,8,432.122684
-1.846765,8,432.132683
-1.151446,8,432.150261
6.392122,8,432.16793
-0.511222,8,432.186156
-19.113766,8,432.199253
2.004305,8,432.213068
-24.497131,8,432.226597
-14.091481,8,432.243412
-16.551756,8,432.260929
-0.944563,8,432.274729
-27.39265,8,432.286251
-40.332532,8,432.303281
2.239974,8,432.309295
-52.830642,8,432.328704
-17.197104,8,432.346291
-5.002303,8,432.362412
-7.874131,8,432.377581
-3.337238,8,432.38862
10.83071,8,432.401639
-5.454457,8,432.417071
3.014651,8,432.429642
-97.097193,8,432.441618
-16.868685,8,432.452618
-10.371274,8,432.467085
-33.465395,8,432.479722
-4.509275,8,432.495723
-6.40404,8,432.506052
-13.049381,8,432.528935
-18.554211,8,432.542233
-2.712411,8,432.555635
-21.865552,8,432.568656
-36.373994,8,432.585826
2.968229,8,432.599394
3.714567,8,432.616139
-7.868375,8,432.628806
-4.37312,8,432.646481
-11.097821,8,432.656984
-34.759592,8,432.67542
-9.82138,8,432.688386
-22.241129,8,432.709298
3.733243,8,432.728724
-25.833221,8,432.739458
-56.646655,8,432.750458
-17.008051,8,432.766122
4.66354,8,432.778709
3.323634,8,432.790506
-43.487729,8,432.802506
0.623524,8,432.819102
-36.614236,8,432.83056
-3.624787,8,432.847389
-89.182935,8,432.860257
-43.249986,8,432.878696
-133.620602,8,432.897576
-0.986799,8,432.911155
0.891051,8,432.923762
-1.407746,8,432.939575
-19.168229,8,432.951571
-0.345338,8,432.968129
-25.870688,8,432.978893
4.968382,8,432.996375
2.098639,8,433.009209
3.829236,8,433.022009
-22.767536,8,433.034008
-2.759597,8,433.048415
-49.606888,8,433.065051
4.148529,8,433.0939
-58.4027,8,433.110037
2.391381,8,433.130682
-19.871459,8,433.147424
-28.199661,8,433.164423
-12.295279,8,433.177386
-1.362271,8,433.200434
3.032596,8,433.212574
5.040113,8,433.223458
0.875796,8,433.234457
-3.268337,8,433.248392
-4.120748,8,433.260075
-1.860061,8,433.27772
-93.188375,8,433.290405
-4.303211,8,433.310388
-0.10488,8,433.32525
-4.654805,8,433.338908
-29.02186,8,433.348926
-19.452608,8,433.365508
0.083645,8,433.37873
-11.578258,8,433.392615
-4.055481,8,433.402616
1.340687,8,433.424341
3.674898,8,433.438921
7.320392,8,433.459602
-33.977718,8,433.474637
-35.574787,8,433.515149
2.262004,8,433.532971
-41.159579,8,433.54678
-8.118829,8,433.558572
3.346882,8,433.572342
3.721489,8,433.590462
-16.988158,8,433.601728
1.884305,8,433.615431
0.541955,8,433.629973
3.421933,8,433.64697
-0.220741,8,433.653968
-12.316144,8,433.673981
-5.142641,8,433.687718
-0.262274,8,433.698843
-2.32059,8,433.712821
0.653137,8,433.724162
-65.217344,8,433.740548
-0.983052,8,433.751546
-110.869744,8,433.767895
2.667072,8,433.771395
6.316308,8,433.786844
7.893484,8,433.802597
2.156134,8,433.80461
-12.619498,8,433.829674
3.402627,8,433.842704
0.71989,8,433.852708
3.32858,8,433.867589
-1.650538,8,433.878566
-2.388514,8,433.892469
2.804414,8,433.903476
-71.684935,8,433.914404
-20.420434,8,433.924494
0.851243,8,433.938405
-10.389691,8,433.948447
9.38204,8,433.95962
-64.143468,8,433.977827
-54.724541,8,433.999319
-59.41415,8,434.011115
0.663287,8,434.024005
-14.086471,8,434.034002
2.535933,8,434.039746
-1.457707,8,434.056909
-13.342877,8,434.065768
0.708242,8,434.079816
0.79845,8,434.105421
3.792385,8,434.121003
-0.13228,8,434.1341
-64.21558,8,434.1461
-8.904307,8,434.165261
7.586223,8,434.175163
-12.768978,8,434.187178
-21.030057,8,434.197086
-0.860922,8,434.215101
-20.67608,8,434.230904
-0.370712,8,434.246639
-19.591238,8,434.261467
-19.179878,8,434.277573
-17.124929,8,434.29247
-32.645524,8,434.304037
-16.048176,8,434.321795
-20.450058,8,434.337359
-115.557399,8,434.354026
-0.594304,8,434.366476
0.346885,8,434.376793
2.440859,8,434.393413
-16.357503,8,434.404073
-6.910775,8,434.416549
-61.244728,8,434.431634
-4.735976,8,434.447424
-17.624557,8,434.457194
-21.613199,8,434.468972
0.836323,8,434.47901
-14.489882,8,434.498724
-21.169782,8,434.514045
-10.728988,8,434.527799
-15.015712,8,434.545806
-0.103695,8,434.561506
-85.778953,8,434.574242
10.395197,8,434.618963
-55.351114,8,434.651747
-10.814183,8,434.667566
-13.254934,8,434.679585
-2.635823,8,434.690476
-36.564091,8,434.70052
-87.690885,8,434.717356
-10.262399,8,434.72881
-0.80091,8,434.743456
-12.066124,8,434.75641
5.839516,8,434.776238
0.416272,8,434.79
-1.825514,8,434.798012
-1.278549,8,434.80377
0.712084,8,434.821796
5.480165,8,434.842544
-38.975077,8,434.855162
3.761497,8,434.871346
-23.874964,8,434.887141
3.46024,8,434.897953
3.493807,8,434.914317
-8.793238,8,434.92634
-29.127397,8,434.942264
1.220866,8,434.955389
-130.918453,8,434.969183
-115.500336,8,434.988431
4.681727,8,435.004081
-55.883256,8,435.014715
2.593736,8,435.025894
-1.702674,8,435.04143
0.686048,8,435.05661
2.84125,8,435.070413
-14.600414,8,435.088195
-1.898676,8,435.106045
0.42805,8,435.115853
2.429385,8,435.135713
-0.665961,8,435.139917
-11.28097,8,435.158958
-28.173921,8,435.175774
-16.784638,8,435.189711
-3.549299,8,435.202618
-0.33134,8,435.214655
-50.630046,8,435.226355
-150.940661,8,435.235923
-19.220918,8,435.245682
9.620143,8,435.259457
-6.18177,8,435.277282
-66.541529,8,435.287328
1.451319,8,435.28908
3.900207,8,435.313104
-1.973726,8,435.330084
-25.697992,8,435.379918
-17.156699,8,435.389444
-16.843991,8,435.389444
-19.250178,8,435.417149
-2.619253,8,435.440228
3.152613,8,435.454048
-18.645543,8,435.467242
-6.704809,8,435.492105
-30.063772,8,435.507291
-2.494706,8,435.518923
-8.998882,8,435.5384
1.496009,8,435.557099
-16.781191,8,435.570662
5.167368,8,435.577111
-20.677779,8,435.591344
-16.166522,8,435.605035
0.635814,8,435.615973
3.642699,8,435.629561
-18.924496,8,435.643806
3.077054,8,435.663403
-27.845625,8,435.675772
-28.191899,8,435.685855
3.652506,8,435.698651
-9.428372,8,435.710513
-2.621017,8,435.724856
-11.054473,8,435.734867
-6.646175,8,435.743597
4.39522,8,435.758755
0.432599,8,435.758755
7.871842,8,435.780068
4.203548,8,435.790106
2.190982,8,435.801656
1.235782,8,435.813679
-21.237926,8,435.825459
4.616576,8,435.835231
-1.114412,8,435.849101
-48.285106,8,435.859138
-13.833203,8,435.874474
1.411249,8,435.888083
-28.276177,8,435.902586
-25.173049,8,435.912358
-79.361286,8,435.923946
2.642777,8,435.92796
-31.831651,8,435.947654
-69.730221,8,435.959309
1.700826,8,435.959309
-38.917348,8,435.989739
-19.303725,8,436.002028
-19.072455,8,436.014008
1.386946,8,436.026305
-15.598947,8,436.037296
-55.519509,8,436.05146
-16.886138,8,436.060047
-15.792932,8,436.071579
-16.904605,8,436.089326
-28.618397,8,436.10905
-25.049529,8,436.125025
-4.031936,8,436.145921
-27.406458,8,436.15949
5.900414,8,436.176195
-28.776658,8,436.187384
-19.232818,8,436.201666
3.9128,8,436.206574
-3.814708,8,436.231995
6.165686,8,436.240515
-29.797593,8,436.256475
-2.023045,8,436.272749
5.445332,8,436.292893
-3.683467,8,436.302944
0.25643,8,436.324661
-40.257967,8,436.337402
4.312561,8,436.352394
4.460021,8,436.364771
-28.777312,8,436.376721
4.853129,8,436.388012
2.460992,8,436.404582
-2.572237,8,436.422877
-21.163559,8,436.438604
-43.673592,8,436.4505
-15.283071,8,436.466295
5.696585,8,436.478705
-16.75194,8,436.488494
0.575972,8,436.508148
-5.474229,8,436.527312
-21.703673,8,436.544111
-97.114366,8,436.558505
4.374921,8,436.572868
-2.40062,8,436.588589
8.466101,8,436.601072
3.254289,8,436.616026
-0.969837,8,436.632612
-19.166989,8,436.653751
-0.866003,8,436.672141
-30.346333,8,436.681023
-4.819802,8,436.701662
4.385634,8,436.724507
-1.1765,8,436.744498
4.008358,8,436.758145
2.052481,8,436.773219
-5.924012,8,436.791674
2.645315,8,436.806131
-14.268135,8,436.82284
0.889812,8,436.835842
3.723403,8,436.860456
-99.596657,8,436.875872
-6.488159,8,436.888536
-21.434422,8,436.898533
-14.165041,8,436.921205
-19.014786,8,436.939977
7.812291,8,436.964381
-26.516969,8,436.994734
-70.243106,8,437.02202
4.817065,8,437.046379
-40.779787,8,437.065223
-8.789586,8,437.088873
1.775515,8,437.112397
-0.216221,8,437.126958
-2.865077,8,437.150172
0.678097,8,437.175936
-106.041128,8,437.21037
-15.405877,8,437.229474
2.282796,8,437.240398
5.654377,8,437.255592
0.117272,8,437.271818
-24.265198,8,437.284817
-25.930999,8,437.289255
-18.684974,8,437.306605
1.500769,8,437.320855
-34.658736,8,437.334661
2.044881,8,437.350648
-2.354498,8,437.363244
-32.280073,8,437.379837
6.830085,8,437.412114
-26.883481,8,437.426842
3.359699,8,437.444337
8.264047,8,437.462459
2.704172,8,437.508941
-1.410856,8,437.522803
-13.390891,8,437.535673
5.327228,8,437.557166
2.460683,8,437.56056
-1.326315,8,437.577336
-23.488057,8,437.591526
-18.69758,8,437.608052
-40.091049,8,437.623955
1.138928,8,437.627357
0.708747,8,437.645937
-6.962827,8,437.660561
-27.552839,8,437.673762
-1.240956,8,437.677129
-42.758204,8,437.693871
2.904244,8,437.710677
6.892894,8,437.72481
-3.522821,8,437.727302
-19.901431,8,437.74364
2.376545,8,437.757389
4.407881,8,437.768401
3.618364,8,437.785169
-20.216225,8,437.795204
-16.071725,8,437.808465
-46.135069,8,437.816503
-10.87099,8,437.826541
-12.594589,8,437.837023
-5.03201,8,437.850045
-8.892487,8,437.860741
-1.125867,8,437.870739
0.691183,8,437.879995
-38.36469,8,437.901537
-39.259726,8,437.904839
7.858033,8,437.920658
-1.939139,8,437.920658
1.71497,8,437.947004
11.830205,8,437.954531
-26.531472,8,437.964558
4.456111,8,437.974321
-0.415951,8,437.984194
3.060898,8,437.995584
-4.562256,8,438.007614
-20.704761,8,438.018679
-30.036688,8,438.031209
-16.536969,8,438.041637
0.649339,8,438.050636
-47.153354,8,438.054162
-2.722268,8,438.075339
-1.103345,8,438.089398
-0.689132,8,438.100448
3.236376,8,438.114362
-14.390293,8,438.127174
-23.096375,8,438.137157
-7.8984,8,438.14572
5.205973,8,438.153945
-31.269667,8,438.157919
-76.667849,8,438.177482
1.678684,8,438.183505
-0.876369,8,438.187516
-16.419435,8,438.205566
-2.112484,8,438.221167
-17.152094,8,438.234058
-14.241037,8,438.242938
-24.355947,8,438.255553
-69.811956,8,438.26306
-20.440353,8,438.272841
-7.616037,8,438.282738
-12.119402,8,438.294822
-32.521544,8,438.302593
-45.400801,8,438.312064
-38.545315,8,438.318084
-2.243329,8,438.340664
6.528056,8,438.348693
4.86046,8,438.359774
6.758441,8,438.37042
-19.503676,8,438.384124
6.690661,8,438.393945
-0.923708,8,438.407135
6.584062,8,438.418137
3.08259,8,438.434458
-15.782155,8,438.453161
2.279111,8,438.45882
5.347573,8,438.47758
-9.118111,8,438.495629
5.501654,8,438.510207
-1.058633,8,438.521939
-19.050268,8,438.526915
-0.503387,8,438.542876
0.824043,8,438.560376
3.879126,8,438.572956
11.64009,8,438.583266
-3.623614,8,438.597654
2.386948,8,438.609187
-40.685653,8,438.620376
-166.469081,8,438.629128
-7.544559,8,438.645128
-18.101902,8,438.659127
-19.311905,8,438.669127
-15.93072,8,438.682127
0.967768,8,438.687598
-0.25691,8,438.702935
10.595398,8,438.714271
0.651797,8,438.724301
1.231114,8,438.736063
-2.248724,8,438.74753
-39.064044,8,438.755558
-56.286932,8,438.765333
5.476923,8,438.778213
6.375032,8,438.795284
-32.493888,8,438.803036
4.261991,8,438.814811
-20.729025,8,438.828751
-54.591582,8,438.836751
-20.34575,8,438.846761
-13.101346,8,438.854766
-7.564085,8,438.854766
-25.005724,8,438.874515
-2.308841,8,438.884266
-19.798388,8,438.888015
-22.720817,8,438.901835
2.424907,8,438.917717
-31.710817,8,438.93139
-2.562236,8,438.939404
-5.434923,8,438.951519
3.453605,8,438.951519
-0.258843,8,438.970725
-7.948936,8,438.980103
-15.646216,8,438.992704
-1.829871,8,439.001717
-8.407677,8,439.014447
8.180401,8,439.02549
-0.761608,8,439.037123
5.563445,8,439.047153
4.877811,8,439.060942
-53.637082,8,439.075581
-4.555733,8,439.096776
-8.670303,8,439.110501
-11.715389,8,439.129877
-5.06745,8,439.145875
-16.109333,8,439.164465
-28.92965,8,439.177512
-2.538049,8,439.190468
1.087769,8,439.206267
3.700022,8,439.229602
-3.952322,8,439.240713
5.282093,8,439.254134
-18.983144,8,439.270848
-11.760144,8,439.28642
-1.17584,8,439.289798
-3.331981,8,439.306597
-2.063968,8,439.321146
4.866003,8,439.337497
-35.637859,8,439.355119
0.703966,8,439.366318
1.573063,8,439.377309
-22.220042,8,439.394007
-9.176909,8,439.408085
-88.812322,8,439.418625
-1.827297,8,439.437439
5.12921,8,439.591441
-57.179235,8,439.601344
-22.117837,8,439.610568
-5.04439,8,439.623759
-1.04299,8,439.634764
-14.608856,8,439.643753
-2.454231,8,439.652754
-25.039474,8,439.654745
0.958075,8,439.67065
9.681097,8,439.67065
1.577807,8,439.696299
-18.823837,8,439.706311
2.929811,8,439.718317
-48.053363,8,439.718317
-15.890239,8,439.738479
-0.231497,8,439.750514
1.734506,8,439.758546
-28.194504,8,439.766583
-17.718635,8,439.781364
-18.566503,8,439.791621
0.471475,8,439.807872
-22.517565,8,439.815901
-3.573453,8,439.825937
7.39016,8,439.834208
-17.230737,8,439.851648
-13.350743,8,439.861428
-37.185658,8,439.871482
2.352738,8,439.881257
-13.788757,8,439.892967
-0.791534,8,439.902188
-13.781381,8,439.913285
6.434814,8,439.923187
-26.668495,8,439.92499
-4.038174,8,439.944779
-84.240086,8,439.954156
-2.128551,8,439.963579
-8.663164,8,439.975932
-13.680868,8,439.989368
3.788024,8,439.999399
-14.354364,8,440.008935
2.177708,8,440.018632
-30.872565,8,440.018632
-0.504559,8,440.034394
-16.411491,8,440.052108
-20.04663,8,440.057766
-19.496485,8,440.06782
-17.723047,8,440.081695
-3.799847,8,440.081695
-54.433643,8,440.108383
-4.869273,8,440.121316
0.896572,8,440.135607
-38.855086,8,440.139605
-15.686749,8,440.153638
-22.190634,8,440.153638
-21.227777,8,440.173463
-201.518567,8,440.181496
-6.265308,8,440.185256
-165.000856,8,440.185256
-4.447632,8,440.20873
1.793405,8,440.217479
-8.829699,8,440.219483
7.134136,8,440.241851
-31.623412,8,440.255278
-44.142327,8,440.265292
-1.164282,8,440.276559
0.66748,8,440.286593
-12.999817,8,440.296366
-4.311346,8,440.306047
-16.308832,8,440.318116
1.106046,8,440.327869
-39.588546,8,440.335879
-2.546975,8,440.350274
3.393533,8,440.361983
-36.854663,8,440.371996
-3.312567,8,440.386
4.700068,8,440.395776
-49.284007,8,440.407522
-17.548605,8,440.4192
-3.583433,8,440.427932
0.042662,8,440.438978
-37.235592,8,440.450734
7.224999,8,440.462754
-8.094762,8,440.470503
-14.869524,8,440.470503
-4.892249,8,440.492218
1.808637,8,440.501988
-74.250633,8,440.512445
2.260801,8,440.525831
-7.58167,8,440.539404
-8.858718,8,440.549433
3.142694,8,440.561104
9.972319,8,440.571032
-29.365747,8,440.586941
-0.883866,8,440.596818
-4.204171,8,440.596818
-7.437775,8,440.614771
1.445389,8,440.632605
-22.917447,8,440.640615
-90.849889,8,440.64462
-18.957326,8,440.662642
-18.706745,8,440.66665
-37.011246,8,440.688603
-3.753717,8,440.697923
6.379828,8,440.707955
-21.54038,8,440.718023
-19.064222,8,440.725775
2.598637,8,440.733786
-1.537282,8,440.743279
-18.801242,8,440.753293
-0.784937,8,440.763067
-147.442726,8,440.772843
-6.174669,8,440.782876
-2.012348,8,440.865905
-16.041231,8,440.887933
-24.017103,8,440.897701
-58.634482,8,440.909499
-46.19166,8,440.919265
5.946572,8,440.929018
-1.697365,8,440.938786
3.199676,8,440.946815
-35.336427,8,440.960609
-21.490942,8,440.960609
1.581334,8,440.980355
7.582378,8,440.990366
-12.414064,8,440.992109
0.168868,8,441.009796
4.196206,8,441.023514
0.440764,8,441.03935
-50.105487,8,441.043362
1.109766,8,441.061111
-9.696204,8,441.069139
-31.182661,8,441.080908
-1.149369,8,441.093345
7.336032,8,441.103121
0.43335,8,441.111149
-50.92767,8,441.121554
-0.306212,8,441.134887
-19.543747,8,441.134887
-2.395843,8,441.159879
-40.118055,8,441.167909
3.663109,8,441.181328
-0.193604,8,441.191116
-13.197152,8,441.205026
-29.687771,8,441.219788
-29.028459,8,441.239063
-26.578745,8,441.251474
-30.837275,8,441.260494
-51.765842,8,441.266033
-65.831453,8,441.276548
-14.30305,8,441.29864
-13.251563,8,441.310399
6.0693,8,441.322172
-20.815876,8,441.336391
5.625904,8,441.345427
-1.956076,8,441.355458
5.425262,8,441.355458
7.025253,8,441.379206
2.422617,8,441.386959
-2.135041,8,441.394713
-21.733826,8,441.404738
-50.266165,8,441.416759
3.114726,8,441.42854
-22.630235,8,441.446315
-106.750131,8,441.461201
-0.27316,8,441.476595
-57.91056,8,441.484627
-0.570168,8,441.496248
-14.573905,8,441.50793
-96.763534,8,441.522767
-6.159485,8,441.536541
-19.176899,8,441.55161
4.782089,8,441.568509
-15.472564,8,441.583184
-26.870395,8,441.594969
-54.731287,8,441.610126
-17.555906,8,441.622174
-3.839859,8,441.637892
5.730743,8,441.654001
-18.517745,8,441.66982
-6.695452,8,441.685287
0.368854,8,441.704595
-1.956709,8,441.71479
0.064212,8,441.729385
-29.551392,8,441.748006
-73.935758,8,441.764733
0.760203,8,441.779357
-1.126274,8,441.800076
-91.564802,8,441.824824
-0.755037,8,441.842544
-18.866293,8,441.854154
-3.218624,8,441.863439
-17.806914,8,441.880028
3.976319,8,441.893934
-41.076024,8,441.911391
-16.852049,8,441.924079
-6.88694,8,441.938083
-9.862269,8,441.943963
-2.830278,8,441.95398
-2.175366,8,441.975288
3.176317,8,441.993535
-7.188133,8,442.011008
-0.208252,8,442.024756
0.38095,8,442.032527
-15.624638,8,442.045875
2.92659,8,442.061754
-4.518933,8,442.075821
-5.038989,8,442.08761
-0.220836,8,442.095377
-6.788609,8,442.111355
-23.55169,8,442.121265
1.424839,8,442.13703
3.338217,8,442.147089
-21.842279,8,442.192708
0.769419,8,442.214685
-14.723851,8,442.224411
2.21563,8,442.234409
-15.295867,8,442.249636
-35.037589,8,442.258328
2.329629,8,442.266328
-0.161375,8,442.275328
3.686058,8,442.281325
-0.182662,8,442.297106
3.995889,8,442.307148
-2.446212,8,442.312912
2.668308,8,442.329023
-52.024669,8,442.329023
-66.931994,8,442.344998
-23.779206,8,442.360902
2.438558,8,442.37705
-48.602972,8,442.37705
-0.348909,8,442.394951
-6.498305,8,442.410783
-21.282056,8,442.425081
3.411552,8,442.437514
-0.336201,8,442.450408
-33.201957,8,442.464249
-5.297326,8,442.479323
-4.2159,8,442.494855
-2.028938,8,442.506116
-28.196103,8,442.516232
-28.114867,8,442.529671
-23.227505,8,442.541716
-24.692353,8,442.549487
4.53062,8,442.561905
-0.488151,8,442.581224
-2.324797,8,442.591256
0.291604,8,442.603042
-5.668907,8,442.612822
-32.30269,8,442.624584
5.097626,8,442.638348
-4.272018,8,442.648112
3.449349,8,442.658152
-46.080201,8,442.67215
2.86283,8,442.68594
-18.304735,8,442.695718
2.184014,8,442.703746
-27.991604,8,442.717142
5.159367,8,442.726896
2.20686,8,442.736649
-19.240671,8,442.746359
-1.920234,8,442.760014
-57.024435,8,442.768044
-14.813884,8,442.782785
-6.329396,8,442.793816
1.084155,8,442.805926
-9.356935,8,442.815937
-17.917785,8,442.825171
-23.180136,8,442.833665
3.134637,8,442.847167
-38.533457,8,442.856932
-16.760053,8,442.864698
-9.219281,8,442.87471
-34.832231,8,442.886503
-3.695028,8,442.90029
-4.351405,8,442.912061
-8.648907,8,442.922094
3.09263,8,442.933741
-1.414319,8,442.943512
-0.366921,8,442.951542
-105.954929,8,442.961329
-0.307114,8,442.973354
-61.976003,8,442.981122
-0.800143,8,442.990898
-34.575524,8,442.99299
3.302515,8,443.006531
1.75972,8,443.027014
-44.570844,8,443.036543
0.146923,8,443.050856
0.6826,8,443.063439
-57.623751,8,443.076475
-9.060433,8,443.08657
-30.670631,8,443.095603
-2.033983,8,443.108219
4.383564,8,443.119444
-43.350938,8,443.129529
-98.732293,8,443.138024
-60.029399,8,443.150725
6.427224,8,443.161255
-4.110701,8,443.172018
1.708578,8,443.186498
5.49163,8,443.198421
-17.151187,8,443.209261
-3.481512,8,443.225043
0.409701,8,443.23443
0.830757,8,443.251401
-35.795422,8,443.269507
-0.816697,8,443.285643
-199.395709,8,443.303613
1.299202,8,443.321956
-26.020317,8,443.339834
-45.514727,8,443.350831
-161.7215,8,443.36329
-25.831081,8,443.383207
-23.114935,8,443.396265
-1.251232,8,443.412072
2.22361,8,443.423867
-2.907961,8,443.443436
-4.510876,8,443.453227
-10.237821,8,443.465019
-50.064041,8,443.474887
-13.776378,8,443.482908
-7.555119,8,443.496943
-2.511744,8,443.498951
-15.674599,8,443.515014
-18.539146,8,443.607593
-16.290165,8,443.617624
-17.362871,8,443.627481
-47.506364,8,443.638149
-34.761731,8,443.654877
-9.530434,8,443.663445
-1.461809,8,443.67297
0.538382,8,443.681509
-1.466659,8,443.69364
-5.663473,8,443.701629
-5.618147,8,443.711545
1.258168,8,443.720488
-34.087429,8,443.734479
4.264,8,443.749644
0.026804,8,443.764654
-84.274219,8,443.775089
-19.268094,8,443.786397
-25.017352,8,443.796345
-97.576996,8,443.804608
-22.14645,8,443.812239
-38.400427,8,443.826423
6.111212,8,443.836425
-15.995497,8,443.843838
6.301723,8,443.851843
-30.554049,8,443.85661
-15.505009,8,443.8798
8.747689,8,443.891581
-11.02839,8,443.901356
3.086092,8,443.915451
-14.15171,8,443.9295
-7.245179,8,443.942193
-19.555771,8,443.952278
2.349275,8,443.966573
-19.667988,8,443.981649
-0.12904,8,443.993697
-0.44171,8,444.004829
2.078188,8,444.018506
2.237313,8,444.031497
0.674189,8,444.047591
-9.570745,8,444.060489
-46.243554,8,444.077577
-43.336921,8,444.094387
-36.368768,8,444.106328
-47.385256,8,444.117365
-2.585079,8,444.13413
1.152961,8,444.147607
-0.020125,8,444.158355
4.625886,8,444.169357
-24.701342,8,444.1866
-2.95701,8,444.201439
-39.673101,8,444.217367
4.896296,8,444.226829
2.334859,8,444.244158
-7.006422,8,444.25394
-4.971281,8,444.265984
3.1379,8,444.267734
3.212624,8,444.287812
0.855541,8,444.295821
-1.99065,8,444.309589
3.148577,8,444.317956
6.230028,8,444.329394
-31.397717,8,444.339171
-28.143169,8,444.348948
1.847643,8,444.365937
-36.737047,8,444.378211
-2.998207,8,444.391881
4.120278,8,444.404285
-10.502997,8,444.419834
-5.207003,8,444.433677
-17.552717,8,444.445305
1.656103,8,444.455348
-6.131931,8,444.465672
-13.896212,8,444.481916
3.993545,8,444.494164
-19.628261,8,444.503937
-4.965862,8,444.511986
-12.781668,8,444.533856
-16.962027,8,444.543639
3.667323,8,444.553419
2.070716,8,444.563452
-3.626346,8,444.577204
1.257498,8,444.587585
-42.512323,8,444.598864
-1.177685,8,444.61133
-11.925221,8,444.625963
-33.578102,8,444.637619
-8.783056,8,444.651021
-21.021296,8,444.661839
-3.980295,8,444.679297
-6.623335,8,444.690617
5.311068,8,444.702034
-8.506944,8,444.713411
-6.10136,8,444.727316
2.330961,8,444.738519
-19.188817,8,444.743957
1.888095,8,444.766197
1.064117,8,444.780807
-37.118866,8,444.790659
0.64768,8,444.801613
-6.666252,8,444.812351
-79.086878,8,444.829262
-31.894372,8,444.838283
0.91896,8,444.848971
-31.123894,8,444.85398
2.472753,8,444.874024
-18.806812,8,444.884056
1.739244,8,444.893829
-1.904282,8,444.903604
-15.160821,8,444.916704
-0.437926,8,444.925732
-20.935856,8,444.935437
-112.170589,8,444.943466
-4.938684,8,444.957252
1.193807,8,444.9723
-24.83433,8,444.986348
-2.749176,8,444.996124
-2.417639,8,445.00824
-21.396561,8,445.018008
1.668723,8,445.02778
-99.75636,8,445.035808
2.49485,8,445.049321
6.306207,8,445.059075
0.433186,8,445.068452
2.079756,8,445.078607
-19.011844,8,445.090173
4.832881,8,445.108202
3.013567,8,445.110713
-4.198026,8,445.126736
0.981511,8,445.140585
-18.646693,8,445.142594
-5.322484,8,445.158225
-0.326848,8,445.166714
-14.232287,8,445.181637
-39.271097,8,445.19173
-12.885781,8,445.200025
-43.40189,8,445.210703
-42.509129,8,445.227374
-11.369344,8,445.240697
-35.684373,8,445.255259
2.291714,8,445.266161
-57.579104,8,445.280078
4.602054,8,445.29171
-11.174153,8,445.301546
1.787481,8,445.311363
-8.031164,8,445.327135
1.62716,8,445.337137
2.095997,8,445.346011
-45.282597,8,445.357385
-49.035618,8,445.371748
2.316006,8,445.381789
-16.102427,8,445.397579
-1.857099,8,445.407361
-11.094013,8,445.421048
0.461342,8,445.429072
-36.434716,8,445.442042
-8.055472,8,445.452055
-20.154435,8,445.456068
-16.580748,8,445.464103
0.876321,8,445.482192
-20.385253,8,445.495962
-14.528963,8,445.509457
-3.098072,8,445.519494
-4.650893,8,445.529954
-0.280314,8,445.545085
-18.136959,8,445.559117
-12.372786,8,445.569153
4.61007,8,445.580935
-1.769304,8,445.59071
-4.603192,8,445.601816
-2.550372,8,445.635009
-4.357069,8,445.650374
2.717453,8,445.6683
-4.975158,8,445.682095
-25.323854,8,445.691543
4.165612,8,445.701579
6.692673,8,445.707102
-55.64534,8,445.728478
-15.120364,8,445.739234
1.822372,8,445.749272
2.41442,8,445.750278
-41.41808,8,445.774836
-21.626049,8,445.785877
0.388459,8,445.7976
-0.631499,8,445.810318
-48.513592,8,445.820946
5.99797,8,445.820946
0.844179,8,445.836146
-1.737492,8,445.85204
1.561992,8,445.868109
-22.66205,8,445.879879
-14.994016,8,445.893286
-16.063311,8,445.90304
-32.107106,8,445.914887
-14.769662,8,445.924921
-35.785321,8,445.934358
-0.707898,8,445.942385
-0.540933,8,445.955945
-36.89586,8,445.965205
-135.184213,8,445.976001
-75.777577,8,445.987078
1.469752,8,446.009284
-47.414041,8,446.021319
-22.215274,8,446.032507
-9.690087,8,446.042547
-0.603292,8,446.056319
2.722396,8,446.060813
4.772587,8,446.077489
-19.627813,8,446.08771
-16.05511,8,446.094093
-18.840154,8,446.112779
4.466491,8,446.127491
-21.161497,8,446.140584
-8.530745,8,446.155365
5.276522,8,446.171286
2.633479,8,446.183308
-85.121569,8,446.194925
-19.112866,8,446.212746
6.925605,8,446.229429
3.997637,8,446.240677
1.094527,8,446.250681
0.543804,8,446.682544
2.88699,8,446.690486
-4.31172,8,446.698252
-16.47305,8,446.70428
-2.631494,8,446.720431
-36.523138,8,446.732115
1.322546,8,446.740707
-40.746454,8,446.74846
-13.888081,8,446.758848
2.649138,8,446.768079
-11.954713,8,446.776431
3.387114,8,446.786202
3.174921,8,446.797961
1.359325,8,446.808482
-5.387763,8,446.81752
-21.682083,8,446.825545
-45.667843,8,446.835401
-62.991467,8,446.84315
-24.786243,8,446.857183
-4.531853,8,446.86495
-11.098667,8,446.876967
7.019946,8,446.887234
3.882201,8,446.899585
3.012202,8,446.909365
3.280154,8,446.921713
-2.048722,8,446.931497
-14.882664,8,446.942276
-20.234261,8,446.951376
-11.565694,8,446.963568
-14.890688,8,446.973835
0.38375,8,446.987668
3.396671,8,447.000531
2.825752,8,447.013338
-37.82836,8,447.022395
-12.709802,8,447.031529
-7.02785,8,447.041212
-5.351134,8,447.055438
1.152431,8,447.063617
-5.229781,8,447.070936
-34.135846,8,447.084033
-0.965424,8,447.097136
2.747926,8,447.106475
0.235182,8,447.117385
1.693401,8,447.13044
3.253691,8,447.143515
-14.884794,8,447.151264
-4.268213,8,447.161017
5.569017,8,447.169026
-4.995808,8,447.169026
-39.300254,8,447.184992
-16.210999,8,447.184992
7.029017,8,447.201362
2.165593,8,447.222624
0.742087,8,447.23274
-20.525557,8,447.23274
12.033747,8,447.248752
2.996083,8,447.268733
-19.715155,8,447.278487
-2.21209,8,447.286497
-41.426392,8,447.296589
-12.437661,8,447.307587
-15.661758,8,447.31692
-19.32915,8,447.327678
-13.674697,8,447.33846
-181.037983,8,447.34901
-7.386705,8,447.358606
1.035991,8,447.368641
3.007631,8,447.371388
-37.874816,8,447.394558
-72.050511,8,447.404486
-43.177038,8,447.412934
-3.409646,8,447.420237
-25.667067,8,447.435904
-32.633312,8,447.451803
3.532458,8,447.45597
-2.0736,8,447.469538
-13.596036,8,447.483445
-8.582557,8,447.483445
4.038244,8,447.501326
2.599044,8,447.513087
1.875706,8,447.53097
-20.788787,8,447.53097
-7.441258,8,447.544812
6.702439,8,447.562586
-4.646143,8,447.576535
-49.854912,8,447.576535
8.758309,8,447.594433
-16.433178,8,447.610385
-29.024084,8,447.610385
-16.718753,8,447.626142
-18.170708,8,447.640249
-42.198909,8,447.642254
-0.658567,8,447.65621
-7.378504,8,447.674248
-28.389059,8,447.688245
-19.261879,8,447.688245
-48.019853,8,447.7111
1.490272,8,447.719133
-63.436345,8,447.728164
-20.260646,8,447.737936
5.830543,8,447.751709
-45.182299,8,447.75972
-15.517714,8,447.772076
-163.274046,8,447.776086
4.844427,8,447.792616
0.890281,8,447.799272
8.453053,8,447.799272
1.681821,8,447.81726
4.195846,8,447.835353
3.930921,8,447.839358
-77.558186,8,447.849257
0.405004,8,447.849257
-34.719376,8,447.867857
-23.428294,8,447.881553
-0.883517,8,447.897532
3.262028,8,447.905284
5.992319,8,447.911736
-43.465557,8,447.923338
1.489434,8,447.927396
-0.514749,8,447.945221
-2.770187,8,447.959004
-24.991109,8,447.968318
-8.251685,8,447.977422
1.946396,8,447.985449
-21.107745,8,448.002321
4.681914,8,448.011833
2.352903,8,448.021007
-95.508487,8,448.027512
1.335335,8,448.044132
3.5923,8,448.056237
-71.580726,8,448.071496
-15.011504,8,448.08759
2.896155,8,448.10826
3.892099,8,448.110894
-18.124702,8,448.12996
-26.106896,8,448.140553
-49.471742,8,448.153561
-44.579593,8,448.160035
-2.877135,8,448.174902
-0.021234,8,448.185603
0.220515,8,448.198438
-19.822814,8,448.210681
-65.852093,8,448.21554
-8.698134,8,448.229933
5.270462,8,448.244365
-0.692528,8,448.260581
-17.006274,8,448.272397
-16.538366,8,448.282408
6.734372,8,448.296717
-2.361672,8,448.306159
-45.503937,8,448.317236
-19.443775,8,448.327417
-8.925074,8,448.343575
-0.799739,8,448.352631
-5.401615,8,448.363782
-106.863407,8,448.378429
-22.229533,8,448.391873
3.973349,8,448.401873
-18.230646,8,448.41153
-37.087457,8,448.420973
2.448297,8,448.426646
3.832739,8,448.436367
-2.311882,8,448.454322
-6.02305,8,448.468454
-40.815843,8,448.481306
7.045824,8,448.490193
-16.864588,8,448.500206
-0.0357,8,448.509878
4.044075,8,448.525645
4.295172,8,448.537403
-15.565402,8,448.551163
-17.238658,8,448.561176
-1.979542,8,448.574436
-210.800699,8,448.583438
0.479705,8,448.594717
-4.387195,8,448.604375
-3.938183,8,448.616162
-21.612636,8,448.627347
-2.970894,8,448.637376
-6.945331,8,448.647408
3.051819,8,448.673185
-54.688686,8,448.686446
-2.130643,8,448.697079
8.146703,8,448.707471
-7.30932,8,448.723494
-17.994786,8,448.735219
-3.825958,8,448.747324
1.609671,8,448.75831
-8.880899,8,448.776928
2.111182,8,448.790648
-123.963704,8,448.802224
2.072833,8,448.819026
-35.996878,8,448.832945
-84.678511,8,448.85425
-0.877273,8,448.860748
-43.664674,8,448.884382
-18.900686,8,448.901189
-10.12732,8,448.914841
-30.058859,8,448.927418
-0.573418,8,448.9417
-3.606582,8,448.981868
1.485692,8,449.000087
0.27768,8,449.010834
-21.200778,8,449.025962
0.932693,8,449.041886
-22.468348,8,449.057563
-39.816302,8,449.068578
1.361337,8,449.08181
-18.760385,8,449.202109
-18.319349,8,449.223482
0.751164,8,449.233496
-48.012148,8,449.233496
-21.983738,8,449.251207
-50.867252,8,449.265331
-30.537022,8,449.265331
-2.026949,8,449.281271
3.597226,8,449.297305
-16.70978,8,449.297305
-17.240153,8,449.313283
-22.611879,8,449.331481
-27.787272,8,449.346952
-21.862746,8,449.356934
2.422111,8,449.365928
-41.670774,8,449.376185
4.707692,8,449.387714
-18.023618,8,449.389526
3.912543,8,449.403153
-3.463029,8,449.403153
2.3095,8,449.420934
-76.251865,8,449.436994
0.132392,8,449.439405
2.92479,8,449.46197
-25.470965,8,449.473518
5.853662,8,449.488806
5.944628,8,449.498827
1.574253,8,449.502838
0.113865,8,449.516523
-7.732886,8,449.540855
4.260021,8,449.550857
1.052599,8,449.557072
-16.653912,8,449.570884
-7.754282,8,449.570884
-4.259329,8,449.586739
-3.210645,8,449.602764
5.273069,8,449.618873
5.254912,8,449.628911
6.353574,8,449.642688
1.166222,8,449.652462
2.299788,8,449.664114
-16.363962,8,449.673724
-0.515348,8,449.683755
3.592473,8,449.693786
4.641955,8,449.69754
-61.223501,8,449.713435
-0.043415,8,449.713435
-25.083313,8,449.72958
-2.730516,8,449.752299
-58.099144,8,449.762335
-1.225121,8,449.772369
-19.093678,8,449.780141
-37.425964,8,449.793807
-1.922417,8,449.80356
5.90235,8,449.811198
-3.652985,8,449.820972
-4.182095,8,449.832063
-0.895579,8,449.840826
-15.837891,8,449.848857
-1.820057,8,449.861912
-1.154172,8,449.878731
0.688979,8,449.888509
-38.669956,8,449.898543
1.272147,8,449.910491
-144.086646,8,449.921954
-0.321963,8,449.931709
-0.825196,8,449.941483
-3.248422,8,449.951267
7.010962,8,449.962667
-14.132841,8,449.972224
0.562264,8,449.98766
-28.248513,8,449.994164
2.327746,8,450.010924
-49.286391,8,450.027677
-5.228602,8,450.038767
4.303915,8,450.044333
1.465897,8,450.061923
0.826314,8,450.077645
-20.442281,8,450.088725
-11.487288,8,450.094352
-6.767111,8,450.110866
3.301773,8,450.12376
-27.048169,8,450.12376
-24.581223,8,450.139382
-14.135996,8,450.157418
-1.220184,8,450.171681
-37.524172,8,450.171681
-3.567255,8,450.194195
-0.068846,8,450.209521
-2.560912,8,450.211047
-20.238072,8,450.222833
-38.644174,8,450.24186
-19.35753,8,450.255291
-76.480471,8,450.26456
3.722536,8,450.27715
4.2265,8,450.288702
-7.34812,8,450.296287
-82.292723,8,450.310892
-73.847231,8,450.327533
2.848457,8,450.343815
1.665274,8,450.356339
5.573233,8,450.360818
-0.05231,8,450.377424
-73.556844,8,450.387626
-65.415124,8,450.394099
-19.278295,8,450.410412
-3.53812,8,450.423209
-7.97819,8,450.433548
4.598262,8,450.447213
-32.635726,8,450.457587
-5.418267,8,450.473484
-27.371315,8,450.483481
-1.26421,8,450.4968
-2.056272,8,450.50433
-66.142706,8,450.50433
-0.759922,8,450.527635
0.059876,8,450.543301
-12.357659,8,450.552799
-15.860251,8,450.554802
-0.843356,8,450.571709
-4.618403,8,450.582688
-4.311793,8,450.590161
5.471447,8,450.607146
-18.372834,8,450.60961
-2.797117,8,450.624973
-17.935217,8,450.638629
-33.844823,8,450.646353
-18.919634,8,450.664863
-9.273511,8,450.677362
-7.12605,8,450.687402
-18.923137,8,450.698273
-103.31099,8,450.708318
-1.000237,8,450.722043
4.821389,8,450.731529
-12.04786,8,450.742754
0.586699,8,450.760814
-24.177899,8,450.775062
-6.523845,8,450.777461
-6.687138,8,450.795826
1.49322,8,450.802826
-5.948648,8,450.814531
-3.375218,8,450.821534
-4.375343,8,450.821534
-2.043959,8,450.839206
5.70353,8,450.850976
4.05429,8,450.861007
10.122487,8,450.874459
-17.352835,8,450.887964
-9.287133,8,450.901495
-31.716852,8,450.909528
-0.582517,8,450.919661
-2.161101,8,450.928625
-57.566215,8,450.941132
-36.949232,8,450.948517
-69.294671,8,450.95835
-26.913512,8,450.966445
-6.831244,8,450.982397
1.872765,8,450.993202
-16.657855,8,451.00329
4.705206,8,451.014535
1.942366,8,451.033429
-19.337982,8,451.044447
-111.695957,8,451.056792
-25.59458,8,451.071835
4.128055,8,451.090381
3.552573,8,451.100422
1.969991,8,451.111386
4.742056,8,451.121088
-77.057088,8,451.13754
6.458883,8,451.151433
-1.648651,8,451.164517
-18.494465,8,451.176377
-2.113932,8,451.200813
-41.196331,8,451.215715
-16.680745,8,451.231992
-16.518202,8,451.245327
0.778411,8,451.260778
-70.770661,8,451.27395
0.724239,8,451.28197
-28.96065,8,451.298283
-97.395765,8,451.314189
-1.665072,8,451.33084
1.507976,8,451.342628
-9.892396,8,451.346226
2.011784,8,451.368888
-4.020066,8,451.390643
-38.369388,8,451.404296
-11.71612,8,451.410689
0.384179,8,451.427467
-0.281872,8,451.443661
-36.877851,8,451.446192
-19.420952,8,451.462434
-20.556368,8,451.478265
-14.557101,8,451.488871
5.213357,8,451.499857
-0.59357,8,451.510779
2.488408,8,451.526834
-89.297407,8,451.541615
-19.303968,8,451.558412
4.920005,8,451.574978
1.552656,8,451.584737
-32.8062,8,451.584737
-21.814039,8,451.610985
4.414585,8,451.620768
-8.912389,8,451.632532
3.840348,8,451.641675
-31.568623,8,451.65507
-36.09209,8,451.667115
-4.155413,8,451.680822
-2.864524,8,451.692868
4.019871,8,451.709179
-26.731265,8,451.719117
-16.062002,8,451.732669
2.064791,8,451.742444
-21.212272,8,451.752475
-18.043748,8,451.765058
-11.766082,8,451.778999
-2.260374,8,451.788482
-57.400253,8,451.798452
-2.377466,8,451.807416
-22.908627,8,451.81952
-64.336513,8,451.830382
-21.358752,8,451.844299
-17.944752,8,451.854431
-1.126124,8,451.870464
-35.451852,8,451.881236
3.057519,8,451.89134
0.028088,8,451.901329
2.235653,8,451.914434
-0.910155,8,451.924166
-87.543696,8,451.933483
-45.253662,8,451.942859
3.31087,8,451.955343
-49.4399,8,451.966438
-17.52345,8,451.981401
-3.26899,8,451.996514
1.947865,8,452.009363
-28.046092,8,452.017363
-21.495571,8,452.026401
-43.385574,8,452.035465
-15.345826,8,452.04867
2.456171,8,452.058474
-1.743151,8,452.068473
-3.669162,8,452.081505
-17.794535,8,452.096269
-3.048212,8,452.10404
-5.503709,8,452.115859
-30.964307,8,452.129463
-29.798236,8,452.145567
-4.223078,8,452.15552
-1.019104,8,452.165517
-20.645323,8,452.175015
-0.525989,8,452.191125
10.114703,8,452.200121
-16.358401,8,452.212114
-14.500536,8,452.221102
-104.247223,8,452.23321
1.477121,8,452.244251
-6.43047,8,452.254408
-64.031972,8,452.265941
-16.315312,8,452.283006
4.64698,8,452.293005
5.296537,8,452.303006
-27.469049,8,452.30512
3.178804,8,452.329034
-2.449738,8,452.330034
-36.735508,8,452.347734
-7.726916,8,452.359645
-16.593295,8,452.372031
-6.316051,8,452.382989
-42.170346,8,452.388749
-2.532546,8,452.402242
-65.759866,8,452.419398
-26.760816,8,452.43168
5.149312,8,452.444474
6.133375,8,452.454785
-113.980158,8,452.465101
0.050043,8,452.471406
5.334529,8,452.471406
-6.584771,8,452.49244
3.403758,8,452.504401
3.011155,8,452.509285
1.948386,8,452.521521
5.146201,8,452.532038
-17.029924,8,452.542416
2.787895,8,452.563814
2.613724,8,452.574197
-22.640869,8,452.584234
-17.694378,8,452.597641
-103.152434,8,452.607798
-91.696356,8,452.615825
-14.404937,8,452.626114
-29.484102,8,452.638188
-16.423476,8,452.638188
1.830573,8,452.654857
-7.100619,8,452.663755
-37.883045,8,452.679478
-92.49654,8,452.689111
-18.154487,8,452.689111
-6.348297,8,452.704851
3.743811,8,452.723598
-11.780044,8,452.730406
2.912428,8,452.743241
-23.480468,8,452.751276
-3.320612,8,452.756099
5.662371,8,452.772777
-16.467161,8,452.783729
-27.465278,8,452.790144
-2.804558,8,452.806373
2.574764,8,452.806373
-1.759308,8,452.833709
-1.358776,8,452.841761
0.878893,8,452.858393
-27.51862,8,452.858393
-1.684499,8,452.883077
-16.380206,8,452.896767
-21.192339,8,452.919544
-15.607417,8,452.9364
-0.179614,8,452.947729
-0.93744,8,452.957405
-26.114825,8,452.969401
8.998716,8,452.979324
5.008517,8,452.994624
-8.17168,8,453.008424
4.590456,8,453.022059
-11.646684,8,453.036057
-20.8593,8,453.046022
-25.716817,8,453.055678
-74.437016,8,453.199836
1.186224,8,453.208851
-56.437363,8,453.218605
-4.914248,8,453.228256
5.816591,8,453.240472
6.898436,8,453.248491
2.907907,8,453.256944
-18.500773,8,453.273759
-10.783399,8,453.290998
-21.677614,8,453.292054
5.344487,8,453.312109
-47.870442,8,453.322685
-36.235466,8,453.33895
0.835941,8,453.352515
-22.916264,8,453.367094
-5.275804,8,453.378371
-15.946027,8,453.392853
-19.003522,8,453.405534
6.995722,8,453.419125
-32.147036,8,453.436801
6.73295,8,453.452594
-16.623413,8,453.463402
-5.004762,8,453.480333
-3.965171,8,453.491677
-17.994763,8,453.508205
-16.226305,8,453.518901
-4.790356,8,453.533391
-49.18815,8,453.546002
-22.795906,8,453.561745
-8.795074,8,453.576158
-1.223843,8,453.595395
-37.355577,8,453.606281
-14.595402,8,453.632312
-40.453487,8,453.64809
-19.462999,8,453.660731
-101.063045,8,453.673592
-5.370109,8,453.689353
-15.411246,8,453.700676
-79.613187,8,453.7179
-3.990892,8,453.724628
-1.92789,8,453.740798
-5.059566,8,453.756239
6.854648,8,453.769722
1.208346,8,453.780703
-4.695399,8,453.800423
-5.006278,8,453.812425
-20.140826,8,453.820448
-33.860354,8,453.833758
-17.905295,8,453.845213
2.681109,8,453.85523
-41.98569,8,453.866989
-0.647501,8,453.877017
-22.368299,8,453.892936
-23.606405,8,453.898708
-1.358475,8,453.907515
-0.442093,8,453.923377
6.277963,8,453.941104
-1.143595,8,453.961486
2.123141,8,453.970501
-97.223706,8,453.972859
-18.715207,8,453.99585
1.415139,8,454.005619
-3.411974,8,454.017406
4.420788,8,454.017406
0.053375,8,454.045842
-4.179345,8,454.064659
-15.116841,8,454.075719
-8.920166,8,454.085726
3.879816,8,454.099224
1.884956,8,454.114648
-29.32892,8,454.124651
-0.377885,8,454.12765
-9.243633,8,454.145394
-9.109714,8,454.164001
-23.041766,8,454.177011
-0.022061,8,454.187009
-0.251131,8,454.198853
-23.858904,8,454.209886
-5.135,8,454.217918
-1.983969,8,454.223541
1.220996,8,454.240332
-0.28004,8,454.240332
-13.98852,8,454.256831
-11.095472,8,454.274531
-1.382895,8,454.295478
2.470081,8,454.306973
-6.575191,8,454.315118
8.839183,8,454.326901
-56.173151,8,454.338978
-50.524042,8,454.348578
-34.662149,8,454.358237
-26.89783,8,454.36625
-5.371799,8,454.377123
-11.280322,8,454.394532
-1.585934,8,454.413346
-84.697061,8,454.492934
-49.264005,8,454.510222
1.322501,8,454.527288
7.121438,8,454.537812
-2.115628,8,454.550556
-19.336269,8,454.56303
-58.732415,8,454.579828
-15.521055,8,454.591698
5.234661,8,454.601892
-56.07857,8,454.619357
-18.6363,8,454.628542
-2.447585,8,454.65021
-13.366689,8,454.661077
0.965837,8,454.683451
-16.879353,8,454.694424
-9.017145,8,454.708479
-10.206061,8,454.718833
-13.271023,8,454.731364
2.732224,8,454.743893
-79.630862,8,454.754442
-31.331035,8,454.764116
-118.858783,8,454.778541
4.938439,8,454.789771
4.938447,8,454.799695
5.546292,8,454.81054
-6.487328,8,454.827209
2.579951,8,454.838624
-4.723666,8,454.844638
-3.431583,8,454.86043
0.145864,8,454.874291
-23.465668,8,454.882324
-12.169954,8,454.893832
5.118603,8,454.903591
-29.414698,8,454.916344
-39.123957,8,454.925286
-63.444314,8,454.934445
-15.267082,8,454.943966
1.722109,8,454.960553
-16.631216,8,454.97427
3.577273,8,454.97727
-9.028063,8,454.99384
0.22558,8,455.006512
5.248306,8,455.016173
-12.328586,8,455.02172
-9.697009,8,455.02172
-25.826383,8,455.047177
-52.82081,8,455.053199
-25.577609,8,455.061229
-18.76489,8,455.069
-27.414151,8,455.095001
-94.445425,8,455.104471
-23.560178,8,455.113702
3.343379,8,455.122262
1.516476,8,455.13426
-11.068136,8,455.143077
-4.256551,8,455.153118
-49.813005,8,455.162089
-15.561661,8,455.173359
-23.180744,8,455.183395
-36.601011,8,455.193172
-17.889888,8,455.204909
-20.888755,8,455.218161
-19.087722,8,455.229319
-17.469818,8,455.237092
-6.806577,8,455.247473
-5.081848,8,455.260986
6.503248,8,455.2705
3.60636,8,455.279171
-0.822254,8,455.289925
-25.759585,8,455.300519
-17.819663,8,455.31096
-163.215766,8,455.32455
4.948574,8,455.334047
1.661417,8,455.345647
-7.322583,8,455.355499
3.304351,8,455.369337
-29.944555,8,455.379088
0.36302,8,455.392888
4.000128,8,455.400936
-54.517334,8,455.400936
-37.253118,8,455.41661
-7.15682,8,455.430605
-0.663129,8,455.44433
-18.35462,8,455.448342
-6.23984,8,455.463501
-8.199752,8,455.471778
-4.521665,8,455.487716
-2.749599,8,455.504282
-19.784881,8,455.516601
-0.076641,8,455.533477
-3.799712,8,455.552303
-14.713633,8,455.565067
-59.502747,8,455.578161
-40.62077,8,455.593588
2.914334,8,455.607003
2.629177,8,455.620792
-40.703004,8,455.627478
1.627547,8,455.644185
-21.982359,8,455.659884
3.591395,8,455.678877
2.22695,8,455.701014
-69.299908,8,455.721239
3.109926,8,455.734058
-97.346376,8,455.746387
-7.222841,8,455.759909
-194.015389,8,455.776572
-18.078042,8,455.790785
4.822752,8,455.801058
-5.95847,8,455.810343
-1.187279,8,455.825267
4.275415,8,455.839776
-118.584573,8,455.845875
-2.283056,8,455.860529
0.098323,8,455.880327
3.454055,8,455.893852
-0.343992,8,455.908481
-38.155303,8,455.918077
1.57803,8,455.934672
-15.444235,8,455.943845
-1.654357,8,455.957464
-17.497509,8,455.96876
-16.08654,8,455.983203
-10.40298,8,455.993804
-37.759891,8,456.013121
-0.319834,8,456.029244
-24.526247,8,456.043882
-2.352819,8,456.060553
2.797547,8,456.071141
-21.124934,8,456.090966
-9.642024,8,456.109466
-86.042989,8,456.121397
-11.215925,8,456.138167
-19.212818,8,456.149265
-3.161943,8,456.166862
-0.574904,8,456.179595
-30.859701,8,456.190643
-4.685439,8,456.202471
-32.452138,8,456.221873
-14.578157,8,456.239683
-10.000065,8,456.251377
0.131722,8,456.251377
-14.13128,8,456.265163
-0.957481,8,456.289332
2.86023,8,456.296842
-74.447327,8,456.296842
4.105777,8,456.322587
-17.943088,8,456.33438
-2.013516,8,456.344167
-34.584297,8,456.355588
6.166932,8,456.375938
2.807942,8,456.38793
-127.259914,8,456.394379
-7.205953,8,456.410538
-1.883376,8,456.427098
-36.520251,8,456.439855
-35.217364,8,456.451676
0.302062,8,456.465231
-14.408817,8,456.486693
0.112251,8,456.500498
-38.125948,8,456.511058
0.02716,8,456.525205
-11.947073,8,456.54088
-44.192221,8,456.559552
-61.944696,8,456.577093
6.841099,8,456.613463
-45.497656,8,456.639799
-38.220824,8,456.669372
0.920061,8,456.696109
-17.028789,8,456.709496
4.710096,8,456.728224
-68.561903,8,456.743509
-24.626978,8,456.759549
4.561306,8,456.771132
-10.86096,8,456.777156
5.287429,8,456.804535
-65.11841,8,456.816127
2.693187,8,456.827159
-95.039545,8,456.841847
1.826752,8,456.850945
4.381828,8,456.860503
-24.867743,8,456.874198
0.630181,8,456.885268
-32.010436,8,456.893939
1.817033,8,456.911026
-44.685683,8,456.921151
-25.086514,8,456.933049
-6.754866,8,456.943858
5.703706,8,456.958636
2.996774,8,456.968392
-9.266249,8,456.977212
-21.248514,8,456.988924
-14.274878,8,456.99945
0.713769,8,457.007042
-32.925797,8,457.02085
1.997516,8,457.02085
3.125454,8,457.038639
-4.251245,8,457.054686
2.284882,8,457.068754
-0.645671,8,457.073072
-4.139797,8,457.08662
-16.248718,8,457.102836
-22.103621,8,457.102836
2.733075,8,457.119039
-56.422178,8,457.141227
-79.689444,8,457.150724
-25.961327,8,457.156841
-1.395461,8,457.164496
-13.598125,8,457.180365
-16.630325,8,457.180365
1.465725,8,457.198259
-27.716519,8,457.212321
-48.817467,8,457.219836
-52.006321,8,457.23431
-14.791873,8,457.250273
-36.201764,8,457.260051
4.534489,8,457.269832
-5.109072,8,457.269832
-67.317501,8,457.285939
4.535822,8,457.302101
-3.860219,8,457.311799
-58.29238,8,457.317822
-20.831451,8,457.3334
-31.118901,8,457.342653
5.808796,8,457.354546
-23.404677,8,457.367723
7.776658,8,457.383193
3.679707,8,457.391799
-14.59466,8,457.391799
-1.676884,8,457.407859
-57.678374,8,457.423565
-4.884045,8,457.433582
-17.034855,8,457.441337
1.614842,8,457.441337
5.629341,8,457.468449
2.82462,8,457.470457
-21.323299,8,457.470457
-16.186997,8,457.492453
-3.81505,8,457.50426
-158.502691,8,457.520724
7.943891,8,457.530762
4.824326,8,457.541241
7.392334,8,457.552308
2.577094,8,457.562322
-2.699609,8,457.574646
-3.977367,8,457.585692
-2.799514,8,457.597874
1.676785,8,457.610474
-43.116603,8,457.619326
-1.892846,8,457.630488
3.497365,8,457.649553
2.855429,8,457.661624
2.598643,8,457.67608
-13.1142,8,457.686079
-36.5547,8,457.699598
2.090369,8,457.710363
3.430231,8,457.72033
1.746167,8,457.730002
-2.062868,8,457.749768
-21.661702,8,457.762751
-0.320416,8,457.781561
-0.270387,8,457.79655
-24.490987,8,457.813378
-0.012295,8,457.829989
-14.715855,8,457.840858
-99.238947,8,457.851617
3.47617,8,457.871094
-15.236469,8,457.884099
-1.386972,8,457.9001
-6.868566,8,457.9114
-13.762452,8,457.926113
-18.045382,8,457.935112
-6.251422,8,457.945803
-16.592238,8,457.957427
1.614683,8,457.973181
-19.211247,8,457.991836
1.486671,8,458.009482
-20.752407,8,458.02206
-18.415039,8,458.036063
-0.144026,8,458.050414
-17.824746,8,458.062499
-42.388583,8,458.073093
-18.748468,8,458.091802
2.228711,8,458.102819
-9.453981,8,458.110579
9.456632,8,458.133842
-0.171157,8,458.150294
-49.874704,8,458.163293
5.412321,8,458.181938
2.70768,8,458.194806
3.360156,8,458.211457
4.673231,8,458.230613
-2.249569,8,458.242501
-15.494622,8,458.255475
-0.275336,8,458.273166
-5.624393,8,458.285537
3.432422,8,458.30142
3.689371,8,458.314473
-21.84928,8,458.337842
-38.694644,8,458.349482
5.596623,8,458.369769
-80.156305,8,458.382131
3.737824,8,458.39962
5.72863,8,458.4129
3.191383,8,458.427338
0.120526,8,458.446802
-29.49784,8,458.466547
-18.763777,8,458.483113
-6.253385,8,458.497794
1.930291,8,458.51249
-3.679248,8,458.533076
-13.272577,8,458.546047
-32.180098,8,458.563515
-37.560408,8,458.580159
-51.842711,8,458.600548
-2.412511,8,458.61851
-17.004677,8,458.634198
2.483198,8,458.646636
-30.015305,8,458.696798
-0.88768,8,458.71191
2.761381,8,458.730153
-16.247855,8,458.743726
3.361658,8,458.762278
-20.256243,8,458.777186
-93.75685,8,458.793767
2.388065,8,458.811294
-3.064435,8,458.830632
-49.394339,8,458.84248
4.944802,8,458.859998
-24.017511,8,458.87816
-4.149477,8,458.89781
6.503543,8,458.916546
-7.652724,8,458.931508
8.499009,8,458.944407
2.4799,8,458.960691
-18.131867,8,458.972152
3.183123,8,458.983501
-8.543893,8,458.994447
-11.377003,8,459.019656
2.039539,8,459.032968
0.215561,8,459.045803
-19.345437,8,459.058515
5.361045,8,459.078636
-4.816512,8,459.09379
-18.783996,8,459.109512
-1.813512,8,459.12722
-19.52195,8,459.14406
-0.151593,8,459.154765
3.643049,8,459.165808
4.064251,8,459.17081
4.259671,8,459.196308
-59.042091,8,459.206347
-18.50391,8,459.215725
-40.166582,8,459.227658
-3.602289,8,459.235519
-4.481559,8,459.257188
-28.311873,8,459.267228
-29.577397,8,459.278568
4.878771,8,459.292002
-7.603734,8,459.301168
4.630585,8,459.307262
3.444163,8,459.32574
7.246489,8,459.343186
2.759081,8,459.354174
5.50281,8,459.371871
2.232437,8,459.374404
-49.583596,8,459.388468
-43.94456,8,459.401633
-17.240817,8,459.401633
4.952176,8,459.426563
-5.013403,8,459.442392
-0.517097,8,459.456974
-8.666238,8,459.467015
5.79694,8,459.475669
2.787649,8,459.486968
6.043725,8,459.503009
-0.910234,8,459.512316
2.422273,8,459.512316
-30.619552,8,459.532996
2.696791,8,459.550086
-41.757774,8,459.558602
-50.0617,8,459.571005
-23.901568,8,459.584046
1.198626,8,459.602438
-94.630438,8,459.618453
-42.713691,8,459.626783
3.210968,8,459.645845
-7.517485,8,459.656732
2.694605,8,459.686908
-6.862297,8,459.712482
0.665022,8,459.743492
-1.020857,8,459.756711
-2.515041,8,459.773154
2.418039,8,459.792487
-10.293613,8,459.820168
-9.328808,8,459.838914
1.874228,8,459.85964
0.514352,8,459.885369
5.04147,8,460.021385
-20.192409,8,460.038723
-36.116348,8,460.061491
-40.161702,8,460.076098
3.47683,8,460.094098
-0.39848,8,460.108209
6.639608,8,460.125258
-16.100121,8,460.139008
-1.211386,8,460.154625
5.275577,8,460.166165
-110.433589,8,460.177933
-13.131038,8,460.191261
-0.326321,8,460.208033
-59.980084,8,460.221603
-0.135241,8,460.236959
-19.421953,8,460.254429
-19.695633,8,460.271315
2.933928,8,460.282838
-24.374182,8,460.294417
-30.502312,8,460.306445
-10.401948,8,460.321025
-16.872416,8,460.330294
4.107012,8,460.330294
-13.981464,8,460.354298
1.815603,8,460.362175
-16.788004,8,460.379152
-12.210399,8,460.389171
0.703811,8,460.403224
2.080341,8,460.417981
-9.695855,8,460.429034
-12.457492,8,460.438812
5.638486,8,460.440819
-9.985109,8,460.463392
0.918821,8,460.476607
-16.868605,8,460.492178
2.562388,8,460.503265
2.504273,8,460.5167
-0.132293,8,460.527696
-21.234698,8,460.537909
-0.783135,8,460.547905
7.102397,8,460.572446
4.713844,8,460.579439
5.48966,8,460.589469
-6.27449,8,460.601081
3.375483,8,460.615112
4.301235,8,460.625142
-5.952717,8,460.635023
-0.612572,8,460.642025
-19.262616,8,460.642025
4.571891,8,460.660176
-100.759328,8,460.673893
-2.40029,8,460.690202
-0.607953,8,460.708479
-28.109341,8,460.716746
1.979338,8,460.728904
-19.964375,8,460.737932
3.177019,8,460.751111
-9.572735,8,460.761887
-5.269996,8,460.774108
5.481542,8,460.787999
0.015316,8,460.790703
-1.704345,8,460.812296
-0.79598,8,460.820328
-20.83355,8,460.8248
-181.058578,8,460.848121
-10.173201,8,460.864031
-50.346269,8,460.879316
-5.63698,8,460.897191
-2.07888,8,460.907788
6.202709,8,460.924275
-26.957602,8,460.940509
-7.088937,8,460.940509
-34.98933,8,460.96699
-5.062817,8,460.979231
-3.291132,8,460.992393
5.775506,8,461.003848
2.479065,8,461.023379
-20.316885,8,461.040941
-9.844636,8,461.056939
-17.983088,8,461.071939
5.515071,8,461.087973
-80.441683,8,461.103525
2.131282,8,461.115925
-17.666296,8,461.131373
-0.493346,8,461.147641
1.497883,8,461.160161
4.256271,8,461.170905
3.073741,8,461.180919
-18.654301,8,461.193441
5.47637,8,461.202741
2.987459,8,461.217783
-32.86032,8,461.230039
-4.602904,8,461.251975
-2.710882,8,461.264655
-42.657981,8,461.277353
-10.470692,8,461.291354
-0.612822,8,461.308525
-4.705864,8,461.32222
-57.501745,8,461.333218
8.903292,8,461.349989
-4.082783,8,461.367187
-0.26162,8,461.381042
-16.00778,8,461.399884
5.698055,8,461.412883
-27.069393,8,461.430041
-90.276865,8,461.440873
-26.953475,8,461.455579
8.110334,8,461.474229
-31.161333,8,461.489228
2.378335,8,461.502224
-14.638995,8,461.514228
-15.397101,8,461.527666
4.855071,8,461.542888
-15.861661,8,461.555798
0.632265,8,461.570422
-34.382332,8,461.592206
-81.912492,8,461.609206
-24.810627,8,461.622207
1.365476,8,461.63621
-17.183813,8,461.651178
3.064464,8,461.668606
-22.753505,8,461.682224
-27.255696,8,461.704564
1.956184,8,461.718572
1.43259,8,461.735697
5.555698,8,461.74724
-17.482464,8,461.76564
4.967655,8,461.787488
-5.138529,8,461.810519
-33.9508,8,461.824295
-0.190127,8,461.836292
-21.085762,8,461.850738
-12.981972,8,461.868807
-2.31859,8,461.88226
-38.342722,8,461.896409
-21.205575,8,461.916692
2.890195,8,461.935168
-6.50557,8,461.953866
-4.997279,8,461.97103
-107.334476,8,461.983596
-17.662269,8,462.007475
-0.836492,8,462.024275
-37.758137,8,462.039361
0.169595,8,462.056358
-71.547384,8,462.07436
0.667391,8,462.087359
-2.266057,8,462.100359
-11.711346,8,462.113578
0.376242,8,462.130294
7.379789,8,462.146931
-32.482147,8,462.159929
-17.420935,8,462.174927
1.548482,8,462.200287
-1.031922,8,462.212576
-25.987593,8,462.227481
-86.151584,8,462.24093
-36.277115,8,462.259612
-8.17186,8,462.269897
-3.506703,8,462.283184
-2.987062,8,462.296907
-1.847944,8,462.315059
-97.933204,8,462.329093
-10.007036,8,462.344287
-21.170295,8,462.362524
-10.912597,8,462.377969
-7.132291,8,462.397657
-0.865107,8,462.411594
2.574558,8,462.426359
-86.008895,8,462.443851
-10.982849,8,462.45904
-10.937166,8,462.478403
-4.855433,8,462.4914
-66.522254,8,462.508329
0.05225,8,462.523505
1.333216,8,462.540475
-0.700578,8,462.552463
1.926266,8,462.575758
6.338628,8,462.594038
-2.55559,8,462.609231
-6.317815,8,462.619224
-1.674593,8,462.636583
-4.033099,8,462.650505
4.450885,8,462.662839
2.574879,8,462.676189
-45.461861,8,462.697191
-62.056268,8,462.711191
3.615308,8,462.721521
-44.95499,8,462.737115
8.474422,8,462.758041
7.461845,8,462.770043
-18.890131,8,462.791473
3.129094,8,462.808887
-18.791947,8,462.824876
4.796481,8,462.836398
1.962027,8,462.848724
-62.557901,8,462.864557
-48.407936,8,462.880763
3.486677,8,462.895485
-42.859959,8,462.914526
5.185836,8,462.928326
-2.167096,8,462.944412
-35.219384,8,462.972314
-32.320941,8,463.158458
3.152791,8,463.178277
-20.253207,8,463.227295
-6.795193,8,463.243738
-16.803073,8,463.261113
-19.181985,8,463.277274
-5.04096,8,463.294991
-1.304235,8,463.311527
-7.554697,8,463.333626
-1.217066,8,463.350561
-4.547616,8,463.370396
3.63294,8,463.38794
-33.903244,8,463.404585
-33.101767,8,463.439003
-1.06835,8,463.460582
-16.759006,8,463.476577
1.207932,8,463.496919
-3.226105,8,463.513535
-12.894925,8,463.535251
-84.127453,8,463.558376
-55.43926,8,463.575242
1.193883,8,463.593663
4.424739,8,463.614658
-34.538412,8,463.629153
-46.189203,8,463.655578
-41.087078,8,463.677372
1.945,8,463.699871
-3.856603,8,463.713868
-26.980827,8,463.725948
4.305098,8,463.737979
1.633341,8,463.757635
2.574994,8,463.775361
2.506943,8,463.786358
-86.814888,8,463.797318
-56.68258,8,463.811318
-14.895946,8,463.819662
5.932344,8,463.831686
-36.976441,8,463.842772
0.898471,8,463.866881
-0.600338,8,463.882825
1.887687,8,463.895228
-18.232991,8,463.908228
-19.53315,8,463.923232
-23.089779,8,463.933254
-39.838392,8,463.944017
-9.703618,8,463.956721
-65.633756,8,463.97134
-2.380084,8,463.982418
-31.63868,8,463.999529
7.972791,8,464.015277
-15.464337,8,464.032279
-16.631944,8,464.052273
2.834489,8,464.067229
-1.996727,8,464.079831
3.257261,8,464.09442
3.33747,8,464.112821
-57.889641,8,464.124122
-42.885169,8,464.133232
-13.148073,8,464.148784
-16.737888,8,464.160142
-15.347298,8,464.170141
0.825294,8,464.182013
5.23376,8,464.19569
2.548647,8,464.21359
-3.90222,8,464.226367
-23.936535,8,464.237524
-7.525299,8,464.252524
-20.307484,8,464.26398
4.544307,8,464.274417
-2.657933,8,464.286081
1.074081,8,464.300603
7.567743,8,464.314903
-6.634211,8,464.326822
-95.550257,8,464.335939
2.76757,8,464.349868
-84.776403,8,464.363865
6.077479,8,464.375146
6.03997,8,464.383541
-48.0547,8,464.396683
-5.764247,8,464.406715
-34.492217,8,464.416392
-6.252336,8,464.430419
6.351947,8,464.442652
-0.449339,8,464.453207
7.600451,8,464.462498
-16.813591,8,464.470498
5.541016,8,464.483117
-5.502011,8,464.495479
0.703321,8,464.509061
-19.744311,8,464.51899
-10.658875,8,464.538022
-0.728444,8,464.55024
-8.753726,8,464.561381
-7.825383,8,464.571297
-37.366177,8,464.584397
-0.558751,8,464.595389
-50.757061,8,464.605303
-2.062585,8,464.61941
-23.686706,8,464.642061
1.309528,8,464.654599
-15.556156,8,464.670672
-7.634602,8,464.681668
-10.65823,8,464.695751
-63.649423,8,464.705709
-10.87198,8,464.709392
-31.92502,8,464.72731
2.257739,8,464.7449
0.143237,8,464.755281
3.528279,8,464.75605
-25.533573,8,464.777236
-42.300704,8,464.790261
1.05168,8,464.799829
1.083064,8,464.810944
3.904643,8,464.827844
3.171737,8,464.845994
2.856502,8,464.856365
-7.455723,8,464.868896
-0.772069,8,464.880479
-11.022456,8,464.894476
-46.236837,8,464.905478
-20.369288,8,464.915176
3.053562,8,464.928334
9.072708,8,464.94102
-31.715072,8,464.950976
-12.502442,8,464.964734
2.795065,8,464.978635
-20.300254,8,464.994198
1.264388,8,465.005208
-46.612782,8,465.017198
-15.945126,8,465.029908
4.126544,8,465.04401
5.483507,8,465.055636
-0.978465,8,465.066642
-22.125507,8,465.084455
-2.994214,8,465.098016
-2.048867,8,465.10863
-8.355825,8,465.119629
-140.305032,8,465.12904
-37.105685,8,465.148351
-17.99859,8,465.160221
5.122351,8,465.17124
-0.729126,8,465.182253
-19.90992,8,465.200015
-15.392448,8,465.210578
-12.964154,8,465.220577
-1.679224,8,465.231798
-3.411277,8,465.244951
-6.900697,8,465.253949
0.873854,8,465.26457
-15.020079,8,465.276298
-2.277452,8,465.29497
3.607653,8,465.308671
-8.290192,8,465.321312
-8.491752,8,465.333334
0.749337,8,465.348335
3.771057,8,465.35967
-8.755774,8,465.371294
-31.104057,8,465.383299
2.381071,8,465.398299
-1.241744,8,465.412879
-5.478987,8,465.422298
-26.68192,8,465.434295
-3.216824,8,465.449303
2.614621,8,465.465614
-26.37557,8,465.47731
7.128612,8,465.48798
-65.913203,8,465.502993
3.133564,8,465.514744
-130.683889,8,465.530373
-89.388534,8,465.545007
-6.642448,8,465.560703
0.599809,8,465.571342
3.758689,8,465.582355
1.751042,8,465.593968
-14.910363,8,465.608696
-0.879084,8,465.630695
-19.737833,8,465.643695
4.159082,8,465.655694
3.349849,8,465.670699
-79.358279,8,465.682696
3.513488,8,465.696165
0.823167,8,465.707599
-5.120964,8,465.721909
-15.551013,8,465.731917
-12.215387,8,465.748946
-14.20094,8,465.761631
-3.49839,8,465.778632
-40.431992,8,465.792026
-18.195502,8,465.810621
-67.770181,8,465.822302
3.498684,8,465.839008
-31.318012,8,465.856647
-15.89877,8,465.868647
1.761452,8,465.881338
-11.996795,8,465.896339
-30.288396,8,465.908675
2.408057,8,465.919675
4.301967,8,465.933377
-43.746548,8,465.964751
-97.413368,8,465.985396
6.879597,8,466.00878
2.758103,8,466.024846
-1.301929,8,466.045143
2.748992,8,466.060917
-0.395962,8,466.082723
4.198962,8,466.098369
-4.199538,8,466.124373
-5.02881,8,466.141373
-1.462871,8,466.154544
-5.94862,8,466.167902
0.176395,8,466.186686
-18.105751,8,466.20108
-34.630513,8,466.213077
-18.66263,8,466.228664
5.126167,8,466.245499
-14.984888,8,466.257549
-0.911904,8,466.271348
4.370247,8,466.28314
-92.288933,8,466.302979
-89.009703,8,466.316793
0.324842,8,466.327978
-0.184746,8,466.341684
5.269038,8,466.359732
2.128395,8,466.371786
-17.511464,8,466.375545
4.935743,8,466.401856
3.789229,8,466.407392
-25.6741,8,466.423215
-0.353561,8,466.441075
-26.202283,8,466.453133
-10.809432,8,466.468982
-31.067541,8,466.4837
3.612423,8,466.495472
-4.825852,8,466.509393
4.688342,8,466.532515
0.940648,8,466.547516
-21.430047,8,466.562122
-21.477972,8,466.576947
-7.68866,8,466.596536
4.051521,8,466.607399
-7.009915,8,466.619399
-46.251263,8,466.631307
-10.557758,8,466.649307
-0.805546,8,466.662306
1.030024,8,466.673306
2.372343,8,466.684305
-1.025491,8,466.744993
-79.026674,8,466.757996
2.051266,8,466.766993
-20.069547,8,466.77628
-7.87824,8,466.795993
-2.411127,8,466.806675
-68.030689,8,466.81968
-35.570752,8,466.832458
3.330884,8,466.84903
-0.999373,8,466.864847
3.201763,8,466.875852
-35.67257,8,466.885851
-16.864245,8,466.904706
1.33061,8,466.916604
-45.825569,8,466.928885
-17.591775,8,466.943047
8.247846,8,466.960143
-18.029004,8,466.983454
-76.954362,8,466.997056
-0.804024,8,467.008675
2.912889,8,467.023358
-32.965486,8,467.034358
-27.427861,8,467.049011
-51.930527,8,467.059684
4.690794,8,467.07468
-5.364418,8,467.091684
-9.780048,8,467.102683
-17.974829,8,467.11414
-44.704956,8,467.12834
-103.771533,8,467.143961
-4.757972,8,467.15566
-108.440553,8,467.166659
-0.015858,8,467.181097
1.701914,8,467.195484
-14.524344,8,467.207636
-24.080369,8,467.218634
0.967584,8,467.233344
1.326899,8,467.244977
-19.994771,8,467.258057
-69.826887,8,467.267052
-137.771607,8,467.282359
1.588731,8,467.293016
5.73391,8,467.316663
-22.431879,8,467.327365
-19.653196,8,467.34187
-17.972794,8,467.356167
-1.120295,8,467.368173
-7.198796,8,467.380476
-3.216801,8,467.397479
3.928386,8,467.40848
-21.787979,8,467.41748
-19.520235,8,467.432477
1.699869,8,467.449093
-0.692288,8,467.461746
3.317265,8,467.478425
-1.18696,8,467.490081
9.944823,8,467.505731
-57.036678,8,467.517735
-19.898306,8,467.538185
5.112913,8,467.558615
-70.011326,8,467.576316
7.59958,8,467.588313
1.736199,8,467.598313
-18.673143,8,467.607971
0.445236,8,467.624367
6.232217,8,467.643037
-1.966371,8,467.655647
5.173115,8,467.671348
-1.2221,8,467.690063
-16.126599,8,467.702064
-21.645387,8,467.7147
-4.496237,8,467.729827
-22.919556,8,467.743825
-19.927513,8,467.759932
-36.184544,8,467.772378
3.346644,8,467.784378
-39.391307,8,467.799125
-4.212642,8,467.814127
-61.657317,8,467.831163
3.897973,8,467.846433
-0.77233,8,467.862454
-4.315613,8,467.877119
-7.482426,8,467.889076
-2.366962,8,467.901086
-3.86325,8,467.918344
-6.14198,8,467.932366
-3.45022,8,467.945121
-0.930623,8,467.95712
4.936561,8,467.976044
-16.338857,8,467.986338
-46.921205,8,467.997781
-17.065144,8,468.010413
0.827802,8,468.030487
-17.933368,8,468.044089
7.416542,8,468.056868
2.397311,8,468.068858
9.280863,8,468.088167
-19.066094,8,468.100137
-60.503749,8,468.110983
-5.250137,8,468.122558
3.325287,8,468.136824
-15.146697,8,468.146903
2.645395,8,468.159902
3.376225,8,468.174903
-0.913166,8,468.203161
-12.033592,8,468.218509
-5.37073,8,468.236871
-22.922991,8,468.250315
-16.984683,8,468.26626
3.589991,8,468.281499
-6.454869,8,468.296496
-17.61003,8,468.314294
-2.703513,8,468.33137
3.676606,8,468.344715
-26.080589,8,468.357694
-20.033875,8,468.373466
1.761159,8,468.393628
-19.316022,8,468.411628
-18.511884,8,468.429026
-17.570575,8,468.443033
-6.028306,8,468.462726
-64.524894,8,468.477391
4.5263,8,468.495454
-48.080521,8,468.513131
-18.630919,8,468.54094
-24.263315,8,468.558193
-113.359071,8,468.577542
3.841833,8,468.599604
-0.563238,8,468.626401
2.462779,8,468.657601
-6.022733,8,468.678778
5.92317,8,468.701975
-19.791333,8,468.725328
7.467603,8,468.740058
-56.897891,8,468.763299
0.555101,8,468.783678
3.74823,8,468.802802
-15.088741,8,468.820298
-9.745561,8,468.834373
-42.596137,8,468.847374
-102.023346,8,468.874419
-33.079816,8,468.887211
-34.033412,8,468.908659
-1.944223,8,468.923405
10.28083,8,468.942076
-1.781118,8,468.959176
2.594359,8,468.974363
5.819186,8,468.992068
-59.223588,8,469.008726
2.418968,8,469.022401
3.619939,8,469.034845
-115.678072,8,469.047117
2.09411,8,469.064782
-178.181358,8,469.079144
3.149433,8,469.10332
-15.752218,8,469.118723
-5.904938,8,469.135129
3.232617,8,469.149135
-42.896106,8,469.161127
4.321136,8,469.175129
3.727501,8,469.193298
-14.067415,8,469.213086
-0.035326,8,469.228508
-2.064744,8,469.243669
-5.600757,8,469.260666
1.754816,8,469.275839
0.825061,8,469.290057
-105.484601,8,469.308237
-2.382221,8,469.330912
-9.293241,8,469.347094
6.699911,8,469.363758
-60.431093,8,469.380422
-8.982975,8,469.400421
-0.09031,8,469.413702
-20.587371,8,469.436352
-9.495796,8,469.459939
-38.644983,8,469.47545
0.020261,8,469.487445
0.88458,8,469.500448
-21.427458,8,469.517068
-27.063954,8,469.53806
-1.986811,8,469.551069
-3.66527,8,469.562754
0.026367,8,469.578423
-20.771397,8,469.606423
0.840774,8,469.622426
-1.528277,8,469.637438
-4.170702,8,469.663489
-23.248757,8,469.681493
1.741273,8,469.696494
-24.961738,8,469.708327
4.37714,8,469.720381
-2.196483,8,469.742885
-7.533204,8,469.754444
-91.00319,8,469.762774
3.458994,8,469.782135
2.487292,8,469.791698
-46.473937,8,469.80969
-13.779086,8,469.819727
-19.613008,8,469.834285
5.059822,8,469.850422
-38.053756,8,469.863493
-20.880886,8,469.874792
-46.608767,8,469.888936
1.624993,8,469.909289
-67.759295,8,469.918838
-9.347288,8,469.922939
-29.64102,8,469.940983
1.308201,8,469.955043
-0.810664,8,469.965093
-6.046888,8,469.97488
-18.90172,8,469.988757
3.2505,8,470.000321
-14.222345,8,470.014052
-6.225524,8,470.024565
2.689796,8,470.034038
-87.208665,8,470.048206
-1.761715,8,471.469342
-23.837854,8,471.476313
-20.64828,8,471.489688
7.308951,8,471.500728
0.560836,8,471.507778
-1.641536,8,471.521005
-1.281408,8,471.53194
-9.759917,8,471.545723
-9.398589,8,471.553474
-14.066702,8,471.560771
-61.637255,8,471.575319
-5.27852,8,471.588427
3.108691,8,471.60307
5.469704,8,471.614831
-17.222673,8,471.626328
-64.860012,8,471.639688
-2.515022,8,471.649704
-9.434123,8,471.657702
11.582377,8,471.676668
-7.563651,8,471.687342
1.253531,8,471.697099
-0.150007,8,471.707127
2.567816,8,471.712892
-21.389053,8,471.728672
1.999829,8,471.736706
0.865938,8,471.755441
-60.677901,8,471.760151
0.688072,8,471.781113
8.151101,8,471.787163
13.268324,8,471.797401
3.710831,8,471.808253
-23.790676,8,471.823233
-33.005049,8,471.83328
-0.218444,8,471.842923
-33.220271,8,471.852965
4.423211,8,471.865411
5.963224,8,471.875452
-4.304991,8,471.892751
-7.750452,8,471.904781
0.788882,8,471.918524
-125.602978,8,471.926553
3.211735,8,471.936335
-16.427954,8,471.946388
0.722309,8,471.959173
-32.590327,8,471.966211
3.644023,8,471.974246
-22.422526,8,471.984031
-0.354139,8,471.997715
-18.980327,8,472.009997
-5.852072,8,472.013747
2.201462,8,472.031632
-23.762338,8,472.047599
-1.575984,8,472.053607
-4.666586,8,472.065819
-2.32266,8,472.075371
-31.563711,8,472.085729
-6.249568,8,472.095297
-2.082939,8,472.105375
-20.502088,8,472.109644
-47.813784,8,472.131277
-9.04443,8,472.143067
-32.819085,8,472.151105
-152.733128,8,472.164913
-41.813739,8,472.171801
-21.947467,8,472.186671
-60.084653,8,472.196881
-20.318568,8,472.206843
-16.086287,8,472.215907
0.680649,8,472.221943
-22.830636,8,472.239693
-56.404647,8,472.249449
-16.079823,8,472.262598
-21.896871,8,472.2731
1.072815,8,472.280617
3.622428,8,472.290642
-12.218914,8,472.306389
3.264056,8,472.320185
-4.662807,8,472.339409
-10.659096,8,472.351472
4.439117,8,472.365124
-9.065133,8,472.376932
-0.455549,8,472.385
-103.892319,8,472.395985
4.380766,8,472.408308
-9.482689,8,472.416347
-45.192159,8,472.426393
0.681752,8,472.439075
-3.171463,8,472.45582
5.315225,8,472.463804
-2.818609,8,472.475019
-71.530445,8,472.483066
-17.589873,8,472.495149
-2.303304,8,472.504473
-60.812866,8,472.510506
8.912744,8,472.510506
-18.81691,8,472.534429
-36.126156,8,472.541701
2.392311,8,472.541701
4.108273,8,472.563645
-5.983181,8,472.573627
-56.143082,8,472.591588
6.459662,8,472.601627
0.26093,8,472.611414
-27.26206,8,472.625223
-5.496334,8,472.627233
-18.837011,8,472.646237
3.528775,8,472.662668
6.019538,8,472.673033
-110.714154,8,472.673033
0.244289,8,472.693991
4.635915,8,472.701073
-0.015758,8,472.707945
-40.696398,8,472.72298
-28.677326,8,472.73637
-27.919687,8,472.748255
-20.479586,8,472.759998
5.481544,8,472.774994
-17.20411,8,472.784019
5.02279,8,472.795814
-17.398144,8,472.809139
-3.115857,8,472.825253
-69.332221,8,472.838934
4.589668,8,472.853987
-97.049733,8,472.866885
8.047571,8,472.878922
-20.844346,8,472.904043
0.230084,8,472.931554
-20.178832,8,472.946568
-25.748529,8,472.95785
1.677021,8,472.968846
-12.712872,8,472.980514
-3.316979,8,473.000137
3.659492,8,473.012829
-50.773729,8,473.025503
-27.894392,8,473.044503
-2.165484,8,473.246789
-19.437832,8,473.263844
-17.495226,8,473.289136
-15.622201,8,473.303134
-25.521466,8,473.31988
4.485507,8,473.347562
-5.466983,8,473.36462
3.605879,8,473.379187
4.129062,8,473.411893
-41.653824,8,473.448053
-12.48109,8,473.470277
6.995103,8,473.489059
-17.446303,8,473.518821
2.844896,8,473.54045
-29.267552,8,473.562346
-13.178724,8,473.591047
-51.621727,8,473.623894
-13.181386,8,473.644255
-1.739644,8,473.664848
4.001094,8,473.68892
6.017665,8,473.724306
-56.748293,8,473.741002
-20.323465,8,473.760105
-6.69633,8,473.775918
0.82031,8,473.797723
3.862115,8,473.81759
-6.424444,8,473.839729
-13.407987,8,473.861619
0.102096,8,473.885992
3.194996,8,473.900358
-16.657115,8,473.916688
-6.13839,8,473.931164
-71.505103,8,473.951677
9.376813,8,473.964396
-20.486532,8,473.978004
-32.990781,8,473.989528
-0.894453,8,474.007347
-1.347029,8,474.015407
6.997015,8,474.025979
7.460598,8,474.042226
0.343687,8,474.07125
-11.279887,8,474.086176
-67.99736,8,474.098897
-18.844302,8,474.1118
1.335168,8,474.128982
-47.074093,8,474.142793
6.187831,8,474.154845
1.506694,8,474.173799
-69.467067,8,474.191988
-0.456099,8,474.205779
1.478417,8,474.223712
0.945556,8,474.244403
-1.683023,8,474.296179
-17.776825,8,474.313822
0.47484,8,474.331819
-0.46944,8,474.349092
-93.501279,8,474.372097
-118.41848,8,474.400096
1.67433,8,474.426425
-106.764864,8,474.449128
1.389755,8,474.479449
-52.510406,8,474.504863
-0.830693,8,474.524696
-164.135282,8,474.543085
-19.682623,8,474.564809
-90.719566,8,474.586494
4.037582,8,474.609814
2.936072,8,474.623553
-32.032426,8,474.643188
0.732225,8,474.656859
-0.850803,8,474.672675
-3.473446,8,474.697172
-7.26352,8,474.748176
-21.054586,8,474.765841
-18.62879,8,474.780584
-15.718575,8,474.797163
0.707341,8,474.814165
6.303993,8,474.839092
0.278755,8,474.8521
5.013353,8,474.868893
-14.029356,8,474.885587
-15.688269,8,474.899205
-6.495363,8,474.911887
-0.645493,8,474.926895
-16.515453,8,474.942227
-44.128059,8,474.959895
-44.873169,8,474.972569
-7.542506,8,474.984668
2.584066,8,475.000244
-15.964058,8,475.014938
-4.718951,8,475.031949
10.571982,8,475.046265
-20.479877,8,475.065908
5.820964,8,475.077488
4.659424,8,475.089145
5.67508,8,475.101233
-13.659529,8,475.126653
-1.783094,8,475.138563
-20.969171,8,475.150654
-18.881021,8,475.166648
-3.803962,8,475.182109
-2.573659,8,475.195141
-22.300243,8,475.213299
1.54997,8,475.228462
-3.168784,8,475.243457
-29.078816,8,475.253542
1.460301,8,475.264884
-5.535174,8,475.281541
-40.491977,8,475.295199
-73.556706,8,475.304938
1.628026,8,475.315953
6.709431,8,475.327559
-18.388804,8,475.341285
-111.965526,8,475.350292
-15.553761,8,475.363287
-0.175845,8,475.395219
-15.742699,8,475.411973
-51.348377,8,475.42462
-15.086157,8,475.439395
-1.557185,8,475.452384
-20.833633,8,475.467943
-0.059043,8,475.480516
-26.450489,8,475.49716
4.085578,8,475.510018
-21.688544,8,475.524648
-24.682134,8,475.538281
-9.908331,8,475.55129
6.802752,8,475.566933
-4.320574,8,475.581938
-5.462699,8,475.592293
-18.11578,8,475.607862
-42.418038,8,475.622455
5.556539,8,475.636457
-98.347254,8,475.649281
-15.552789,8,475.661889
-26.27561,8,475.672623
-19.077571,8,475.684618
-4.216449,8,475.694622
-6.755275,8,475.710223
-19.109005,8,475.718224
-18.333628,8,475.74084
-37.006879,8,475.753842
-24.395141,8,475.762847
-24.317144,8,475.772844
4.139265,8,475.785858
-6.977908,8,475.799856
-1.848081,8,475.810946
-14.289501,8,475.819955
-86.733755,8,475.841173
6.90924,8,475.854826
-6.970237,8,475.868834
1.818064,8,475.884332
-25.343773,8,475.911182
-20.892286,8,475.928879
-111.059618,8,475.950177
-18.600589,8,475.965822
-26.018657,8,475.986508
1.397667,8,475.999178
-31.94464,8,476.011178
5.090282,8,476.024037
3.856331,8,476.046679
-74.496029,8,476.058866
-2.144093,8,476.070866
-3.954391,8,476.083653
-37.608393,8,476.102356
-2.667778,8,476.174598
-21.152762,8,476.195308
-3.911649,8,476.20946
-30.158533,8,476.228459
-16.150592,8,476.24246
-16.91908,8,476.260092
0.578933,8,476.282513
-4.340378,8,476.371538
-69.840973,8,476.38924
3.843119,8,476.405885
0.570446,8,476.417892
3.373906,8,476.435569
1.260556,8,476.452271
8.150239,8,476.463992
-63.690269,8,476.475667
4.347631,8,476.499222
-1.702331,8,476.51284
-2.853247,8,476.530552
-15.467065,8,476.544229
-8.972397,8,476.564907
-0.3096,8,476.57756
-5.886899,8,476.589221
-95.156075,8,476.60022
-19.463965,8,476.623593
-28.218006,8,476.638215
4.072008,8,476.660223
-47.82015,8,476.673898
-9.062372,8,476.691233
-3.233297,8,476.705865
6.214384,8,476.725569
-63.737618,8,476.740255
-7.701612,8,476.758252
7.278745,8,476.77553
-25.847378,8,476.790233
-5.4366,8,476.803231
5.11114,8,476.825665
-25.342092,8,476.838336
-8.385128,8,476.858036
0.766298,8,476.872039
-17.25425,8,476.889399
2.257005,8,476.916328
0.410824,8,476.949338
-27.536624,8,476.970368
-28.778678,8,476.991228
-1.267148,8,477.011899
-184.322271,8,477.029537
-40.658275,8,477.049146
-0.017172,8,477.068147
-22.1748,8,477.081148
-15.256636,8,477.093148
-36.334648,8,477.109868
3.321244,8,477.123551
-7.393364,8,477.133555
-25.042487,8,477.149165
-14.114878,8,477.161903
2.625332,8,477.178555
-22.146986,8,477.188229
-6.76203,8,477.199245
-22.063641,8,477.209873
-19.434256,8,477.224562
-21.254006,8,477.234561
-73.594015,8,477.245153
-20.013651,8,477.26688
4.332074,8,477.285567
-19.048593,8,477.297225
4.454055,8,477.308223
-30.151985,8,477.319223
-23.595231,8,477.332546
2.240368,8,477.348331
7.221665,8,477.361924
5.532456,8,477.375549
1.991328,8,477.402218
-24.030556,8,477.415904
-1.960357,8,477.430899
0.362448,8,477.445562
5.467345,8,477.472621
3.243811,8,477.484622
-19.145432,8,477.502235
-43.221665,8,477.512242
-5.874719,8,477.528232
-7.576206,8,477.541259
6.211876,8,477.553255
3.316123,8,477.56496
-17.223651,8,477.581647
-20.459321,8,477.596263
-0.878595,8,477.611978
0.153502,8,477.623629
-33.572689,8,477.646634
2.494335,8,477.657944
2.122321,8,477.668944
4.285994,8,477.680619
4.956634,8,477.69627
-43.619703,8,477.711917
7.364558,8,477.72661
-16.757135,8,477.735612
-2.763498,8,477.750619
-25.360895,8,477.761607
-16.716064,8,477.772586
-2.528136,8,477.781593
-37.025521,8,477.798171
10.217423,8,477.814877
-47.621695,8,477.829534
-1.140112,8,477.840533
-7.888275,8,477.854553
-17.250752,8,477.866552
-19.566885,8,477.87724
-64.564695,8,477.88911
-0.338795,8,477.902209
-17.688998,8,477.914879
-4.07001,8,477.928581
-14.201801,8,477.946207
-36.744762,8,477.962887
1.017645,8,477.98158
-11.143783,8,477.996268
5.34748,8,478.011016
-65.606232,8,478.029656
1.695918,8,478.049283
0.45816,8,478.062919
-24.971152,8,478.076921
0.36389,8,478.090521
4.531963,8,478.102518
-34.202001,8,478.113588
6.303268,8,478.126033
-21.593253,8,478.140229
4.457328,8,478.150227
-36.420802,8,478.172599
-2.03885,8,478.185671
-40.915664,8,478.205349
2.010838,8,478.218363
-20.752743,8,478.230179
-9.439409,8,478.240888
-0.761796,8,478.258885
-37.672441,8,478.27834
-24.501931,8,478.290539
1.72036,8,478.303531
-13.56802,8,478.319732
-15.283098,8,478.323776
-5.457482,8,478.353598
-21.174521,8,478.365038
-37.168961,8,478.378261
-22.502075,8,478.389759
2.55461,8,478.406418
5.51592,8,478.423082
-34.764665,8,478.448109
2.86701,8,478.457197
3.98777,8,478.463759
-1.867551,8,478.489739
-7.891332,8,478.497144
-6.875398,8,478.523086
-3.051155,8,478.53867
-11.382767,8,478.55959
-2.523587,8,478.577295
-12.190169,8,478.598217
-16.706052,8,478.612506
-1.228923,8,478.626506
-9.990248,8,478.650313
2.846541,8,478.66616
-1.693064,8,478.685928
-14.58371,8,478.715918
4.019531,8,478.731914
1.008417,8,478.746914
1.462689,8,478.765075
0.025579,8,478.788149
-36.857738,8,478.810149
-39.407458,8,478.831149
-40.41585,8,478.84815
0.381955,8,478.862883
2.735897,8,478.882565
1.984928,8,478.897238
-73.117788,8,478.907928
-4.528181,8,478.919927
-12.457222,8,478.939274
0.686259,8,478.952279
-65.15281,8,478.962269
-10.82223,8,478.971268
-4.863728,8,478.995271
-48.017703,8,479.008915
-113.056725,8,479.01994
-27.05275,8,479.03116
-36.236827,8,479.050417
-22.072736,8,479.061404
-4.493876,8,479.071404
-18.068951,8,479.082684
-2.400828,8,479.09695
-3.249882,8,479.108762
-10.013328,8,479.119762
3.488779,8,479.132588
-65.392444,8,479.160497
1.81707,8,479.1724
-94.337438,8,479.183486
-0.917199,8,479.194917
-28.125548,8,479.209161
5.109063,8,479.220131
3.109316,8,479.232634
-58.863724,8,479.244132
6.210039,8,479.261141
-2.983524,8,479.278132
-2.168227,8,479.288764
-36.554362,8,479.297879
-17.571955,8,479.312212
-34.243881,8,479.328554
3.731381,8,479.339162
-17.9113,8,479.354861
-7.783527,8,479.372573
-9.856071,8,479.38158
-15.00455,8,479.39558
3.702801,8,479.404917
0.349381,8,479.417927
-2.258813,8,479.42967
-20.983892,8,479.440324
-12.24739,8,479.451233
-2.566533,8,479.465009
3.274418,8,479.481122
-29.822677,8,479.491123
5.581095,8,479.505001
-14.411814,8,479.520012
0.765777,8,479.531607
-6.593995,8,479.542253
0.073098,8,479.551251
-2.879212,8,479.568
-21.505081,8,479.581247
-40.356175,8,479.594194
-20.766616,8,479.609174
2.150312,8,479.622618
-80.665499,8,479.631623
-3.740639,8,479.648256
5.211033,8,479.658916
4.81529,8,479.671565
0.232921,8,479.680572
0.094169,8,479.690212
1.891584,8,479.702212
3.63468,8,479.720298
-4.822448,8,479.734282
3.398707,8,479.748413
-18.186209,8,479.761925
-0.632759,8,479.778921
-4.480398,8,479.793919
-12.507223,8,479.814921
-9.155678,8,479.83392
-9.695477,8,479.853246
-23.243732,8,479.866093
4.277039,8,479.877598
3.610719,8,479.892281
-20.655497,8,479.907936
-7.620323,8,479.923627
-15.583365,8,479.939624
-14.497721,8,479.950627
1.636814,8,479.964938
0.676831,8,479.97462
2.312903,8,479.983618
-13.326105,8,479.998757
-16.52415,8,480.014026
-27.9453,8,480.026578
-2.480972,8,480.044575
-25.568825,8,480.055942
2.781002,8,480.070963
-22.123945,8,480.084037
-21.010143,8,480.095524
0.977583,8,480.10595
2.515695,8,480.121052
1.56724,8,480.132373
-0.853181,8,480.143175
-36.256977,8,480.164164
-7.046376,8,480.17914
6.03233,8,480.190357
6.125965,8,480.20245
-23.873801,8,480.21692
-14.004504,8,480.230285
5.827352,8,480.240284
4.219029,8,480.249285
1.309697,8,480.260285
-15.948747,8,480.278392
-11.671214,8,480.289813
-43.260076,8,480.301907
-1.371899,8,480.314298
-8.097753,8,480.332688
-25.6357,8,480.344256
-5.544821,8,480.355172
6.321241,8,480.365024
5.121484,8,480.381039
-31.104998,8,480.396168
-2.339873,8,480.408559
0.256544,8,480.419545
0.349127,8,480.435779
-24.869179,8,480.446341
4.908911,8,480.456969
4.080295,8,480.466967
1.15351,8,480.486081
-12.497875,8,480.49753
0.904909,8,480.51483
-7.362343,8,480.526601
-78.903644,8,480.541283
3.671701,8,480.552285
-5.302054,8,480.561903
0.234272,8,480.570898
-72.86668,8,480.584514
1.369171,8,480.59552
-0.866515,8,480.604962
6.092911,8,480.613975
-13.303292,8,480.631598
2.591451,8,480.648279
-88.874942,8,480.660939
1.431399,8,480.675626
-2.505644,8,480.693345
7.561732,8,480.708322
-1.245998,8,480.722252
1.358741,8,480.738933
1.528873,8,480.75493
4.000563,8,480.767034
-16.820377,8,480.777945
-1.666411,8,480.788039
1.820398,8,480.801946
-59.451082,8,480.819947
-39.090598,8,480.831583
1.911113,8,480.848309
-0.458017,8,480.867195
-17.07079,8,480.88062
-10.589518,8,480.896062
-9.935617,8,480.922103
-2.99953,8,480.960045
-20.174602,8,480.97759
-3.852475,8,480.99431
-3.094094,8,481.010986
0.619435,8,481.034641
-15.698498,8,481.052449
-15.153816,8,481.0834
-62.660724,8,481.102114
-12.093827,8,481.128985
-19.958301,8,481.142678
-4.579188,8,481.162972
-2.988886,8,481.181659
3.151458,8,481.207875
5.074956,8,481.219875
-2.057423,8,481.232878
-31.567848,8,481.248878
-4.295129,8,481.268351
-9.915333,8,481.284001
-0.437618,8,481.30902
-10.923782,8,481.324634
-15.018633,8,481.343327
-18.25774,8,481.357007
2.223463,8,481.370002
2.111509,8,481.38203
-25.248953,8,481.397978
9.30157,8,481.415468
0.992061,8,481.429308
-91.062142,8,481.444373
-1.292349,8,481.463365
1.443753,8,481.478421
-34.992624,8,481.489877
-7.255614,8,481.503883
4.435324,8,481.529123
-91.247392,8,481.542334
-0.428891,8,481.551319
0.246518,8,481.564236
-97.925873,8,481.579629
-6.569249,8,481.594318
-18.402221,8,481.60795
1.132491,8,481.621635
-131.250394,8,481.641299
3.213534,8,481.652302
-4.214123,8,481.664978
-4.448937,8,481.682981
1.901419,8,481.698268
-6.64386,8,481.70795
5.612008,8,481.718954
4.358928,8,481.730666
4.080428,8,481.750322
-1.009548,8,481.761969
-2.91479,8,481.77397
-17.308427,8,481.784973
-18.696228,8,481.799273
8.628141,8,481.809976
-98.511685,8,481.819975
-14.668886,8,481.831608
-27.822272,8,481.851317
-3.401368,8,481.868288
-23.917385,8,481.879289
-41.754195,8,481.88929
5.958951,8,481.903285
1.116188,8,481.918952
1.649315,8,481.931615
-20.443629,8,481.943308
-18.632411,8,481.957974
-6.812131,8,481.969977
-2.377653,8,481.986628
-6.448587,8,482.001745
3.692246,8,482.021808
-9.92912,8,482.034832
-2.338077,8,482.049305
-4.292529,8,482.060912
5.194268,8,482.076613
3.144487,8,482.094784
-4.072338,8,482.107694
-19.966038,8,482.120696
-39.785376,8,482.136035
-26.401357,8,482.149956
-24.679033,8,482.163019
-1.602631,8,482.177628
-33.708428,8,482.197294
-52.810393,8,482.2182
6.780174,8,482.229585
-19.629512,8,482.240285
9.217615,8,482.255968
2.760456,8,482.272968
0.756902,8,482.296975
0.893001,8,482.309965
4.596448,8,482.330976
-2.535978,8,482.343628
-27.166253,8,482.356035
-18.394799,8,482.368035
5.184776,8,482.382585
-16.136376,8,482.400287
-74.292099,8,482.412054
-1.193099,8,482.429754
-45.543753,8,482.445752
-6.498703,8,482.457074
0.525242,8,482.469076
2.552173,8,482.480727
-2.837814,8,482.494284
-40.930089,8,482.505939
-35.825155,8,482.518939
-19.13272,8,482.530645
1.964449,8,482.550651
-0.541472,8,482.573664
3.321969,8,482.589413
-3.770681,8,482.600412
3.89826,8,482.614943
-19.625619,8,482.627641
-1.473169,8,482.63765
-3.083755,8,482.65265
5.526857,8,482.668652
-11.951058,8,482.680736
-0.325303,8,482.69234
-19.371068,8,482.701339
-1.574985,8,482.716973
-6.113427,8,482.727714
-34.892217,8,482.746794
-60.930855,8,482.766796
-1.584445,8,482.784797
-0.907083,8,482.796281
5.69459,8,482.810962
-12.488685,8,482.824615
-20.270798,8,482.839026
-107.274614,8,482.851037
-24.809117,8,482.862436
-5.053694,8,482.883432
-2.271816,8,482.900724
-38.763491,8,482.910984
3.570065,8,482.923609
-6.436777,8,482.943283
-20.382191,8,482.958992
-35.518998,8,482.971995
1.483746,8,482.990507
0.152218,8,483.003516
8.900669,8,483.01903
-11.053936,8,483.031634
-23.806486,8,483.045309
-0.902026,8,483.057015
-19.913102,8,483.103624
-20.956361,8,483.115144
4.666433,8,483.125719
-24.450996,8,483.140548
-13.999395,8,483.153561
3.447947,8,483.164135
5.06236,8,483.176643
2.758071,8,483.188768
-2.833373,8,483.212284
-91.275878,8,483.226861
-22.57163,8,483.238337
-21.521177,8,483.258169
-3.010483,8,483.273728
-10.488817,8,483.285735
-40.290711,8,483.297733
2.436469,8,483.308738
-4.118346,8,483.333091
4.694244,8,483.348577
-34.059643,8,483.360145
-4.528868,8,483.37264
6.727666,8,483.388714
-2.534925,8,483.400719
-4.601451,8,483.41272
-25.683719,8,483.430721
-20.602068,8,483.450293
-47.55435,8,483.463315
-39.639122,8,483.486664
-178.190489,8,483.498311
-22.092504,8,483.520977
3.710886,8,483.541467
-30.147089,8,483.555102
-9.904281,8,483.568112
-36.766287,8,483.583649
-25.143306,8,483.597322
8.486823,8,483.61399
-9.162119,8,483.628663
6.181453,8,483.647667
1.192633,8,483.662009
-18.063757,8,483.676665
3.129864,8,483.69032
4.98641,8,483.70498
-3.574007,8,483.72767
-56.326704,8,483.74467
-7.009901,8,483.76767
1.10091,8,483.790593
-0.784811,8,483.80704
0.174369,8,483.822675
-6.181663,8,483.83267
-20.289279,8,483.851044
-1.839848,8,483.868419
-8.20774,8,483.879694
2.941726,8,483.89141
-67.659987,8,483.908122
-0.413159,8,483.932684
-113.787844,8,483.947347
3.353896,8,483.959027
-0.699077,8,483.980666
-19.060491,8,483.991307
-24.717359,8,484.001309
1.559107,8,484.014092
-16.124377,8,484.030672
3.677989,8,484.043345
-15.898213,8,484.054349
7.679038,8,484.068971
8.599325,8,484.089013
-39.893072,8,484.09802
2.49632,8,484.114408
2.204728,8,484.126718
5.464147,8,484.14138
0.985174,8,484.15038
2.156438,8,484.159972
-24.870698,8,484.168972
-109.642188,8,484.185639
2.934332,8,484.195637
2.222183,8,484.208094
2.525097,8,484.219098
-15.170414,8,484.234077
-24.540155,8,484.24398
-16.217467,8,484.259409
0.257339,8,484.269412
-0.795098,8,484.282409
4.341022,8,484.297409
-95.132133,8,484.307964
2.936986,8,484.319985
-19.493714,8,484.33325
-33.716876,8,484.342791
0.973659,8,484.35179
1.061646,8,484.362984
0.776612,8,484.377725
-9.628915,8,484.388733
-35.365101,8,484.40372
-3.763886,8,484.418725
-25.499268,8,484.434704
-17.577156,8,484.447355
-10.292551,8,484.458122
-6.726386,8,484.469122
-260.750426,8,484.486722
-14.521494,8,484.49943
-6.525991,8,484.517431
0.429625,8,484.532681
-2.591685,8,484.547339
-16.388245,8,484.557992
-0.836394,8,484.571614
3.77751,8,484.588309
-15.604933,8,484.603318
-44.732738,8,484.613651
0.849498,8,484.628647
-41.389775,8,484.639297
-25.98581,8,484.652296
-103.820136,8,484.663996
-13.773357,8,484.673622
-0.91951,8,484.683621
-49.838399,8,484.697287
-0.93738,8,484.707975
-20.707164,8,484.718978
-27.359573,8,484.734976
-11.033338,8,484.754973
-158.341982,8,484.766981
-17.410336,8,484.77966
-14.844797,8,484.791655
2.367984,8,484.806993
0.957614,8,484.818988
-14.555423,8,484.838324
2.54955,8,484.851328
3.300439,8,484.869029
-0.4649,8,484.878681
-48.2892,8,484.890332
2.678359,8,484.901335
-1.570687,8,484.918996
3.213394,8,484.933667
-5.096987,8,484.949338
-5.198837,8,484.961055
0.988097,8,484.975693
3.151452,8,484.987692
-15.44428,8,484.99936
-1.029144,8,485.011972
5.901074,8,485.027663
-36.007535,8,485.039328
4.541207,8,485.050329
-2.618831,8,485.066329
2.243943,8,485.081911
-22.197575,8,485.100693
-17.267069,8,485.112991
5.255966,8,485.124673
2.523149,8,485.139348
-18.524947,8,485.151346
-2.358181,8,485.167032
-5.035081,8,485.179027
7.858138,8,485.195578
-16.002744,8,485.206161
-17.315356,8,485.221727
1.726491,8,485.234736
-8.956343,8,485.249342
-22.08189,8,485.268353
-6.211331,8,485.285343
-24.433856,8,485.300344
-6.973021,8,485.314429
1.168556,8,485.325698
3.548733,8,485.339341
-34.991149,8,485.349342
-3.49099,8,485.363125
-14.443913,8,485.375726
2.698154,8,485.390723
0.203734,8,485.401731
-35.959358,8,485.415272
-48.584894,8,485.427735
1.116036,8,485.4444
-4.910311,8,485.454401
-2.950407,8,485.471053
-6.97865,8,485.484331
-3.16035,8,485.498323
-22.666222,8,485.509065
-71.501285,8,485.525517
-29.215692,8,485.537517
-4.054615,8,485.549337
-17.039188,8,485.55951
-24.068432,8,485.576867
-26.571587,8,485.595566
-16.556176,8,485.612566
-2.743482,8,485.627111
1.77655,8,485.64342
-25.32441,8,485.656021
-39.84561,8,485.665041
-38.758566,8,485.674382
-12.143358,8,485.691411
-34.452288,8,485.701411
-19.746442,8,485.716999
4.296493,8,485.730032
2.651312,8,485.744467
1.363082,8,485.756027
-22.695009,8,485.769027
7.674006,8,485.78544
-55.519196,8,485.801427
0.885812,8,485.813435
-37.138294,8,485.840369
-0.738315,8,485.851368
-17.469225,8,485.872704
3.959033,8,485.885709
-38.967756,8,485.902358
5.707508,8,485.915052
-60.206693,8,485.934463
-37.503578,8,485.946466
-2.411731,8,485.957122
3.484771,8,485.977714
-0.045514,8,485.998381
-5.882003,8,486.012983
-18.655237,8,486.031713
-16.778262,8,486.052711
-45.680003,8,486.082976
-18.128388,8,486.099425
-47.690647,8,486.112058
-17.506748,8,486.124702
-2.096766,8,486.141344
2.787563,8,486.162345
-10.204008,8,486.179795
-8.090031,8,486.197367
-0.59538,8,486.221039
-11.200962,8,486.232712
-11.300803,8,486.246359
-8.083619,8,486.263355
-23.595824,8,486.281353
5.286425,8,486.294356
-12.176782,8,486.307071
-4.63488,8,486.320072
-34.282489,8,486.336749
6.926735,8,486.350423
2.467343,8,486.371085
-0.523348,8,486.384659
-0.361287,8,486.40731
3.155995,8,486.419313
-37.422964,8,486.430868
-28.892856,8,486.442465
-20.79085,8,486.458092
-37.244826,8,486.469093
-13.278221,8,486.485096
-32.692612,8,486.497406
-14.809734,8,486.512126
-62.690739,8,486.528797
-8.412965,8,486.540378
-40.297784,8,486.550384
-27.580972,8,486.564996
2.214487,8,486.588667
-8.79342,8,486.600667
-3.674297,8,486.61228
-7.441371,8,486.626855
-1.264811,8,486.636853
-2.296027,8,486.647523
8.901861,8,486.660075
-36.992665,8,486.675719
-2.53325,8,486.687718
-9.485316,8,486.703363
4.943284,8,486.716364
-3.02837,8,486.730746
-2.16149,8,486.749362
-14.14194,8,486.762042
-35.443305,8,486.774714
-46.49698,8,486.78971
7.139558,8,486.803713
4.077096,8,486.826777
7.973682,8,486.839427
2.032496,8,486.856061
-38.08306,8,486.868059
4.212991,8,486.881737
0.024827,8,486.896454
4.912582,8,486.9191
-60.408697,8,486.932094
-38.26212,8,486.953395
2.841966,8,486.966082
-4.107288,8,486.98171
-4.04171,8,486.993411
-0.859553,8,487.006057
2.159584,8,487.023057
5.83228,8,487.039401
2.806515,8,487.0494
-5.879783,8,487.061087
-20.341499,8,487.072734
-47.291108,8,487.089411
-39.480627,8,487.100416
-14.371088,8,487.119083
3.436283,8,487.136118
-7.512114,8,487.151119
-11.524869,8,487.162038
5.387548,8,487.172686
-14.627423,8,487.182701
-55.071353,8,487.197334
-4.627699,8,487.209034
2.234744,8,487.220034
-4.671315,8,487.230206
-19.56306,8,487.247206
-28.241456,8,487.258013
3.345024,8,487.27165
-40.715281,8,487.285654
5.177156,8,487.299345
-19.477162,8,487.312341
-3.408727,8,487.325344
-44.765246,8,487.336345
-15.235661,8,487.353343
-43.111831,8,487.366343
0.30107,8,487.378838
-94.508357,8,487.388394
-26.168421,8,487.403402
-25.075019,8,487.414057
-1.251321,8,487.424711
-15.705562,8,487.437711
-118.728606,8,487.455554
5.780169,8,487.468556
3.092927,8,487.480724
1.719875,8,487.490433
3.379509,8,487.502406
-4.913128,8,487.51406
-87.371293,8,487.524708
-35.286954,8,487.535732
5.071868,8,487.553947
-2.02215,8,487.573493
-4.026282,8,487.586493
-74.021013,8,487.598408
-56.74221,8,487.617249
-2.141045,8,487.627814
-20.411804,8,487.637819
1.362223,8,487.652391
2.298242,8,487.668027
-9.094415,8,487.687137
-3.019539,8,487.699139
1.323781,8,487.710032
3.091886,8,487.722707
-2.653924,8,487.731705
2.647037,8,487.741379
-3.780058,8,487.751379
-32.359713,8,487.770056
-19.688237,8,487.779739
-3.144993,8,487.795739
3.921898,8,487.805734
-17.005993,8,487.820742
4.055563,8,487.830723
-1.820782,8,487.840372
-51.682392,8,487.851375
4.894258,8,487.867029
-4.747807,8,487.878702
1.194388,8,487.891699
0.869779,8,487.905704
-18.899877,8,487.919702
-91.814407,8,487.936135
-9.638066,8,487.949514
-13.152264,8,487.959115
-18.028004,8,487.973746
2.771648,8,487.983746
-20.842478,8,487.994488
-1.070402,8,488.005489
-6.032118,8,488.024109
-0.38153,8,488.033108
-46.121388,8,488.044392
3.350348,8,488.057099
-29.219224,8,488.071791
-16.965105,8,488.089523
-2.542807,8,488.10352
6.182636,8,488.114202
-3.826156,8,488.134202
-3.394703,8,488.145825
-15.925045,8,488.156428
6.735905,8,488.176713
-27.554349,8,488.203809
-1.175006,8,488.217133
-55.491389,8,488.228134
5.511875,8,488.245092
-16.65577,8,488.260078
-20.10483,8,488.271733
-29.943339,8,488.290437
1.932986,8,488.304436
4.866537,8,488.325436
-3.174398,8,488.34244
-24.275547,8,488.361518
-14.51307,8,488.376745
4.397119,8,488.395418
0.345227,8,488.408111
0.236553,8,488.421112
2.695948,8,488.433757
-9.812332,8,488.4704
-20.928047,8,488.482948
-17.703709,8,488.502427
-0.176569,8,488.550407
6.539716,8,488.571923
0.453683,8,488.58493
-10.097038,8,488.602463
-0.979147,8,488.61508
0.676416,8,488.632734
-9.261941,8,488.645429
-1.348744,8,488.658069
1.9254,8,488.670068
-8.523846,8,488.69042
-4.844132,8,488.704417
-1.434095,8,488.71734
-10.208511,8,488.735809
-46.789266,8,488.750431
2.187474,8,488.764103
-57.985345,8,488.777103
-3.784619,8,488.792104
-11.648418,8,488.809103
-40.867471,8,488.821104
-48.951519,8,488.833301
-53.62964,8,488.843411
7.471303,8,488.859126
-6.826471,8,488.87013
-42.286074,8,488.88082
-20.89901,8,488.901818
2.949639,8,488.918408
-23.631206,8,488.930776
3.123822,8,488.94345
-11.863742,8,488.955138
1.734092,8,488.973773
1.58562,8,488.986771
-1.911882,8,489.001768
5.879885,8,489.020311
-17.053289,8,489.039502
-54.479745,8,489.051503
1.978154,8,489.064085
-4.263906,8,489.077776
1.313775,8,489.101438
-71.688167,8,489.116436
0.950599,8,489.133753
-29.778642,8,489.149437
-19.103048,8,489.167092
-24.956834,8,489.178735
2.838042,8,489.190407
-21.669692,8,489.202409
-37.972378,8,489.221086
-6.629824,8,489.239419
-2.266386,8,489.251419
1.701763,8,489.264095
-28.399552,8,489.282701
-38.641193,8,489.296403
5.395115,8,489.308401
-17.615192,8,489.319402
-53.940182,8,489.335397
-5.419282,8,489.351432
-7.010766,8,489.363112
-19.768662,8,489.374783
-40.964474,8,489.388424
-29.339633,8,489.399433
-14.990569,8,489.411156
1.40098,8,489.422755
-13.733208,8,489.437752
3.580968,8,489.459286
2.703809,8,489.471707
3.332132,8,489.482436
-83.43723,8,489.501333
-8.480498,8,489.510989
-11.638589,8,489.52572
-1.087516,8,489.539719
-4.742859,8,489.554717
-4.331326,8,489.569206
-5.221301,8,489.581802
5.527628,8,489.592481
-2.493251,8,489.608061
-14.315534,8,489.625857
0.586756,8,489.639858
4.071158,8,489.651858
-24.757671,8,489.664857
-5.737524,8,489.678993
2.992745,8,489.689455
-11.969042,8,489.701452
-54.554425,8,489.719296
-2.249309,8,489.733766
3.743658,8,489.748101
-53.52766,8,489.761185
0.00954,8,489.776831
-17.448845,8,489.794444
-18.166105,8,489.809101
-11.826031,8,489.820109
-73.342077,8,489.833737
-19.874075,8,489.845447
-2.26268,8,489.859455
-0.379828,8,489.87145
-18.484893,8,489.987458
2.582809,8,489.999346
-46.788737,8,490.015228
-4.524863,8,490.027921
1.174147,8,490.045466
-22.222422,8,490.059344
-0.109631,8,490.076869
-43.48017,8,490.088871
3.593223,8,490.107236
6.114939,8,490.117234
0.819569,8,490.131241
0.885658,8,490.142282
-20.18246,8,490.156282
2.26379,8,490.168282
-19.522301,8,490.179843
-9.942831,8,490.190717
5.594345,8,490.207148
-15.744258,8,490.217146
-19.94935,8,490.230561
2.915167,8,490.360192
-12.975508,8,490.446499
3.505053,8,490.460203
4.660268,8,490.514044
-2.036473,8,490.535046
-87.084453,8,490.551457
-11.968347,8,490.559036
0.635183,8,490.576222
2.383958,8,490.58722
-3.742975,8,490.602871
-10.386194,8,490.614932
3.878978,8,490.627921
-14.648848,8,490.650986
-40.168813,8,490.66715
-20.850241,8,490.680916
-47.834442,8,490.694574
1.46741,8,490.707545
0.133652,8,490.722617
-85.576497,8,490.734708
-11.162905,8,490.747705
-6.739535,8,490.76515
6.312085,8,490.781869
0.196643,8,490.798501
-29.247269,8,490.8135
-102.923049,8,490.8265
-40.113349,8,490.850502
-8.300452,8,490.869498
-15.965451,8,490.883884
-66.004507,8,490.89748
-19.038011,8,490.915171
-65.003234,8,490.929857
3.456134,8,490.944528
0.589269,8,490.957528
2.348918,8,490.983287
3.555762,8,491.003379
-3.355855,8,491.017381
-1.617248,8,491.031848
3.792635,8,491.059193
-3.088568,8,491.078189
-11.955629,8,491.100523
4.735776,8,491.118209
-2.217678,8,491.141558
-1.510911,8,491.158213
1.506647,8,491.173888
0.499899,8,491.194889
1.033583,8,491.211188
-18.883822,8,491.224873
0.427315,8,491.276165
-39.78063,8,491.287164
2.927828,8,491.301162
-18.229679,8,491.322167
9.059511,8,491.334166
-6.601628,8,491.347437
-2.507609,8,491.36414
-15.959974,8,491.375501
-27.367796,8,491.387483
2.56668,8,491.403474
-13.016265,8,491.42012
2.294466,8,491.433506
3.608388,8,491.444429
-10.442404,8,491.456138
-3.593787,8,491.470153
-6.17761,8,491.486494
-55.495007,8,491.496443
1.204648,8,491.506438
-20.752043,8,491.527798
-3.82847,8,491.540483
0.078556,8,491.552488
-41.554333,8,491.562162
-6.71146,8,491.578839
-47.754949,8,491.592473
-4.526399,8,491.607087
-27.162312,8,491.619088
0.64176,8,491.637094
-16.546362,8,491.648524
-20.762236,8,491.663161
7.117239,8,491.673823
11.584438,8,491.692167
5.188138,8,491.705702
-0.429757,8,491.719939
-3.735277,8,491.734049
-1.892545,8,491.753448
1.17023,8,491.765155
1.928746,8,491.775795
-39.410541,8,491.786799
-4.316194,8,491.816051
-0.949121,8,491.829051
0.121684,8,491.852051
2.549134,8,491.864944
-1.302857,8,491.880151
-26.354959,8,491.892074
3.689508,8,491.903094
-39.162321,8,491.914335
-30.11131,8,491.928914
7.518103,8,491.940576
3.388545,8,491.956776
2.920826,8,491.968771
-11.695686,8,491.981336
-16.167684,8,491.991328
-12.261994,8,492.003328
-14.272859,8,492.018179
-6.133667,8,492.033849
-8.879117,8,492.045489
8.413676,8,492.057491
-2.516079,8,492.074037
1.559512,8,492.089524
0.159795,8,492.102022
-94.320724,8,492.11753
2.269401,8,492.131032
2.822879,8,492.147544
-4.416343,8,492.158552
4.832284,8,492.170545
-25.314621,8,492.192877
-10.560201,8,492.210179
2.243184,8,492.221828
-22.234359,8,492.232834
3.823209,8,492.24449
1.377299,8,492.26116
-4.004539,8,492.273157
-9.212881,8,492.28516
-77.912673,8,492.29818
5.529172,8,492.316157
-21.03032,8,492.328158
-1.746627,8,492.341156
1.380995,8,492.353172
0.084223,8,492.370155
3.445092,8,492.382168
-10.521287,8,492.394159
-39.572667,8,492.405722
-7.229255,8,492.425922
-31.910906,8,492.437926
4.799943,8,492.452512
0.925804,8,492.463584
4.445991,8,492.479434
5.884348,8,492.491416
-0.909197,8,492.504637
-16.268873,8,492.515235
-1.078919,8,492.542057
-0.237848,8,492.554063
0.986086,8,492.567175
-5.378804,8,492.578803
0.936293,8,492.593799
1.877662,8,492.603799
3.278041,8,492.613805
-31.546221,8,492.623802
-1.566993,8,492.6445
3.139202,8,492.655135
-3.218958,8,492.667148
-27.771619,8,492.677791
0.858431,8,492.693479
1.234696,8,492.709633
-26.492958,8,492.7218
-19.548084,8,492.733807
-2.017438,8,492.753479
-3.08069,8,492.764161
-3.134185,8,492.776811
2.641093,8,492.78781
-128.315776,8,492.80147
0.387368,8,492.813227
-21.154195,8,492.824224
-10.298157,8,492.833228
-34.340626,8,492.851224
9.718202,8,492.866224
-9.282295,8,492.879849
-18.431252,8,492.891546
0.287623,8,492.905115
-24.001626,8,492.91712
-4.393526,8,492.926121
-20.629404,8,492.938123
-19.950314,8,492.952123
-0.485228,8,492.965508
-36.243367,8,492.975919
-47.918659,8,492.98492
-16.181601,8,492.998497
-18.418206,8,493.009609
-0.702479,8,493.024958
-93.80781,8,493.034961
-14.13993,8,493.049957
-19.740039,8,493.060244
-5.829032,8,493.075834
-3.828314,8,493.090472
5.370582,8,493.10517
-8.743367,8,493.116178
-17.021431,8,493.126925
-16.090367,8,493.140512
-41.000099,8,493.159513
0.313929,8,493.174875
0.481985,8,493.19854
2.235398,8,493.210174
-27.169883,8,493.225821
0.101024,8,493.235821
-4.36397,8,493.250473
-8.372066,8,493.267473
-41.036335,8,493.288048
2.761411,8,493.300615
0.261783,8,493.317151
-4.889401,8,493.33383
-14.024639,8,493.352513
-0.459173,8,493.368513
-42.554903,8,493.38151
-19.448471,8,493.406162
-2.191655,8,493.42016
-8.099765,8,493.433784
-56.170023,8,493.445488
3.874543,8,493.459145
0.710381,8,493.475143
1.559981,8,493.487143
-1.13045,8,493.505247
-0.653983,8,493.522852
0.27622,8,493.54153
-11.930306,8,493.556227
-37.03904,8,493.568228
3.492377,8,493.587832
-2.030841,8,493.603833
-20.980842,8,493.621209
-4.667574,8,493.633878
-0.969109,8,493.646519
-20.236814,8,493.664181
-0.853729,8,493.675845
4.436144,8,493.687845
-17.056382,8,493.700857
-1.753813,8,493.716158
-12.670489,8,493.732045
-34.373934,8,493.743508
-12.164117,8,493.754509
-1.960935,8,493.774846
0.759712,8,493.784847
-38.944968,8,493.796502
-23.845644,8,493.808503
3.599585,8,493.823588
2.750977,8,493.843987
-46.655509,8,493.861202
1.84766,8,493.876842
-3.636112,8,493.893845
4.525639,8,493.910839
-0.615967,8,493.925847
-8.303242,8,493.939511
3.745615,8,493.964265
-7.065436,8,493.97787
4.881619,8,493.991357
-3.004991,8,494.002338
-18.413905,8,494.018653
0.291686,8,494.029651
1.07643,8,494.040917
-4.198997,8,494.050917
-12.23353,8,494.069636
-97.627203,8,494.080159
2.002958,8,494.092483
-1.833319,8,494.103485
-43.790459,8,494.118661
-53.895931,8,494.13466
4.869148,8,494.149657
1.769555,8,494.162231
6.287178,8,494.182851
-34.721224,8,494.196528
0.278411,8,494.208737
-1.779941,8,494.225791
-19.902566,8,494.240789
-30.018042,8,494.25079
-33.765269,8,494.26297
-13.386621,8,494.27886
-5.49985,8,494.295547
-10.271712,8,494.314219
3.606544,8,494.329887
-17.278312,8,494.341532
-96.938093,8,494.358624
1.545855,8,494.36961
-4.472056,8,494.387611
-74.521031,8,494.399604
-31.488158,8,494.418296
4.964194,8,494.431958
-28.160934,8,494.443624
-28.708438,8,494.457831
-72.69198,8,494.472852
-12.511058,8,494.483938
7.00563,8,494.507217
6.986769,8,494.518326
-40.760555,8,494.534993
0.665098,8,494.548613
-16.641882,8,494.560271
-2.444052,8,494.572166
0.90767,8,494.587257
-0.712744,8,494.599331
-21.267844,8,494.617468
-94.152741,8,494.629213
0.623602,8,494.644509
-24.120453,8,494.656507
-48.8642,8,494.67298
-4.208229,8,494.685074
2.37952,8,494.70208
-38.314423,8,494.712882
-22.678277,8,494.728883
-21.4175,8,494.741589
-25.534559,8,494.756639
-5.845709,8,494.756975
0.161492,8,494.782484
-33.947856,8,494.79549
5.687399,8,494.809258
7.812398,8,494.821165
5.179634,8,494.832081
0.609039,8,494.853018
-0.609748,8,494.870278
3.956393,8,494.8809
-36.71785,8,494.891898
-5.976621,8,494.901986
-0.357069,8,494.91789
1.089548,8,494.930691
3.687313,8,494.9436
-19.37026,8,494.959236
-1.175886,8,494.974982
8.915128,8,494.986894
3.015909,8,494.998579
0.927817,8,495.015579
-21.236218,8,495.030298
-54.592193,8,495.042542
-34.79379,8,495.052636
-17.397952,8,495.0622
-6.888037,8,495.082848
7.830027,8,495.094516
-4.395048,8,495.108241
3.447275,8,495.120239
-0.6939,8,495.136336
-21.323534,8,495.148268
-0.650153,8,495.158658
-35.020137,8,495.169657
1.273482,8,495.197053
-30.114916,8,495.209244
-55.189351,8,495.222245
-2.310523,8,495.237243
10.478801,8,495.254531
2.271734,8,495.267733
3.235888,8,495.286071
-18.27589,8,495.298463
5.444792,8,495.315219
3.676864,8,495.326979
-25.442568,8,495.33998
1.628422,8,495.35198
-3.686367,8,495.371898
-33.542655,8,495.382907
1.597097,8,495.397522
1.553552,8,495.408523
-16.609837,8,495.422526
1.347675,8,495.434524
-18.104694,8,495.446648
-20.652599,8,495.457648
-15.886713,8,495.473979
-1.492767,8,495.485981
-48.847716,8,495.495635
-11.4301,8,495.5093
-23.408644,8,495.52396
1.06883,8,495.542142
2.498415,8,495.553388
-4.372688,8,495.564379
-15.768247,8,495.578872
3.33201,8,495.590156
1.946748,8,495.601161
-5.344935,8,495.614925
-0.847833,8,495.629446
-1.51477,8,495.639539
1.650268,8,495.650544
-64.565318,8,495.66124
-4.442194,8,495.67524
-6.9366,8,495.691914
-14.190385,8,495.702914
-13.276801,8,495.716235
-38.792033,8,495.736874
0.889702,8,495.749547
2.434812,8,495.762203
4.400963,8,495.774204
-14.054265,8,495.792577
-39.708998,8,495.805199
-17.651155,8,495.817146
-98.01766,8,495.8337
-0.030136,8,495.852516
-29.158438,8,495.864117
-25.285326,8,495.884033
3.98464,8,495.899032
2.185379,8,495.917029
-37.015583,8,495.930875
-15.513155,8,495.949505
4.104448,8,495.965249
4.13123,8,495.983248
7.959305,8,495.996245
-0.714034,8,496.012235
-22.510578,8,496.02893
-17.321853,8,496.048598
7.141737,8,496.068243
8.153754,8,496.090577
-48.298997,8,496.105577
-0.105961,8,496.129906
-3.246593,8,496.146626
-9.081892,8,496.167244
3.601866,8,496.178923
-20.808993,8,496.194577
3.987001,8,496.207263
5.755502,8,496.220266
2.141602,8,496.232913
-3.556234,8,496.24759
3.257035,8,496.261279
-4.607736,8,496.278978
-0.634016,8,496.297594
-14.043955,8,496.31427
4.165414,8,496.327246
4.432305,8,496.338498
-94.999695,8,496.350508
-3.847467,8,496.365772
3.652888,8,496.382202
2.497936,8,496.394602
-1.908381,8,496.4066
-4.532541,8,496.422601
5.693368,8,496.435602
-23.942121,8,496.450598
-7.088238,8,496.464221
-19.201631,8,496.479962
-15.018367,8,496.496595
-4.103669,8,496.508205
-31.494682,8,496.519204
-62.512492,8,496.534206
3.485524,8,496.547205
4.47794,8,496.558703
-23.30716,8,496.5687
-21.086392,8,496.58127
-1.720375,8,496.592595
-19.27945,8,496.608234
1.836364,8,496.619236
0.339395,8,496.638591
-0.018446,8,496.653086
-37.828951,8,496.667062
7.250556,8,496.678487
-1.596714,8,496.799544
-4.1183,8,496.810232
-42.415881,8,496.826592
-19.574578,8,496.837593
5.427852,8,496.85299
0.99,8,496.865288
-22.081564,8,496.878306
0.974455,8,496.889283
-2.962268,8,496.910282
-13.488403,8,496.921286
-43.598097,8,496.92883
0.96125,8,496.95151
-24.466916,8,496.967178
-58.960756,8,496.977946
0.814192,8,496.988592
0.728672,8,496.9986
-2.155417,8,497.014243
-11.196558,8,497.027897
-37.783932,8,497.039585
-55.958666,8,497.055248
2.494794,8,497.070257
-19.097258,8,497.086945
-33.583224,8,497.098943
-74.917756,8,497.111197
-0.219911,8,497.124959
-12.619631,8,497.135963
-28.889763,8,497.148609
-0.3322,8,497.163271
-19.037853,8,497.176905
-10.829563,8,497.185905
-12.217411,8,497.19691
-9.700638,8,497.210239
-17.07302,8,497.226922
-8.249098,8,497.244713
0.330361,8,497.257269
2.400904,8,497.267267
-3.504331,8,497.286937
-7.834978,8,497.302591
-34.741892,8,497.315594
1.293121,8,497.329883
-52.463619,8,497.349555
-0.341076,8,497.36423
8.294256,8,497.377971
-20.397925,8,497.392596
5.333765,8,497.407228
-6.804149,8,497.421228
-19.384023,8,497.440597
-4.123637,8,497.452753
3.910761,8,497.472844
-52.625768,8,497.487842
-42.499819,8,497.503843
0.867617,8,497.514313
-2.913377,8,497.528307
-4.700191,8,497.539798
-13.872501,8,497.549802
-1.855473,8,497.560376
1.196405,8,497.574981
6.484991,8,497.58498
-2.717336,8,497.600547
-1.032483,8,497.616245
-27.841518,8,497.630988
-14.97483,8,497.639986
-27.070457,8,497.650995
-0.162761,8,497.66121
3.894024,8,497.676887
-17.170947,8,497.686887
-15.591868,8,497.69757
-41.332691,8,497.707251
-5.550137,8,497.725246
-48.872913,8,497.734252
-0.81253,8,497.745247
0.004829,8,497.763541
-9.451075,8,497.778921
-23.053345,8,497.790548
0.512856,8,497.800547
4.315612,8,497.810215
-9.811436,8,497.828915
4.464286,8,497.840595
-0.206591,8,497.850595
-7.158351,8,497.860595
0.384676,8,497.875608
2.56313,8,497.88461
-6.214177,8,497.896007
-9.074722,8,497.912274
5.008225,8,497.926756
-6.480909,8,497.941742
-54.993751,8,497.951744
-21.954321,8,497.962912
3.149125,8,497.976559
-19.468613,8,497.984559
-15.836808,8,497.995008
0.497014,8,498.005249
0.610021,8,498.022926
-2.167835,8,498.032925
1.387276,8,498.043314
-0.130279,8,498.088585
-1.931597,8,498.10728
-22.397905,8,498.119282
2.892814,8,498.12998
-29.837902,8,498.140546
7.475135,8,498.156257
-91.170505,8,498.171933
4.647472,8,498.182938
-16.366237,8,498.194939
1.302206,8,498.209482
-16.40521,8,498.221941
2.681558,8,498.231949
4.395294,8,498.243677
1.727895,8,498.26425
-1.511959,8,498.283248
-29.952439,8,498.296249
-11.163841,8,498.307704
4.597762,8,498.325932
2.170199,8,498.335933
-25.164082,8,498.347551
-80.346834,8,498.360257
-23.071461,8,498.376984
1.623334,8,498.391653
-0.828109,8,498.403651
-29.52777,8,498.418655
6.105604,8,498.439068
-19.066995,8,498.455274
2.576146,8,498.469283
2.239355,8,498.482975
8.510079,8,498.50659
-1.352609,8,498.523943
-25.769771,8,498.54258
-26.640659,8,498.565494
-39.720668,8,498.589549
-1.296291,8,498.616236
-13.195334,8,498.630237
5.213196,8,498.644644
2.021135,8,498.662326
-0.384401,8,498.682845
0.933315,8,498.696534
-51.696178,8,498.710203
-52.350881,8,498.732205
-33.095453,8,498.743715
-13.330369,8,498.756291
-130.11892,8,498.766299
2.281234,8,498.783476
-17.94186,8,498.796839
0.780086,8,498.811327
-45.733697,8,498.831032
-35.936783,8,498.848123
-22.537826,8,498.860784
-34.017963,8,498.879569
-2.687513,8,498.892274
-0.12171,8,498.910843
-17.177153,8,498.924454
-17.694511,8,498.941516
-2.224834,8,498.954513
-77.483982,8,498.969378
-7.237484,8,498.982097
-17.170599,8,498.994683
0.283117,8,499.008495
-15.939307,8,499.025049
-1.197148,8,499.04503
-1.231829,8,499.060032
-5.320265,8,499.07323
-6.463764,8,499.088651
-3.643268,8,499.099667
-31.110232,8,499.110346
6.519572,8,499.121994
-16.951696,8,499.140803
-12.31449,8,499.15838
-25.721749,8,499.169379
-13.169274,8,499.182383
-41.317306,8,499.195717
6.131216,8,499.203717
-16.819466,8,499.215394
-4.551434,8,499.230121
-21.096426,8,499.245736
-60.434214,8,499.257457
3.602137,8,499.268458
-1.417838,8,499.286455
3.334596,8,499.303759
4.29935,8,499.319474
-46.201027,8,499.331162
-0.360258,8,499.342718
-5.284278,8,499.35733
-52.753297,8,499.373099
-3.584453,8,499.394097
2.419277,8,499.414393
-4.060505,8,499.434115
4.329536,8,499.447704
-1.20843,8,499.460847
-32.609894,8,499.470847
-10.919709,8,499.487979
-37.271152,8,499.498977
2.870815,8,499.516437
-77.821368,8,499.529201
-2.329689,8,499.544677
-26.693979,8,499.555312
6.256719,8,499.568417
-14.393035,8,499.58213
3.998554,8,499.606844
-0.639984,8,499.627243
-21.387372,8,499.642742
-27.124857,8,499.653743
-12.284061,8,499.668243
-29.592475,8,499.681932
4.920287,8,499.697687
-15.750207,8,499.710351
0.113936,8,499.72604
-12.42843,8,499.743582
2.559517,8,499.758219
5.74558,8,499.76822
-0.7829,8,499.787271
-44.309012,8,499.798507
-41.138015,8,499.809063
-0.679463,8,499.820063
-34.97889,8,499.835941
1.643204,8,499.849723
-1.520806,8,499.868498
-7.189494,8,499.880313
-39.410588,8,499.895993
-17.768106,8,499.906479
1.458126,8,499.918475
-20.900596,8,499.932473
-25.854092,8,499.951478
-8.647466,8,499.97078
-37.131857,8,499.987352
1.170033,8,499.999704
-14.188057,8,500.015403
-14.021199,8,500.027392
-11.68171,8,500.036392
4.046659,8,500.046694
-86.869588,8,500.063503
8.738884,8,500.080029
1.78809,8,500.091891
-17.720656,8,500.103891
-0.542753,8,500.119446
2.901844,8,500.137445
-33.648698,8,500.150446
-3.642528,8,500.161552
0.866139,8,500.177989
4.137778,8,500.192712
-57.115956,8,500.203712
-1.545538,8,500.216482
4.781294,8,500.231085
2.390185,8,500.243078
-41.531981,8,500.255318
-3.08318,8,500.267326
-100.703314,8,500.282091
-31.279581,8,500.29583
-10.444794,8,500.31758
-23.261687,8,500.33274
7.781533,8,500.349957
-156.778834,8,500.359965
-4.990191,8,500.370963
-35.024526,8,500.381133
-3.062629,8,500.396757
1.773411,8,500.409485
-25.75335,8,500.427022
-4.557169,8,500.440778
1.916695,8,500.453778
0.416676,8,500.467323
2.936366,8,500.487129
3.410369,8,500.500763
0.802561,8,500.516402
0.353506,8,500.5311
-17.290492,8,500.545757
-21.819401,8,500.559346
-38.572245,8,500.574338
-77.570375,8,500.58635
-1.328764,8,500.60078
-37.583954,8,500.612545
4.64769,8,500.629157
-16.983812,8,500.641798
-31.375779,8,500.657244
-3.539443,8,500.67596
-11.758214,8,500.69196
-8.171359,8,500.703961
-2.754387,8,500.716346
-10.382401,8,500.729953
-7.119067,8,500.74565
-13.64908,8,500.761314
-6.885424,8,500.782315
-0.609293,8,500.797312
-22.625673,8,500.814309
-1.178066,8,500.828967
-16.645426,8,500.842643
-63.207591,8,500.861568
-18.303623,8,500.886161
-0.495047,8,500.903709
-24.969951,8,500.921717
2.113435,8,500.934535
-18.172625,8,500.955317
1.411074,8,500.967474
3.833865,8,500.979611
-2.561235,8,500.995607
-19.447451,8,501.015611
-13.970161,8,501.030103
-29.292309,8,501.043767
-25.491695,8,501.057362
-24.051851,8,501.079054
-24.106636,8,501.090683
-31.566191,8,501.100681
3.737296,8,501.119677
-5.415298,8,501.140883
-13.600141,8,501.15289
-2.560156,8,501.166458
-22.992049,8,501.178107
-46.68517,8,501.193872
-1.822837,8,501.205427
-93.619251,8,501.216547
4.062006,8,501.233749
1.594402,8,501.2539
-8.057854,8,501.265603
-2.054983,8,501.277113
1.359806,8,501.287118
2.078202,8,501.301872
-5.562443,8,501.31438
-38.683017,8,501.325385
-19.669116,8,501.34038
1.830507,8,501.357525
-5.956172,8,501.367529
-11.094853,8,501.381269
-46.280916,8,501.39378
-2.908665,8,501.410387
-1.7849,8,501.427046
-2.216695,8,501.437044
-24.71319,8,501.449682
-29.737542,8,501.473135
0.558601,8,501.487136
-4.666316,8,501.503871
-19.444602,8,501.517428
2.539324,8,501.535383
4.693701,8,501.549062
-21.737837,8,501.562937
5.776075,8,501.580996
0.449497,8,501.597812
1.601375,8,501.615462
-33.516389,8,501.627124
-42.222772,8,501.63612
-41.366444,8,501.652757
4.982722,8,501.668312
-10.58528,8,501.680923
11.762268,8,501.697685
1.431312,8,501.715121
-5.570861,8,501.727962
-17.173217,8,501.739663
-4.781744,8,501.75166
-99.993223,8,501.766662
-13.999485,8,501.77866
0.860702,8,501.797702
3.166162,8,501.814327
-10.048351,8,501.828034
-1.190172,8,501.840615
-19.909378,8,501.852612
-37.058512,8,501.864256
6.987655,8,501.879924
-160.375491,8,501.892928
-19.742121,8,501.902922
1.282066,8,501.918556
-16.128852,8,501.932222
-20.674877,8,501.944988
0.618904,8,501.962991
-15.134068,8,501.977985
-8.201214,8,501.992989
1.538632,8,502.005381
4.233636,8,502.019056
-18.505539,8,502.0343
3.782421,8,502.05179
-3.561921,8,502.064421
-72.049948,8,502.077179
-5.784741,8,502.088679
8.014394,8,502.104746
-2.430274,8,502.118748
-14.560645,8,502.129149
-41.172782,8,502.148795
-1.327492,8,502.173121
-38.742472,8,502.183133
0.372462,8,502.196816
-25.352517,8,502.209368
-40.457818,8,502.224128
-18.934416,8,502.233125
3.487289,8,502.243776
-24.938916,8,502.252776
-17.954367,8,502.270432
-17.089397,8,502.282245
-54.157144,8,502.295887
4.431547,8,502.314505
-17.13471,8,502.330122
2.419473,8,502.342847
-63.358013,8,502.353846
2.329172,8,502.366488
4.273616,8,502.387172
-2.171818,8,502.400738
-36.785754,8,502.413461
3.714895,8,502.426169
6.042344,8,502.443173
-16.724449,8,502.454171
-41.543327,8,502.467174
2.553837,8,502.479231
-21.4325,8,502.500763
-13.570136,8,502.513489
5.757942,8,502.527488
-46.965004,8,502.541784
-5.447053,8,502.558452
-20.594943,8,502.569447
-6.267745,8,502.582173
-0.653342,8,502.593755
-18.457017,8,502.614354
-5.459638,8,502.627254
-13.288478,8,502.63726
3.353352,8,502.650259
-22.717083,8,502.668362
-9.912957,8,502.682076
-0.235504,8,502.695795
-12.528332,8,502.710446
0.161294,8,502.732752
2.070331,8,502.744634
-16.79063,8,502.753964
-26.090938,8,502.764288
-36.286328,8,502.778022
-0.200437,8,502.78966
2.750912,8,502.799655
-15.98227,8,502.810344
-1.020129,8,502.82512
-40.116067,8,502.846121
-1.410249,8,502.859118
-16.547199,8,502.870117
-39.80385,8,502.88477
-84.321785,8,502.897233
-21.370442,8,502.90898
-4.500291,8,502.92098
-18.980111,8,502.937491
3.264838,8,502.954042
-37.769959,8,502.965796
4.567099,8,502.977354
-35.65926,8,502.992007
0.806146,8,503.009653
-17.558115,8,503.02318
-0.632386,8,503.036183
-0.377785,8,503.048935
-1.223665,8,503.065584
-19.924795,8,503.079585
-16.597926,8,503.097207
-35.050311,8,503.114723
0.104831,8,503.129387
-48.134736,8,503.142879
10.04425,8,503.158376
-9.167275,8,503.177981
-34.566417,8,503.192984
0.164603,8,503.213732
4.844557,8,503.22831
1.579235,8,503.244817
-15.503434,8,503.259435
1.79519,8,503.279979
-26.215692,8,503.293979
-2.874237,8,503.311876
-8.05635,8,503.331124
-31.377694,8,503.341827
-10.626148,8,503.350825
-1.0356,8,503.368531
0.99637,8,503.382117
-17.628182,8,503.402112
-14.250668,8,503.417115
0.778536,8,503.438689
3.860589,8,503.457455
-23.575882,8,503.476581
7.711145,8,503.494578
-52.835594,8,503.633211
-14.562822,8,503.645855
0.332545,8,503.657302
-5.826097,8,503.669301
-17.570151,8,503.683996
3.054773,8,503.696465
-12.701696,8,503.708324
-6.30056,8,503.722468
3.227979,8,503.739725
3.345034,8,503.74973
-17.038871,8,503.761319
1.762634,8,503.773041
-22.267379,8,503.787038
3.679907,8,503.797725
0.575022,8,503.808359
1.66023,8,503.819359
-12.10383,8,503.835051
4.159246,8,503.851053
-51.784567,8,503.864194
-24.36463,8,503.880918
-22.393222,8,503.898595
6.016685,8,503.910514
4.286502,8,503.924465
1.309942,8,503.937462
-19.058519,8,503.95147
-13.597773,8,503.970709
-9.528701,8,503.98874
-0.452298,8,504.005403
3.196903,8,504.026198
3.599138,8,504.042195
0.041613,8,504.052201
-2.035692,8,504.066197
-22.704841,8,504.0949
-18.364753,8,504.109468
-26.51828,8,504.119469
4.351482,8,504.133203
-39.329018,8,504.150806
-0.998559,8,504.16648
-20.770889,8,504.181478
-2.710851,8,504.199806
-32.724237,8,504.215519
-3.217359,8,504.228177
-24.221426,8,504.239786
-33.31441,8,504.251784
-1.388865,8,504.275564
-17.480513,8,504.289881
-17.951871,8,504.300879
-0.060933,8,504.317457
-19.031443,8,504.333191
-13.649207,8,504.344876
-3.226809,8,504.35541
-11.948938,8,504.367539
-19.602479,8,504.384231
-0.896535,8,504.398216
2.329205,8,504.41149
-0.965208,8,504.427172
-16.718049,8,504.442863
-22.811799,8,504.460531
2.653153,8,504.473656
-41.243253,8,504.483652
3.434037,8,504.500648
-3.55077,8,504.515381
-15.994945,8,504.532019
5.176514,8,504.548869
-0.019103,8,504.564594
-48.907976,8,504.576159
-1.372412,8,504.586159
3.310661,8,504.598173
-103.026918,8,504.614172
-16.776246,8,504.632048
-23.403318,8,504.645928
1.95381,8,504.661342
1.87501,8,504.677883
-4.723895,8,504.690573
7.313901,8,504.705813
-13.799823,8,504.718898
-8.203377,8,504.734171
0.135137,8,504.746594
2.111952,8,504.760295
-53.358877,8,504.776734
-0.918656,8,504.791705
4.627413,8,504.80371
-4.277309,8,504.821019
-44.702854,8,504.832014
-4.027488,8,504.847085
-3.33369,8,504.85962
2.042735,8,504.91457
1.446595,8,504.925308
-18.040981,8,504.939756
-2.599045,8,504.953759
6.970026,8,504.96668
3.352926,8,504.979266
4.035093,8,504.99945
0.620421,8,505.014449
-20.560746,8,505.030454
-0.044562,8,505.042448
-11.728541,8,505.059029
3.912137,8,505.06903
4.998804,8,505.081256
-2.077831,8,505.091748
-12.127178,8,505.109529
-23.04605,8,505.124121
-71.912267,8,505.135192
-22.636097,8,505.148865
-12.838298,8,505.166864
1.556406,8,505.181185
3.094096,8,505.195846
5.434329,8,505.213626
-80.57687,8,505.235185
-31.757081,8,505.245877
-21.264891,8,505.255879
-92.88428,8,505.26788
-127.297739,8,505.291901
-3.071363,8,505.30666
2.739146,8,505.317662
-2.06874,8,505.328247
-52.600665,8,505.34674
-22.667281,8,505.360708
-23.310786,8,505.369708
-12.336424,8,505.390036
-30.7257,8,505.405491
-73.784499,8,505.418584
5.031064,8,505.432199
6.641935,8,505.44487
-3.128495,8,505.46457
-48.490896,8,505.47875
-103.386472,8,505.491755
1.599108,8,505.502729
-6.366665,8,505.515538
8.007735,8,505.532223
-4.707887,8,505.545812
-43.82994,8,505.559522
-2.750966,8,505.584521
-17.465535,8,505.598517
7.428422,8,505.613654
-15.11334,8,505.629193
-0.679063,8,505.650521
-1.369907,8,505.670298
8.552256,8,505.684055
-11.74574,8,505.704669
-14.748303,8,505.722081
-29.176042,8,505.738733
-5.205899,8,505.751738
-16.819501,8,505.765373
5.714967,8,505.791742
0.54275,8,505.809741
5.60306,8,505.822113
-196.650804,8,505.836119
-0.287324,8,505.854619
-23.439803,8,505.866651
-11.862807,8,505.879323
-54.407586,8,505.892914
-48.531337,8,505.913657
-16.827507,8,505.926652
2.387932,8,505.940319
0.886382,8,505.951317
8.670723,8,505.967104
-10.091638,8,505.984909
-18.936958,8,505.997903
6.472294,8,506.010903
2.277813,8,506.031904
4.737999,8,506.044914
-23.891507,8,506.057546
-19.046942,8,506.068545
5.950146,8,506.083178
-3.540004,8,506.09491
-10.613878,8,506.103913
-27.298175,8,506.120382
-94.540297,8,506.138223
-5.389967,8,506.156549
-98.518594,8,506.167554
-20.163189,8,506.180266
0.112266,8,506.196998
-44.765703,8,506.209583
-0.696357,8,506.220583
2.119347,8,506.232223
-5.647746,8,506.251299
-10.460589,8,506.265479
-13.045701,8,506.280864
2.728907,8,506.293132
-12.553052,8,506.310584
-0.031667,8,506.31959
5.972512,8,506.336233
-90.864062,8,506.349854
-4.322745,8,506.368877
-23.115802,8,506.38226
-3.535669,8,506.394915
4.611774,8,506.40868
-136.105813,8,506.425268
-45.307154,8,506.437262
-0.58588,8,506.450953
-1.843618,8,506.463104
0.366254,8,506.482105
3.305867,8,506.497108
0.103531,8,506.51511
-77.581267,8,506.527108
-18.834429,8,506.545102
-7.641948,8,506.558108
-4.295951,8,506.571107
-0.409881,8,506.586107
-60.267775,8,506.598896
-1.101623,8,506.610587
-18.899417,8,506.619585
0.431598,8,506.632232
0.504991,8,506.6469
-4.197114,8,506.659387
-44.207083,8,506.67404
-2.612903,8,506.696038
0.223864,8,506.712452
-48.520738,8,506.723152
2.842033,8,506.73415
-25.425786,8,506.745793
2.268432,8,506.761471
-0.671804,8,506.77307
-25.132253,8,506.785088
-8.561959,8,506.802091
-21.228342,8,506.818481
-11.395891,8,506.831809
0.292937,8,506.845765
-17.285242,8,506.865438
-13.375774,8,506.881092
2.077275,8,506.891777
-4.481341,8,506.902785
-12.907399,8,506.917701
-16.836898,8,506.933391
0.670516,8,506.945883
1.421885,8,506.958365
0.293813,8,506.967363
7.20322,8,506.985046
-9.058304,8,506.99769
-185.993506,8,507.010691
-6.09966,8,507.027692
-26.874681,8,507.047872
-8.104715,8,507.058553
-33.368491,8,507.068552
4.510203,8,507.081118
-100.80068,8,507.095849
-14.285346,8,507.106597
-0.190333,8,507.117597
-3.348009,8,507.130153
-2.476015,8,507.148839
3.245974,8,507.163565
3.001509,8,507.17621
8.963523,8,507.191861
-100.917834,8,507.215564
-23.478545,8,507.229663
-3.059683,8,507.243859
2.339257,8,507.264598
-1.752728,8,507.284263
-16.547267,8,507.298871
-36.30786,8,507.312565
-14.767255,8,507.327227
-28.521678,8,507.344227
5.131901,8,507.356543
-19.129816,8,507.367544
4.115114,8,507.384183
4.237843,8,507.402229
-6.891751,8,507.422264
-13.915274,8,507.434997
-5.276556,8,507.446831
-5.51756,8,507.483241
-35.047033,8,507.518583
-1.556222,8,507.541582
-5.473031,8,507.553586
-14.648692,8,507.57058
-6.638924,8,507.584217
0.998896,8,507.598819
-28.366732,8,507.617575
-40.403808,8,507.635254
-4.451271,8,507.655889
0.526693,8,507.668889
1.323102,8,507.68189
-113.058253,8,507.698842
-10.584939,8,507.715513
-15.414395,8,507.737132
1.611061,8,507.750819
1.69355,8,507.767503
-15.097231,8,507.779518
-14.278604,8,507.791659
-7.364128,8,507.803664
-4.278785,8,507.82005
0.604356,8,507.836254
-20.01071,8,507.854724
-18.400268,8,507.86862
-66.128698,8,507.885286
-17.296174,8,507.899269
-85.401649,8,507.913427
0.623602,8,507.926512
-81.831319,8,507.945908
-86.384597,8,507.955486
2.537657,8,507.968601
-3.980896,8,507.981261
-18.430155,8,507.995169
-66.792048,8,508.009166
0.953201,8,508.030172
2.996618,8,508.048162
-21.003578,8,508.070644
-17.852551,8,508.090128
7.414504,8,508.10813
-6.316328,8,508.122144
-19.06736,8,508.140917
6.322733,8,508.152915
-8.232502,8,508.167637
-24.723955,8,508.185254
-2.163817,8,508.203983
-18.733093,8,508.219612
5.800886,8,508.237253
-3.739188,8,508.259542
-13.313417,8,508.279327
-48.11522,8,508.298868
-18.221296,8,508.316866
-10.464989,8,508.335866
-3.021789,8,508.359579
-85.731065,8,508.373425
3.548026,8,508.391988
0.09533,8,508.402988
-5.512537,8,508.426505
9.450198,8,508.441748
-3.775781,8,508.458654
6.078276,8,508.477361
-1.767718,8,508.492914
-26.154008,8,508.502914
-19.111467,8,508.516568
-9.689447,8,508.540574
3.91799,8,508.561573
-14.298163,8,508.57792
-12.84027,8,508.593684
-9.245256,8,508.610672
4.284855,8,508.629254
-0.435976,8,508.64924
-55.423409,8,508.663373
-51.409408,8,508.678152
-1.452608,8,508.699369
0.912471,8,508.712501
-6.022005,8,508.724125
-62.578823,8,508.736613
-1.611124,8,508.762515
-18.453758,8,508.774072
-0.896153,8,508.785069
-16.765364,8,508.795789
-14.519243,8,508.812248
5.784887,8,508.82463
-15.609787,8,508.837634
-21.265805,8,508.852247
-18.87328,8,508.880344
10.573971,8,508.894874
-0.790543,8,508.906399
-12.302814,8,508.91849
-1.7021,8,508.933137
2.791493,8,508.947845
3.03809,8,508.960598
-27.374062,8,508.971549
-13.345014,8,508.992713
3.895701,8,509.003715
-19.366404,8,509.01586
1.233045,8,509.028288
2.514085,8,509.044997
4.159513,8,509.063992
2.160308,8,509.075998
6.25288,8,509.088909
-21.677038,8,509.109043
3.234444,8,509.122144
4.397247,8,509.137226
-2.694341,8,509.151862
-61.064449,8,509.168649
-3.651422,8,509.186277
-26.258177,8,509.201281
-1.541229,8,509.222179
-61.716082,8,509.238847
1.045075,8,509.258655
-44.336349,8,509.274331
-10.052852,8,509.286319
-5.465922,8,509.301938
3.73195,8,509.315644
0.715528,8,509.332737
-0.018234,8,509.346056
-19.990436,8,509.364393
-74.561822,8,509.376693
3.125324,8,509.387693
-1.76872,8,509.39996
1.823096,8,509.414973
6.895763,8,509.427338
-27.805136,8,509.448065
-11.254452,8,509.460715
-99.172495,8,509.477368
-37.081914,8,509.487364
-17.088298,8,509.499027
6.267839,8,509.512688
-24.58055,8,509.530396
6.974888,8,509.545022
-27.035016,8,509.562547
3.348148,8,509.575301
1.89913,8,509.589299
0.310086,8,509.60138
-0.670315,8,509.618303
2.969158,8,509.630378
-5.225726,8,509.646045
1.868648,8,509.659527
5.410385,8,509.675119
-1.284714,8,509.688627
-11.128851,8,509.702647
-4.736253,8,509.714471
5.129285,8,509.726606
3.971205,8,509.736612
3.50107,8,509.74883
3.256868,8,509.760342
-2.519347,8,509.772139
-8.686883,8,509.793884
-35.657616,8,509.810609
6.639318,8,509.822188
-0.269707,8,509.834198
-60.694588,8,509.848194
3.788429,8,509.863896
-18.300485,8,509.875465
-4.787618,8,509.886476
-66.581939,8,509.903012
0.745257,8,509.917532
1.082953,8,509.930797
-24.913389,8,509.946997
-64.237265,8,509.964755
-22.79677,8,509.980362
-1.713708,8,509.993006
-29.48397,8,510.010639
-59.738442,8,510.025318
0.434884,8,510.042592
-5.858315,8,510.056574
-34.463873,8,510.070573
-20.421932,8,510.081574
-2.472565,8,510.098903
10.24137,8,510.112659
-55.082893,8,510.129263
-8.835973,8,510.140996
-4.451184,8,510.162659
-149.875431,8,510.174665
5.017099,8,510.188864
-2.376155,8,510.20296
-15.005244,8,510.215626
5.092929,8,510.228207
-1.684035,8,510.245905
-5.734655,8,510.259517
5.142637,8,510.275516
-1.91309,8,510.286516
0.56047,8,510.299865
-20.79668,8,510.31587
1.031115,8,510.448129
-37.666588,8,510.460714
-2.663518,8,510.47691
0.169493,8,510.490909
-1.85765,8,510.509274
1.610915,8,510.522279
-24.160873,8,510.540932
-13.674998,8,510.552932
0.795256,8,510.57429
3.67635,8,510.587289
-18.72557,8,510.606019
5.431331,8,510.618018
8.366383,8,510.636343
-4.495743,8,510.659437
-14.091798,8,510.670437
-19.660815,8,510.683176
3.020096,8,510.698913
-6.5988,8,510.718912
4.493918,8,510.731191
-19.649528,8,510.745868
2.925762,8,510.763564
0.62367,8,510.778208
-1.868874,8,510.793843
-18.957907,8,510.806471
-12.687125,8,510.827203
8.471426,8,510.848974
0.711005,8,510.867729
-7.516216,8,510.882416
-22.460065,8,510.900933
-3.043022,8,510.917677
-19.050406,8,510.935317
-3.388102,8,510.949318
7.970147,8,510.965929
-14.237918,8,510.978403
-20.822779,8,510.992017
-27.303348,8,511.003029
-1.4522,8,511.019845
-9.087456,8,511.036849
-1.251991,8,511.051849
3.004421,8,511.064849
-23.035902,8,511.079844
-21.804973,8,511.095035
-0.416765,8,511.109492
-41.774782,8,511.123098
-11.308174,8,511.139809
0.435327,8,511.157807
4.507578,8,511.170811
-19.45606,8,511.182009
-0.920527,8,511.197971
0.873661,8,511.209532
7.24343,8,511.227365
-3.575787,8,511.240959
5.0273,8,511.262956
-4.108212,8,511.277319
-1.901355,8,511.290976
2.725148,8,511.302978
-24.226469,8,511.318656
-1.407157,8,511.330326
3.788557,8,511.341975
-17.35719,8,511.350972
1.577654,8,511.366679
-0.931308,8,511.382678
-18.553564,8,511.395022
2.638601,8,511.411614
3.365048,8,511.428309
-3.20042,8,511.44102
-18.130229,8,511.45302
1.344552,8,511.468685
-2.785541,8,511.484686
-1.379899,8,511.503948
-0.539018,8,511.517668
4.195466,8,511.534297
-39.057481,8,511.550991
1.247738,8,511.56567
-0.744933,8,511.578368
-33.843829,8,511.595501
2.064348,8,511.616502
-5.087079,8,511.631468
-102.631173,8,511.644925
-69.301736,8,511.656456
-18.121959,8,511.676457
1.385401,8,511.691456
2.326336,8,511.703455
0.002058,8,511.715564
3.00055,8,511.73448
10.655748,8,511.749913
-2.834407,8,511.761529
-15.075995,8,511.776157
6.463798,8,511.796158
5.34609,8,511.808589
-0.040226,8,511.822204
2.416058,8,511.837213
3.586761,8,511.851005
4.232487,8,511.865767
-7.35642,8,511.878514
-2.661407,8,511.893221
0.733426,8,511.91222
-4.90495,8,511.928018
3.056901,8,511.944763
3.012263,8,511.956574
-0.727998,8,511.981171
0.009608,8,511.99583
-11.435489,8,512.00883
-72.573814,8,512.01983
2.055072,8,512.035459
-13.354679,8,512.046105
-11.606888,8,512.062816
-18.763364,8,512.074452
-10.358833,8,512.090258
1.764849,8,512.102259
-1.491774,8,512.115267
-50.2317,8,512.126259
3.59556,8,512.158648
-5.71158,8,512.175365
-33.660839,8,512.191043
-70.352717,8,512.202057
-10.041919,8,512.215655
-16.072746,8,512.22788
-14.673767,8,512.242149
-48.348472,8,512.253152
-78.746119,8,512.270618
1.738543,8,512.287245
-39.105169,8,512.302029
-30.4225,8,512.313633
2.348988,8,512.330329
-1.294624,8,512.347326
-5.584188,8,512.35956
0.55582,8,512.372203
-0.53953,8,512.393954
-15.627776,8,512.406679
1.895834,8,512.431811
-39.240049,8,512.443134
-88.516593,8,512.460623
-16.707212,8,512.473349
6.924522,8,512.48435
-3.827545,8,512.494955
-49.817619,8,512.512709
-0.879059,8,512.527337
0.238819,8,512.54457
2.771094,8,512.554589
2.220576,8,512.569572
-0.292513,8,512.580587
-13.992844,8,512.592571
-40.669304,8,512.604599
-15.132773,8,512.625424
-20.356982,8,512.635419
-18.157544,8,512.648087
-11.348232,8,512.658562
-101.125443,8,512.672477
3.505477,8,512.683477
-72.907623,8,512.69886
-16.228876,8,512.709629
1.83276,8,512.72525
-1.051087,8,512.738863
-16.879614,8,512.748873
-6.887642,8,512.758545
-22.609121,8,512.770541
-17.277384,8,512.779541
8.948002,8,512.790877
-36.427707,8,512.799873
-75.037343,8,512.816553
-1.182686,8,512.826197
1.658424,8,512.837214
2.23224,8,512.860485
-33.912553,8,512.873131
-122.039728,8,512.88413
-0.474211,8,512.89513
-40.599082,8,512.906282
-4.842648,8,512.921348
-0.937965,8,512.932515
2.790575,8,512.948999
-128.04921,8,512.97187
-7.790303,8,512.986869
-2.573888,8,513.002959
-37.057673,8,513.014687
1.218033,8,513.033318
-1.649094,8,513.050003
1.269497,8,513.063706
-8.882745,8,513.078275
-1.819821,8,513.092013
-2.95336,8,513.110014
-19.835747,8,513.124282
-0.052406,8,513.141967
9.839717,8,513.158705
1.170657,8,513.174366
3.045722,8,513.196987
-23.658702,8,513.212677
-19.340165,8,513.226378
6.610054,8,513.252013
-34.980254,8,513.268734
-1.57339,8,513.285271
-30.348021,8,513.298022
-0.246521,8,513.320703
-5.822774,8,513.332699
-0.299575,8,513.345952
-10.443865,8,513.360667
-17.021847,8,513.384382
-84.844659,8,513.395983
-5.01747,8,513.407689
2.984136,8,513.417692
-79.434505,8,513.445995
-19.283694,8,513.45974
0.717503,8,513.470744
-48.630678,8,513.483358
-1.14731,8,513.499061
-30.036206,8,513.509692
-0.731219,8,513.520692
-1.506119,8,513.534272
-4.564234,8,513.554268
-31.218751,8,513.56596
-0.021573,8,513.577524
-6.603516,8,513.588917
-6.423847,8,513.611137
0.858379,8,513.633134
-9.129547,8,513.648134
-2.337459,8,513.669132
7.951416,8,513.68262
-0.554448,8,513.694816
-49.927672,8,513.705609
-65.493732,8,513.718618
-0.451407,8,513.738194
3.069651,8,513.753195
-12.139938,8,513.774289
-37.415137,8,513.785288
0.330625,8,513.800913
-20.661077,8,513.820602
-68.575899,8,513.832291
-7.069771,8,513.845933
-0.317141,8,513.86357
-4.680769,8,513.880571
-26.487894,8,513.893207
-0.391543,8,513.903206
-10.763421,8,513.916743
1.516878,8,513.92942
-86.321124,8,513.944141
-15.788075,8,513.957827
-7.96469,8,513.976826
-29.962978,8,513.996439
-38.240837,8,514.015225
-0.139965,8,514.029073
1.596418,8,514.051031
-62.315531,8,514.065826
-8.237932,8,514.080406
-0.435656,8,514.095421
-5.453537,8,514.119411
6.550495,8,514.132402
-70.575754,8,514.146418
-2.347696,8,514.15994
0.445563,8,514.17573
9.064218,8,514.187743
6.123656,8,514.204234
-1.360618,8,514.224239
1.812484,8,514.247092
-13.290101,8,514.261712
1.003208,8,514.274671
-18.37905,8,514.287673
0.011342,8,514.303674
0.274262,8,514.314676
-20.53191,8,514.335828
-7.263257,8,514.348662
-2.835367,8,514.36664
-53.620519,8,514.379765
-40.377901,8,514.393181
-47.109531,8,514.410638
6.11584,8,514.427639
-25.144994,8,514.443985
-4.138649,8,514.457937
0.88234,8,514.47228
-27.641458,8,514.487489
5.90564,8,514.503006
-96.344716,8,514.516704
-21.430286,8,514.531703
-3.333143,8,514.549047
-11.36144,8,514.564719
-2.984596,8,514.577387
-27.913204,8,514.596052
-31.634185,8,514.611837
-5.495306,8,514.624315
0.766282,8,514.641318
-4.575897,8,514.655491
-8.520001,8,514.676165
3.591498,8,514.687164
-15.433036,8,514.695988
5.245469,8,514.706589
0.399735,8,514.724707
-2.733992,8,514.735711
-2.031372,8,514.746716
3.800959,8,514.757609
-22.214255,8,514.77738
-16.762473,8,514.795039
-13.167847,8,514.805707
6.072886,8,514.819717
-6.033027,8,514.833287
1.440872,8,514.846035
-22.632724,8,514.861037
-60.12374,8,514.874724
0.869932,8,514.886724
2.937618,8,514.902505
-108.907045,8,514.917256
-12.270094,8,514.934092
1.792811,8,514.958842
0.601533,8,514.971508
-2.114081,8,514.983375
-9.350787,8,514.996871
-37.667874,8,515.029627
-2.32733,8,515.0423
-28.321619,8,515.053302
-3.936599,8,515.065969
-26.691836,8,515.08097
4.008661,8,515.092628
-0.518966,8,515.103629
-10.038611,8,515.118304
-16.215033,8,515.134917
-1.638775,8,515.152917
-24.13136,8,515.164917
-22.427402,8,515.176916
-128.409045,8,515.192592
1.189737,8,515.205449
-2.930662,8,515.220276
1.433628,8,515.238436
-4.664412,8,515.252312
-22.258182,8,515.277075
3.823297,8,515.28874
3.315764,8,515.299853
3.05012,8,515.316525
2.371793,8,515.334194
-60.271685,8,515.350849
-13.118957,8,515.362603
3.631945,8,515.379245
-20.059303,8,515.393077
4.526344,8,515.409079
1.914642,8,515.424669
-15.142123,8,515.442152
-3.908303,8,515.459638
5.766463,8,515.473201
2.403957,8,515.492196
1.212055,8,515.511196
-84.801997,8,515.529368
-17.026884,8,515.547072
-13.734127,8,515.564759
1.594316,8,515.583587
-18.922949,8,515.598067
-19.749661,8,515.614771
2.004731,8,515.633769
-37.20057,8,515.649769
-0.309839,8,515.664553
-35.563543,8,515.686196
-4.346566,8,515.70001
4.629154,8,515.719587
-39.583967,8,515.73073
-16.975428,8,515.74692
-15.563587,8,515.767647
1.405031,8,515.790968
2.047888,8,515.803967
-6.877033,8,515.817595
-19.937514,8,515.829249
-17.326519,8,515.84725
-19.240577,8,515.859977
2.227651,8,515.873572
-3.066272,8,515.885569
-15.364955,8,515.908628
-20.51544,8,515.92132
-16.496355,8,515.93321
-38.787221,8,515.948958
-3.413308,8,515.966524
3.046978,8,515.979261
1.214796,8,515.990973
-1.042127,8,516.000969
-3.620642,8,516.026522
-83.795641,8,516.036518
-3.379104,8,516.05552
7.230891,8,516.069523
-17.0395,8,516.089913
7.820882,8,516.102913
0.531314,8,516.115577
2.390395,8,516.136181
1.635272,8,516.153876
-63.777241,8,516.168877
1.345065,8,516.182877
-20.556343,8,516.196985
1.868658,8,516.211765
6.785646,8,516.225384
-67.111723,8,516.237385
-13.882384,8,516.248089
-78.86622,8,516.26408
-13.042872,8,516.276078
-22.886059,8,516.287396
2.4259,8,516.300045
2.953798,8,516.320655
-0.673227,8,516.33338
2.232726,8,516.350061
-16.357905,8,516.362748
-51.723562,8,516.379712
3.441198,8,516.394712
-33.354998,8,516.405626
-3.712313,8,516.415763
-20.012437,8,516.42939
0.853602,8,516.438948
4.605685,8,516.452071
-12.482308,8,516.470753
2.30802,8,516.48841
-7.254386,8,516.499424
-1.520882,8,516.510724
-20.198515,8,516.520724
3.325705,8,516.537422
-17.183331,8,516.550085
1.939269,8,516.561677
-15.491708,8,516.570679
4.418376,8,516.592467
-5.18709,8,516.604468
-2.865083,8,516.616467
-120.220687,8,516.627702
-2.009608,8,516.643034
-16.611737,8,516.656573
-6.362088,8,516.668577
4.20933,8,516.678576
-0.302514,8,516.696574
0.944209,8,516.706573
6.300266,8,516.717569
-27.42913,8,516.729277
1.542793,8,516.744976
4.076356,8,516.753977
-7.5506,8,516.766426
1.735986,8,516.777281
0.537485,8,516.793871
-25.792672,8,516.814612
3.059198,8,516.827612
-6.813751,8,516.837719
-18.826146,8,516.856145
4.40404,8,516.868152
-93.629632,8,516.879864
-38.462561,8,516.891432
-1.256346,8,516.910949
-5.507201,8,516.919947
4.42956,8,516.930834
-236.753995,8,516.942251
-9.313877,8,516.957358
3.19131,8,516.968357
0.862627,8,516.984527
-18.976615,8,516.996151
0.240147,8,517.010769
4.341942,8,517.025348
-2.647094,8,517.034349
-3.142203,8,517.047558
-4.077293,8,517.065717
-14.929808,8,517.082305
3.373721,8,517.108583
1.95285,8,517.131203
0.400337,8,517.261936
-2.985285,8,517.274306
-0.416696,8,517.293019
-43.573683,8,517.307689
-2.89843,8,517.326353
-36.612045,8,517.340911
-15.781298,8,517.353913
7.360209,8,517.371911
-2.039278,8,517.390005
-13.120589,8,517.404005
-1.181705,8,517.415608
-1.935507,8,517.427309
-4.97574,8,517.442985
0.996485,8,517.454249
-61.925825,8,517.466583
4.754379,8,517.492903
-26.271345,8,517.510906
-0.464385,8,517.528276
5.607569,8,517.542088
-33.112627,8,517.55209
-26.971798,8,517.573373
-2.372371,8,517.596371
-0.399733,8,517.61065
-80.694927,8,517.623317
-3.17628,8,517.642889
1.601629,8,517.658722
3.346934,8,517.671272
-5.288966,8,517.690237
-25.420015,8,517.711452
-19.707212,8,517.724373
3.874005,8,517.738419
-5.357411,8,517.757552
1.485066,8,517.775805
0.374784,8,517.788794
5.377837,8,517.803795
-35.995615,8,517.822371
-15.312734,8,517.83898
4.514595,8,517.851075
0.247453,8,517.86381
-13.22628,8,517.876401
2.611959,8,517.903086
-42.040733,8,517.916155
3.755578,8,517.931824
-10.832291,8,517.949902
-67.192272,8,517.96934
-2.460406,8,517.982339
-27.671741,8,517.995075
2.460495,8,518.005663
-0.575816,8,518.027656
-38.753844,8,518.032653
-115.625897,8,518.055603
1.040924,8,518.069507
0.464789,8,518.095355
-47.678647,8,518.115808
-1.15527,8,518.133138
-4.464908,8,518.148393
2.469097,8,518.17525
-84.630655,8,518.193133
-22.113507,8,518.238836
0.044035,8,518.269517
5.406653,8,518.307211
-15.549786,8,518.327085
-21.746451,8,518.346931
-13.729074,8,518.368596
3.667495,8,518.395248
-66.385784,8,518.418885
-3.743481,8,518.435564
-3.371788,8,518.452393
-12.139627,8,518.470391
2.84342,8,518.484822
-1.471758,8,518.548906
1.450949,8,518.560919
-5.22853,8,518.576633
-2.395197,8,518.589387
-49.654516,8,518.599478
-7.654435,8,518.610694
0.91488,8,518.631938
-12.986775,8,518.649508
-3.069842,8,518.665509
-5.855246,8,518.677505
-2.497031,8,518.689507
-48.105679,8,518.700509
-20.426822,8,518.711088
-1.013946,8,518.722833
-84.142123,8,518.735857
-3.144756,8,518.750328
-9.344705,8,518.760849
-16.874271,8,518.771305
-0.545935,8,518.788946
-51.727218,8,518.800642
3.757846,8,518.816748
-2.036916,8,518.827744
8.976268,8,518.842201
-21.346258,8,518.842201
-6.308914,8,518.857937
1.290992,8,518.874027
-20.026653,8,518.881565
-15.758208,8,518.899073
-19.924499,8,518.911016
-0.725425,8,518.922897
-19.710097,8,518.934491
10.941488,8,518.941978
2.785511,8,518.964888
-19.233499,8,518.972912
-8.753153,8,518.976849
-107.706762,8,518.999202
-16.562684,8,519.012458
1.912583,8,519.023295
-18.159094,8,519.035299
-1.73988,8,519.044498
-3.09753,8,519.055501
-2.446416,8,519.070193
1.00192,8,519.083721
-13.225362,8,519.098842
-18.490264,8,519.112867
5.775415,8,519.130466
-0.928144,8,519.144481
-20.893677,8,519.1545
-107.767635,8,519.165484
1.607632,8,519.176483
2.515596,8,519.19321
-15.093924,8,519.209208
-153.974519,8,519.220213
1.248333,8,519.231517
-14.766004,8,519.246765
-2.120167,8,519.256767
5.026458,8,519.267764
-23.05309,8,519.281709
-1.24563,8,519.300149
-27.351082,8,519.310417
-5.039276,8,519.320559
6.313724,8,519.330557
4.338663,8,519.344019
-23.891831,8,519.354556
-17.825172,8,519.368391
-76.538762,8,519.380677
-13.884913,8,519.393985
-0.084525,8,519.408978
2.423755,8,519.420684
-0.588801,8,519.432597
-10.133726,8,519.452118
-16.808398,8,519.462673
1.415033,8,519.471419
-6.121407,8,519.482487
-66.49425,8,519.494825
3.963364,8,519.511193
-51.583387,8,519.522426
2.973205,8,519.542888
-40.973444,8,519.558468
-22.376077,8,519.570485
-62.613479,8,519.58147
6.96632,8,519.591491
-30.061428,8,519.617019
-3.745785,8,519.62959
-1.896821,8,519.642569
0.379528,8,519.654568
-0.029986,8,519.669704
7.06413,8,519.681704
-3.756605,8,519.692683
-5.062261,8,519.702741
5.666388,8,519.717443
-3.395902,8,519.73214
-25.484793,8,519.743245
2.697399,8,519.751673
5.471596,8,519.765671
-21.513572,8,519.781009
2.798637,8,519.795985
-2.411704,8,519.807149
-37.4229,8,519.820525
-12.308131,8,519.83255
-6.599063,8,519.847721
-16.164809,8,519.864841
-33.96538,8,519.879587
-88.337653,8,519.889968
3.769807,8,519.902917
-16.596738,8,519.914323
-6.782992,8,519.930051
-2.284238,8,519.946051
-26.968677,8,519.962551
-67.486829,8,519.971552
-17.121326,8,519.985547
-26.132428,8,519.997663
-12.432919,8,520.009062
-2.008669,8,520.020058
-6.118383,8,520.033763
1.770128,8,520.049334
-14.051577,8,520.059772
3.404725,8,520.071234
-23.590858,8,520.090235
5.529723,8,520.102235
-2.923339,8,520.11151
0.186832,8,520.131276
-30.56768,8,520.146993
-16.806305,8,520.158914
-3.283434,8,520.172624
-1.475084,8,520.189932
-50.458024,8,520.208651
-10.748864,8,520.220278
5.584382,8,520.234261
-28.715039,8,520.248521
-6.057703,8,520.266886
-9.528143,8,520.28068
-5.155535,8,520.298759
2.429276,8,520.318764
-63.19431,8,520.336237
-6.255304,8,520.34824
-63.981278,8,520.360364
-2.218437,8,520.371523
-14.277512,8,520.386371
-4.041823,8,520.398026
-15.219918,8,520.416031
5.223782,8,520.4304
3.395365,8,520.447575
-40.619241,8,520.459009
-18.656149,8,520.470448
-5.232949,8,520.487499
3.204238,8,520.507888
3.534981,8,520.529541
-13.661549,8,520.54593
-11.980214,8,520.560676
1.529846,8,520.578341
-218.875664,8,520.592026
3.33899,8,520.609632
2.711201,8,520.628322
10.583409,8,520.651321
9.05297,8,520.667324
-1.338047,8,520.682324
-1.612198,8,520.706663
-18.330867,8,520.725719
-2.926134,8,520.740161
-35.166784,8,520.756555
-8.473453,8,520.770168
-15.40439,8,520.786202
3.129615,8,520.801852
-26.690967,8,520.81646
-9.916172,8,520.832274
-32.257657,8,520.848904
-30.427977,8,520.865108
-27.43901,8,520.879094
3.903258,8,520.891043
3.843884,8,520.916312
2.238505,8,520.929306
7.607072,8,520.94605
-0.766137,8,520.960057
-9.231261,8,520.982339
-95.532708,8,520.996047
-23.699276,8,521.01066
-0.193191,8,521.028939
-9.978021,8,521.04563
-1.694961,8,521.0617
-31.320583,8,521.077373
-1.616116,8,521.097999
2.898572,8,521.13236
-18.725865,8,521.149945
-22.528785,8,521.168813
-1.479567,8,521.184813
-21.82564,8,521.211317
-20.724421,8,521.227902
-1.922092,8,521.246654
-3.749992,8,521.259168
-13.366979,8,521.274284
5.382615,8,521.285894
7.145577,8,521.296895
-36.561537,8,521.313265
3.709574,8,521.331828
2.010211,8,521.351327
0.298131,8,521.368641
7.076352,8,521.379409
-40.591412,8,521.396517
-20.322887,8,521.407516
-23.933128,8,521.427005
-20.612923,8,521.440058
-23.530796,8,521.460766
-1.327048,8,521.475389
-36.302771,8,521.493017
-1.138215,8,521.510223
-32.413801,8,521.535151
-8.894084,8,521.557771
-0.963309,8,521.573111
3.355072,8,521.58881
-38.973455,8,521.605498
-3.132603,8,521.617121
-5.392535,8,521.628121
-20.584577,8,521.642667
-21.323484,8,521.656875
-14.078293,8,521.668046
5.271413,8,521.681583
-3.800748,8,521.692582
-1.073644,8,521.707813
5.546724,8,521.718824
-10.038112,8,521.733118
-15.858738,8,521.745033
1.733729,8,521.764232
0.796382,8,521.774489
-9.621823,8,521.78591
0.324091,8,521.796562
8.112186,8,521.80986
-0.407058,8,521.820153
-26.989306,8,521.829152
-18.47834,8,521.840532
-2.026394,8,521.860797
-2.32343,8,521.877417
4.645222,8,521.892765
-15.650989,8,521.906733
-44.599966,8,521.926778
-15.732777,8,521.941091
-13.59106,8,521.957088
-58.356008,8,521.97324
-5.363484,8,521.995261
-1.725215,8,522.007957
-7.470041,8,522.026072
-4.189781,8,522.044265
-46.246679,8,522.061921
2.437055,8,522.070924
-21.150474,8,522.083443
-2.676297,8,522.104445
-19.432761,8,522.119723
-25.214731,8,522.131377
-8.193882,8,522.143132
4.815273,8,522.154136
-1.885585,8,522.169734
-9.398566,8,522.182386
-11.799615,8,522.19406
-2.440408,8,522.209164
-5.916445,8,522.224162
1.692147,8,522.235164
1.316767,8,522.246164
3.870079,8,522.261694
6.813042,8,522.278426
-22.39456,8,522.291127
1.32886,8,522.301122
0.987989,8,522.32241
-9.636086,8,522.337839
5.922743,8,522.351024
-3.203231,8,522.364773
-23.949534,8,522.376373
2.284546,8,522.389046
-2.913161,8,522.399897
-29.635091,8,522.409796
-84.770155,8,522.419791
-5.354,8,522.443057
8.183485,8,522.455182
-5.449869,8,522.466178
-7.415969,8,522.477394
0.243656,8,522.493049
3.693663,8,522.504048
-81.3711,8,522.516711
-25.069832,8,522.529365
6.449906,8,522.550063
-6.992141,8,522.562762
4.085414,8,522.57476
-15.897456,8,522.585762
0.120468,8,522.607692
7.429831,8,522.618697
-1.24315,8,522.632424
2.672635,8,522.643091
-3.883631,8,522.662705
-0.571821,8,522.674375
4.039033,8,522.688371
2.605335,8,522.699376
-1.588248,8,522.717602
-0.269159,8,522.730601
-13.358857,8,522.742559
3.288998,8,522.751558
6.946372,8,522.768823
-7.115707,8,522.783526
2.568759,8,522.797532
3.634824,8,522.810756
8.877428,8,522.824478
2.894548,8,522.833475
-7.506709,8,522.845164
-0.813999,8,522.85879
-14.804816,8,522.880481
-4.839822,8,522.893481
1.073104,8,522.904479
-3.461906,8,522.917028
4.321809,8,522.931586
1.77764,8,522.950149
-4.943253,8,522.96387
-5.571397,8,522.976563
-6.212954,8,523.000196
-4.669572,8,523.014195
0.842955,8,523.026493
-44.601679,8,523.040139
-64.087261,8,523.0569
8.574138,8,523.069899
-5.711186,8,523.085591
-30.875291,8,523.099181
1.249103,8,523.12479
-24.158915,8,523.142298
-25.782294,8,523.166406
-25.450988,8,523.195106
-2.081277,8,523.215834
-43.850044,8,523.235837
-32.099532,8,523.254237
3.503069,8,523.272956
-12.615257,8,523.294216
1.162651,8,523.310812
-0.295414,8,523.323546
1.790728,8,523.335555
-6.121425,8,523.35785
9.561315,8,523.370181
-112.71665,8,523.389135
-19.104473,8,523.403965
2.935027,8,523.422325
-0.614086,8,523.434334
0.306879,8,523.448333
-27.740549,8,523.46671
-22.218814,8,523.480871
-23.015591,8,523.492075
6.543229,8,523.503103
-3.05031,8,523.515811
-13.603605,8,523.53086
-19.72831,8,523.541052
0.977495,8,523.5521
3.973341,8,523.574439
1.463154,8,523.591094
-44.502744,8,523.601425
1.936666,8,523.613786
-15.317713,8,523.624429
-3.71027,8,523.640064
-6.065671,8,523.650765
-3.079049,8,523.663745
-91.827359,8,523.680833
-5.204675,8,523.694164
2.353356,8,523.704071
-90.941649,8,523.713853
-20.238666,8,523.728853
-10.51721,8,523.742854
0.319227,8,523.753848
6.030771,8,523.766849
-2.859503,8,523.781844
-14.826017,8,523.796206
-42.922378,8,523.805822
-1.332782,8,523.816894
-61.272138,8,523.827911
-1.515567,8,523.843931
-24.852535,8,523.854007
1.038903,8,523.865831
3.404674,8,523.8752
-14.011382,8,523.902196
-16.743858,8,523.914769
-7.118609,8,523.924434
-9.887421,8,523.935429
2.45794,8,524.066691
4.600872,8,524.0788
-16.555729,8,524.090107
3.204672,8,524.098902
-2.92948,8,524.116891
-45.493034,8,524.127062
6.577892,8,524.137036
-97.080431,8,524.149131
-0.594018,8,524.170756
1.948064,8,524.181473
-94.012086,8,524.191165
-13.718059,8,524.200165
2.503323,8,524.217062
-2.180098,8,524.232202
-0.547709,8,524.245183
1.621068,8,524.257617
-7.957971,8,524.270612
-16.367521,8,524.281031
-7.995554,8,524.291587
5.908761,8,524.301759
-75.896857,8,524.31785
-0.414209,8,524.346613
-2.732452,8,524.373412
-30.151898,8,524.388936
2.929912,8,524.406528
-2.141095,8,524.420041
-21.443274,8,524.433325
-0.396808,8,524.450814
-18.638571,8,524.466791
1.717203,8,524.480485
-29.180479,8,524.492484
-9.129301,8,524.506014
-23.238202,8,524.520902
2.738571,8,524.539999
-0.546489,8,524.55296
4.817472,8,524.562872
2.005815,8,524.586045
-21.366061,8,524.599679
-6.973972,8,524.616362
-32.272113,8,524.630523
3.263814,8,524.650922
2.39276,8,524.661917
3.635129,8,524.679663
-0.802756,8,524.693718
1.667579,8,524.707133
0.619535,8,524.717684
-10.968116,8,524.732961
-44.482739,8,524.744968
0.409726,8,524.760093
4.610737,8,524.770383
-5.790916,8,524.784732
4.551374,8,524.79488
-10.576484,8,524.80929
7.443615,8,524.819098
-0.907964,8,524.828414
-45.091302,8,524.840038
-16.88057,8,524.853989
-75.916672,8,524.865022
-9.29073,8,524.878028
-31.431671,8,524.895446
-24.285254,8,524.910777
-2.096555,8,524.92546
-28.045987,8,524.938403
-13.764442,8,524.951266
5.165766,8,524.968241
-5.773357,8,524.980174
0.36715,8,524.993874
1.293971,8,525.009945
5.226618,8,525.026267
-3.350193,8,525.042056
2.879473,8,525.057743
-4.335631,8,525.081429
-7.828068,8,525.100105
-12.490571,8,525.1131
-23.128071,8,525.132183
-35.023671,8,525.143816
-18.21342,8,525.161663
3.607773,8,525.171386
-24.114149,8,525.182977
0.864899,8,525.193976
-24.117041,8,525.209228
-121.565259,8,525.220001
-2.836849,8,525.234914
0.919429,8,525.247915
-2.891216,8,525.264113
-1.966166,8,525.274405
-14.857453,8,525.285277
-1.339464,8,525.29671
-6.947052,8,525.360917
-0.190805,8,525.375057
-13.272327,8,525.387833
-20.249649,8,525.402133
-34.227333,8,525.416496
-115.620539,8,525.430365
-19.849459,8,525.446816
4.686219,8,525.465028
-19.284768,8,525.485833
0.873388,8,525.499833
-62.781168,8,525.512204
-7.463331,8,525.52625
-3.24517,8,525.54143
-21.692219,8,525.552859
-24.205905,8,525.56681
-7.726516,8,525.58627
-37.789596,8,525.60376
-19.071765,8,525.616927
-3.719874,8,525.630289
0.223768,8,525.64397
-8.518978,8,525.667904
4.659283,8,525.690713
-18.316052,8,525.707788
-15.479075,8,525.723184
-166.767818,8,525.740182
-23.401121,8,525.758779
-17.490865,8,525.770724
4.463094,8,525.785842
-16.681062,8,525.806546
-3.043325,8,525.821906
1.027804,8,525.83889
-17.994784,8,525.851261
4.715082,8,525.867545
-36.92211,8,525.885366
-40.865689,8,525.898053
-16.067887,8,525.915796
0.254128,8,525.931743
-1.218867,8,525.947136
-13.331625,8,525.961762
-1.721489,8,525.972403
-24.388671,8,525.987419
-12.635336,8,525.999537
6.630903,8,526.015164
2.587274,8,526.026054
0.381974,8,526.041035
6.133923,8,526.061341
-11.571908,8,526.076453
-17.435777,8,526.091058
3.98367,8,526.106807
-17.467884,8,526.122991
-2.888747,8,526.129707
1.108425,8,526.149581
-3.683254,8,526.162436
-8.742587,8,526.172324
-1.094896,8,526.182367
-161.227821,8,526.192203
-20.300606,8,526.20588
-2.157435,8,526.228071
-28.079038,8,526.258471
-35.650076,8,526.268467
-22.324462,8,526.281467
5.153511,8,526.293015
-16.497805,8,526.304016
-37.024271,8,526.318925
-18.747369,8,526.336529
-0.487511,8,526.351202
-4.705391,8,526.361811
2.409388,8,526.371833
-3.653579,8,526.38681
-8.34958,8,526.398829
-54.038656,8,526.414809
-40.406082,8,526.425172
-2.50093,8,526.442125
-16.360329,8,526.461138
-10.350416,8,526.473527
0.726097,8,526.487019
-17.541058,8,526.504013
1.122965,8,526.515848
4.182609,8,526.529517
-14.815113,8,526.540163
-30.466517,8,526.557783
-90.484234,8,526.573465
-58.407742,8,526.58547
-33.336776,8,526.602175
7.504672,8,526.62018
-13.746358,8,526.632521
-25.902518,8,526.643582
-14.076759,8,526.654584
-29.281815,8,526.677446
5.345254,8,526.694129
-1.302829,8,526.70627
-102.362307,8,526.719265
-4.319792,8,526.735265
-13.07321,8,526.747265
-27.176627,8,526.759269
-14.473744,8,526.775514
-5.677692,8,526.791128
-6.188257,8,526.806805
3.552942,8,526.817806
-35.704598,8,526.828813
-4.387104,8,526.843201
2.102281,8,526.855196
6.212345,8,526.865839
-4.096819,8,526.877499
3.087153,8,526.895185
-17.883732,8,526.94513
5.172237,8,526.955782
-1.174403,8,526.96779
-3.337536,8,526.987175
-13.745124,8,526.997646
-2.578018,8,527.007838
5.285294,8,527.019833
-20.364195,8,527.034836
3.352048,8,527.045837
-2.103506,8,527.061789
3.680298,8,527.07356
-37.863832,8,527.08756
6.852001,8,527.098166
3.00439,8,527.109844
0.060395,8,527.120845
-0.331474,8,527.140292
3.590165,8,527.151285
-41.632517,8,527.165283
-41.562352,8,527.177002
0.662506,8,527.190995
-14.969268,8,527.201995
-0.879062,8,527.213318
3.869939,8,527.225473
0.945532,8,527.241152
-8.584864,8,527.253152
-2.098736,8,527.26416
6.280757,8,527.280415
2.302906,8,527.296216
-35.660717,8,527.311889
-26.04772,8,527.323418
-8.641839,8,527.334417
0.490192,8,527.350139
-24.032293,8,527.36081
-0.900454,8,527.37181
6.221021,8,527.382811
-15.466998,8,527.400394
-17.442608,8,527.410804
2.139486,8,527.420805
-10.617658,8,527.431528
-67.618258,8,527.446172
2.469752,8,527.463173
-19.199879,8,527.474173
1.445353,8,527.485172
-1.837645,8,527.503676
-0.386147,8,527.515821
7.254486,8,527.528449
-6.536692,8,527.539166
-20.278073,8,527.556849
8.276285,8,527.568847
-3.200501,8,527.579561
1.592859,8,527.589562
-93.243827,8,527.60956
-0.008962,8,527.622446
3.13009,8,527.638453
3.35396,8,527.650103
-23.707643,8,527.664465
2.113611,8,527.675729
-16.181557,8,527.687734
-31.709057,8,527.700197
-5.41362,8,527.720849
-0.386427,8,527.732312
0.434063,8,527.744594
2.12925,8,527.756492
2.966496,8,527.772492
-5.670948,8,527.789144
5.825888,8,527.806829
-17.565631,8,527.824485
-0.475163,8,527.841156
-20.887321,8,527.852156
3.081539,8,527.864834
-1.23546,8,527.877491
-22.005481,8,527.894169
4.506823,8,527.905818
8.64943,8,527.915827
-77.630487,8,527.927823
-0.16694,8,527.949395
-4.618192,8,527.961842
-43.752887,8,527.975515
3.259586,8,527.995228
-8.388756,8,528.010857
6.548696,8,528.023855
1.451414,8,528.037854
0.806472,8,528.059795
7.307822,8,528.077512
3.961763,8,528.090177
-25.037477,8,528.102787
-3.758442,8,528.114701
-20.384085,8,528.135154
-19.028876,8,528.15484
-17.602236,8,528.173474
-73.37939,8,528.197062
-2.486466,8,528.21605
4.263768,8,528.228981
-4.168514,8,528.243855
5.812319,8,528.257851
4.222301,8,528.279141
-19.332783,8,528.292118
-26.125532,8,528.306826
-12.899997,8,528.318518
-28.476213,8,528.335089
-21.502591,8,528.352089
-5.447016,8,528.377319
6.095097,8,528.391119
2.448697,8,528.42086
-15.06088,8,528.444191
-19.947861,8,528.45719
3.181678,8,528.470184
0.859871,8,528.49532
-0.313274,8,528.514053
2.620245,8,528.752173
3.112916,8,528.773879
-17.415684,8,528.825624
0.207788,8,528.841503
-40.318662,8,528.870361
0.682094,8,528.88536
-2.754223,8,528.909366
4.380103,8,528.924248
-52.461803,8,528.936639
-22.203633,8,528.94827
-2.089687,8,528.973647
-32.430278,8,528.984068
3.276736,8,529.001812
-2.202898,8,529.015808
-20.292204,8,529.032314
-2.034533,8,529.044925
-2.203324,8,529.057461
-6.16361,8,529.069438
-15.340981,8,529.087956
-37.151787,8,529.106827
-13.72389,8,529.120821
-87.133821,8,529.133825
-81.744074,8,529.150269
-0.098773,8,529.163408
-0.853447,8,529.176972
1.78001,8,529.194883
-7.568875,8,529.211975
0.472557,8,529.224984
-37.855195,8,529.237847
-20.789263,8,529.254994
0.218908,8,529.272007
-2.818391,8,529.290822
-74.176859,8,529.30282
3.159268,8,529.317656
-24.782588,8,529.332626
-15.42247,8,529.345612
3.785646,8,529.359151
5.612044,8,529.370009
-13.3362,8,529.385187
-18.638865,8,529.39617
7.52104,8,529.405947
-35.89763,8,529.420564
0.740928,8,529.43617
-6.374111,8,529.447176
-29.698705,8,529.464022
5.454647,8,529.475505
-16.970487,8,529.487469
-25.0592,8,529.499825
-76.143883,8,529.510881
-0.610503,8,529.5214
5.922341,8,529.540366
-1.233426,8,529.552363
2.950459,8,529.56657
1.149362,8,529.577674
-15.703554,8,529.594251
2.155189,8,529.605112
-79.567087,8,529.627713
2.863708,8,529.648951
2.530042,8,529.667384
2.121546,8,529.680388
3.298409,8,529.695668
0.29008,8,529.707466
-7.1172,8,529.72097
-88.772348,8,529.73262
5.19055,8,529.743639
-6.481944,8,529.752702
-2.398693,8,529.771585
4.867244,8,529.781585
4.128989,8,529.791723
-108.961928,8,529.807223
-1.608697,8,529.821657
-59.562999,8,529.8333
-45.549217,8,529.845815
-0.105349,8,529.872821
-3.412117,8,529.891817
-27.463573,8,529.902815
8.671431,8,529.914716
-44.929094,8,529.937175
-22.099068,8,529.980422
-47.150933,8,530.005245
-0.139389,8,530.020626
4.646814,8,530.042963
-19.718892,8,530.060592
-15.530401,8,530.0746
-31.569843,8,530.085771
-15.381526,8,530.101863
-7.911558,8,530.118382
6.166068,8,530.134424
-31.10754,8,530.146669
-98.689867,8,530.15569
4.145534,8,530.171543
-6.498127,8,530.175693
-2.757562,8,530.195111
-16.413086,8,530.214803
3.567963,8,530.234769
-73.670411,8,530.25475
7.09573,8,530.269015
-3.171713,8,530.281866
-33.985947,8,530.299358
-1.949345,8,530.318171
-1.783949,8,530.333992
4.792307,8,530.339994
3.802919,8,530.36511
0.164864,8,530.379953
-18.435483,8,530.392598
-0.395029,8,530.409514
-28.176913,8,530.441298
-9.134894,8,530.442915
-1.024093,8,530.465543
-6.829145,8,530.477951
-31.66338,8,530.494194
1.025976,8,530.507495
-20.835175,8,530.510311
-8.302152,8,530.531875
3.092131,8,530.552105
3.888859,8,530.559615
9.879348,8,530.577018
-71.910859,8,530.591762
-2.791387,8,530.607933
1.14037,8,530.626573
-20.726616,8,530.627805
-91.119028,8,530.643529
3.456743,8,530.660207
-4.276913,8,530.676673
-16.398958,8,530.693133
4.416871,8,530.704771
-2.473011,8,530.710454
-8.938149,8,530.731461
-15.298363,8,530.74223
9.525769,8,530.754226
3.003163,8,530.882257
8.698434,8,530.900673
-0.12789,8,530.912302
-11.041511,8,530.922341
3.624073,8,530.934449
-54.241262,8,530.940204
0.394913,8,530.950249
3.78128,8,530.950249
2.945719,8,530.977091
-16.588454,8,530.98513
-22.453499,8,531.001123
-31.695348,8,531.01302
-102.817212,8,531.018554
-0.694867,8,531.034467
0.502189,8,531.048815
4.290686,8,531.058864
3.369615,8,531.060616
3.755141,8,531.080498
-65.25364,8,531.092053
-15.525241,8,531.094407
-65.651797,8,531.111787
-20.377134,8,531.123811
5.093332,8,531.139169
-9.901153,8,531.150457
1.255726,8,531.158253
-36.845544,8,531.177745
-1.247502,8,531.194189
-25.099952,8,531.204183
0.126342,8,531.220076
1.512515,8,531.233337
-5.609007,8,531.246717
0.845465,8,531.257878
-7.925541,8,531.27056
-7.150419,8,531.281811
-1.122388,8,531.291235
-119.234871,8,531.299241
0.482607,8,531.308224
0.669988,8,531.323517
6.357189,8,531.335871
1.550067,8,531.349601
-18.150531,8,531.364614
-17.363614,8,531.375109
-8.96067,8,531.375109
4.231916,8,531.387171
-11.276122,8,531.405
-0.155072,8,531.405
-46.964385,8,531.421071
7.334761,8,531.439525
2.71648,8,531.450824
5.562794,8,531.462503
-1.556795,8,531.47248
-0.944671,8,531.48626
-22.528779,8,531.500069
-16.658105,8,531.51006
-4.888187,8,531.520164
-27.879036,8,531.528805
-40.695793,8,531.539731
6.097953,8,531.557779
-36.38937,8,531.557779
-9.505587,8,531.577344
3.952223,8,531.589114
-20.003136,8,531.597784
-35.315693,8,531.606818
-16.863355,8,531.614845
-25.342182,8,531.631985
3.123979,8,531.640016
2.482526,8,531.653359
6.222968,8,531.663218
0.63118,8,531.674936
-0.493894,8,531.684952
-11.738123,8,531.694614
1.684718,8,531.704051
-96.555452,8,531.712372
-18.831382,8,531.72381
-33.502452,8,531.727825
4.330375,8,531.727825
2.842515,8,531.743821
-6.344313,8,531.769786
1.562655,8,531.779192
-9.356746,8,531.787221
-0.658362,8,531.791233
-21.439446,8,531.808903
5.225225,8,531.818938
-4.08383,8,531.826413
0.003813,8,531.838758
-0.321618,8,531.846518
6.240973,8,531.854527
-12.472264,8,531.866073
