#{"t_start": 1779522850.6272454, "env_id": "None"}
r,l,t
-38.278428,8,4.481257
-50.019015,8,4.48818
-122.599874,8,4.49738
-161.344657,8,4.504122
-59.445944,8,4.508071
-58.320031,8,4.521528
-76.5113,8,4.534559
-72.05953,8,4.540051
-48.73973,8,4.548863
-110.061895,8,4.554878
-145.679559,8,4.560885
-41.51969,8,4.565885
-103.280837,8,4.571884
-67.811406,8,4.592185
-142.447302,8,4.597334
-48.265738,8,4.603176
-62.891817,8,4.611633
-67.999039,8,4.617105
-117.779942,8,4.622505
-23.858497,8,4.629093
-75.194619,8,4.634544
-127.143029,8,4.642505
-81.483227,8,4.648405
-79.826855,8,4.653851
-29.13242,8,4.661474
-73.672537,8,4.665834
-33.307105,8,4.691617
-222.266096,8,4.696373
-148.9464,8,4.704808
-63.401923,8,4.713732
-36.486358,8,4.718741
-96.979508,8,4.725025
-114.284512,8,5.54551
-41.152099,8,5.55351
-223.379349,8,5.563625
-85.04332,8,5.570625
-43.860779,8,5.576729
-74.936441,8,5.583739
-97.388125,8,5.59473
-19.624579,8,5.601725
-79.423115,8,5.618549
-172.160901,8,5.624566
-237.550675,8,5.630584
-59.475196,8,5.638348
-163.461238,8,5.644365
-93.991068,8,5.650123
-77.410886,8,5.65733
-148.220171,8,5.665329
-18.601177,8,5.674961
-61.769355,8,5.680977
-56.614961,8,5.680977
-118.223464,8,5.69869
-69.930898,8,5.704697
-61.190422,8,5.712576
-133.471816,8,5.712576
-131.610592,8,5.712576
-61.284452,8,5.728544
-64.632108,8,5.739752
-191.361225,8,5.74577
-96.769596,8,5.747776
-66.9511,8,5.765082
-83.478649,8,5.770082
-44.668499,8,5.775082
-63.350664,8,5.775082
-102.533036,8,6.053
-179.371796,8,6.060755
-165.349049,8,6.066763
-50.731408,8,6.07277
-15.742064,8,6.076519
-23.792408,8,6.076519
-74.072022,8,6.092298
-73.336535,8,6.092298
-54.786115,8,6.108338
-174.32639,8,6.108338
-77.515918,8,6.124005
-40.999545,8,6.124005
-79.757622,8,6.150848
-63.326713,8,6.157553
-20.052974,8,6.167668
-107.730083,8,6.171202
-208.59481,8,6.171202
-43.913748,8,6.189837
-23.36502,8,6.203061
-85.277814,8,6.203061
-26.024266,8,6.219033
-18.253893,8,6.223787
-71.08618,8,6.223787
-55.385593,8,6.243286
-156.709536,8,6.250772
-211.514322,8,6.250772
-183.208308,8,6.250772
-89.593603,8,6.266871
-76.025927,8,6.266871
-62.010458,8,6.282539
-160.247078,8,6.282539
-62.9546,8,6.282539
-53.235652,8,6.449952
-26.3907,8,6.457446
-115.961791,8,6.471076
-101.454686,8,6.475279
-14.590439,8,6.485177
-58.193727,8,6.488924
-111.628577,8,6.504867
-115.05577,8,6.504867
-48.253897,8,6.504867
-149.139808,8,6.520898
-105.010224,8,6.532616
-59.567573,8,6.539047
-119.70648,8,6.539047
-46.59634,8,6.539047
-58.986669,8,6.557814
-56.058196,8,6.563563
-123.325169,8,6.56961
-154.702892,8,6.580025
-189.508699,8,6.584273
-161.466388,8,6.597871
-34.420855,8,6.599873
-111.742776,8,6.612281
-125.175454,8,6.621774
-10.266632,8,6.635761
-99.313207,8,6.645255
-57.231229,8,6.647615
-46.822753,8,6.647615
-77.043219,8,6.66914
-105.802043,8,6.675921
-28.219773,8,6.679702
-89.500724,8,6.688256
-133.212128,8,6.695717
-114.46241,8,6.906241
-122.746459,8,6.914525
-67.793448,8,6.920534
-60.809086,8,6.926283
-226.008785,8,6.934291
-119.417146,8,6.941179
-73.000351,8,6.947188
-123.249594,8,6.953197
-129.385857,8,6.958741
-21.50606,8,6.965708
-125.701282,8,8.46803
-158.640739,8,8.483712
-128.130866,8,8.483712
-70.975871,8,8.499922
-99.794742,8,8.499922
-39.474056,8,8.515823
-211.275894,8,8.515823
-55.502391,8,8.515823
-58.951481,8,8.531688
-157.07019,8,8.531688
-55.282272,8,8.531688
-133.518841,8,8.54777
-49.015277,8,8.54777
-120.738573,8,8.563914
-29.048295,8,8.563914
-57.797346,8,8.574151
-56.446993,8,8.579728
-168.227853,8,8.579728
-127.630035,8,8.595658
-114.886038,8,8.595658
-140.650144,8,8.611364
-58.823036,8,8.611364
-109.81999,8,8.80103
-23.944746,8,8.80103
-118.165892,8,8.81891
-12.261745,8,8.822919
-99.855312,8,8.836574
-116.375173,8,8.844597
-48.568858,8,8.850471
-50.455956,8,8.857225
-55.375976,8,8.870419
-223.874056,8,8.883968
-149.916584,8,8.896161
-59.947492,8,8.901161
-76.667945,8,8.907778
-77.756263,8,8.914778
-57.654305,8,8.921777
-117.041257,8,8.92368
-151.315771,8,8.940567
-136.907202,8,8.948592
-30.939484,8,8.954345
-155.009744,8,8.960998
-39.947284,8,8.970277
-74.709003,8,8.972578
-174.5467,8,8.985959
-66.544527,8,8.98902
-54.356298,8,8.98902
-23.073034,8,9.001706
-44.798894,8,9.001706
-43.166176,8,9.017467
-223.204344,8,9.035471
-65.465587,8,9.049166
-27.484877,8,9.049166
-137.253884,8,9.076996
-59.333179,8,9.413198
-206.654868,8,9.429047
-60.929683,8,9.431054
-28.725751,8,9.444976
-82.209588,8,9.444976
-55.312031,8,9.444976
-13.199074,8,9.460913
-105.63135,8,9.460913
-32.021165,8,9.460913
-51.832845,8,9.476623
-81.727548,8,9.476623
-212.799807,8,9.498359
-56.205337,8,9.504106
-142.791996,8,9.510149
-70.060125,8,9.518164
-138.869345,8,9.523964
-105.180633,8,9.523964
-94.343026,8,9.523964
-25.258026,8,9.539785
-49.938321,8,9.548556
-63.759316,8,9.55404
-57.735801,8,9.555781
-24.938317,8,9.57382
-33.444489,8,9.579832
-73.25363,8,9.585841
-88.950896,8,9.587584
-189.38199,8,9.587584
-78.399249,8,9.603288
-97.990751,8,9.616262
-49.13274,8,9.619393
-102.147383,8,9.619393
-124.533034,8,9.619393
-59.771285,8,9.801631
-104.891085,8,9.809404
-22.200548,8,9.82001
-162.74681,8,9.825527
-238.587901,8,9.841389
-83.145848,8,9.851899
-25.066722,8,9.85724
-54.312343,8,9.872333
-245.50017,8,9.881176
-101.693656,8,9.88492
-103.579047,8,9.892346
-71.610846,8,9.89835
-70.345205,8,9.903356
-77.396912,8,9.910035
-153.499171,8,9.922064
-105.051088,8,9.92307
-51.692553,8,9.92307
-177.977268,8,9.939099
-74.355443,8,9.939099
-75.077788,8,9.955174
-53.03154,8,9.959794
-3.202703,8,9.971231
-62.101191,8,9.978265
-110.706396,8,9.978265
-33.208597,8,9.994256
-126.052719,8,10.001342
-186.451578,8,10.008222
-161.887628,8,10.01914
-56.782476,8,10.024622
-75.379537,8,10.024622
-91.592727,8,10.024622
-180.75709,8,10.040111
-219.983247,8,10.219853
-187.113016,8,10.225861
-125.22571,8,10.229606
-67.766446,8,10.229606
-56.588866,8,10.245547
-5.102785,8,10.251556
-133.181044,8,10.25556
-58.83681,8,10.266659
-115.156476,8,10.274022
-106.068148,8,10.279924
-28.483935,8,10.289958
-99.159093,8,10.293151
-36.523797,8,10.293151
-63.870516,8,10.308828
-57.029001,8,10.308828
-36.499845,8,10.32488
-60.295936,8,10.32488
-117.946064,8,10.32488
-75.536886,8,10.340704
-173.514945,8,10.340704
-23.786011,8,10.35844
-21.101006,8,10.35844
-27.037973,8,10.372086
-36.064597,8,10.372086
-70.406184,8,10.389968
-84.518215,8,10.407277
-98.837191,8,10.42028
-43.970431,8,10.430291
-139.232687,8,10.443284
-17.730712,8,10.452282
-49.620767,8,10.454284
-158.747735,8,10.470138
-41.777161,8,10.678774
-113.834121,8,10.684772
-57.041111,8,10.69206
-107.791897,8,10.69206
-9.873847,8,10.69206
-83.897515,8,10.709487
-167.528482,8,10.709487
-2.23904,8,10.725238
-110.177244,8,10.725238
-52.821953,8,10.744084
-238.621009,8,10.761868
-53.943789,8,10.769881
-87.05182,8,10.777881
-149.181758,8,10.791649
-156.291643,8,10.797197
-33.721125,8,10.802945
-27.916945,8,10.809702
-114.606604,8,10.817724
-32.18871,8,10.825485
-61.799416,8,10.82949
-24.117574,8,10.835497
-185.548964,8,10.847354
-57.472007,8,10.853368
-29.262039,8,10.861355
-36.21752,8,10.861355
-26.251133,8,10.876286
-110.290346,8,10.885208
-38.472226,8,10.890724
-39.940658,8,10.890724
-56.344113,8,10.901172
-79.457183,8,10.901172
-19.307662,8,10.901172
-66.195799,8,11.110863
-19.648153,8,11.114841
-127.134168,8,11.124805
-209.099316,8,11.13259
-67.426303,8,11.138679
-91.566707,8,11.145555
-153.673129,8,11.145555
-79.97202,8,11.161166
-111.306603,8,11.161166
-142.284614,8,11.179786
-101.660044,8,11.180788
-46.571405,8,11.192006
-57.589082,8,11.192006
-49.569303,8,11.207034
-54.371311,8,11.213195
-299.058246,8,11.213195
-101.623394,8,11.228231
-25.217826,8,11.230523
-129.470399,8,11.249646
-211.528761,8,11.260319
-199.623203,8,11.269004
-119.283151,8,11.281332
-104.597477,8,11.289321
-4.119049,8,11.299267
-68.77763,8,11.31533
-24.645842,8,11.33033
-67.423201,8,11.342312
-45.022912,8,11.349765
-71.329543,8,11.360074
-79.043904,8,11.373219
-88.054064,8,11.391086
-113.795144,8,11.410155
-26.677535,8,11.6364
-96.430792,8,11.645012
-32.235616,8,11.654585
-78.315602,8,11.662394
-253.071021,8,11.669519
-150.375427,8,11.676526
-90.165725,8,11.684518
-139.231923,8,11.691519
-79.99771,8,11.699521
-109.035932,8,11.706523
-23.345615,8,11.717912
-149.961319,8,11.729892
-131.84158,8,11.737892
-139.239054,8,11.746548
-127.139043,8,11.755755
-46.273259,8,11.76376
-117.14005,8,11.770762
-74.629608,8,11.779341
-23.155989,8,11.787341
-268.650718,8,11.795112
-62.164789,8,11.802229
-40.752199,8,11.811765
-157.079043,8,11.818766
-122.252043,8,11.829845
-41.737529,8,11.837753
-63.559908,8,11.848886
-43.250955,8,11.854886
-127.831419,8,11.861967
-24.424738,8,11.866972
-76.981888,8,11.873962
-46.331216,8,11.884183
-132.09463,8,11.88978
-48.221053,8,12.101146
-87.037097,8,12.109614
-216.050679,8,12.116653
-27.929537,8,12.122885
-45.20313,8,12.13537
-163.689708,8,12.143079
-200.000844,8,12.150345
-72.671146,8,12.159913
-64.616813,8,12.167481
-33.704246,8,12.175923
-53.237732,8,12.183156
-104.902513,8,12.191364
-98.330883,8,12.198362
-17.45864,8,12.205377
-28.903246,8,12.212364
-162.295842,8,12.221507
-75.929929,8,12.22951
-48.382629,8,12.247572
-41.685469,8,12.254573
-191.498521,8,12.264596
-62.316205,8,12.270592
-101.120666,8,12.27779
-22.910674,8,12.283789
-151.75716,8,12.291039
-37.423069,8,12.29706
-108.130815,8,12.303059
-35.258849,8,12.311061
-22.477519,8,12.31707
-41.272985,8,12.323763
-39.1073,8,12.334738
-92.124741,8,12.341743
-33.027094,8,12.348774
-92.269569,8,12.518661
-127.674536,8,12.526325
-22.330451,8,12.531634
-29.974906,8,12.536858
-136.484808,8,12.54365
1.330931,8,12.549955
-39.332213,8,12.55716
-58.802848,8,12.565268
-40.467414,8,12.571267
-93.825838,8,12.580275
-115.688823,8,12.595263
-115.350157,8,12.602882
-110.858564,8,12.610688
-109.612798,8,12.617715
-83.701442,8,12.624608
-68.368251,8,12.631988
-154.505835,8,12.638249
-114.354541,8,12.64542
-76.913548,8,12.652083
-62.29386,8,12.659083
-161.251532,8,12.666431
-14.129325,8,12.673597
-116.886868,8,12.682806
-53.335581,8,12.691852
-75.421148,8,12.697899
-60.03895,8,12.708568
-197.082577,8,12.715028
-36.120586,8,12.720375
-67.378112,8,12.726092
-69.975722,8,12.732542
-104.45054,8,12.737115
-153.802162,8,12.747768
-8.618843,8,12.915574
-146.471009,8,12.927461
-86.922536,8,12.933461
-59.231644,8,12.945285
-54.612274,8,12.952285
-40.222816,8,12.958899
-56.1506,8,12.9659
-116.009174,8,12.974452
-123.624012,8,12.981452
-129.497885,8,12.98912
-86.380751,8,12.999123
-39.82494,8,13.00732
-130.611467,8,13.013355
-127.435949,8,13.019355
-78.193008,8,13.026358
-86.838407,8,13.047765
-248.812641,8,13.055764
-58.195042,8,13.064056
-67.097533,8,13.071056
-113.946611,8,13.079417
-26.958755,8,13.086417
-80.908322,8,13.094122
-124.983077,8,13.102906
-38.823628,8,13.111859
-153.542552,8,13.117861
-6.097549,8,13.124862
-57.222479,8,13.132845
-86.18751,8,13.14214
-299.188544,8,13.157826
-96.469392,8,13.164657
-27.528648,8,13.170673
-151.229717,8,13.178798
-21.175292,8,13.40173
-57.752221,8,13.409484
-81.887185,8,13.417506
-218.900833,8,13.423988
-44.156903,8,13.432015
-5.953118,8,13.44013
-111.975055,8,13.447129
-20.627648,8,13.454241
-6.233444,8,13.46785
-82.856844,8,13.476883
-102.007257,8,13.487807
-90.446842,8,13.493549
-127.827864,8,13.501115
-49.187965,8,13.508693
-30.543029,8,13.516237
-121.672697,8,13.523998
-20.656406,8,13.534493
-77.108492,8,13.544438
-90.262649,8,13.554058
-55.569573,8,13.561712
-140.343599,8,13.567903
-63.792272,8,13.579063
-125.042593,8,13.588058
-110.771361,8,13.594729
-152.74013,8,13.603353
-202.090778,8,13.610637
-199.999286,8,13.618983
-62.516084,8,13.624843
-45.37399,8,13.631235
-50.756959,8,13.636588
-80.688467,8,13.641934
-47.872931,8,13.647236
-106.759323,8,13.846395
-83.744776,8,13.859454
-98.3927,8,13.868121
-111.123996,8,13.881562
-216.295986,8,13.88912
-84.58572,8,13.901212
-140.251609,8,13.913235
-57.115299,8,13.920241
-37.046902,8,13.930067
-50.909625,8,13.943053
-43.57545,8,13.950704
-79.807417,8,13.961142
-64.970236,8,13.968142
-57.765048,8,13.976142
-44.999618,8,13.988146
-114.233956,8,13.999206
-168.250024,8,14.011755
-53.999305,8,14.025982
-214.86906,8,14.030542
-61.358987,8,14.041442
-135.244738,8,14.041442
-204.278305,8,14.062837
-167.13946,8,14.067841
-36.222181,8,14.07507
-191.861978,8,14.081063
-19.635439,8,14.087064
-110.737717,8,14.097067
-27.567635,8,14.103063
-86.09056,8,14.112419
-25.758164,8,14.123296
-197.943865,8,14.136463
-69.880986,8,14.153164
-31.892725,8,14.345245
-38.35681,8,14.353761
-57.432584,8,14.361511
-166.001612,8,14.372487
-58.743472,8,14.385115
-57.817151,8,14.393116
6.243529,8,14.399886
-57.241746,8,14.410885
-79.196089,8,14.416885
-65.146972,8,14.424887
-183.96858,8,14.431885
-66.475619,8,14.437885
-100.78047,8,14.444282
-57.122098,8,14.45093
-132.99597,8,14.459098
-95.186594,8,14.465664
-44.445663,8,14.47357
-124.224082,8,14.480602
-63.457814,8,14.491179
-92.184786,8,14.502636
-84.874611,8,14.509813
-183.346733,8,14.516813
-82.209676,8,14.523827
-161.433458,8,14.531784
-154.168665,8,14.53788
-133.140108,8,14.541791
-47.197621,8,14.541791
-224.978532,8,14.555995
-28.049731,8,14.565854
-110.633691,8,14.572562
-63.841469,8,14.579339
-56.899616,8,14.584572
-203.433341,8,14.752831
-22.117014,8,14.759843
-68.536302,8,14.766095
-205.639619,8,14.774438
-139.679395,8,14.781005
-27.799849,8,14.788508
-31.101535,8,14.795288
-40.138092,8,14.802749
-25.13196,8,14.813875
-132.479555,8,14.819173
-96.558624,8,14.826165
-135.829664,8,14.832613
-77.087901,8,14.843229
-9.064599,8,14.851821
-109.978757,8,14.860014
-32.151701,8,14.867028
-144.404304,8,14.874157
-38.706391,8,14.882141
-42.447798,8,14.887341
-129.165373,8,14.887341
-10.757619,8,14.902984
-80.50293,8,14.916624
-79.331132,8,14.925535
-95.20499,8,14.932601
-68.90634,8,14.9385
-63.738831,8,14.948675
-123.966756,8,14.95367
-109.735363,8,14.963053
-157.111998,8,14.969056
-77.956222,8,14.97505
-101.551368,8,14.980044
-223.638903,8,14.985373
-36.247491,8,15.169836
-193.523012,8,15.180836
-209.601422,8,15.187837
-66.781722,8,15.196834
-81.39801,8,15.203834
-93.865022,8,15.218842
-102.95467,8,15.228833
-121.019466,8,15.234833
-73.92982,8,15.242143
-70.455176,8,15.249145
-80.74463,8,15.25965
-180.005732,8,15.26771
-47.833624,8,15.278631
-49.065781,8,15.287631
-30.456971,8,15.297631
-32.902497,8,15.306631
-185.083091,8,15.314607
-45.84239,8,15.321191
-189.128093,8,15.33416
-43.289229,8,15.341872
-118.252649,8,15.347868
-163.232149,8,15.354868
-136.314821,8,15.364302
-30.886507,8,15.372745
-60.011837,8,15.381176
-179.964855,8,15.386894
-243.277004,8,15.394569
-109.860314,8,15.399857
-20.497844,8,15.405992
-14.324342,8,15.412015
-42.252033,8,15.422415
-201.262871,8,15.432525
-75.340455,8,15.632109
-101.75704,8,15.638338
-71.543593,8,15.64584
-38.401202,8,15.652135
-111.371075,8,15.659133
-136.375575,8,15.661138
-229.171719,8,15.674815
-12.945221,8,15.687212
-48.557933,8,15.696176
-103.328953,8,15.704242
-97.867028,8,15.712141
-1.524211,8,15.725472
-122.006568,8,15.731471
-141.215537,8,15.738024
-116.279099,8,15.74786
-304.220762,8,15.755054
-63.132768,8,15.76196
-59.914033,8,15.767962
-230.636698,8,15.775054
-139.953899,8,15.783029
-73.321473,8,15.790029
-208.768694,8,15.799657
-81.093276,8,15.80692
-9.33533,8,15.818767
-27.105912,8,15.828792
-85.677026,8,15.835694
-105.413809,8,15.846174
-222.430533,8,15.853178
-152.470305,8,15.859969
-118.54352,8,15.86596
-160.735306,8,15.87188
-42.388075,8,15.878654
-300.982074,8,16.135009
-103.763602,8,16.340335
-107.251159,8,16.358341
-28.595375,8,16.394179
-107.235833,8,16.415992
-60.463064,8,16.432253
-114.830577,8,16.449119
-144.069455,8,16.463228
-45.7338,8,16.481348
-124.789838,8,16.490342
-87.701785,8,16.49736
-13.603551,8,16.507905
-106.93575,8,16.519873
-107.550246,8,16.523416
-116.545427,8,16.535974
-8.27523,8,16.547988
-54.050615,8,16.568447
-41.340497,8,16.578454
-36.382531,8,16.585454
-44.890413,8,16.594427
-185.081865,8,16.601426
-25.303437,8,16.611418
-73.024218,8,16.617729
-10.53266,8,16.625037
-179.542877,8,16.632082
-67.476914,8,16.639209
-77.717676,8,16.64769
-5.063109,8,16.654043
-67.836487,8,16.661926
-113.002562,8,16.67918
-29.10013,8,16.685692
-112.889736,8,16.692125
-79.532923,8,16.863407
-104.262291,8,16.87057
-45.55555,8,16.879968
-39.418313,8,16.88869
-158.271283,8,16.902886
-113.516228,8,16.911163
-17.126074,8,16.917408
-37.810308,8,16.924412
-112.324008,8,16.93141
-121.837677,8,16.945238
-179.855167,8,16.95178
-53.522341,8,16.958935
-36.126112,8,16.966962
-37.863029,8,16.974067
-79.081123,8,16.981542
-61.241799,8,16.988201
-150.080319,8,16.995042
-145.801421,8,17.002164
-173.499677,8,17.013437
-118.244146,8,17.020243
-87.560513,8,17.028782
-59.929583,8,17.035745
-84.001211,8,17.050899
-137.264822,8,17.058451
-58.00955,8,17.065089
-39.369299,8,17.071729
-104.02073,8,17.07963
-43.601153,8,17.085523
-123.079522,8,17.092429
-99.531504,8,17.100361
-47.889454,8,17.106382
-223.859625,8,17.117047
-111.662041,8,17.290981
-42.779652,8,17.299549
-36.191349,8,17.312755
-29.064403,8,17.32013
-50.550736,8,17.331617
-104.539748,8,17.338207
-25.276135,8,17.346247
-24.661266,8,17.352544
-40.400217,8,17.358564
-171.888006,8,17.365562
-104.940206,8,17.37254
-68.576214,8,17.380778
-20.348438,8,17.388075
-137.476468,8,17.395521
-144.682851,8,17.401741
-29.535087,8,17.414684
-102.103021,8,17.421158
-28.287984,8,17.428874
-12.689516,8,17.435254
-38.681892,8,17.446271
-60.95025,8,17.452624
-224.421768,8,17.459622
-222.911865,8,17.466716
-69.029048,8,17.474627
-49.717121,8,17.480723
-105.454754,8,17.486995
-118.492135,8,17.494918
-143.463711,8,17.504609
-33.573744,8,17.513475
-68.642568,8,17.51986
-93.307995,8,17.526941
-150.113712,8,17.597065
-73.184796,8,17.819804
-65.524774,8,17.827857
-65.195764,8,17.835846
-43.240259,8,17.845399
-36.719936,8,17.862234
-95.464287,8,17.869721
-62.378804,8,17.871724
-83.474985,8,17.871724
-126.725581,8,17.900236
-27.930193,8,17.90855
-38.664028,8,17.914599
-12.347277,8,17.923676
-88.659063,8,17.931605
-21.884967,8,17.938387
-26.231412,8,17.946349
-48.754827,8,17.953354
-25.012398,8,17.961288
-29.124896,8,17.969391
-20.407316,8,17.977823
-81.044709,8,17.984433
-79.339259,8,17.999751
-22.970875,8,18.006744
-56.3465,8,18.014501
-10.863153,8,18.020323
-181.986638,8,18.027618
-53.088354,8,18.03347
0.268124,8,18.039317
-4.505893,8,18.046463
-29.578349,8,18.051467
-103.050021,8,18.057942
-10.372999,8,18.063947
-112.049935,8,18.070426
-57.345551,8,18.226266
-63.725327,8,18.232926
-19.507816,8,18.244513
-33.129689,8,18.252059
-177.438328,8,18.256072
-97.073512,8,18.266229
-143.116644,8,18.272235
-26.035729,8,18.279463
-127.178168,8,18.287043
-50.64516,8,18.295244
-75.191844,8,18.303208
-115.40613,8,18.311748
-184.170938,8,18.317496
-45.815191,8,18.332697
-199.9339,8,18.340354
-134.349538,8,18.34887
-73.494501,8,18.355863
-43.897763,8,18.362366
-78.536275,8,18.362366
-122.151371,8,18.377786
-60.528715,8,18.383807
-39.268903,8,18.391218
-11.265228,8,18.399768
-143.181136,8,18.407872
-101.857155,8,18.412371
-129.729633,8,18.415966
-48.252051,8,18.429106
-7.76142,8,18.429106
-112.524042,8,18.439918
-90.678207,8,18.459897
-207.087859,8,18.462369
-80.508694,8,18.479205
-89.101362,8,18.648373
-131.703017,8,18.654356
-135.890325,8,18.661117
-103.523901,8,18.66712
-13.141821,8,18.678798
-41.033204,8,18.686546
-51.361817,8,18.698668
-29.836336,8,18.709584
-83.026668,8,18.716466
-225.322887,8,18.724474
-152.001234,8,18.731503
-109.658308,8,18.738408
-110.143914,8,18.746614
-80.737497,8,18.755523
-51.37591,8,18.766563
-254.352714,8,18.777552
-62.210247,8,18.788469
-43.292047,8,18.797697
-101.17283,8,18.805634
-122.21565,8,18.817656
-42.217804,8,18.825777
-67.051369,8,18.832472
-42.319189,8,18.841471
-61.003737,8,18.854755
-156.079169,8,18.866611
-179.287375,8,18.878975
-21.78433,8,18.893878
-81.463024,8,18.903956
-77.099169,8,18.914891
-73.097722,8,18.927745
-126.039272,8,18.938777
-183.735234,8,18.952687
-58.328344,8,19.169016
-95.488945,8,19.173017
-38.3714,8,19.173017
-9.785399,8,19.189016
-194.248957,8,19.189016
-35.508083,8,19.189016
-46.30704,8,19.214004
-24.932242,8,19.220018
-42.272311,8,19.226033
-62.840857,8,19.234051
-22.189468,8,19.239362
-104.964186,8,19.247381
-138.140286,8,19.257396
-39.900371,8,19.263259
-146.372628,8,19.269266
-64.006922,8,19.275273
-39.579994,8,19.283022
-70.54378,8,19.28744
-50.404807,8,19.29493
-30.094113,8,19.301174
-38.860483,8,19.307905
-22.319484,8,19.317054
-99.000606,8,19.325986
-159.141059,8,19.332002
-39.106223,8,19.33996
1.294004,8,19.349329
-191.861335,8,19.355122
-32.404471,8,19.361134
-76.06318,8,19.36681
-38.059324,8,19.37082
-97.335278,8,19.378844
-62.861476,8,19.386868
-82.280562,8,19.555471
-102.587825,8,19.569637
-109.363832,8,19.575646
-48.813933,8,19.577649
-139.930447,8,19.589795
-157.99863,8,19.599745
-173.860417,8,19.599745
-105.303393,8,19.599745
-22.276865,8,19.619904
-156.175959,8,19.627654
-96.529711,8,19.631399
-20.985788,8,19.631399
-31.750899,8,19.647239
-88.162759,8,19.647239
-87.178686,8,19.663077
-71.793663,8,19.668823
-17.978116,8,19.676307
-101.720143,8,19.6848
-89.876716,8,19.6848
-55.319768,8,19.700533
-126.712777,8,19.708282
-127.740147,8,19.713842
-65.522651,8,19.721852
-217.720271,8,19.725856
-277.47911,8,19.733488
-126.271856,8,19.738973
-28.324329,8,19.745781
-44.701737,8,19.753851
-158.300941,8,19.757868
-43.395959,8,19.757868
-37.923288,8,19.775424
-83.090284,8,19.775424
-232.224049,8,19.977803
-239.354039,8,19.982799
-146.45342,8,19.993385
-27.843492,8,19.996384
-76.907547,8,20.003774
-15.946548,8,20.013044
-172.48122,8,20.020037
-100.455683,8,20.026755
-50.817944,8,20.032756
-94.29373,8,20.040321
-42.646019,8,20.050326
-80.107566,8,20.058299
-40.487583,8,20.064899
-245.522673,8,20.070914
-199.450122,8,20.078575
-55.810955,8,20.084797
-102.209165,8,20.090544
-72.366376,8,20.096172
-62.21253,8,20.103397
-43.673174,8,20.106402
-100.230264,8,20.106402
-27.919821,8,20.122183
-134.269807,8,20.128059
-20.326911,8,20.143992
-35.97395,8,20.152001
-28.768255,8,20.15775
-130.02025,8,20.159754
-71.850328,8,20.171784
-19.519878,8,20.177802
-73.235124,8,20.183819
-39.029929,8,20.189578
-184.297503,8,20.19359
-130.229821,8,20.383032
-56.150707,8,20.391297
-44.894623,8,20.395769
-37.194515,8,20.411938
-37.808347,8,20.412497
-196.74464,8,20.428488
-45.331669,8,20.435961
-94.582828,8,20.445699
-110.152108,8,20.455955
-88.117461,8,20.462465
-134.304129,8,20.462465
-44.732233,8,20.478611
-20.001514,8,20.485611
-33.967252,8,20.492479
-38.860239,8,20.499476
-274.079891,8,20.50648
-13.038647,8,20.50648
-9.359799,8,20.527296
-84.852136,8,20.535314
-105.959751,8,20.541702
-135.507914,8,20.541702
-63.380615,8,20.558706
-107.09138,8,20.569088
-44.332774,8,20.569088
-92.690317,8,20.569088
-57.853537,8,20.585109
-19.442475,8,20.585109
-85.401205,8,20.585109
-137.660806,8,20.603044
-81.472132,8,20.603044
-179.586363,8,20.61666
-172.508251,8,20.61666
-29.277788,8,20.789302
-13.308893,8,20.795733
-20.160548,8,20.803774
-86.481558,8,20.811031
-203.198761,8,20.812505
-65.06488,8,20.824734
-27.015395,8,20.831231
-121.471984,8,20.839309
-85.219916,8,20.853054
-133.372602,8,20.868578
-44.811892,8,20.877547
-90.000116,8,20.88555
-107.366325,8,20.896208
-82.401319,8,20.903213
-25.368842,8,20.911213
-43.092931,8,20.912571
-99.983664,8,20.9267
-14.009964,8,20.930174
-205.484854,8,20.941414
-6.830482,8,20.947412
-20.89045,8,20.953428
-56.560943,8,20.963064
-8.128548,8,20.970055
-123.787457,8,20.975626
-92.878491,8,20.981635
-125.67331,8,20.981635
-173.073581,8,20.989141
-112.335014,8,20.989141
-92.508526,8,21.00508
-160.033437,8,21.00508
-49.252726,8,21.00508
-20.590325,8,21.021218
-104.97342,8,21.194518
-99.766859,8,21.205876
-38.691712,8,21.210594
-89.933173,8,21.231115
-89.908182,8,21.240219
-47.952558,8,21.248699
-161.977429,8,21.259367
-92.430261,8,21.26398
-91.274638,8,21.282995
-151.585898,8,21.293069
-48.663485,8,21.306852
-20.334404,8,21.314512
-93.981466,8,21.325768
-109.38956,8,21.332139
-180.901571,8,21.351813
-49.208466,8,21.367215
-41.362309,8,21.379051
-115.380718,8,21.387071
-97.927702,8,21.395777
-92.229447,8,21.411077
-165.233056,8,21.422621
-136.56499,8,21.429126
-124.174323,8,21.445954
-102.03555,8,21.445954
-72.118498,8,21.46121
-74.095476,8,21.466216
-145.703121,8,21.472207
-49.639454,8,21.482023
-103.517979,8,21.487034
-56.00671,8,21.489934
-158.039683,8,21.489934
4.112395,8,21.489934
-52.896308,8,21.651865
-23.042047,8,21.6656
-224.780615,8,21.6656
-14.024484,8,21.688319
-130.77163,8,21.688319
-68.780836,8,21.697911
-28.511643,8,21.697911
-59.007593,8,21.719636
-32.076728,8,21.727659
-16.326777,8,21.733415
-124.20158,8,21.741165
-134.912738,8,21.746912
-150.164424,8,21.754661
-87.026386,8,21.760406
-90.628261,8,21.766154
-58.633223,8,21.773644
-163.364096,8,21.779281
-36.545484,8,21.785286
-54.596522,8,21.795937
-94.840186,8,21.804936
-48.333576,8,21.818433
-180.946465,8,21.826802
-93.580388,8,21.833801
-114.108364,8,21.839298
-38.257968,8,21.847771
-39.655009,8,21.85781
-143.298312,8,21.85781
-26.132242,8,21.85781
-105.525523,8,21.876055
-111.230186,8,21.882029
-69.204106,8,21.887029
-121.189015,8,21.894942
-91.890465,8,22.056105
-123.590676,8,22.058111
-195.050791,8,22.066233
-33.345179,8,22.066233
-44.527602,8,22.082205
-160.852769,8,22.084208
-231.648832,8,22.084208
-35.384454,8,22.103951
-44.896549,8,22.10997
-81.930883,8,22.115984
-83.060651,8,22.124003
-29.358026,8,22.133725
-48.827891,8,22.139731
-5.419954,8,22.149489
-179.867051,8,22.155507
-36.911691,8,22.163277
-96.488631,8,22.16929
-137.461227,8,22.177053
-23.601856,8,22.182702
-161.61459,8,22.188713
-45.299962,8,22.194724
-127.071005,8,22.200735
-42.875054,8,22.206745
-56.30309,8,22.214505
-45.858964,8,22.219879
-33.642146,8,22.229237
-33.695757,8,22.235244
-34.519259,8,22.239249
-85.674899,8,22.239249
-194.588636,8,22.257256
-49.082724,8,22.263272
-55.526433,8,22.267282
-27.534883,8,22.413072
-139.072977,8,22.428719
-11.789398,8,22.434726
-162.500564,8,22.440473
-22.289184,8,22.448482
-96.720065,8,22.454488
-39.1386,8,22.467994
-30.025418,8,22.473742
-103.841513,8,22.481751
-169.166868,8,22.48976
-99.435576,8,22.495512
-149.78215,8,22.503529
-50.516387,8,22.509286
-116.293654,8,22.515302
-67.065234,8,22.521318
-42.955266,8,22.523064
-26.771842,8,22.523064
-215.875621,8,22.538849
-125.657883,8,22.547926
-115.61491,8,22.556659
-28.342462,8,22.556659
-9.969011,8,22.572737
-148.742026,8,22.572737
-98.924518,8,22.588637
0.512559,8,22.588637
-120.251648,8,22.604313
-32.581162,8,22.608526
-67.470223,8,22.618428
-21.212862,8,22.618428
-61.653971,8,22.618428
-48.446543,8,22.634453
-20.28819,8,22.634453
-116.995141,8,22.811994
-231.610176,8,22.81999
-81.297212,8,22.826652
-25.751616,8,22.833447
-225.637874,8,22.841316
-53.095563,8,22.847845
-237.893833,8,22.855863
-42.001365,8,22.862517
-157.637911,8,22.872611
-45.086846,8,22.881149
-25.760629,8,22.881149
-34.475092,8,22.895667
-96.661772,8,22.911997
-56.769105,8,22.912485
-133.078497,8,22.92661
-158.174768,8,22.934484
-58.034578,8,22.940344
-21.321695,8,22.945752
-109.514435,8,22.955426
-8.550598,8,22.963397
-77.468384,8,22.969397
-31.981665,8,22.977838
-57.782789,8,22.984837
-123.374463,8,22.989838
-15.891512,8,23.00099
-47.448206,8,23.007007
-174.513319,8,23.013027
-75.006829,8,23.017037
-24.76349,8,23.020789
-38.604496,8,23.020789
-24.518435,8,23.036769
-126.088241,8,23.036769
-120.555216,8,23.210909
-59.387396,8,23.216922
-38.237916,8,23.223178
-72.779247,8,23.233572
-119.786322,8,23.249592
-116.437811,8,23.257928
-14.476282,8,23.262623
-96.417708,8,23.274033
-16.438195,8,23.279507
-123.197252,8,23.28905
-76.160771,8,23.295816
-188.089084,8,23.30333
-35.189031,8,23.316442
-54.109277,8,23.32564
-58.251164,8,23.359222
-119.214484,8,23.367247
-57.613721,8,23.373219
-38.83357,8,23.385791
-95.899228,8,23.390873
-61.578837,8,23.390873
-55.153507,8,23.404616
-20.285717,8,23.416175
-119.536097,8,23.421183
-39.453092,8,23.424075
-62.142597,8,23.424075
-123.163077,8,23.439256
-47.338739,8,23.441844
-96.832115,8,23.455953
-34.539743,8,23.457961
-124.17558,8,23.477652
-25.468747,8,23.477652
-102.867349,8,23.493403
-79.34625,8,23.692373
-118.735739,8,23.695821
-68.620126,8,23.712529
-56.315626,8,23.712529
-13.617151,8,23.729955
-50.721571,8,23.735939
-22.999945,8,23.743601
-26.174107,8,23.750762
-117.959537,8,23.759699
-29.072406,8,23.766672
-115.254586,8,23.780409
-32.448316,8,23.789283
-102.780719,8,23.799535
-11.433588,8,23.810154
-100.706892,8,23.82399
-151.608916,8,23.831468
-62.03476,8,23.837346
-0.045248,8,23.845562
-197.03924,8,23.851561
-76.240802,8,23.860322
-24.580806,8,23.867388
-78.287947,8,23.87468
-92.449157,8,23.885475
-162.461984,8,23.892478
-40.41886,8,23.898552
-129.899303,8,23.904638
-41.753699,8,23.911394
-101.453533,8,23.919443
-143.242967,8,23.926638
-138.292815,8,23.932462
-92.617306,8,23.937605
-32.93406,8,23.944378
-36.212843,8,24.110516
-31.260233,8,24.117442
-99.453907,8,24.128593
-150.115633,8,24.138007
-78.174301,8,24.146943
-106.006061,8,24.154631
-51.954247,8,24.163456
-93.688318,8,24.169792
-201.502771,8,24.177168
-11.48154,8,24.183175
-116.986642,8,24.190034
-45.708692,8,24.198458
-66.506509,8,24.205798
-66.198271,8,24.214495
-43.860038,8,24.221526
-94.786932,8,24.23343
-51.977489,8,24.245589
-100.093545,8,24.25231
-14.22006,8,24.259219
-75.832779,8,24.266428
-68.337917,8,24.273522
-57.041845,8,24.27974
-3.517783,8,24.286737
-111.302681,8,24.293472
1.802314,8,24.301615
-137.048467,8,24.309236
-58.425564,8,24.314623
-77.426573,8,24.319626
-163.730562,8,24.329918
-60.905141,8,24.336595
-60.70418,8,24.3437
-63.369131,8,24.348697
-87.021845,8,24.522505
-53.433474,8,24.530688
-46.208264,8,24.537407
-339.259672,8,24.543645
-120.502056,8,24.550558
-61.018701,8,24.559015
-73.463254,8,24.566466
-27.875693,8,24.573513
-151.465439,8,24.585667
-55.625068,8,24.595534
-82.893997,8,24.603459
-5.861379,8,24.610235
-13.932424,8,24.618059
-40.49403,8,24.62573
-102.570857,8,24.633731
-56.215407,8,24.643449
-30.33107,8,24.650448
-150.636244,8,24.659081
-84.540261,8,24.666995
-27.043062,8,24.67495
-60.182517,8,24.680947
-42.192824,8,24.695539
-40.78718,8,24.702537
-80.144376,8,24.710233
-65.432205,8,24.716247
-76.879302,8,24.721263
-154.337603,8,24.721263
-215.00986,8,24.721263
-37.023584,8,24.737016
-22.753635,8,24.74304
-80.038306,8,24.74906
-129.73087,8,24.752809
4.993338,8,24.896605
-106.945752,8,24.911839
-37.322027,8,24.911839
-32.048248,8,24.929895
-153.937469,8,24.929895
-42.065097,8,24.945745
-47.906623,8,24.953234
-53.636556,8,24.958981
-38.275657,8,24.958981
-35.751436,8,24.958981
-90.744283,8,24.980947
-40.206879,8,24.986429
-142.336417,8,24.992919
-59.493672,8,24.992919
-69.692657,8,25.006686
-30.498424,8,25.006686
-92.611209,8,25.022514
-23.695643,8,25.022514
-37.374892,8,25.038421
-34.734471,8,25.038421
-13.049663,8,25.054326
-10.785307,8,25.054326
-16.570044,8,25.054326
-140.743349,8,25.070502
-127.457695,8,25.070502
-52.865095,8,25.086295
-51.74607,8,25.096679
-18.606146,8,25.102295
-90.495772,8,25.10758
-55.078155,8,25.10758
-128.030237,8,25.118298
-29.968455,8,25.118298
-12.328938,8,25.278147
-117.132553,8,25.278147
-134.723368,8,25.295279
-40.0846,8,25.302262
-82.988878,8,25.309562
-51.352269,8,25.315729
-40.436264,8,25.322629
-43.166823,8,25.333819
-119.762385,8,25.340689
-105.808243,8,25.346689
-130.437546,8,25.352688
-28.219499,8,25.362083
-168.431085,8,25.368088
-80.428924,8,25.371571
-81.37121,8,25.371571
-34.281033,8,25.371571
-113.605945,8,25.391875
-27.445926,8,25.398875
-70.267435,8,25.406882
-24.651769,8,25.418416
-201.972427,8,25.427131
-194.855799,8,25.433506
-144.342301,8,25.440212
-62.747832,8,25.446834
-33.043553,8,25.453608
-126.536211,8,25.463513
-25.754453,8,25.470495
-13.166215,8,25.476651
-61.492549,8,25.482807
-27.392281,8,25.488816
-85.214103,8,25.494793
-121.160708,8,25.499676
-46.919575,8,25.663107
-82.481195,8,25.676657
-58.355155,8,25.683103
-79.357024,8,25.693352
-67.462776,8,25.69891
-56.432841,8,25.707098
-176.1074,8,25.714129
-59.577856,8,25.719615
-27.692395,8,25.726648
-39.809107,8,25.733331
-20.827746,8,25.740379
-26.32161,8,25.748468
-36.240491,8,25.758999
-34.462124,8,25.766426
-134.848827,8,25.772174
-9.143654,8,25.780067
-185.123608,8,25.786867
-46.560533,8,25.795141
-91.542199,8,25.802798
-31.581067,8,25.812883
-25.19193,8,25.82006
-40.378208,8,25.827298
-43.099917,8,25.833725
-131.065693,8,25.844339
-42.020334,8,25.855078
-42.173871,8,25.863313
-43.251646,8,25.879147
-182.31896,8,25.879147
-7.50596,8,25.895731
-30.071799,8,25.906968
-88.339378,8,25.912427
-4.221068,8,25.926965
-165.616717,8,26.118189
-14.91465,8,26.124202
-27.918673,8,26.129957
-64.040517,8,26.139343
-53.384445,8,26.151986
-82.516812,8,26.16526
-73.466261,8,26.171276
-104.664647,8,26.180299
-17.168431,8,26.188029
-28.858464,8,26.198985
-51.907916,8,26.208653
-254.992147,8,26.217234
-109.211015,8,26.224117
-60.231445,8,26.231118
-170.459283,8,26.238118
-40.306037,8,26.244449
-255.363422,8,26.250448
-72.741088,8,26.256011
-26.198807,8,26.271291
-44.971781,8,26.278857
-66.073341,8,26.280862
-14.084415,8,26.287392
-164.263674,8,26.287392
-54.178843,8,26.303205
-30.319453,8,26.303205
-117.433801,8,26.318883
-85.551861,8,26.318883
-22.039509,8,26.318883
-45.741388,8,26.334856
-158.479539,8,26.334856
-3.764721,8,26.350855
-92.869334,8,26.350855
-77.834702,8,26.51661
-22.381044,8,26.52306
-40.818291,8,26.529073
-23.652227,8,26.536592
-2.436379,8,26.538598
-48.063976,8,26.55214
-8.37499,8,26.56015
-13.914006,8,26.565897
-112.787417,8,26.571643
-41.809276,8,26.577126
-117.937662,8,26.584537
-62.129693,8,26.595089
-93.098187,8,26.604653
-43.758829,8,26.610919
-19.290011,8,26.610919
-62.328663,8,26.610919
-72.684187,8,26.633188
-29.923897,8,26.640496
-49.673086,8,26.645471
-167.471982,8,26.651472
-131.509614,8,26.658038
-166.946501,8,26.662042
-78.477621,8,26.667791
-71.784384,8,26.677189
-106.977668,8,26.683202
-18.917062,8,26.696594
-26.307481,8,26.705807
-184.536327,8,26.715781
-62.258219,8,26.721349
-173.134733,8,26.721349
-24.201931,8,26.737512
-166.180932,8,26.747553
-101.016631,8,26.902066
-39.616349,8,26.908081
-120.781644,8,26.908081
-144.124901,8,26.925872
-89.760239,8,26.93524
-37.721989,8,26.943258
-22.913229,8,26.94927
-57.326726,8,26.958673
-30.812105,8,26.966213
-51.815613,8,26.970218
-31.001322,8,26.979488
-143.768415,8,26.986236
-52.30619,8,26.992242
-241.042717,8,26.997727
-60.988856,8,27.005216
-96.474839,8,27.010959
-25.878764,8,27.027225
-109.785761,8,27.027225
-6.998636,8,27.043969
-86.550368,8,27.05121
-112.000595,8,27.059112
-113.93877,8,27.069962
-38.116117,8,27.076749
-55.014135,8,27.082825
-52.813929,8,27.091391
-43.938811,8,27.095938
-75.751371,8,27.095938
-57.223058,8,27.109559
-79.217989,8,27.113044
-34.404694,8,27.126952
-80.888126,8,27.129537
-100.461027,8,27.142356
-113.391413,8,27.301608
-99.220512,8,27.307901
-81.759334,8,27.316204
-65.391782,8,27.322217
-132.748145,8,27.330235
-107.786439,8,27.335991
-52.997653,8,27.343741
-37.750587,8,27.349754
-17.761777,8,27.35541
-118.120803,8,27.365433
-130.450477,8,27.376057
-166.175394,8,27.383078
-78.466251,8,27.38873
-27.631116,8,27.394743
-54.167735,8,27.400756
-67.837917,8,27.40877
-192.53196,8,27.414525
-116.757711,8,27.420181
-86.554539,8,27.426193
-104.339802,8,27.434209
-73.618018,8,27.44022
-25.482106,8,27.445973
-27.470408,8,27.457993
-110.774892,8,27.461738
-134.170527,8,27.469395
-57.754371,8,27.47949
-102.158917,8,27.486782
-188.779253,8,27.492528
-114.80164,8,27.494531
-30.554493,8,27.494531
-18.999566,8,27.508393
-45.891379,8,27.508393
-26.734808,8,27.68244
-121.469091,8,27.688429
-94.930949,8,27.703704
-201.562817,8,27.712368
-156.421069,8,27.719496
-209.023877,8,27.727566
-27.571606,8,27.733558
-63.489122,8,27.74181
-50.091223,8,27.748209
-66.972952,8,27.755264
-25.194076,8,27.762426
-26.648688,8,27.772425
-44.202214,8,27.780098
-71.473279,8,27.786364
-60.306424,8,27.793323
-76.8259,8,27.804299
-65.846309,8,27.815416
-159.805924,8,27.822709
-60.047955,8,27.828592
-59.509944,8,27.834701
-76.946107,8,27.842587
-74.541986,8,27.849733
-124.478102,8,27.856614
-11.555838,8,27.863538
-37.248523,8,27.870415
-23.626293,8,27.877984
-144.036477,8,27.882978
-51.839,8,27.893948
-127.5898,8,27.899854
-37.862428,8,27.905886
-55.582373,8,27.912771
-91.675374,8,27.922002
-23.31648,8,28.069248
-69.535669,8,28.069248
-86.10858,8,28.088994
-22.134958,8,28.095386
-65.281179,8,28.101379
-65.612623,8,28.107433
-60.487329,8,28.113646
-36.337526,8,28.11859
-78.724232,8,28.13344
-40.88524,8,28.141962
-105.470824,8,28.149049
-80.066858,8,28.156696
-17.858987,8,28.164257
-91.070274,8,28.171257
-142.605127,8,28.178792
-61.419906,8,28.185356
-84.303048,8,28.193367
-95.755013,8,28.200367
-111.301856,8,28.208176
-96.204023,8,28.215416
-69.12305,8,28.228886
-81.682365,8,28.241719
-88.481134,8,28.249707
-106.91597,8,28.256915
-169.302396,8,28.263773
-24.775219,8,28.271773
-34.550635,8,28.283539
-32.542515,8,28.293811
-25.602857,8,28.303817
-136.745603,8,28.313173
-43.513745,8,28.319172
-50.649865,8,28.322812
-166.049339,8,28.52686
-30.738082,8,28.539476
-215.910228,8,28.547663
-92.303596,8,28.554757
-110.899736,8,28.566813
-124.890134,8,28.574952
-93.703633,8,28.582047
-78.601515,8,28.589064
-19.295357,8,28.595812
-69.613868,8,28.602809
-54.527458,8,28.606059
-78.47445,8,28.606059
10.805523,8,28.621799
-38.776152,8,28.621799
-176.101088,8,28.639571
-94.206289,8,28.643576
-118.46671,8,28.653617
-86.440645,8,28.653617
-43.9571,8,28.653617
-211.191298,8,28.67431
-26.496568,8,28.67431
-91.308313,8,28.68785
-27.291695,8,28.698143
-102.629335,8,28.708225
-153.593425,8,28.714763
-23.774355,8,28.720759
-119.405794,8,28.731539
-122.917539,8,28.737534
-39.432606,8,28.741309
-59.085478,8,28.75196
-54.726112,8,28.763961
-124.441218,8,28.765967
-63.111172,8,28.946702
-89.443541,8,28.95245
-58.320369,8,28.958496
-139.914823,8,28.958496
-120.517313,8,28.973718
-63.070701,8,28.973718
-4.872086,8,28.990041
-100.779548,8,28.997046
-7.963766,8,29.003063
-272.841789,8,29.006538
-23.204449,8,29.006538
-130.589978,8,29.029497
-18.26398,8,29.036998
-91.690758,8,29.039917
-55.353769,8,29.039917
-65.813366,8,29.039917
-38.848832,8,29.061017
-92.968308,8,29.068768
-126.805921,8,29.073878
-21.495748,8,29.073878
-23.081487,8,29.094368
-78.472167,8,29.094368
-58.141902,8,29.10851
-87.093805,8,29.10851
-147.239074,8,29.125225
-146.542649,8,29.125225
-182.929762,8,29.141072
-11.898103,8,29.141072
-145.184959,8,29.156316
-36.466478,8,29.157563
-51.259773,8,29.157563
-134.152794,8,29.181167
-139.090207,8,29.345789
-160.367604,8,29.351472
-27.30657,8,29.358104
-18.781801,8,29.364425
-60.686633,8,29.37046
-142.613485,8,29.377022
-36.864071,8,29.384514
-95.072222,8,29.392051
-72.226655,8,29.398487
-88.794217,8,29.405409
-117.473677,8,29.412482
-78.779136,8,29.419529
-34.537729,8,29.430915
-14.519756,8,29.438812
-49.19328,8,29.449694
-38.347625,8,29.456124
-93.233674,8,29.456124
-72.268652,8,29.456124
-176.911925,8,29.471578
-87.489225,8,29.479118
-59.633684,8,29.485132
-36.685058,8,29.493152
-153.478169,8,29.499166
-135.401491,8,29.502918
-38.716686,8,29.516124
-37.941605,8,29.52315
-226.050437,8,29.531177
-7.444347,8,29.537867
-23.163231,8,29.543882
-118.040958,8,29.547892
-25.798333,8,29.556136
-40.211384,8,29.562151
-141.429084,8,29.722873
-7.832471,8,29.730892
-6.473867,8,29.737909
-76.357569,8,29.743592
-15.507959,8,29.751613
-21.312932,8,29.762715
-35.356222,8,29.77281
-49.008561,8,29.779968
-20.04242,8,29.789042
-37.48169,8,29.79505
-110.458479,8,29.80154
-144.018234,8,29.80154
-86.770082,8,29.80154
-49.41404,8,29.817213
-136.91333,8,29.817213
-83.495681,8,29.833318
-92.696295,8,29.833318
7.061063,8,29.849229
-52.406439,8,29.849229
-147.878565,8,29.867309
-52.27587,8,29.873056
-79.140663,8,29.879063
-71.584468,8,29.883069
-62.697871,8,29.883069
-118.485856,8,29.901278
-100.709643,8,29.907026
-194.492109,8,29.912773
-60.157294,8,29.912773
-44.132291,8,29.912773
-26.912157,8,29.929005
-12.485781,8,29.929005
-87.803092,8,29.945194
-59.100394,8,30.10956
-15.502611,8,30.116379
-141.501889,8,30.124445
-72.966694,8,30.130481
-115.911974,8,30.136636
-147.766762,8,30.144909
-94.605063,8,30.151611
-57.080338,8,30.158107
-39.842351,8,30.165326
-151.19806,8,30.171318
-63.261684,8,30.182985
-33.64103,8,30.190288
-17.75266,8,30.197501
-23.566256,8,30.204196
-109.719988,8,30.214529
-89.46821,8,30.221529
-74.072207,8,30.228906
-21.325939,8,30.234906
-35.445835,8,30.24248
-103.09687,8,30.247479
-39.128161,8,30.253479
-45.55165,8,30.259974
-20.294593,8,30.265458
-122.091222,8,30.2773
-33.229129,8,30.286407
-140.070098,8,30.296509
-43.937434,8,30.303535
-155.652552,8,30.308535
-53.502186,8,30.314541
-161.725415,8,30.322531
-96.057718,8,30.322954
-7.865089,8,30.322954
-115.987891,8,30.473303
-141.797432,8,30.496807
-106.561917,8,30.5049
-23.829624,8,30.515077
-97.75785,8,30.52468
-13.387198,8,30.52468
-37.359373,8,30.540578
-109.59917,8,30.540578
-48.349874,8,30.556153
-41.241057,8,30.556609
-41.292056,8,30.556609
-23.6029,8,30.573051
-9.293572,8,30.573051
-52.065032,8,30.589838
-27.345979,8,30.589838
-75.028307,8,30.604753
-21.282961,8,30.614662
-129.031896,8,30.627224
-8.971787,8,30.637128
-8.205059,8,30.653474
-42.172099,8,30.66565
-61.625695,8,30.67467
-141.155,8,30.678165
-196.701864,8,30.691117
-53.376679,8,30.691117
-94.641949,8,30.708709
-52.284589,8,30.726823
-171.494066,8,30.743476
-122.381377,8,30.762151
-42.998588,8,30.775815
-39.975129,8,30.775815
-10.784007,8,30.799156
-4.489074,8,31.007063
-223.292076,8,31.007063
-115.666769,8,31.024821
-128.959477,8,31.032577
-57.981054,8,31.039988
-41.157523,8,31.039988
-124.268994,8,31.039988
-131.720179,8,31.056734
-48.654636,8,31.056734
-26.799799,8,31.08181
-115.319178,8,31.089505
-84.544212,8,31.100019
-38.155214,8,31.109694
-81.008053,8,31.117447
-4.696108,8,31.127019
-45.283269,8,31.132766
-114.232942,8,31.142535
-38.808737,8,31.148022
-78.765534,8,31.159005
-246.651315,8,31.170168
-143.500322,8,31.180017
-36.455913,8,31.190243
-218.423927,8,31.198762
-39.383322,8,31.200764
-22.532812,8,31.215029
-98.384922,8,31.21904
-98.560489,8,31.227476
-184.456055,8,31.233494
-10.369968,8,31.239441
-24.412569,8,31.245028
-119.211606,8,31.251041
-94.014084,8,31.260499
-41.78911,8,31.444997
-53.86488,8,31.454434
-38.233847,8,31.466285
-159.648782,8,31.478607
-126.691843,8,31.482615
-44.530213,8,31.497608
-71.894605,8,31.509085
-27.943498,8,31.509538
-70.670253,8,31.525494
-146.635028,8,31.537058
-103.867184,8,31.551254
-37.34217,8,31.564224
-106.98415,8,31.57275
-38.758325,8,31.576649
-75.834619,8,31.596133
-2.637138,8,31.605627
-57.798466,8,31.616802
-271.661439,8,31.624712
-50.148992,8,31.624712
-23.660343,8,31.624712
-10.475874,8,31.641448
-32.673716,8,31.641448
-95.389964,8,31.657533
-114.888339,8,31.657533
-29.963243,8,31.681707
-38.183985,8,31.6895
-49.548498,8,31.691206
-31.751995,8,31.712567
-136.613892,8,31.712567
-78.193662,8,31.729715
-111.441071,8,31.735732
-16.601279,8,31.744852
-40.291787,8,32.038692
-70.498172,8,32.046241
-130.103824,8,32.051989
-55.520462,8,32.056501
-82.057296,8,32.065131
-121.940541,8,32.073575
-102.540777,8,32.081813
-109.15306,8,32.098053
-49.54459,8,32.102058
-71.443715,8,32.115359
-47.170336,8,32.12338
-69.02571,8,32.131746
-65.156078,8,32.140472
-203.802815,8,32.151455
-77.339988,8,32.159784
-70.568838,8,32.166502
-22.230643,8,32.183806
-142.059619,8,32.204638
-59.817828,8,32.214558
-77.779024,8,32.232287
-1.136894,8,32.246847
-21.74094,8,32.257181
-170.40816,8,32.258446
-45.768396,8,32.258446
-48.433613,8,32.279988
-8.176521,8,32.284
-42.815688,8,32.291332
-104.242071,8,32.291332
-44.840005,8,32.291332
-94.811551,8,32.307894
-42.740399,8,32.307894
-64.66588,8,32.325211
-85.063435,8,32.511938
-115.637016,8,32.517955
-22.665082,8,32.525339
-39.303371,8,32.532428
-113.357781,8,32.539889
-64.05346,8,32.539889
-12.150614,8,32.555414
-162.881024,8,32.555414
-45.677444,8,32.555414
-114.474727,8,32.571184
-87.891061,8,32.580724
-17.422074,8,32.586208
-70.413772,8,32.593918
-3.538647,8,32.603936
-80.631179,8,32.606367
-109.74385,8,32.606367
-54.980359,8,32.623621
-44.60437,8,32.623621
-33.830339,8,32.638536
-45.536813,8,32.644881
-72.947955,8,32.644881
-39.817865,8,32.655509
-82.962905,8,32.655509
-29.891142,8,32.673416
-9.130332,8,32.673416
-149.317375,8,32.694789
-48.072106,8,32.70081
-131.187828,8,32.702918
-74.422508,8,32.702918
-33.092629,8,32.71903
-120.484439,8,32.71903
-135.224815,8,32.734802
-76.911631,8,32.973704
-132.184543,8,32.995728
-41.678149,8,33.001729
-49.651411,8,33.003152
-95.977125,8,33.003152
-9.184605,8,33.024868
-88.451691,8,33.034344
-41.191145,8,33.042387
-22.834969,8,33.050264
-17.456324,8,33.057657
-18.993325,8,33.076234
-184.73628,8,33.081952
-21.018745,8,33.089522
-43.479867,8,33.101485
-14.082617,8,33.1095
-67.323865,8,33.117219
-72.545077,8,33.124973
-29.7559,8,33.133569
-27.85774,8,33.144935
-47.102146,8,33.152763
-102.427184,8,33.16415
-135.573422,8,33.16415
-18.16317,8,33.176299
-169.708399,8,33.176299
-78.101708,8,33.19203
-55.347513,8,33.19203
-79.794542,8,33.22346
-45.27387,8,33.22346
-24.055365,8,33.22346
-77.721744,8,33.239225
-110.155775,8,33.255388
-18.364953,8,33.271235
-51.126459,8,33.461775
-37.116342,8,33.480127
-44.8414,8,33.486181
-19.941729,8,33.495394
-54.196628,8,33.503139
-50.211276,8,33.509351
-41.524763,8,33.517371
-20.958604,8,33.525167
-101.953094,8,33.530703
-85.328282,8,33.536711
-67.253389,8,33.547664
-33.976674,8,33.559476
-28.668381,8,33.567491
-126.365345,8,33.578665
-9.394192,8,33.584685
-207.35204,8,33.592478
-54.246609,8,33.600502
-123.352387,8,33.608757
-32.185665,8,33.614777
-33.595208,8,33.622351
-81.190623,8,33.630164
-54.886422,8,33.63818
-87.460125,8,33.643878
-49.586281,8,33.652544
-24.57049,8,33.663149
-107.623875,8,33.673417
-124.153408,8,33.684981
-88.782378,8,33.695657
-148.900676,8,33.703659
-45.492762,8,33.717377
-15.886429,8,33.730999
-53.715713,8,33.738949
-33.023931,8,33.967808
-101.679455,8,33.977705
-104.100107,8,33.988786
-106.395967,8,34.014369
-72.011393,8,34.064622
-75.611516,8,34.079854
-66.658387,8,34.094133
-71.269343,8,34.102133
-34.208672,8,34.117443
-87.349088,8,34.131066
-64.739467,8,34.14553
-124.432584,8,34.151529
-201.35846,8,34.162833
-100.094128,8,34.168835
-20.848156,8,34.175912
-125.566211,8,34.181915
-24.955889,8,34.186917
-68.94625,8,34.198586
-177.088369,8,34.20628
-146.455776,8,34.214287
-47.849379,8,34.231392
-63.35018,8,34.241673
-60.085849,8,34.252938
-20.349929,8,34.264077
-50.676437,8,34.270096
-20.890362,8,34.277916
-110.850441,8,34.277916
-42.736496,8,34.277916
-81.549462,8,34.293044
-200.074685,8,34.308867
-30.103902,8,34.308867
-17.98583,8,34.308867
-15.415689,8,34.487106
-69.514917,8,34.49238
-92.268599,8,34.498387
-72.616432,8,34.504134
-30.061932,8,34.511825
-62.46679,8,34.517834
-46.986429,8,34.526083
-63.819802,8,34.534107
-41.063802,8,34.540192
-49.904203,8,34.549627
-33.333221,8,34.56311
-71.646374,8,34.5716
-144.319921,8,34.579179
-105.9499,8,34.584664
-10.050653,8,34.592825
-51.222626,8,34.600313
-267.20612,8,34.605058
-63.864463,8,34.614635
-31.666967,8,34.621122
-40.609127,8,34.628202
-15.016492,8,34.634209
-92.668678,8,34.641981
-20.046775,8,34.651746
-47.698446,8,34.660562
-135.048533,8,34.668581
-80.209727,8,34.672326
-41.770664,8,34.672326
-42.134351,8,34.688101
-41.82286,8,34.688101
-64.084306,8,34.704189
-152.99162,8,34.704189
-40.068234,8,34.704189
-73.007301,8,34.885624
-20.106528,8,34.897024
-96.975927,8,34.904514
-49.894254,8,34.91411
-6.747964,8,34.921624
-33.093993,8,34.930224
-160.535245,8,34.936236
-86.086721,8,34.945119
-111.88754,8,34.951134
-25.095824,8,34.957631
-15.612032,8,34.96481
-134.566431,8,34.972328
-36.668826,8,34.9797
-107.18336,8,34.985714
-151.538123,8,34.989464
-71.560815,8,35.014406
-46.265298,8,35.020418
-64.387939,8,35.026871
-249.381131,8,35.044325
-240.082173,8,35.052768
-112.257769,8,35.059455
-33.22032,8,35.059455
-36.602863,8,35.075439
-107.62897,8,35.079448
-68.037505,8,35.090143
-142.472429,8,35.097098
-33.415059,8,35.105269
-37.973698,8,35.105269
-27.153525,8,35.133421
-25.243886,8,35.14043
-45.567596,8,35.14043
-117.770201,8,35.155603
-103.006392,8,35.323029
-72.939774,8,35.331587
-24.606569,8,35.34111
-34.503802,8,35.34712
-34.189457,8,35.35957
-155.858178,8,35.36659
-73.837432,8,35.373886
-136.14214,8,35.382179
-89.508474,8,35.398167
-150.919479,8,35.404851
-149.037806,8,35.4164
-172.550076,8,35.429892
-85.058907,8,35.440924
-76.46075,8,35.448864
-68.664261,8,35.454878
-184.804299,8,35.457051
-64.194273,8,35.457051
-71.488732,8,35.4828
-44.150956,8,35.492077
-0.556011,8,35.500103
-52.770042,8,35.508774
-171.919268,8,35.520089
-25.697609,8,35.520089
-118.796746,8,35.535786
-28.904301,8,35.551492
-13.392723,8,35.562677
-19.554484,8,35.573833
-98.87483,8,35.589644
-6.270773,8,35.600903
-145.183238,8,35.613572
-169.272978,8,35.624076
-90.219874,8,35.635177
-204.656763,8,35.823177
-226.412285,8,35.831274
-23.184995,8,35.843441
-26.228245,8,35.849838
-62.580736,8,35.855058
-39.172317,8,35.86359
-42.391037,8,35.867595
-132.010941,8,35.874347
-86.659135,8,35.882893
-34.089715,8,35.892032
-274.780423,8,35.900519
-61.769127,8,35.909602
-123.390191,8,35.917633
-100.028246,8,35.934069
-46.504382,8,35.947029
-28.495435,8,35.960502
-20.75871,8,35.968972
-93.671351,8,35.983929
-49.717209,8,35.995451
-54.41523,8,36.004456
-20.349312,8,36.01537
-27.665422,8,36.031467
-36.265074,8,36.045839
-20.94968,8,36.056205
-9.721684,8,36.056205
-72.248926,8,36.071831
-39.64662,8,36.089952
-151.185527,8,36.089952
-134.20145,8,36.109484
-108.397071,8,36.115482
-88.117324,8,36.120482
-12.703014,8,36.128721
-120.178186,8,36.285445
-92.705562,8,36.285445
-27.761358,8,36.301292
-35.645409,8,36.315391
-30.060806,8,36.323078
-107.015427,8,36.323078
-75.406465,8,36.339569
-53.937494,8,36.346806
-19.669,8,36.360575
-110.807862,8,36.367583
-221.418157,8,36.37706
-70.286067,8,36.383085
-38.084798,8,36.389061
-69.491965,8,36.395906
-43.875332,8,36.401653
-199.460971,8,36.405159
-94.612017,8,36.414822
-30.168308,8,36.420838
-27.581357,8,36.420838
-51.480527,8,36.438484
-56.01686,8,36.451051
-33.787367,8,36.45833
-108.197559,8,36.461026
-107.002698,8,36.474178
-22.152369,8,36.480181
-16.47577,8,36.487169
-142.921513,8,36.495801
-54.584308,8,36.501788
-210.556286,8,36.506101
-29.416512,8,36.506101
-22.713789,8,36.506101
-73.658046,8,36.521606
-82.616205,8,36.795897
-57.807322,8,36.802897
-68.418078,8,36.80998
-77.471982,8,36.817998
-61.5219,8,36.828679
-48.231899,8,36.837727
-22.641202,8,36.848612
-16.599773,8,36.859241
-85.643531,8,36.868732
-37.021026,8,36.872001
-92.856118,8,36.884191
-117.250445,8,36.891277
-49.620021,8,36.901772
-75.609462,8,36.907467
-26.351271,8,36.91738
-52.319069,8,36.925045
-40.234941,8,36.930531
-144.937346,8,36.940107
-169.928162,8,36.950704
-43.406746,8,36.955716
-122.451145,8,36.965257
-180.35375,8,36.971005
-51.197668,8,36.977446
-44.286314,8,36.985461
-71.400163,8,36.992985
-22.432664,8,37.006576
-53.402248,8,37.016608
-173.279969,8,37.018614
-50.475492,8,37.018614
-66.59133,8,37.041855
-79.610639,8,37.053372
-43.347853,8,37.061601
-62.796667,8,37.253979
-57.668267,8,37.261998
-204.058017,8,37.268015
-27.052735,8,37.27801
-66.570198,8,37.284025
-204.580812,8,37.289786
-96.274539,8,37.289786
-36.123841,8,37.309526
-41.029118,8,37.316195
-56.883642,8,37.321679
-53.542361,8,37.323274
-35.600796,8,37.323274
-29.494335,8,37.34395
-12.859021,8,37.352026
-30.297018,8,37.357048
-158.304595,8,37.357048
-31.429092,8,37.374618
-44.785007,8,37.380687
-72.954494,8,37.394796
-186.416771,8,37.399803
-106.554626,8,37.406146
-81.498268,8,37.406146
-87.188043,8,37.406146
-161.658014,8,37.421758
-57.57472,8,37.432217
-76.620597,8,37.437731
-96.981792,8,37.445512
-63.610235,8,37.451529
-103.518116,8,37.453535
-21.668862,8,37.453535
-4.538894,8,37.469524
-110.331445,8,37.469524
-14.150731,8,37.624684
-66.652011,8,37.631808
-56.905636,8,37.631808
-173.128095,8,37.647929
-33.818104,8,37.647929
-34.259197,8,37.661912
-99.699325,8,37.661912
-102.514498,8,37.661912
-12.256976,8,37.677984
-39.793052,8,37.677984
-99.575903,8,37.690114
-152.581221,8,37.7062
-62.902712,8,37.713552
-38.857646,8,37.720573
-57.968928,8,37.734151
-39.384974,8,37.74015
-16.967875,8,37.749587
-39.274053,8,37.755595
-29.062713,8,37.761609
-133.746448,8,37.767732
-105.6915,8,37.775493
-29.004388,8,37.784269
-57.144385,8,37.792061
-83.542275,8,37.803092
-179.599644,8,37.812589
-36.738801,8,37.8206
-45.611941,8,37.828173
-49.504976,8,37.838152
-105.765262,8,37.848187
-53.484264,8,37.859983
-162.040018,8,37.869754
-24.332131,8,37.877775
-85.53979,8,38.07185
-28.056598,8,38.083989
-80.866381,8,38.091996
-25.43846,8,38.094976
-143.801714,8,38.11077
-63.902409,8,38.11077
-78.924339,8,38.11077
-49.872739,8,38.126875
-43.196712,8,38.126875
-55.198506,8,38.142802
-39.711155,8,38.150821
-57.608302,8,38.163033
-78.497995,8,38.169042
-83.193114,8,38.174563
-137.65559,8,38.184611
-133.531058,8,38.190368
-104.114987,8,38.203971
-16.436603,8,38.21209
-63.742862,8,38.217893
-97.933224,8,38.223525
-118.664366,8,38.234245
-55.048951,8,38.242237
-50.783535,8,38.249232
-128.946136,8,38.256437
-120.914061,8,38.264437
-199.683478,8,38.271438
-110.962817,8,38.27282
-35.684539,8,38.288144
-69.099337,8,38.288144
-43.085317,8,38.303752
-96.520675,8,38.303752
-60.247506,8,38.319649
-36.879643,8,38.478456
-53.044416,8,38.484497
-20.269673,8,38.490246
-46.813746,8,38.501287
-34.627242,8,38.508098
-91.222436,8,38.51388
-22.092917,8,38.523391
-39.656704,8,38.532936
-18.476866,8,38.539988
-25.579821,8,38.551489
-265.994615,8,38.557332
-9.685349,8,38.557332
-56.250214,8,38.575752
-18.245418,8,38.582721
-28.780584,8,38.589802
-17.889314,8,38.597803
-126.622414,8,38.608094
-96.910023,8,38.616104
1.13355,8,38.621589
-45.648642,8,38.629999
-27.306338,8,38.637524
-62.775993,8,38.644487
-106.275237,8,38.657547
-203.089725,8,38.665836
-53.057885,8,38.669581
-15.035913,8,38.669581
-42.113111,8,38.669581
-9.374972,8,38.685475
-99.857988,8,38.685475
-51.81882,8,38.701354
-78.685739,8,38.701354
-99.189054,8,38.701354
-12.066702,8,38.908058
-64.398822,8,38.908058
-62.428242,8,38.928532
-95.985755,8,38.947006
-55.062939,8,38.953486
-165.628116,8,38.965434
-158.841864,8,38.97288
-18.858664,8,38.983486
-130.681358,8,38.990933
-81.656029,8,38.990933
-127.151041,8,39.006396
-35.663488,8,39.016092
-48.380381,8,39.023924
-106.374297,8,39.03324
-55.185411,8,39.040315
-196.913823,8,39.053025
-60.748346,8,39.066101
-21.948789,8,39.074172
-216.186431,8,39.081219
-22.130045,8,39.089219
-21.750389,8,39.089219
-63.905483,8,39.089219
-88.856638,8,39.105263
-28.990233,8,39.105263
-87.475578,8,39.121103
-15.8446,8,39.140326
-72.367641,8,39.152861
-32.121322,8,39.17424
-21.33583,8,39.182255
-71.623459,8,39.188242
-89.58334,8,39.195234
-77.749014,8,39.201236
-39.278359,8,39.412338
-17.24206,8,39.430171
-149.79776,8,39.443829
-44.898973,8,39.45083
-40.802062,8,39.459493
-70.539408,8,39.468615
-99.841958,8,39.479967
-65.614728,8,39.486967
0.698491,8,39.503901
-145.925062,8,39.514518
-30.3098,8,39.5235
-35.742761,8,39.536546
-48.054655,8,39.548818
-26.454891,8,39.557787
-31.787542,8,39.569637
-29.169082,8,39.575916
-66.20163,8,39.591671
-8.710236,8,39.59768
-94.636098,8,39.603674
-65.848571,8,39.615308
-56.228752,8,39.627966
-8.653753,8,39.636597
-119.562478,8,39.647591
-37.591997,8,39.653591
-78.85727,8,39.656211
-72.313084,8,39.656211
-72.720189,8,39.671898
-41.997247,8,39.671898
-43.571945,8,39.671898
-150.816755,8,39.687588
-124.094617,8,39.687588
-97.398366,8,39.687588
-143.692452,8,39.869599
-104.978235,8,39.882728
-58.791256,8,39.886735
-13.303697,8,39.899205
-55.605696,8,39.902715
-55.780984,8,39.91427
-55.593755,8,39.918281
-68.661837,8,39.928381
-7.524607,8,39.939495
-11.58149,8,39.939495
-24.69048,8,39.949975
-86.852593,8,39.949975
-6.889953,8,39.965771
-38.832304,8,39.965771
-215.501763,8,39.987709
-102.025885,8,39.987709
-84.925331,8,39.997449
-67.296638,8,39.997449
-89.17649,8,40.015356
-55.849455,8,40.019361
-36.977776,8,40.027371
-122.909643,8,40.033123
-36.466357,8,40.041133
-137.623137,8,40.050859
-46.122258,8,40.058791
-184.624964,8,40.062535
-131.095558,8,40.079482
-22.984518,8,40.0855
-148.179781,8,40.091518
-125.208539,8,40.097535
-1.099522,8,40.103553
-56.676004,8,40.109314
-88.332716,8,40.299398
-262.483534,8,40.310762
-48.797741,8,40.318522
-144.226916,8,40.322835
-27.304212,8,40.328378
-126.429506,8,40.34209
-70.124664,8,40.35576
-68.032281,8,40.359649
-115.577655,8,40.377191
-19.528576,8,40.386191
-43.070332,8,40.394063
-132.869323,8,40.404083
-15.147839,8,40.406069
-35.785383,8,40.425426
-35.277356,8,40.431442
-125.655361,8,40.441447
-36.390145,8,40.449325
-79.873635,8,40.458641
-76.637095,8,40.468672
-7.834409,8,40.480272
-29.944604,8,40.492903
-15.244783,8,40.499927
-109.428238,8,40.505948
-95.693995,8,40.513974
-54.29322,8,40.521315
-6.037166,8,40.527328
-105.858334,8,40.534894
-176.654629,8,40.542916
-37.248328,8,40.550488
-256.730729,8,40.556517
-95.17042,8,40.564537
-22.775368,8,40.576579
-38.328067,8,40.753713
-9.889855,8,40.759728
-137.395226,8,40.767489
-32.566039,8,40.774883
-64.494013,8,40.783387
-46.988538,8,40.792221
-88.386038,8,40.799472
-33.326955,8,40.805345
-94.283035,8,40.813365
-16.297362,8,40.821977
-34.484001,8,40.831194
-95.109444,8,40.838817
-81.335571,8,40.85057
-79.68622,8,40.859729
-3.915855,8,40.869322
-18.143618,8,40.877866
-164.241424,8,40.885354
-261.524317,8,40.894013
-83.02028,8,40.901012
-21.106785,8,40.908421
-76.046722,8,40.915412
-172.881315,8,40.923373
-30.734922,8,40.935427
-76.370537,8,40.944535
-223.157041,8,40.954341
-67.625403,8,40.967463
-79.848719,8,40.97683
-26.061691,8,40.983826
-114.505706,8,40.989896
-89.529619,8,40.995941
-50.234434,8,41.001941
-4.064542,8,41.007913
-111.981527,8,41.20946
-113.88658,8,41.215941
-47.500784,8,41.218023
-34.268116,8,41.23878
-68.330811,8,41.25133
-25.654628,8,41.26642
-27.537022,8,41.274422
-97.706272,8,41.282788
-97.244371,8,41.290545
-123.510361,8,41.298301
-213.305953,8,41.305788
-86.139115,8,41.313982
-105.085751,8,41.321745
-119.827426,8,41.32931
-230.053582,8,41.337718
-160.668373,8,41.345375
-9.745681,8,41.353125
-37.885298,8,41.359874
-25.133731,8,41.37415
-47.933947,8,41.380171
-22.699488,8,41.386188
-129.550389,8,41.386188
-116.217404,8,41.400114
-70.311663,8,41.411688
-128.451555,8,41.419717
-78.63364,8,41.429664
-144.798918,8,41.435688
-91.150279,8,41.442593
-82.857836,8,41.448592
-28.159789,8,41.454592
-134.172098,8,41.460491
-47.542795,8,41.471473
-130.861081,8,41.663255
-52.045825,8,41.669263
-164.710736,8,41.680166
-42.777121,8,41.686182
-75.810123,8,41.698436
-109.405035,8,41.707928
-10.305111,8,41.707928
-27.611375,8,41.723324
-14.089243,8,41.725019
-72.163582,8,41.725019
-27.17008,8,41.750228
-2.434117,8,41.759412
-8.080514,8,41.766834
-18.173114,8,41.778516
-30.816507,8,41.78654
-23.275297,8,41.798522
-105.429712,8,41.808738
-26.125242,8,41.817492
-61.05091,8,41.825465
-18.748524,8,41.831488
-195.178099,8,41.841341
-140.700306,8,41.848384
-24.496984,8,41.856254
-74.036333,8,41.867385
-21.317538,8,41.874724
-68.981076,8,41.882238
-50.349436,8,41.889719
-25.314762,8,41.895978
-40.169812,8,41.904002
-58.480928,8,41.909662
-91.379746,8,41.909662
-23.394124,8,41.92424
-122.479626,8,42.086418
-91.05969,8,42.086418
-21.929572,8,42.10038
-46.916844,8,42.112191
-157.154023,8,42.112191
-143.949962,8,42.124505
-101.572897,8,42.124505
-61.468547,8,42.141269
-75.331371,8,42.141269
-49.57547,8,42.157561
-27.01816,8,42.157561
-68.636299,8,42.157561
-90.070252,8,42.180532
-34.512362,8,42.187631
-38.648443,8,42.194662
-25.151833,8,42.200662
-227.94922,8,42.208228
-115.565602,8,42.208228
-88.294958,8,42.224085
-62.132064,8,42.224085
-154.614876,8,42.240664
-12.066455,8,42.240664
-38.439757,8,42.257484
-14.509454,8,42.257484
-43.193284,8,42.274076
-23.44084,8,42.274076
-43.525248,8,42.274076
-38.655251,8,42.289794
-16.504586,8,42.289794
-18.146327,8,42.305858
-39.187824,8,42.305858
-71.233883,8,42.324266
-112.801667,8,42.504525
-97.618594,8,42.51228
-35.347132,8,42.519275
-50.68837,8,42.527384
-130.036613,8,42.537157
-91.291916,8,42.550001
-16.578714,8,42.560894
-78.688317,8,42.568887
-46.842675,8,42.583723
-46.713436,8,42.6003
-47.694692,8,42.60988
-65.884957,8,42.615022
-30.236089,8,42.627425
-38.472761,8,42.634118
-102.424658,8,42.648869
-61.661738,8,42.657759
-63.695172,8,42.671011
-60.871723,8,42.680338
-85.507267,8,42.693077
-7.44191,8,42.693077
-74.289588,8,42.707654
-51.980503,8,42.724673
-77.48078,8,42.725125
-151.827052,8,42.741366
-16.088551,8,42.741366
-38.581573,8,42.757782
-31.296667,8,42.757782
-8.300579,8,42.775791
-163.324599,8,42.783773
-31.204978,8,42.793657
-20.09822,8,42.805658
-80.936363,8,42.807687
-45.611547,8,43.02607
-133.153001,8,43.036065
-84.529557,8,43.047814
-5.400618,8,43.056594
-125.048425,8,43.064739
-48.610522,8,43.073643
-95.677985,8,43.083641
-94.054065,8,43.092728
-154.377678,8,43.099635
-23.968903,8,43.107638
-110.648915,8,43.115635
-91.304496,8,43.122635
-50.275667,8,43.129133
-34.353478,8,43.137159
-3.145476,8,43.156392
-169.129512,8,43.166492
-48.758878,8,43.173398
-46.7235,8,43.182399
-44.128008,8,43.1898
-11.059702,8,43.197179
-31.821154,8,43.205197
-95.086393,8,43.205197
-24.735582,8,43.214482
-19.417336,8,43.227865
-27.972586,8,43.233878
-59.395399,8,43.243041
-36.574616,8,43.243041
-20.811174,8,43.258397
-106.765448,8,43.270757
-28.110404,8,43.274679
-147.620251,8,43.274679
-57.315352,8,43.29038
-60.834904,8,43.458392
-80.707073,8,43.479471
-87.546526,8,43.485484
-9.255232,8,43.495805
-83.885734,8,43.503556
-49.156877,8,43.508316
-116.590906,8,43.517853
-30.080464,8,43.533088
-43.794453,8,43.543862
-22.997667,8,43.543862
-183.200435,8,43.565155
-137.691259,8,43.573981
-48.210461,8,43.577803
-20.593562,8,43.597965
-128.753802,8,43.608474
-81.837155,8,43.61052
-125.162525,8,43.624199
-7.133154,8,43.62631
-21.020021,8,43.640861
-87.357695,8,43.641882
-155.011903,8,43.660614
-62.699959,8,43.660614
-29.671465,8,43.676174
-99.13192,8,43.676174
-28.254118,8,43.676174
-47.635563,8,43.690858
-50.205029,8,43.690858
-25.120904,8,43.707696
-27.73091,8,43.707696
-89.911159,8,43.724341
-38.073727,8,43.724341
-52.982052,8,43.724341
-59.75972,8,43.9567
-20.515342,8,43.99581
-142.350019,8,44.006904
-71.009089,8,44.01561
-93.287096,8,44.028674
-45.807502,8,44.037679
-23.338758,8,44.052107
-103.183924,8,44.056104
-40.3512,8,44.056104
-133.927296,8,44.079415
-26.069541,8,44.087444
-194.403282,8,44.097038
-39.604085,8,44.10506
-47.611427,8,44.117094
-10.172544,8,44.124519
-11.653342,8,44.132533
-43.41473,8,44.137844
-23.898609,8,44.137844
-110.042435,8,44.149953
-60.562251,8,44.149953
-181.584124,8,44.165642
-101.20139,8,44.165642
-32.791307,8,44.165642
-22.944196,8,44.181746
-17.378154,8,44.181746
-99.584359,8,44.197435
-69.932106,8,44.209521
-33.296805,8,44.218088
-31.804929,8,44.226187
3.945604,8,44.226187
-86.569739,8,44.226187
-80.69032,8,44.242539
-86.316094,8,44.40679
-11.379295,8,44.40679
-25.621606,8,44.428085
-16.650232,8,44.435836
-74.278861,8,44.443456
-148.450338,8,44.450685
-28.385474,8,44.462939
-144.879588,8,44.469961
-68.290631,8,44.480514
-40.182557,8,44.487518
-69.320858,8,44.499071
-63.258264,8,44.506058
-12.943305,8,44.513786
-144.609073,8,44.519531
-7.996515,8,44.526489
-121.037748,8,44.532237
-14.272021,8,44.537243
-95.489157,8,44.537243
-54.95955,8,44.559815
-31.32887,8,44.562362
-17.493928,8,44.575256
-48.974747,8,44.583263
-95.475998,8,44.591807
-117.079343,8,44.599651
-28.957023,8,44.610451
-33.371458,8,44.613096
-77.898524,8,44.623947
-37.971326,8,44.623947
-23.387169,8,44.623947
-41.950801,8,44.6437
-134.715243,8,44.645066
-36.611396,8,44.663054
-50.564393,8,44.848486
-157.509802,8,44.857545
-57.502039,8,44.865144
-37.104942,8,44.874993
-12.867668,8,44.885337
-113.486947,8,44.893719
-43.631007,8,44.902008
-40.056915,8,44.911499
-91.795656,8,44.923899
-232.740112,8,44.939655
-31.445379,8,44.952983
-65.938994,8,44.975235
-63.115067,8,44.979232
-122.493056,8,45.000463
-123.22929,8,45.010577
-61.977902,8,45.017534
-105.178988,8,45.029305
-35.510183,8,45.045413
-70.221806,8,45.057509
-125.375243,8,45.062524
-21.57612,8,45.082388
-16.605751,8,45.09076
-117.117166,8,45.098163
-66.614195,8,45.106164
-59.100499,8,45.112577
-28.698742,8,45.127289
-51.010477,8,45.129377
-110.888535,8,45.144053
-1.443724,8,45.146046
-77.368066,8,45.162596
-187.728127,8,45.17936
-47.396175,8,45.191578
-26.600311,8,45.390484
3.257346,8,45.405835
-41.539286,8,45.405835
-123.912201,8,45.421812
-66.103179,8,45.433924
-60.511437,8,45.443232
-115.646558,8,45.451256
-187.187105,8,45.458925
-21.421052,8,45.466675
-20.998158,8,45.475141
-108.995802,8,45.483157
-95.514433,8,45.494178
-20.071041,8,45.503657
-79.685948,8,45.509407
-48.286473,8,45.517657
-90.583804,8,45.525682
-23.97284,8,45.531195
-28.879321,8,45.544748
-132.033473,8,45.552762
-117.642079,8,45.560969
-22.674619,8,45.56846
-48.864255,8,45.57621
-19.665935,8,45.583698
-225.636058,8,45.587443
-171.969819,8,45.596308
-58.316927,8,45.596308
-70.117777,8,45.610188
-111.360564,8,45.610188
-26.538913,8,45.610188
-51.623817,8,45.626193
-79.551291,8,45.626193
-60.558519,8,45.642245
-75.929214,8,45.795181
-82.172892,8,45.802431
-40.677639,8,45.807916
-2.057793,8,45.819567
-62.310334,8,45.826505
-40.638188,8,45.832019
-83.619321,8,45.839681
-71.295133,8,45.847701
-39.228393,8,45.847701
-20.444126,8,45.847701
-12.906746,8,45.871208
-17.037097,8,45.873214
-3.812232,8,45.88375
-106.874824,8,45.890979
-26.286638,8,45.895507
-42.968839,8,45.895507
-113.459544,8,45.895507
-38.76979,8,45.9113
-141.650968,8,45.9113
-20.566713,8,45.929216
-60.617433,8,45.937426
-116.491545,8,45.943293
-1.336224,8,45.955049
-57.352771,8,45.963167
-84.471808,8,45.968915
-105.91551,8,45.978541
-0.319274,8,45.986563
-23.235413,8,45.992324
-205.298747,8,45.998341
-103.954891,8,46.004362
-9.703404,8,46.01012
-48.89791,8,46.016135
-74.239843,8,46.179888
-101.55238,8,46.179888
-51.354559,8,46.196002
-102.422886,8,46.20381
-89.154773,8,46.211779
-24.437813,8,46.213782
-103.937782,8,46.213782
-248.378739,8,46.227967
-6.717787,8,46.241029
-75.950957,8,46.241029
-67.72436,8,46.241029
-128.195844,8,46.262094
-23.284041,8,46.268111
-153.951853,8,46.276998
-39.779215,8,46.283022
-166.034551,8,46.293218
-53.813079,8,46.30022
-109.906003,8,46.305219
-75.356491,8,46.306217
-128.795843,8,46.306217
-93.609317,8,46.324674
-57.737568,8,46.336591
-57.518314,8,46.338095
-31.545558,8,46.338095
-67.23605,8,46.357961
-26.367678,8,46.365971
-15.280231,8,46.369716
-25.155173,8,46.369716
-58.126939,8,46.38567
-71.464884,8,46.38567
-39.852079,8,46.401598
-154.592056,8,46.401598
-66.464601,8,46.561658
-6.17612,8,46.561658
-36.535153,8,46.561658
-1.770503,8,46.577415
-83.306171,8,46.590641
-2.246222,8,46.590641
-49.457198,8,46.590641
-60.343904,8,46.612683
-80.136797,8,46.625162
-64.941119,8,46.633913
-113.101623,8,46.641825
-70.634461,8,46.648479
-284.386057,8,46.656354
-27.664655,8,46.663042
-36.863952,8,46.668793
-131.020238,8,46.676158
-85.485545,8,46.682412
-48.690271,8,46.6907
-53.182535,8,46.699653
-15.575865,8,46.710439
-79.957032,8,46.718339
-74.647967,8,46.729484
-31.080146,8,46.739712
-81.877569,8,46.746139
-41.803119,8,46.755666
-279.661737,8,46.761398
-162.727405,8,46.762845
-57.934963,8,46.774169
-114.337905,8,46.779594
-20.425227,8,46.779594
-63.608131,8,46.793777
-90.464501,8,46.796208
-96.441469,8,46.958478
-41.733627,8,46.958478
1.425337,8,46.978609
-35.178932,8,46.980586
-8.628885,8,46.990893
-109.51156,8,46.990893
-135.336346,8,47.00844
-46.948247,8,47.012925
-57.888308,8,47.023659
-49.080719,8,47.030097
-14.885672,8,47.030097
-21.41966,8,47.04381
-18.887526,8,47.05136
-182.469278,8,47.063001
-20.009177,8,47.074384
-12.199505,8,47.079955
-62.077414,8,47.091719
-71.655048,8,47.101725
-73.645218,8,47.109371
-55.733868,8,47.116749
-70.112895,8,47.124026
-35.94561,8,47.129387
-1.727997,8,47.139707
-174.143401,8,47.146099
-28.896272,8,47.146099
-60.345488,8,47.160412
-123.923058,8,47.169759
-68.568597,8,47.179649
-45.327394,8,47.184827
-71.588387,8,47.191749
-125.477839,8,47.195759
-117.232432,8,47.195759
-77.722046,8,47.370206
-75.140044,8,47.379181
-156.51461,8,47.39196
-178.101939,8,47.399945
-102.810399,8,47.413343
-32.15693,8,47.42097
-80.187606,8,47.431602
-92.712353,8,47.447938
-55.227103,8,47.460256
-42.069686,8,47.470706
-51.278921,8,47.480494
-86.437449,8,47.491347
-48.961306,8,47.499404
-46.142471,8,47.507233
-50.111334,8,47.519738
-120.097767,8,47.537462
-24.051295,8,47.546114
-16.779236,8,47.553133
-78.279224,8,47.563775
-61.756401,8,47.576766
-92.006251,8,47.584543
-25.514198,8,47.588555
-23.643576,8,47.600518
-174.20511,8,47.600518
-77.049919,8,47.618686
-42.971056,8,47.629708
-74.758509,8,47.646545
-247.683385,8,47.646545
-28.032959,8,47.66187
-57.636082,8,47.677866
-29.684373,8,47.693622
-46.314765,8,47.693622
-45.562994,8,47.898129
-150.731827,8,47.907743
-33.19587,8,47.913838
-113.784497,8,47.921493
-104.015838,8,47.921493
-32.860488,8,47.933909
-74.809291,8,47.941498
-17.60139,8,47.947505
-60.337314,8,47.955255
-48.064276,8,47.964582
-8.009763,8,47.972592
-10.166249,8,47.976904
-31.041672,8,47.989727
-135.803655,8,47.996326
-85.640184,8,48.00435
-60.543978,8,48.012376
-40.948318,8,48.018394
-10.278337,8,48.024151
-41.314466,8,48.031776
-27.075832,8,48.039795
-63.424709,8,48.04705
-217.202633,8,48.050048
-207.03988,8,48.05794
-33.496333,8,48.068206
-64.591228,8,48.07838
-5.570578,8,48.08738
-130.231458,8,48.095714
-1.037363,8,48.101717
-83.771018,8,48.10728
-22.478253,8,48.10728
-96.319079,8,48.10728
-33.684598,8,48.122724
-20.412426,8,48.267236
-37.417823,8,48.274694
-111.764686,8,48.285327
-90.689674,8,48.291363
-19.078084,8,48.300477
-8.48961,8,48.313257
-38.063824,8,48.315266
-108.991705,8,48.329352
-29.304064,8,48.331358
-97.855561,8,48.331358
-36.300859,8,48.347207
-42.760541,8,48.347207
-27.430399,8,48.361225
-121.983303,8,48.361225
-20.76205,8,48.377337
-167.904427,8,48.377337
-97.574683,8,48.377337
-16.203495,8,48.397421
-76.350843,8,48.405173
-114.345755,8,48.409092
-111.529775,8,48.409092
-104.165645,8,48.424943
-31.893859,8,48.424943
-30.88823,8,48.424943
-287.860869,8,48.440862
-38.577976,8,48.440862
-142.607051,8,48.456639
-155.174904,8,48.456639
-26.401809,8,48.456639
-55.355711,8,48.472386
-65.647789,8,48.472386
-84.189473,8,48.491346
-54.153995,8,48.641385
-17.007073,8,48.657662
-129.366252,8,48.657662
-49.764618,8,48.676026
-20.205987,8,48.683026
-20.591787,8,48.689988
-70.787551,8,48.697123
-27.812546,8,48.704118
-20.69832,8,48.710173
-10.191835,8,48.7174
-47.967074,8,48.728057
-68.390364,8,48.737178
-54.117968,8,48.745664
-34.240537,8,48.753185
-55.356604,8,48.759831
-87.242488,8,48.765841
-102.225066,8,48.772417
-18.497365,8,48.778433
-155.811494,8,48.784447
-98.403866,8,48.791728
-40.564082,8,48.799748
-76.754498,8,48.805322
-93.683472,8,48.813346
-22.095392,8,48.822933
-156.84078,8,48.833547
-34.117752,8,48.8416
-15.445809,8,48.847116
-51.304346,8,48.847116
-54.98347,8,48.847116
-12.833017,8,48.863126
-67.69934,8,48.863126
-43.96433,8,48.863126
-0.332818,8,49.038807
-168.30727,8,49.038807
-39.250229,8,49.038807
-14.658961,8,49.058229
-59.232988,8,49.07162
-41.822044,8,49.075628
-38.531324,8,49.084826
-142.894868,8,49.084826
-22.366432,8,49.084826
-99.536054,8,49.100555
-5.336873,8,49.100555
-47.739813,8,49.116525
-68.757815,8,49.116525
-100.090296,8,49.116525
-94.120511,8,49.134275
-130.925676,8,49.134275
1.573812,8,49.15271
-82.23025,8,49.15271
-13.512418,8,49.164369
-26.167781,8,49.180102
-73.707174,8,49.185852
-74.374523,8,49.189857
-82.128655,8,49.196084
-88.214864,8,49.196084
-52.974584,8,49.196084
-19.82968,8,49.21217
-96.794423,8,49.21217
-112.995294,8,49.228207
-74.532246,8,49.23021
-170.031508,8,49.244052
-40.014741,8,49.244052
-40.660676,8,49.257532
-11.559358,8,49.510607
-111.011046,8,49.512605
-131.031001,8,49.531551
-32.342573,8,49.541268
-33.243171,8,49.550637
-22.422454,8,49.558553
-78.37093,8,49.562553
-5.331563,8,49.575135
-39.240849,8,49.579143
-61.286148,8,49.595178
-25.145308,8,49.595178
-32.177928,8,49.612604
-127.470538,8,49.624161
-37.057986,8,49.629156
-153.068752,8,49.629156
-19.876898,8,49.643877
-81.818819,8,49.645884
-117.664445,8,49.660496
-15.15451,8,49.668132
-18.756584,8,49.677067
-172.860321,8,49.683451
-18.936033,8,49.691923
-191.966235,8,49.695957
-61.698384,8,49.709656
-85.89986,8,49.712656
-94.784821,8,49.712656
-41.14147,8,49.729798
-74.416704,8,49.729798
-20.63021,8,49.744966
-94.795086,8,49.745962
-121.062389,8,49.762127
-22.769943,8,49.763127
-28.336214,8,49.978175
-89.461913,8,49.990805
-177.951144,8,50.00857
-26.967086,8,50.013049
-11.251534,8,50.029592
-38.591987,8,50.043829
-41.909602,8,50.046382
-12.919448,8,50.065823
-38.393305,8,50.080574
-25.182475,8,50.092956
-91.195691,8,50.104058
-128.049757,8,50.112499
-110.513101,8,50.12816
-51.523299,8,50.136772
-174.255258,8,50.146575
-8.518975,8,50.160625
-72.680674,8,50.168222
-116.832502,8,50.176334
-50.654459,8,50.179347
-75.327,8,50.179347
-72.825431,8,50.196033
-23.795441,8,50.206717
-147.739403,8,50.212725
-101.672025,8,50.212725
-167.536556,8,50.2261
-15.871938,8,50.2301
-30.800618,8,50.2301
-74.172027,8,50.245908
-182.258027,8,50.245908
-77.934316,8,50.261963
-75.379533,8,50.262976
-48.069838,8,50.262976
-251.269569,8,50.443857
-29.184384,8,50.451867
-43.738178,8,50.455502
-19.121214,8,50.464532
-67.677971,8,50.473098
-2.259799,8,50.479439
-91.329148,8,50.484439
-104.570304,8,50.491125
-56.950164,8,50.502124
-149.715365,8,50.509138
-47.259726,8,50.516126
-149.896965,8,50.523126
-19.871742,8,50.530126
-30.345879,8,50.543404
-157.418779,8,50.553418
-142.580289,8,50.563659
-12.938348,8,50.57168
-83.252814,8,50.579229
-31.47235,8,50.584874
-23.806143,8,50.592867
-131.525889,8,50.605886
-89.691428,8,50.615907
-28.199548,8,50.62316
-90.161975,8,50.629662
-95.553447,8,50.636873
-18.119166,8,50.646474
-169.041194,8,50.646474
-11.120786,8,50.66237
-78.404156,8,50.663891
-46.460415,8,50.674352
-27.575211,8,50.674352
-26.035988,8,50.692966
-44.649505,8,50.877335
-18.187064,8,50.886684
-204.790188,8,50.895991
-103.36437,8,50.902067
-73.296426,8,50.909614
-51.665609,8,50.915414
-87.377422,8,50.924231
-42.020217,8,50.929232
-105.8323,8,50.938818
-157.863559,8,50.945011
-37.147734,8,50.949147
-194.056789,8,50.956604
-47.800087,8,50.962608
-40.862214,8,50.976303
-46.675484,8,50.982269
-78.23513,8,50.990004
-113.614306,8,50.996012
-3.002969,8,51.004232
-116.38566,8,51.011582
-49.341927,8,51.016323
-30.941046,8,51.024263
-61.9233,8,51.029253
-42.002721,8,51.037973
-21.548197,8,51.044935
-70.725504,8,51.051595
-68.80292,8,51.058619
-188.05097,8,51.066743
-41.95425,8,51.077445
-53.038519,8,51.08572
-27.430238,8,51.093023
-123.393592,8,51.098317
-237.901399,8,51.104322
-42.089248,8,51.283019
-51.543601,8,51.288664
-22.492381,8,51.297073
-77.984288,8,51.309933
-41.97102,8,51.315951
-25.535451,8,51.321959
-9.873226,8,51.330222
-35.463439,8,51.337965
-104.536829,8,51.34795
-35.544238,8,51.354689
-22.520221,8,51.363715
-129.683901,8,51.36943
-40.644436,8,51.376529
-263.9798,8,51.385545
-68.707418,8,51.391033
-15.756069,8,51.398782
-23.834001,8,51.406272
-43.107498,8,51.416393
-0.304099,8,51.422406
-52.091205,8,51.426265
-78.513475,8,51.426265
-15.601699,8,51.449433
-129.099404,8,51.457746
-39.067999,8,51.465498
-27.140553,8,51.472986
-82.727857,8,51.472986
-27.307656,8,51.472986
-27.535499,8,51.488837
-154.118694,8,51.488837
-83.973079,8,51.488837
-85.282353,8,51.504575
-47.597359,8,51.504575
-59.608719,8,51.693791
-20.880543,8,51.697162
-26.884728,8,51.709346
-147.393598,8,51.713754
-45.046883,8,51.725338
-71.051358,8,51.729676
-108.827442,8,51.743945
-149.263939,8,51.750569
-176.601466,8,51.759717
-115.230799,8,51.76714
-45.719707,8,51.77625
-123.32801,8,51.779715
-54.278991,8,51.797959
-50.965928,8,51.80487
-45.784772,8,51.816335
-79.915801,8,51.827498
-40.816132,8,51.831172
-139.332535,8,51.848745
-106.82757,8,51.862591
-52.4083,8,51.870165
-20.142722,8,51.879426
-37.128883,8,51.891036
-164.212748,8,51.896029
-111.240596,8,51.910664
-30.162596,8,51.920027
-79.423039,8,51.926193
-105.052946,8,51.932545
-2.290876,8,51.939841
-63.412979,8,51.946125
-23.927792,8,51.946125
-45.743345,8,51.958676
-55.712275,8,51.963675
-25.24552,8,52.11318
-10.723207,8,52.129244
-20.719521,8,52.136856
-68.798139,8,52.144905
-84.131719,8,52.151496
-70.223973,8,52.162718
-41.561121,8,52.170688
-90.57111,8,52.180506
-70.450244,8,52.188531
-23.864267,8,52.196625
-174.245572,8,52.207933
-99.276346,8,52.215423
-27.929569,8,52.225694
-147.023942,8,52.231708
-23.165785,8,52.240276
-182.828812,8,52.248384
-33.897329,8,52.256143
-32.352693,8,52.271704
-50.683554,8,52.280843
-107.958895,8,52.288843
-41.489799,8,52.297295
-60.594774,8,52.305296
-93.253552,8,52.308416
-48.522459,8,52.322356
-41.416287,8,52.322356
-37.684443,8,52.338236
-22.23771,8,52.354121
-72.050383,8,52.370148
-31.47965,8,52.377286
-87.949063,8,52.3905
-14.999465,8,52.406615
-8.233096,8,52.422735
-67.876146,8,52.623235
-166.917712,8,52.629845
-30.771758,8,52.643572
-32.224061,8,52.6471
-101.447547,8,52.660823
-10.187792,8,52.663318
-39.782134,8,52.677018
-41.963416,8,52.680536
-6.918143,8,52.693629
-94.142071,8,52.697145
-55.625953,8,52.71351
-80.350671,8,52.71351
-116.964246,8,52.729825
-72.844301,8,52.736972
-13.656816,8,52.744593
-44.268356,8,52.751835
-197.682225,8,52.762447
-59.145803,8,52.762447
-49.95956,8,52.778474
-58.00602,8,52.779492
-262.907585,8,52.79103
-169.837709,8,52.796113
-120.740092,8,52.796113
-54.29384,8,52.813016
-29.006602,8,52.813016
-32.019944,8,52.826599
-105.411139,8,52.8296
-100.681361,8,52.8296
-22.803463,8,52.84541
-45.626176,8,52.84641
-70.228293,8,52.85667
-110.440865,8,52.865514
-89.35257,8,53.030329
-12.724311,8,53.045614
-32.068973,8,53.047123
-201.034087,8,53.067215
-79.649514,8,53.076267
-88.802346,8,53.079857
-50.058065,8,53.094992
-147.156702,8,53.102373
-26.602411,8,53.109578
-150.058236,8,53.116971
-20.033709,8,53.124389
-29.54669,8,53.129411
-60.330518,8,53.129411
-27.695208,8,53.144375
-29.672059,8,53.146375
-35.90063,8,53.15763
-95.362301,8,53.168198
-35.246153,8,53.17528
-107.016762,8,53.179277
-32.330627,8,53.179277
-102.295929,8,53.19241
-4.304675,8,53.196403
-82.962164,8,53.203981
-8.686044,8,53.212563
-27.892605,8,53.212563
-86.735317,8,53.228415
-34.596143,8,53.229508
-53.51975,8,53.229508
-7.570105,8,53.246021
-13.661367,8,53.246021
-125.095508,8,53.260854
-29.715074,8,53.262865
-59.72443,8,53.429505
-94.047774,8,53.429505
-62.647045,8,53.446042
-29.23632,8,53.446042
-96.987956,8,53.458273
-17.201162,8,53.458273
-21.96457,8,53.478558
-32.798293,8,53.485534
-117.981233,8,53.493428
-28.015152,8,53.503334
-118.431685,8,53.509786
-32.862468,8,53.517273
-95.012674,8,53.524205
-197.779504,8,53.524205
-2.719046,8,53.524205
-50.001632,8,53.540966
-201.720951,8,53.540966
-32.366167,8,53.557525
-24.237043,8,53.557525
-109.411711,8,53.574373
-72.191557,8,53.581205
-32.542389,8,53.598845
-34.882116,8,53.607845
-61.924064,8,53.609145
-24.340612,8,53.621207
-24.208669,8,53.625774
-19.687041,8,53.642684
-30.054539,8,53.656693
-221.289676,8,53.659146
-74.72222,8,53.675814
-31.562128,8,53.692636
-34.314787,8,53.709482
-21.810801,8,53.89063
-88.173989,8,53.89785
-137.417052,8,53.909537
-78.168014,8,53.909537
-31.665973,8,53.925939
-48.391714,8,53.925939
-123.354222,8,53.942227
-45.957202,8,53.942227
-335.262828,8,53.95883
-101.710451,8,53.95883
-15.971737,8,53.973922
-48.138023,8,53.975665
-165.977119,8,53.975665
-25.920399,8,53.992811
-50.393225,8,54.009935
-71.196378,8,54.009935
-41.769447,8,54.030625
-81.556907,8,54.036294
-86.516241,8,54.042539
-41.093933,8,54.051057
-76.695205,8,54.057865
-129.940558,8,54.059086
-17.149684,8,54.074238
-33.503346,8,54.082234
-116.066899,8,54.088259
-99.681481,8,54.095167
-212.06755,8,54.101167
-104.6371,8,54.109287
-44.926675,8,54.109287
-149.749699,8,54.109287
-5.064536,8,54.127474
-39.414857,8,54.127474
-6.553361,8,54.311535
-32.833947,8,54.317543
-149.77982,8,54.325907
-163.406031,8,54.325907
-297.781532,8,54.339619
-21.658947,8,54.339619
-2.249215,8,54.354692
-85.160944,8,54.364507
-58.19861,8,54.375494
-61.205921,8,54.375494
-24.624904,8,54.392309
-82.87329,8,54.392309
-101.497909,8,54.408749
-69.504892,8,54.408749
-64.707216,8,54.408749
-159.941462,8,54.425572
-63.339704,8,54.425572
-218.529305,8,54.44268
-40.311567,8,54.44268
-183.222403,8,54.458932
-29.269146,8,54.47578
-46.237717,8,54.486063
-21.074887,8,54.492287
-8.776213,8,54.492287
-23.607609,8,54.508354
-135.340313,8,54.508354
-66.037236,8,54.508354
-35.153433,8,54.526155
-114.314774,8,54.526155
-145.379427,8,54.526155
-14.988429,8,54.542208
-62.767753,8,54.542208
-115.838686,8,54.776886
-65.397377,8,54.791464
-46.761868,8,54.798532
0.32509,8,54.806285
-94.539061,8,54.813195
-67.656922,8,54.825838
-73.325407,8,54.825838
-90.098983,8,54.844504
-65.775606,8,54.851544
-56.979249,8,54.858143
-30.016733,8,54.86943
-75.074035,8,54.873437
-52.825625,8,54.883135
-148.377968,8,54.898897
-40.521717,8,54.900901
-131.82842,8,54.915248
-9.696074,8,54.921257
-19.218719,8,54.934335
-82.191864,8,54.939282
-131.982558,8,54.951096
-77.832076,8,54.955102
-171.273492,8,54.965727
-24.219981,8,54.969474
-26.621626,8,54.977526
-25.088911,8,54.977526
-29.899398,8,54.99363
-73.577626,8,54.99363
-17.263727,8,54.99363
-69.705282,8,55.011381
-88.06213,8,55.011381
0.881333,8,55.024126
-33.231444,8,55.024126
-47.83237,8,55.209152
-64.157458,8,55.209152
-20.761342,8,55.231517
-49.458096,8,55.237532
-75.465228,8,55.242108
-42.576975,8,55.252287
-34.862192,8,55.265466
-98.706853,8,55.273371
-46.152269,8,55.284732
-28.866082,8,55.292295
-61.796903,8,55.299348
-38.287839,8,55.308379
-41.404925,8,55.316838
-128.131146,8,55.324841
-37.165265,8,55.326035
-161.605449,8,55.326035
-17.610287,8,55.34109
-28.076508,8,55.34109
-59.908708,8,55.362082
-37.156276,8,55.374472
-56.431697,8,55.375857
-24.560545,8,55.375857
-76.333125,8,55.39242
-19.550108,8,55.409409
-46.016384,8,55.409409
-34.384155,8,55.409409
-68.708167,8,55.425626
-112.111222,8,55.425626
-14.865474,8,55.425626
-139.673148,8,55.441787
-123.474581,8,55.441787
-12.902582,8,55.457815
-11.419008,8,55.659932
-122.414048,8,55.666938
-133.333638,8,55.673368
-53.225775,8,55.680505
-43.395996,8,55.686498
-206.706421,8,55.689804
-99.754935,8,55.689804
-4.794823,8,55.705259
-92.23741,8,55.712745
-97.186384,8,55.719739
-26.723707,8,55.732857
-217.479035,8,55.739798
-127.064447,8,55.750449
-77.782848,8,55.764004
-19.561458,8,55.772138
-72.476268,8,55.77984
-39.476248,8,55.787331
-47.605936,8,55.793229
-45.118369,8,55.800979
-80.061943,8,55.806726
-48.311143,8,55.814217
-21.273841,8,55.819964
-27.827666,8,55.826582
-22.932452,8,55.834591
-76.890453,8,55.848897
-26.203902,8,55.855498
-34.801509,8,55.855498
-89.13763,8,55.855498
-103.774122,8,55.87553
-34.002581,8,55.879539
-3.456919,8,55.887684
-16.022643,8,55.887684
-99.413384,8,56.054969
-105.753335,8,56.063335
-77.900158,8,56.077369
-46.04478,8,56.079972
-66.66754,8,56.100988
-95.776604,8,56.109555
-67.040706,8,56.113179
-67.714313,8,56.127262
-19.472139,8,56.134505
-138.554881,8,56.144545
-48.271909,8,56.147077
-138.516666,8,56.162589
-28.812343,8,56.178225
-73.521048,8,56.190974
-31.415859,8,56.19862
-14.373011,8,56.211496
-80.837557,8,56.224196
-279.446195,8,56.241868
-132.049068,8,56.250123
-54.210175,8,56.256549
-62.150957,8,56.264032
-119.729039,8,56.270031
-26.881951,8,56.277316
-57.274638,8,56.282708
-85.287832,8,56.29212
-37.990112,8,56.296119
-19.738819,8,56.296119
-2.070639,8,56.312681
-170.425362,8,56.318916
-27.968209,8,56.329846
-43.594374,8,56.335977
-9.132215,8,56.342063
-32.535836,8,56.491998
-50.581804,8,56.498708
-10.348404,8,56.504715
-86.733658,8,56.512747
-54.036002,8,56.523247
-137.560869,8,56.531011
-60.270131,8,56.531011
-86.221099,8,56.542588
-30.344334,8,56.542588
-85.698637,8,56.559409
-25.021804,8,56.574129
-134.953822,8,56.575869
-59.623832,8,56.575869
-9.355127,8,56.592631
-187.091453,8,56.592631
-54.597293,8,56.608927
-29.800934,8,56.608927
-66.274693,8,56.608927
-45.44719,8,56.633027
-31.782389,8,56.656468
-7.382854,8,56.668745
-52.124712,8,56.676512
-30.233735,8,56.686174
-107.699952,8,56.690592
-47.166289,8,56.690592
-56.262172,8,56.707027
-118.892413,8,56.713191
-16.677016,8,56.719176
-33.845557,8,56.725654
-21.787833,8,56.731653
-39.712398,8,56.736658
-42.978577,8,56.739655
-38.188295,8,56.903795
-74.758376,8,56.911942
-44.161689,8,56.917942
-43.975697,8,56.930172
-115.755029,8,56.937165
-27.129387,8,56.939822
-53.262155,8,56.939822
-139.493013,8,56.960465
-25.82593,8,56.970603
-15.374332,8,56.978621
-119.170007,8,56.986381
-0.230261,8,56.9944
-138.305919,8,57.000412
-13.863234,8,57.008173
-35.335023,8,57.016191
-2.326921,8,57.029972
-13.701567,8,57.035743
-18.970591,8,57.045767
-2.036457,8,57.053524
-76.830181,8,57.062306
-47.878843,8,57.07224
-11.183763,8,57.081267
-34.952342,8,57.089287
-35.866727,8,57.097078
-24.366648,8,57.112926
-24.620902,8,57.112926
-17.659527,8,57.112926
-98.808211,8,57.128907
-85.120406,8,57.144999
-92.240506,8,57.144999
-69.486272,8,57.160868
-209.920989,8,57.176554
-21.961235,8,57.399707
-104.638069,8,57.410145
-32.136584,8,57.417656
-114.874139,8,57.427052
-130.871772,8,57.433725
-38.121844,8,57.439473
-157.532265,8,57.449651
-54.080737,8,57.455658
-23.218748,8,57.468465
-86.703572,8,57.475909
-26.028211,8,57.483658
-10.714934,8,57.490886
-47.632441,8,57.498317
-35.013163,8,57.509314
-29.410334,8,57.517308
-37.942613,8,57.525675
1.796626,8,57.533672
-6.867289,8,57.539671
-220.322293,8,57.539671
-97.893572,8,57.539671
1.928075,8,57.558618
-84.069683,8,57.562626
-24.882431,8,57.574807
-22.646174,8,57.574807
-192.977656,8,57.58723
-97.362007,8,57.589234
-24.405309,8,57.589234
-52.867113,8,57.603145
-82.223117,8,57.603145
-68.100816,8,57.603145
-85.412733,8,57.627543
-216.930596,8,57.629544
-100.978846,8,57.875341
-139.996362,8,57.896772
-48.84437,8,57.911595
-175.988737,8,57.92573
-28.573304,8,57.931401
-37.243085,8,57.946557
-0.117207,8,57.960605
-178.933851,8,57.968915
-27.844349,8,57.977284
-165.03054,8,57.985542
-42.023345,8,57.993967
-119.181761,8,57.995966
-14.615051,8,58.010399
-31.069919,8,58.012399
-32.350476,8,58.029522
-70.237013,8,58.029522
-75.631715,8,58.046124
-12.260649,8,58.046124
-29.049802,8,58.066529
-102.127316,8,58.077426
-62.261117,8,58.086509
-71.178931,8,58.095904
-133.770296,8,58.095904
-66.105527,8,58.110865
-160.431726,8,58.115879
-86.695265,8,58.125198
-104.205999,8,58.143305
-142.64341,8,58.147104
-29.960472,8,58.157471
-93.042457,8,58.157471
-4.015852,8,58.184858
-173.355753,8,58.193272
-72.855409,8,58.396005
-22.232026,8,58.402804
-123.499801,8,58.412747
-45.808397,8,58.412747
-25.035399,8,58.429452
-108.330032,8,58.429452
-57.497902,8,58.445624
-30.243656,8,58.458198
-83.566798,8,58.465099
-40.595871,8,58.465099
-61.36075,8,58.480038
-223.668118,8,58.480038
-53.248905,8,58.494612
-66.13582,8,58.496615
-96.025365,8,58.509116
-172.25816,8,58.513208
-26.24259,8,58.52689
-65.24826,8,58.529886
-28.19128,8,58.541129
-107.279264,8,58.546233
-57.244442,8,58.559775
-58.232088,8,58.562827
-45.508994,8,58.573369
-99.511315,8,58.579473
-133.91301,8,58.579473
-27.562446,8,58.594183
-13.636678,8,58.596178
-8.498237,8,58.596178
-26.412815,8,58.611851
-1.147566,8,58.612855
-114.349232,8,58.623506
-129.77852,8,58.629618
-23.638843,8,58.788207
-54.107714,8,58.804334
-33.23993,8,58.810565
-53.576026,8,58.810565
-80.582306,8,58.827623
-47.398484,8,58.833623
-81.12135,8,58.841181
-83.011745,8,58.848277
-32.180458,8,58.855289
-96.424778,8,58.856574
-18.314979,8,58.856574
-11.162659,8,58.879279
-119.949239,8,58.888133
-48.924344,8,58.89954
-29.99795,8,58.905547
-11.549487,8,58.911987
-28.11784,8,58.919477
-143.603219,8,58.926678
-12.336046,8,58.932425
-103.304588,8,58.939435
-11.784822,8,58.94732
-114.438566,8,58.952805
-109.115085,8,58.960014
-46.219822,8,58.966664
-90.898797,8,58.972677
-32.329677,8,58.987716
-0.584122,8,58.995361
-99.426036,8,59.00138
-17.577609,8,59.007401
-96.120434,8,59.013161
-170.369313,8,59.017173
-63.031762,8,59.023191
-153.976405,8,59.17708
-133.611821,8,59.185101
-84.240176,8,59.190765
-74.066651,8,59.198786
-32.517274,8,59.208475
-21.796605,8,59.218765
-16.372759,8,59.226786
-61.389931,8,59.234546
-92.268305,8,59.238551
-84.765138,8,59.24907
-116.093208,8,59.254318
-142.845722,8,59.261805
-109.220882,8,59.268552
-10.878437,8,59.277496
-61.305752,8,59.284517
-156.446073,8,59.290546
-65.549282,8,59.298183
-74.22616,8,59.315182
-39.382454,8,59.32858
-61.554751,8,59.33558
-26.430595,8,59.344041
-46.039417,8,59.352778
-80.083766,8,59.36088
-42.686744,8,59.372913
-35.252071,8,59.383436
-150.214614,8,59.389916
-8.154034,8,59.405185
-82.966311,8,59.405185
-44.177728,8,59.421311
-109.763757,8,59.439066
-104.74422,8,59.453068
-41.730956,8,59.457083
-31.369993,8,59.686969
-114.627063,8,59.698279
-61.090668,8,59.712627
-52.082934,8,59.729584
-21.160741,8,59.744632
-40.87316,8,59.767719
-62.971124,8,59.776312
-63.156432,8,59.79194
-102.815383,8,59.802857
-50.664608,8,59.811661
-27.11714,8,59.8243
-29.220322,8,59.844021
-43.54829,8,59.8596
-37.999024,8,59.875635
-90.926666,8,59.895228
-37.558371,8,59.911644
-163.226773,8,59.928336
-193.314627,8,59.939979
-132.392129,8,59.946698
-126.94164,8,59.946698
-17.167406,8,59.962657
-125.080811,8,59.968959
-135.20615,8,59.976365
-51.580351,8,59.986602
-191.921297,8,59.99622
-116.106979,8,59.99622
-43.184823,8,60.010842
-244.717213,8,60.012851
5.514689,8,60.023527
-76.327205,8,60.029633
-60.539307,8,60.029633
-30.244618,8,60.042321
-12.474326,8,60.208898
-1.700583,8,60.212901
-27.152918,8,60.223425
-7.972082,8,60.229539
-37.261542,8,60.245244
-26.688746,8,60.246246
-70.464785,8,60.258547
-38.6169,8,60.266274
-4.448872,8,60.273318
-51.136996,8,60.27379
1.961443,8,60.27379
-30.163147,8,60.289482
-56.22781,8,60.289482
-41.624755,8,60.308962
-51.272789,8,60.310967
-31.05353,8,60.321594
-96.422561,8,60.331774
-5.809645,8,60.34168
-15.840842,8,60.34168
-69.220537,8,60.358361
-24.001591,8,60.358361
-93.577476,8,60.370993
-122.742123,8,60.370993
-53.423751,8,60.38686
-16.741292,8,60.38686
-46.849373,8,60.400936
-35.261565,8,60.400936
-111.35448,8,60.407223
-12.666509,8,60.407223
-31.52083,8,60.422755
-21.287736,8,60.422755
-78.092933,8,60.440194
-14.68942,8,60.657631
-109.736232,8,60.663193
-24.995721,8,60.676411
-129.826479,8,60.680047
-33.186785,8,60.702243
-85.268647,8,60.711742
-163.438888,8,60.719724
-32.238232,8,60.728566
-48.876186,8,60.739943
-74.134571,8,60.754718
-9.068949,8,60.796783
-175.554768,8,60.812903
-93.460312,8,60.82847
-15.326042,8,60.830146
-60.199146,8,60.845962
-42.40398,8,60.85233
-60.794311,8,60.860731
-73.881905,8,60.867054
-84.324608,8,60.873415
-104.79132,8,60.879426
-32.042054,8,60.879426
-27.711839,8,60.893123
-35.408467,8,60.901769
-68.857968,8,60.910828
-106.38357,8,60.912825
-75.224895,8,60.912825
-46.179323,8,60.92953
-26.557375,8,60.943277
-119.982041,8,60.946286
-40.703357,8,60.946286
-38.892996,8,60.960982
-75.809366,8,60.962985
-13.406396,8,61.123248
-112.942934,8,61.129388
-41.052076,8,61.141224
-42.693003,8,61.141224
-22.377089,8,61.141224
-125.199592,8,61.166452
-27.770415,8,61.172199
-82.474116,8,61.172199
-77.973788,8,61.188109
-29.37894,8,61.196333
-114.334922,8,61.201821
-127.874946,8,61.209496
-6.616689,8,61.217511
-37.018458,8,61.221519
-36.730728,8,61.230715
-15.1407,8,61.23943
-99.625382,8,61.249226
-48.48731,8,61.25524
-22.412272,8,61.262636
-26.974713,8,61.273267
-90.321916,8,61.280696
-87.096529,8,61.288186
-8.693476,8,61.290354
-10.782445,8,61.290354
-73.340045,8,61.310821
-42.853028,8,61.312845
-58.793725,8,61.327423
-55.407145,8,61.340161
-71.562634,8,61.34103
-114.11308,8,61.34103
-29.099804,8,61.361625
-38.711813,8,61.36322
-13.817329,8,61.584009
-38.781439,8,61.598775
-189.895425,8,61.612667
-24.791987,8,61.623348
-40.911834,8,61.632078
-27.949276,8,61.638085
9.445358,8,61.648381
-118.56999,8,61.65768
-59.798466,8,61.669074
-49.621163,8,61.676549
-27.415255,8,61.679569
-14.548537,8,61.693048
-67.879998,8,61.696068
-137.846748,8,61.708497
-19.879847,8,61.713482
-35.686997,8,61.713482
-79.188547,8,61.730121
-43.323927,8,61.742734
-133.726462,8,61.74673
-107.606929,8,61.74673
-20.882035,8,61.768576
-54.66736,8,61.779501
-105.514006,8,61.791325
-14.476315,8,61.79697
-158.67405,8,61.820028
-130.698293,8,61.834701
-232.426745,8,61.846153
-47.66003,8,61.862806
-17.764701,8,61.880214
-61.630418,8,61.89326
-187.21645,8,61.89626
-102.65548,8,61.912876
-185.183676,8,62.132967
-36.574821,8,62.150638
-28.4572,8,62.161132
-37.846578,8,62.172648
-12.05322,8,62.18643
-5.556756,8,62.194192
-27.750342,8,62.204221
-104.594629,8,62.211986
-75.05152,8,62.220741
-32.431249,8,62.225904
-197.466531,8,62.241727
-39.145879,8,62.250634
-24.910688,8,62.259451
-178.29269,8,62.276192
-38.581314,8,62.276192
-114.287706,8,62.291044
-31.719026,8,62.291044
-58.786143,8,62.309883
-84.802236,8,62.323931
-12.782117,8,62.325938
-105.89737,8,62.325938
-56.519927,8,62.34062
-24.818325,8,62.34062
-74.447279,8,62.356128
-83.709274,8,62.356128
-137.935689,8,62.356128
-18.226461,8,62.371979
-43.670744,8,62.371979
-166.12531,8,62.387861
-94.337218,8,62.387861
-10.655838,8,62.404063
-162.062268,8,62.404063
-134.302476,8,62.600056
-16.722851,8,62.613613
-48.32506,8,62.625502
-17.326831,8,62.636902
-34.588843,8,62.650036
-61.108764,8,62.660751
-25.198049,8,62.676385
-141.689622,8,62.680044
-3.10033,8,62.69618
-202.191263,8,62.70868
-119.786969,8,62.716469
-108.787898,8,62.726366
10.728411,8,62.734678
-6.737212,8,62.743028
-33.632441,8,62.751323
-69.254918,8,62.762841
-26.563888,8,62.762841
-9.998631,8,62.778094
-92.111237,8,62.780112
-39.013175,8,62.796095
-34.841699,8,62.796095
-87.841462,8,62.810791
-19.698485,8,62.81279
-254.332848,8,62.81279
-67.519757,8,62.829495
-151.774688,8,62.829495
-91.939367,8,62.842165
-49.26222,8,62.846176
-167.025296,8,62.846176
-37.364082,8,62.858968
-26.801633,8,62.862962
-103.92104,8,62.862962
-25.67053,8,63.029454
-77.87543,8,63.041749
-168.201097,8,63.042345
-72.65188,8,63.042345
-60.839777,8,63.056779
-116.559671,8,63.056779
-32.06513,8,63.07275
-72.280868,8,63.080921
-141.743855,8,63.086929
-124.264985,8,63.092676
-30.543794,8,63.098161
-116.650286,8,63.103645
-37.319195,8,63.118826
-45.120494,8,63.121576
-37.562012,8,63.132848
-1.468477,8,63.136594
-164.578899,8,63.146152
-76.328693,8,63.153901
-26.612286,8,63.16022
-60.941483,8,63.165967
-32.483905,8,63.173409
-35.53743,8,63.180568
-58.283167,8,63.187814
-46.870897,8,63.1933
-40.217998,8,63.204749
-12.523018,8,63.214435
-38.585721,8,63.223094
-8.627739,8,63.231229
-130.712983,8,63.231229
-59.970823,8,63.231229
-68.064667,8,63.247259
-56.030578,8,63.247259
-55.17323,8,63.462723
-40.897619,8,63.469429
-91.968902,8,63.47838
-48.074369,8,63.482073
-168.371685,8,63.497616
-90.304727,8,63.513427
-158.997434,8,63.5201
-28.810171,8,63.529367
-46.110024,8,63.536737
-204.32047,8,63.544091
-39.575894,8,63.552437
-35.141421,8,63.563826
-152.68577,8,63.57142
-118.869088,8,63.579831
-83.770687,8,63.587864
-55.3485,8,63.595055
-118.727057,8,63.602278
-0.541658,8,63.614174
-41.685832,8,63.624401
-10.194665,8,63.638033
-151.375265,8,63.646017
-11.666924,8,63.654268
-5.88973,8,63.66404
-38.912415,8,63.675466
-47.497188,8,63.685085
-73.201364,8,63.693227
-42.148894,8,63.696225
-19.08558,8,63.696225
-97.66509,8,63.712963
-272.083728,8,63.712963
-23.254751,8,63.729596
-30.61118,8,63.746224
-110.887989,8,63.942197
-21.414343,8,63.951871
-58.674608,8,63.95975
1.328823,8,63.963389
-41.04169,8,63.978399
-49.649743,8,63.988812
-0.137829,8,63.992914
-105.535985,8,64.015511
-21.01634,8,64.027388
-69.232983,8,64.04106
-167.671865,8,64.058893
-54.071347,8,64.073396
-66.452003,8,64.080583
-42.342377,8,64.096927
-14.589645,8,64.110372
-21.727164,8,64.1206
-36.116296,8,64.134412
-68.193729,8,64.146757
-2.859577,8,64.160801
-59.948991,8,64.168983
-43.261614,8,64.17947
-65.765801,8,64.19108
-51.746971,8,64.196641
-96.323257,8,64.213484
-73.776667,8,64.224492
-51.835448,8,64.230073
-95.539476,8,64.24675
-5.42117,8,64.258865
-44.954383,8,64.269758
-1.683096,8,64.280053
-11.257335,8,64.29673
-12.914168,8,64.313409
-60.420901,8,64.529529
-100.775405,8,64.537681
-24.581948,8,64.545208
-23.220993,8,64.559825
-53.731883,8,64.568285
-18.075595,8,64.576647
-29.856634,8,64.582593
-29.75375,8,64.596202
-95.472398,8,64.605146
-90.724315,8,64.61716
-88.572555,8,64.629461
-50.753911,8,64.641134
-126.225027,8,64.64941
-206.181145,8,64.663331
-123.323716,8,64.678036
-1.884559,8,64.680039
-30.764898,8,64.691092
-23.929649,8,64.712065
-27.499672,8,64.718075
-152.016945,8,64.722082
-134.134356,8,64.722082
-70.012816,8,64.742664
-97.930433,8,64.757812
-28.697553,8,64.771039
-60.500492,8,64.788031
-143.721383,8,64.797482
-135.423013,8,64.809742
-54.985579,8,64.809742
-19.20232,8,64.824886
-70.100635,8,64.839957
-29.419099,8,64.841967
-61.829142,8,64.841967
-131.300994,8,65.087541
-98.631497,8,65.096833
-23.782253,8,65.111105
-39.952936,8,65.126456
-54.695591,8,65.154911
-43.741006,8,65.171326
-20.747045,8,65.193402
-4.751005,8,65.221774
-65.746461,8,65.248855
-94.701325,8,65.292108
-189.153652,8,65.309866
-21.963472,8,65.326267
-170.175095,8,65.337276
-6.079585,8,65.346287
0.994101,8,65.346287
-125.845751,8,65.363007
-27.129038,8,65.363007
-60.527793,8,65.379667
-87.480163,8,65.379667
-120.005907,8,65.396327
-61.401274,8,65.407902
-70.800247,8,65.41292
-36.833556,8,65.428822
-21.462792,8,65.4298
-61.849487,8,65.446269
-23.411016,8,65.458964
-13.926825,8,65.462949
-27.297776,8,65.47984
-73.948301,8,65.491385
-58.792407,8,65.49638
-81.184359,8,65.49638
-50.162964,8,65.513086
-176.710374,8,65.690417
-28.027067,8,65.690417
-20.91463,8,65.708064
-78.812684,8,65.715812
-17.414168,8,65.723887
-46.342479,8,65.73138
-51.742743,8,65.742071
-1.169345,8,65.742071
-103.51901,8,65.75381
-136.819429,8,65.75381
-183.173158,8,65.770409
-43.15018,8,65.777995
-42.168279,8,65.78348
-5.853821,8,65.78348
-53.975284,8,65.801569
-39.06491,8,65.805576
-23.268315,8,65.815611
-139.505755,8,65.815611
-147.05981,8,65.815611
-79.582044,8,65.831422
-139.016019,8,65.831422
-27.683501,8,65.852549
-28.716799,8,65.866781
-88.788566,8,65.875866
-26.330769,8,65.881316
-65.789522,8,65.89132
-20.388881,8,65.89132
-92.061613,8,65.908064
-103.138644,8,65.922806
-72.06809,8,65.922806
-24.835064,8,65.938666
-32.953044,8,65.938666
-79.620394,8,66.118854
-79.958206,8,66.12754
-19.299167,8,66.12754
-101.985018,8,66.144208
-2.368219,8,66.154554
-23.176894,8,66.163731
-144.416367,8,66.177406
-171.805721,8,66.187405
-22.430547,8,66.201513
-56.552572,8,66.210821
-28.077983,8,66.218813
-29.883126,8,66.229471
-80.859241,8,66.237471
-27.861099,8,66.245131
-52.896904,8,66.254128
-136.302445,8,66.261756
-122.325879,8,66.269756
-71.9434,8,66.279348
-22.86181,8,66.292254
-44.120326,8,66.301253
-24.257611,8,66.314743
-75.312964,8,66.321743
-69.78523,8,66.328725
-43.830022,8,66.335725
-61.626351,8,66.343347
-127.482057,8,66.350345
-121.6731,8,66.359876
-98.016745,8,66.369879
-102.862797,8,66.377472
-36.425731,8,66.384467
-112.060277,8,66.394214
-79.734221,8,66.401134
-127.910599,8,66.625451
-6.507715,8,66.637458
-151.777574,8,66.649163
-113.633819,8,66.659081
-19.498562,8,66.670081
-119.701302,8,66.682199
-128.145387,8,66.69518
-82.033549,8,66.704173
-181.344453,8,66.717758
-74.942635,8,66.737769
-129.713179,8,66.750193
-6.022615,8,66.764839
-95.976095,8,66.77851
-100.327887,8,66.79818
-3.371271,8,66.81187
-16.299884,8,66.832545
-92.428943,8,66.852032
-22.373829,8,66.866065
-42.641717,8,66.881818
-36.982953,8,66.898231
-65.149276,8,66.914845
-61.995209,8,66.932269
-84.467334,8,66.952223
-51.291828,8,66.975631
-77.476146,8,66.988577
-67.567845,8,67.007902
-98.025632,8,67.020832
-77.357637,8,67.033544
-38.78727,8,67.046126
-43.043237,8,67.055725
-14.726477,8,67.064884
-18.63728,8,67.080205
-22.965559,8,67.338771
-98.422427,8,67.340775
-2.649077,8,67.354595
-115.902966,8,67.354595
-111.911944,8,67.370689
-150.964468,8,67.370689
-77.02647,8,67.388668
-28.002476,8,67.404582
-37.768575,8,67.404582
-63.253233,8,67.419085
-7.078817,8,67.42515
-8.300583,8,67.434277
-15.718681,8,67.434277
-72.754501,8,67.458878
-107.653096,8,67.466838
-83.313182,8,67.475441
-80.808088,8,67.482147
-114.489466,8,67.492448
-39.576332,8,67.50551
-68.898815,8,67.517974
-46.56199,8,67.526839
-23.694978,8,67.533953
-93.136608,8,67.541097
-76.630175,8,67.548099
-24.299004,8,67.556103
-147.403704,8,67.566122
-29.439842,8,67.573557
-39.472782,8,67.581248
-25.926901,8,67.58725
-29.857301,8,67.593512
-8.887467,8,67.599507
-8.893417,8,67.608768
-122.510299,8,67.792239
-10.593058,8,67.799238
-26.377267,8,67.805238
-50.119593,8,67.812884
-39.782367,8,67.818883
-134.631441,8,67.826003
-42.281859,8,67.833205
-183.721129,8,67.844838
-46.752826,8,67.85327
-17.528938,8,67.860438
-152.728958,8,67.868863
-23.311346,8,67.878693
-140.963107,8,67.878693
-4.147462,8,67.894417
-6.475073,8,67.894417
-53.055466,8,67.912655
-111.243315,8,67.913979
-88.440145,8,67.913979
-6.996203,8,67.933784
-55.631521,8,67.93979
-89.350631,8,67.953593
-57.70105,8,67.9615
-44.508056,8,68.009587
-35.523332,8,68.025727
-18.56294,8,68.025727
-19.165069,8,68.04187
-99.098667,8,68.04187
-136.223788,8,68.04187
-47.399524,8,68.057564
-25.920012,8,68.057564
-23.455266,8,68.076585
-115.623978,8,68.07777
-3.510697,8,68.242645
-96.759662,8,68.259095
-60.266497,8,68.259095
-113.394693,8,68.276112
-24.616114,8,68.290292
-69.127589,8,68.300781
-77.4422,8,68.311099
-40.629283,8,68.312107
-44.096204,8,68.326563
-101.25166,8,68.327659
-29.405873,8,68.341604
-25.191613,8,68.345082
-123.034568,8,68.356838
-0.770089,8,68.360841
-47.023301,8,68.360841
-41.964171,8,68.37728
-69.774396,8,68.37728
-130.348019,8,68.394786
-16.498081,8,68.411108
-77.207559,8,68.411108
-120.196126,8,68.426542
-8.173816,8,68.427793
-150.580269,8,68.441204
-21.475423,8,68.444242
-100.373255,8,68.444242
-82.898238,8,68.460364
-43.135014,8,68.460364
-83.146199,8,68.473679
-8.347917,8,68.477954
-9.131839,8,68.492773
-41.148966,8,68.494962
-47.99399,8,68.494962
-137.930583,8,68.70534
-59.967315,8,68.714259
-44.048951,8,68.721259
-75.749656,8,68.726752
-21.124485,8,68.726752
-64.706639,8,68.742224
-97.990893,8,68.742224
-75.611969,8,68.759657
-110.415252,8,68.774567
-31.197741,8,68.776055
-106.221705,8,68.793399
-32.023821,8,68.793399
-30.682098,8,68.813407
-89.649798,8,68.813407
-25.602604,8,68.8264
-25.096197,8,68.8264
-2.74334,8,68.842202
-78.314355,8,68.842202
-30.72932,8,68.857996
-144.730538,8,68.857996
-23.886659,8,68.875652
-20.041759,8,68.875652
-99.1473,8,68.895111
-179.206478,8,68.905852
-5.795106,8,68.905852
-28.832168,8,68.905852
-89.18092,8,68.929347
-114.690163,8,68.935364
-55.908627,8,68.939377
-34.281836,8,68.939377
-34.630587,8,68.953228
-0.160525,8,68.953228
-93.205987,8,69.135087
-68.425267,8,69.142138
-113.015997,8,69.148785
-30.059299,8,69.16247
-0.60196,8,69.168477
-136.477792,8,69.176232
-67.519707,8,69.180245
-45.77494,8,69.19218
-189.473053,8,69.201381
-8.838008,8,69.208134
-41.36613,8,69.216155
-115.089046,8,69.22191
-99.238416,8,69.230912
-46.092728,8,69.237664
3.667213,8,69.247876
-111.064428,8,69.255362
-24.566053,8,69.269041
-1.634114,8,69.277086
-44.938189,8,69.289117
-117.877477,8,69.297499
-88.039142,8,69.312192
-325.774937,8,69.323172
-46.441676,8,69.32541
-25.158196,8,69.339111
-17.183228,8,69.339111
-132.245042,8,69.355047
-30.506391,8,69.355047
-95.327684,8,69.370991
-28.130471,8,69.38701
-24.251264,8,69.38701
-61.546168,8,69.404982
-155.482011,8,69.404982
-119.478899,8,69.62304
-79.859542,8,69.634686
-48.58898,8,69.645499
-60.641718,8,69.653736
-170.094771,8,69.660447
-107.322623,8,69.67174
-155.719012,8,69.675187
-87.723407,8,69.687817
-163.902448,8,69.694417
-33.24489,8,69.708619
-48.895056,8,69.718431
-100.624024,8,69.759948
-93.384777,8,69.77117
-17.174589,8,69.784916
-29.939611,8,69.79283
-152.940209,8,69.804672
-38.336738,8,69.816813
-28.490587,8,69.826588
-71.949018,8,69.832605
-64.467078,8,69.840369
-38.927392,8,69.850395
-48.490871,8,69.862194
-149.268608,8,69.873973
-102.747659,8,69.879992
-107.020501,8,69.887758
-148.481475,8,69.893776
-35.356729,8,69.901541
-42.032176,8,69.909563
-4.394206,8,69.917324
-123.242182,8,69.923339
-44.145931,8,69.931101
-31.874065,8,69.937121
-17.744615,8,70.127748
-34.834783,8,70.140943
-30.503064,8,70.151161
-65.199759,8,70.160137
-137.05204,8,70.168294
-89.5527,8,70.176264
-54.000019,8,70.181265
-1.295573,8,70.181265
-28.932433,8,70.19895
-103.175986,8,70.21646
-7.904662,8,70.22448
-59.433809,8,70.230316
-15.081027,8,70.24749
-195.128187,8,70.259282
-73.670284,8,70.276486
-70.089166,8,70.288518
-18.069543,8,70.290486
-46.801803,8,70.306247
-9.120522,8,70.310549
-100.320472,8,70.321957
-29.610639,8,70.337688
-235.711213,8,70.339698
-3.819493,8,70.353722
-24.939692,8,70.353722
-233.673164,8,70.369755
-59.649122,8,70.369755
-173.160031,8,70.392879
-220.224395,8,70.399879
-44.043133,8,70.399879
-121.442525,8,70.399879
-61.581594,8,70.415746
-25.60978,8,70.415746
-32.178707,8,70.61254
-39.55986,8,70.620681
-44.324218,8,70.628653
-18.307772,8,70.640784
-28.58518,8,70.649782
-40.101678,8,70.649782
-128.341023,8,70.667025
-42.643687,8,70.677083
-192.10436,8,70.687129
-42.142523,8,70.696625
1.184623,8,70.698631
-17.3935,8,70.712517
-138.537238,8,70.721662
-51.226954,8,70.731661
-75.561558,8,70.73467
-23.844249,8,70.755674
-95.261241,8,70.768435
-14.473626,8,70.778465
-37.616676,8,70.789814
-147.923272,8,70.801858
-150.129828,8,70.813807
-114.814261,8,70.829468
-103.556327,8,70.829468
-2.367645,8,70.845287
-44.523256,8,70.865346
-42.317478,8,70.87651
-4.35933,8,70.886422
-62.301423,8,70.894191
-44.89859,8,70.90021
-26.676814,8,70.907976
-86.066439,8,70.914
-57.404388,8,70.922031
-95.560845,8,71.184833
-74.25566,8,71.208379
-86.756971,8,71.223681
-112.845203,8,71.237835
-69.459155,8,71.251835
-46.041044,8,71.265844
-82.562289,8,71.282851
-6.978938,8,71.29682
-34.041606,8,71.310471
-38.392005,8,71.336873
-53.530644,8,71.351598
-32.554468,8,71.365845
-107.157676,8,71.384537
-97.600686,8,71.39797
-95.833336,8,71.412137
-135.395937,8,71.429836
-182.993888,8,71.443841
-6.947327,8,71.459996
-62.944566,8,71.470471
-57.679175,8,71.478473
-143.341003,8,71.493211
-47.781418,8,71.499839
-55.910533,8,71.512807
-69.414091,8,71.519824
-12.652855,8,71.526808
-8.769306,8,71.541801
-223.233904,8,71.549422
-133.771688,8,71.555669
-45.306753,8,71.562867
-138.32182,8,71.569299
-42.018859,8,71.575314
-65.836313,8,71.583316
-67.892747,8,71.791277
-42.92641,8,71.810311
-121.126801,8,71.819308
-23.736633,8,71.824082
-65.530692,8,71.841757
-40.02197,8,71.859489
-101.910981,8,71.877408
-34.652948,8,71.891027
-103.384143,8,71.907076
-25.172314,8,71.919192
-203.706968,8,71.931194
-18.37583,8,71.943339
-44.062803,8,71.954521
-46.300045,8,71.962439
-40.196885,8,71.972563
-68.336062,8,71.98601
-101.654871,8,72.000321
-70.498948,8,72.015963
-74.065859,8,72.036742
-147.293329,8,72.052238
-198.992664,8,72.063897
-75.551427,8,72.075827
-117.584261,8,72.087323
-42.530127,8,72.099469
-38.690735,8,72.107049
-9.416839,8,72.114157
-27.589429,8,72.121151
-33.690756,8,72.129152
-27.782686,8,72.135182
-95.210424,8,72.143153
-107.850494,8,72.157066
-55.342265,8,72.167147
-41.349185,8,72.386834
-130.399378,8,72.395229
-124.992674,8,72.403229
-26.149997,8,72.411928
-89.752278,8,72.421928
-118.046413,8,72.435593
-30.740991,8,72.44433
-77.462159,8,72.45333
-80.942298,8,72.461987
-23.193129,8,72.469987
-49.111343,8,72.478987
-49.253093,8,72.493314
-86.710621,8,72.501314
-50.099333,8,72.509954
-102.712211,8,72.518956
-104.303613,8,72.526621
-8.556023,8,72.53962
-9.304364,8,72.548266
-25.357633,8,72.556266
-19.581128,8,72.564939
-43.715263,8,72.572938
-22.315685,8,72.580972
-158.846326,8,72.586962
-26.337378,8,72.599409
-107.012084,8,72.605421
-128.139842,8,72.614111
-48.827312,8,72.624684
-119.320817,8,72.634673
-100.000475,8,72.648284
-2.501244,8,72.660293
-38.038899,8,72.670281
-133.170417,8,72.68128
-66.36889,8,72.904346
-98.757461,8,72.913345
-41.295409,8,72.922334
-38.939821,8,72.930996
-38.075829,8,72.946404
-33.946595,8,72.953404
-35.738979,8,72.962043
-52.017527,8,72.971058
-21.855319,8,72.982544
-13.183684,8,72.989551
-25.533939,8,72.999679
-71.316957,8,73.008283
-48.657673,8,73.01728
-20.488935,8,73.025294
-20.667567,8,73.032295
-82.863824,8,73.040289
-1.409448,8,73.05566
-29.746478,8,73.065037
-23.330904,8,73.073645
-219.623581,8,73.081748
-18.811385,8,73.09434
-75.280115,8,73.101343
-45.983527,8,73.109067
-6.442795,8,73.116053
-122.140995,8,73.121972
-57.30773,8,73.128974
-56.445697,8,73.135972
-20.824087,8,73.142974
-29.28963,8,73.149976
-7.177131,8,73.162054
-24.73117,8,73.169064
-147.022688,8,73.175056
-60.323762,8,73.376664
-52.986946,8,73.384665
-9.714924,8,73.394377
-38.557368,8,73.40538
-128.32359,8,73.419096
-72.078277,8,73.428994
-57.323978,8,73.438304
-57.242328,8,73.455019
-45.562656,8,73.469594
-16.788191,8,73.697094
-10.353273,8,73.710993
-42.329937,8,73.723679
-54.347485,8,73.736587
-131.583694,8,73.749757
-87.289236,8,73.764301
-9.131267,8,73.779141
-21.312784,8,73.791811
-67.146391,8,73.809053
-88.4872,8,73.821638
-53.601663,8,73.834843
-141.346512,8,73.845561
-41.95468,8,73.855576
-29.587795,8,73.878029
-64.965921,8,73.890273
-46.058853,8,73.902285
-2.905086,8,73.910594
-26.750094,8,73.926092
-60.955952,8,73.936092
-155.167111,8,73.949365
-101.381778,8,73.958068
-10.057577,8,73.967072
4.396016,8,73.977664
-30.918743,8,74.206514
-23.062778,8,74.218513
-84.913542,8,74.23368
-109.015973,8,74.25134
-36.810596,8,74.264014
-40.796022,8,74.273013
-105.456973,8,74.285686
-113.61384,8,74.298354
-104.03088,8,74.308503
-56.81196,8,74.322494
-96.213188,8,74.334662
-24.224143,8,74.34735
-136.100235,8,74.365993
-23.185179,8,74.37666
-28.257106,8,74.387654
-36.429573,8,74.404335
-11.321043,8,74.422055
-10.109726,8,74.438042
-131.519926,8,74.455726
-57.345439,8,74.477182
-46.277154,8,74.49434
0.83834,8,74.51812
-84.811466,8,74.531137
-207.203649,8,74.543372
-26.449495,8,74.555348
-342.517791,8,74.565104
-86.401659,8,74.576378
-124.265058,8,74.593351
-36.323413,8,74.601387
-99.419818,8,74.608535
-65.560017,8,74.615539
-14.103044,8,74.622545
-139.244604,8,74.827721
-45.130574,8,74.835722
-128.437648,8,74.845321
-123.183339,8,74.853328
-114.733337,8,74.862315
-6.818414,8,74.871318
-40.414649,8,74.881965
-46.124727,8,74.892356
-42.066668,8,74.909997
-94.81746,8,74.919997
-172.089118,8,74.936657
-12.267139,8,74.947396
-6.523843,8,74.959393
-8.330634,8,74.970389
-107.401528,8,74.981391
-37.280511,8,74.992318
-86.449853,8,75.003317
-60.987892,8,75.015003
-65.484539,8,75.027655
-22.881998,8,75.041396
-59.801559,8,75.053369
-17.739804,8,75.062091
-32.332004,8,75.079835
-15.036846,8,75.090208
-98.133328,8,75.103287
-27.384462,8,75.117088
-7.008353,8,75.146546
-57.083602,8,75.164512
-127.59602,8,75.173483
-63.935695,8,75.180514
-19.991425,8,75.187508
-39.120394,8,75.194508
-40.37526,8,75.422305
-199.187552,8,75.435669
-61.69074,8,75.444432
-22.38275,8,75.452388
-19.791638,8,75.459996
-25.454385,8,75.471996
-34.154557,8,75.480805
-37.256858,8,75.487971
-86.906616,8,75.496412
-164.080639,8,75.505305
-37.498872,8,75.515863
-42.537348,8,75.523865
-17.710797,8,75.534869
-2.544109,8,75.551179
-63.622139,8,75.561016
-96.988692,8,75.569016
-39.475901,8,75.576684
-49.005994,8,75.58868
-24.675531,8,75.597382
-51.295946,8,75.606382
-9.893674,8,75.615062
-74.623523,8,75.622066
-75.964298,8,75.629054
-6.925318,8,75.636061
-30.901665,8,75.64321
-17.523073,8,75.650297
-49.210791,8,75.663979
-122.134635,8,75.669984
-16.201145,8,75.676714
-116.024913,8,75.68372
-22.715584,8,75.690378
-25.835221,8,75.700384
-43.517779,8,75.877722
-77.188074,8,75.885724
-16.614554,8,75.894444
-94.319344,8,75.902452
-36.770837,8,75.910026
-17.945142,8,75.921026
-58.865578,8,75.934663
-92.509538,8,75.943368
-12.755157,8,75.952353
-30.639934,8,75.960363
-22.130244,8,75.968363
-15.407293,8,75.976741
-74.529789,8,75.983739
-62.366953,8,75.992445
-145.406069,8,76.000448
-29.021721,8,76.008112
-8.963844,8,76.016117
-147.058375,8,76.023836
-2.614344,8,76.035843
-106.081709,8,76.050341
-13.021013,8,76.062346
-16.590371,8,76.071369
-90.117967,8,76.082864
-43.580336,8,76.092339
-79.364872,8,76.103342
-62.850399,8,76.114002
1.602809,8,76.121007
-86.110175,8,76.127769
-55.117256,8,76.134763
-102.212995,8,76.140447
-37.318834,8,76.151544
-171.458736,8,76.162884
-17.389199,8,76.356051
-68.126404,8,76.371655
-59.307942,8,76.381693
-119.829906,8,76.39047
-48.2235,8,76.398465
-47.409265,8,76.408078
-80.570215,8,76.416059
-20.444877,8,76.424731
-28.443445,8,76.432745
-18.367259,8,76.441302
-87.078921,8,76.4483
-106.109597,8,76.456302
-160.665276,8,76.472018
-15.727689,8,76.485827
-16.636579,8,76.495479
-38.966995,8,76.504486
-48.111335,8,76.515489
-121.019097,8,76.528379
-14.801782,8,76.536383
-84.725316,8,76.546373
-4.509577,8,76.559128
-50.346466,8,76.572142
-21.311815,8,76.586836
-103.18045,8,76.60283
-10.37419,8,76.616918
-19.940298,8,76.627724
-37.452177,8,76.638062
-46.39218,8,76.650782
-90.869609,8,76.664182
-154.978616,8,76.677833
-162.119616,8,76.689733
-68.044401,8,76.707028
-16.187971,8,76.960042
-84.8302,8,76.973031
-26.720621,8,76.987803
-37.715972,8,77.000449
-0.473135,8,77.013841
-133.755452,8,77.035422
-147.823777,8,77.04541
-26.922601,8,77.055406
-49.651408,8,77.064408
-101.450682,8,77.074838
-61.165558,8,77.084874
-3.622888,8,77.095437
-7.408917,8,77.10543
-4.20416,8,77.114958
-64.549204,8,77.125758
-26.189906,8,77.135625
-52.8229,8,77.144076
-57.389933,8,77.159069
-55.776187,8,77.168075
-27.200201,8,77.1758
-42.346091,8,77.183775
-15.729834,8,77.190766
-61.33344,8,77.197615
-52.632054,8,77.204613
-26.554114,8,77.21174
-42.697807,8,77.218742
-27.831904,8,77.225012
-81.443014,8,77.232029
-141.248379,8,77.238029
-76.44382,8,77.245054
-93.096068,8,77.262056
-38.796963,8,77.268055
-86.294691,8,77.459125
-11.479133,8,77.467132
-40.205156,8,77.47472
-10.466842,8,77.486791
-107.689646,8,77.494675
-17.74717,8,77.503674
-9.771445,8,77.513397
-86.499281,8,77.521399
-119.058606,8,77.529554
-6.087946,8,77.537554
-54.658466,8,77.550712
-57.099885,8,77.55863
-27.177994,8,77.567409
-44.781963,8,77.57527
-68.412333,8,77.58326
-92.085075,8,77.596259
-15.489388,8,77.604277
-96.426445,8,77.613635
-44.086719,8,77.621523
-134.657704,8,77.629764
-62.385883,8,77.637786
-22.263152,8,77.645366
-41.494543,8,77.653372
-289.182136,8,77.665101
-121.813515,8,77.67384
-33.919492,8,77.675317
-20.571657,8,77.696369
-46.024785,8,77.703373
-179.193826,8,77.715376
-130.623598,8,77.723374
-119.166039,8,77.730778
-90.308342,8,77.737778
-20.022794,8,77.959064
-5.471797,8,77.96806
-214.069872,8,77.977155
-24.025757,8,77.991369
-41.657102,8,78.000453
-127.241854,8,78.008781
-26.428877,8,78.016817
-38.274682,8,78.025969
-26.253263,8,78.033966
-13.836646,8,78.047966
-122.260828,8,78.057026
-78.19097,8,78.066166
-22.663632,8,78.075808
-206.42656,8,78.0848
-120.886496,8,78.094029
-94.002857,8,78.102139
-100.613868,8,78.117238
-135.742687,8,78.127243
-36.77484,8,78.136333
-40.756125,8,78.145347
-42.497362,8,78.158247
-50.350616,8,78.165358
-125.757927,8,78.172521
-56.833753,8,78.180033
-22.816179,8,78.187026
-25.237603,8,78.194574
-73.918432,8,78.200573
-28.799543,8,78.207364
-35.470698,8,78.219478
-177.297863,8,78.22914
-148.853232,8,78.236131
-105.467059,8,78.24357
-29.091736,8,78.445399
-15.168593,8,78.453396
-16.714772,8,78.461735
-110.80369,8,78.469736
-36.032446,8,78.476736
-21.66259,8,78.485735
-26.963994,8,78.493339
-151.063641,8,78.504341
-5.395128,8,78.513054
-26.799259,8,78.52572
-20.020471,8,78.533721
-28.230765,8,78.542387
-101.063365,8,78.551377
-85.583127,8,78.561043
-37.690606,8,78.571041
-83.179817,8,78.581188
-23.276459,8,78.589187
-30.392465,8,78.599409
-45.402154,8,78.615108
-31.593142,8,78.622109
-47.923844,8,78.630728
-77.687561,8,78.647139
-88.358764,8,78.656137
-127.256822,8,78.666702
-69.208237,8,78.674701
-39.894435,8,78.6807
-147.189945,8,78.6877
-67.552237,8,78.697701
-91.22748,8,78.704698
-84.13709,8,78.713066
-46.245659,8,78.724748
-189.298355,8,78.731748
-27.783852,8,78.923701
-17.212923,8,78.932707
-62.668458,8,78.948405
-39.123277,8,78.955405
-2.850242,8,78.964959
-24.687051,8,78.974711
-17.325052,8,78.982709
-79.84761,8,78.991031
-61.758482,8,79.000038
-108.551419,8,79.008804
-9.259805,8,79.016815
-44.035158,8,79.025805
-57.479618,8,79.033805
2.320261,8,79.042384
-43.805273,8,79.063132
-8.957149,8,79.072576
-115.149782,8,79.086062
-130.664975,8,79.097541
-27.383268,8,79.107066
-145.37364,8,79.120106
-40.569419,8,79.134105
-164.797567,8,79.148271
-89.658761,8,79.175684
-39.337143,8,79.186528
-131.952498,8,79.201252
-33.587623,8,79.215883
-23.116367,8,79.229746
-143.703161,8,79.247733
-30.2752,8,79.259812
-175.101463,8,79.269825
-285.956062,8,79.285718
-77.043661,8,79.297042
-30.384177,8,79.563618
-72.890449,8,79.574661
-33.257152,8,79.58366
-112.352509,8,79.594688
-94.090771,8,79.605658
-30.078,8,79.614027
-90.92278,8,79.627796
-18.22461,8,79.644767
-19.15887,8,79.655765
-92.257766,8,79.669111
-11.415811,8,79.68248
-61.979089,8,79.696439
-48.716726,8,79.70981
-27.749841,8,79.717813
-117.206401,8,79.732382
-13.863548,8,79.742254
-61.380659,8,79.746267
-77.837658,8,79.759754
-40.717076,8,79.767785
-101.389888,8,79.777479
-33.163991,8,79.789481
-7.81152,8,79.797488
-60.544854,8,79.804487
-46.871886,8,79.811633
-62.444581,8,79.818632
-42.92634,8,79.826665
3.15192,8,79.826665
-73.413004,8,79.83586
-71.61861,8,79.851665
-3.822372,8,79.860113
-110.39773,8,79.862461
-37.849733,8,79.862461
-8.833493,8,80.102289
-70.814814,8,80.110291
-120.744892,8,80.117306
-2.668477,8,80.118312
-210.802713,8,80.118312
-124.346488,8,80.134095
-43.995049,8,80.143688
-90.762404,8,80.143688
-15.386529,8,80.160434
-22.455705,8,80.160434
-73.699296,8,80.182949
-28.88882,8,80.188696
-228.300222,8,80.193833
-97.020102,8,80.214926
-74.748402,8,80.22294
-31.797094,8,80.231962
-26.513811,8,80.239006
-74.120572,8,80.245843
-59.692539,8,80.245843
-34.983893,8,80.264948
-104.717342,8,80.273033
-159.821527,8,80.280763
-140.014784,8,80.293864
-51.499434,8,80.300861
-108.072507,8,80.310895
-16.529481,8,80.310895
-64.401964,8,80.328314
-24.100486,8,80.33531
-130.283879,8,80.341956
-105.666481,8,80.347957
-46.329146,8,80.353954
-36.964806,8,80.360949
-14.793943,8,80.635501
-63.021778,8,80.647614
-26.860739,8,80.659058
-17.239423,8,80.671995
-120.480611,8,80.684649
-61.387247,8,80.695526
-96.027526,8,80.710379
-4.380124,8,80.715537
-102.903236,8,80.736413
-72.84174,8,80.746948
-110.171549,8,80.760157
-59.288956,8,80.769186
-24.89996,8,80.778183
-57.515611,8,80.787181
-19.05876,8,80.79532
-112.406299,8,80.804317
-14.309578,8,80.806932
-46.635082,8,80.806932
-117.745371,8,80.822193
-54.391853,8,80.838008
-152.918553,8,80.853767
-124.283114,8,80.862045
-88.452381,8,80.868059
-34.874431,8,80.874929
-6.380405,8,80.882023
-33.228952,8,80.888013
-45.009085,8,80.894398
-52.282333,8,80.900413
-140.998378,8,80.908365
-121.611776,8,80.917481
-11.995943,8,80.928949
-49.079193,8,80.943553
-120.570885,8,81.14044
-49.295209,8,81.140918
-33.612335,8,81.157079
-23.833109,8,81.169709
-31.468277,8,81.1789
-116.922539,8,81.186898
-63.057705,8,81.195511
-24.329861,8,81.20251
-48.766645,8,81.212101
-22.314327,8,81.220341
-6.46994,8,81.230334
-73.772211,8,81.256816
-31.690816,8,81.268254
-53.62033,8,81.286788
-17.302225,8,81.301275
-151.932505,8,81.312013
-37.555957,8,81.320166
-168.672079,8,81.333225
-49.090037,8,81.34324
-54.441442,8,81.34324
-139.509096,8,81.34324
-28.984454,8,81.359017
-43.754208,8,81.359017
-34.831015,8,81.381945
-85.227582,8,81.399587
-29.140748,8,81.408485
-24.848021,8,81.416486
-77.261174,8,81.42435
-39.654027,8,81.439464
-29.441538,8,81.449553
-7.662455,8,81.458457
-8.763616,8,81.465551
-21.843914,8,81.686706
-133.698824,8,81.698468
-24.80683,8,81.718832
-92.614633,8,81.733016
2.369193,8,81.76033
-59.514304,8,81.766342
-85.377922,8,81.77885
-18.048011,8,81.791484
-34.811075,8,81.791484
-37.439124,8,81.820149
-25.724793,8,81.832266
-66.169566,8,81.84205
-29.226682,8,81.854552
-146.762025,8,81.872186
-161.260479,8,81.88647
-28.249263,8,81.901129
-36.383757,8,81.910334
-166.823343,8,81.930745
-123.803463,8,81.945976
-125.383373,8,81.953976
-135.771832,8,81.966046
-45.15201,8,81.976105
-35.774746,8,81.985007
-109.091901,8,81.996373
-53.56631,8,82.007093
-108.091737,8,82.016201
-38.941149,8,82.025186
-71.315237,8,82.031206
-96.956922,8,82.038192
-108.699816,8,82.056205
-4.001361,8,82.064425
-45.69282,8,82.076037
-4.538067,8,82.670257
-97.467416,8,82.67369
-57.051014,8,82.67369
-66.611954,8,82.689078
-86.858709,8,82.713439
-17.453352,8,82.722966
-35.554924,8,82.722966
-70.260335,8,82.739696
-5.704467,8,82.753025
-74.529836,8,82.763553
-80.165128,8,82.782296
-8.682745,8,82.791992
-185.321348,8,82.801704
-26.658153,8,82.811796
-78.514967,8,82.820917
-14.598411,8,82.833192
-31.129777,8,82.847087
-137.681945,8,82.856733
-29.802105,8,82.863186
-31.774503,8,82.863186
-24.102119,8,82.88344
-59.525168,8,82.889469
-46.731635,8,82.901047
-50.052274,8,82.915799
-76.289483,8,82.923988
-50.04274,8,82.936596
-17.944264,8,82.945672
-21.539384,8,82.952686
-8.154779,8,82.961584
-57.13103,8,82.961584
-112.502492,8,82.985782
-112.988323,8,82.99716
-28.586356,8,83.25788
-168.375614,8,83.280432
-67.857128,8,83.28644
-103.086382,8,83.291464
-1.446817,8,83.309578
-140.550636,8,83.320417
-30.584582,8,83.331738
-25.57537,8,83.341885
-94.649141,8,83.350889
-37.442072,8,83.359449
-15.301968,8,83.368964
-32.423947,8,83.374974
-23.225038,8,83.392009
-25.782808,8,83.403076
-37.348231,8,83.411338
-26.694494,8,83.425722
-70.941278,8,83.434292
-79.098601,8,83.444283
-84.391267,8,83.460283
-142.014362,8,83.463307
-24.436585,8,83.475813
-40.534689,8,83.485838
-42.21518,8,83.501831
-57.288092,8,83.51025
-50.995385,8,83.51025
-52.241718,8,83.525319
-144.264424,8,83.531311
-91.057072,8,83.53731
-46.882206,8,83.549056
-32.98839,8,83.555054
-7.293905,8,83.563165
-49.856329,8,83.569246
-28.67873,8,83.775173
-80.754867,8,83.782592
-25.622454,8,83.791595
-40.105114,8,83.8006
-77.224463,8,83.812594
-28.56948,8,83.820594
-43.821844,8,83.834282
-59.286413,8,83.84354
-113.811758,8,83.861086
-29.395604,8,83.871086
-117.317412,8,83.881757
-28.173746,8,83.89343
-107.592909,8,83.90208
-23.226445,8,83.913141
-27.779991,8,83.924328
-27.564042,8,83.938647
-79.387259,8,83.951437
-78.548959,8,83.963028
-118.725391,8,83.977496
-125.328146,8,83.990476
0.810204,8,83.999256
-54.468756,8,84.016777
-37.398801,8,84.027945
-42.837744,8,84.027945
-175.341387,8,84.052785
-5.998745,8,84.066546
-61.225613,8,84.077875
-63.397666,8,84.077875
-20.064709,8,84.092066
-26.834482,8,84.092066
-29.40073,8,84.110164
-27.947473,8,84.116165
-34.780224,8,84.387548
-45.440792,8,84.405481
-101.433939,8,84.418422
-42.045346,8,84.428453
-96.472734,8,84.437454
-100.00269,8,84.448456
-206.736164,8,84.459578
-115.113275,8,84.467587
-7.705644,8,84.47583
-44.37444,8,84.48546
-5.37272,8,84.493088
-203.29805,8,84.505213
-92.766311,8,84.50722
-150.623316,8,84.524935
-27.950386,8,84.543566
-73.051977,8,84.557228
-3.042861,8,84.566246
-32.916389,8,84.575246
-28.225561,8,84.586235
-38.560382,8,84.600913
-29.511746,8,84.609984
-26.603649,8,84.616983
-52.973445,8,84.625854
-43.051795,8,84.635907
-168.477954,8,84.644584
-37.779345,8,84.644584
-51.668893,8,84.660764
-39.767329,8,84.660764
-103.654549,8,84.680968
-11.051901,8,84.686968
-11.507868,8,84.695157
-20.813593,8,84.701159
-106.190123,8,84.910379
-82.411147,8,84.917375
-125.882337,8,84.926374
-46.297232,8,84.933374
-88.752402,8,84.944389
-18.820674,8,84.952397
-148.611006,8,84.960123
-50.26165,8,84.970532
-54.941212,8,84.978555
-29.284722,8,84.986805
-9.085047,8,84.99665
-28.468779,8,85.00468
-80.72442,8,85.013855
-28.101411,8,85.013855
-5.822637,8,85.02982
-44.088965,8,85.035807
3.869378,8,85.046879
-72.080448,8,85.052889
-23.828098,8,85.061055
-73.252756,8,85.076272
-4.358861,8,85.085273
-133.789309,8,85.094273
-12.519375,8,85.102293
-96.596666,8,85.10967
-153.856656,8,85.116647
-41.236234,8,85.126829
-16.2862,8,85.133826
-19.53315,8,85.141099
-35.112513,8,85.145114
-8.64365,8,85.1583
-25.52141,8,85.167938
-31.796143,8,85.176877
-194.533689,8,85.38484
-28.690522,8,85.394441
-132.79487,8,85.403442
-76.332701,8,85.413441
-23.624226,8,85.422437
-30.11041,8,85.433438
-15.742925,8,85.443306
-122.899419,8,85.452278
-176.931187,8,85.462652
-29.083243,8,85.469648
-70.689513,8,85.478146
-3.425913,8,85.485133
-51.873419,8,85.500812
-165.832686,8,85.510348
-23.214191,8,85.518867
-9.667066,8,85.527501
-118.164138,8,85.535501
-41.649017,8,85.540501
-48.278602,8,85.552107
-15.755681,8,85.561295
-16.778734,8,85.56974
-46.807324,8,85.578709
-26.122075,8,85.589361
-74.293149,8,85.598741
-17.622602,8,85.610903
-16.065429,8,85.622886
-34.569889,8,85.635917
-31.037186,8,85.647914
-39.541098,8,85.658167
-1.834126,8,85.661842
-31.287321,8,85.674837
-153.886406,8,85.681859
-59.206364,8,85.885677
-66.58652,8,85.895166
-43.281368,8,85.902159
-18.858661,8,85.909859
-35.29665,8,85.915859
-51.256184,8,85.933617
-19.991347,8,85.939636
-67.934599,8,85.947664
-21.118355,8,85.955687
-72.933928,8,85.965569
-83.553211,8,85.972569
-53.356479,8,85.977566
-74.836574,8,85.977566
-2.077688,8,85.993622
-42.832082,8,85.993622
-48.360588,8,86.009293
-70.95356,8,86.012022
-69.025878,8,86.025322
-32.088902,8,86.027326
-119.484215,8,86.048443
-37.001303,8,86.054441
-82.458767,8,86.058403
-22.276675,8,86.058403
-8.647551,8,86.079108
-13.8738,8,86.085108
-73.287504,8,86.091373
-78.98959,8,86.092018
-68.024669,8,86.092018
-63.46186,8,86.108468
-58.95104,8,86.114908
-4.128577,8,86.12449
-13.294012,8,86.130517
-102.017071,8,86.303231
-41.655995,8,86.31035
-106.150579,8,86.31035
-21.579172,8,86.31035
-16.636067,8,86.329307
-22.383445,8,86.331312
-37.239693,8,86.341338
-224.538975,8,86.341338
-4.361107,8,86.341338
-97.953387,8,86.359394
-77.141251,8,86.367417
-107.334525,8,86.377458
-9.008232,8,86.377458
-103.052181,8,86.395757
-99.981674,8,86.39977
-89.080142,8,86.39977
-179.071052,8,86.39977
-23.416257,8,86.421562
-7.999054,8,86.429581
-138.440245,8,86.437342
-123.604804,8,86.443228
-45.279199,8,86.447283
-41.417141,8,86.447283
-56.691275,8,86.472617
-43.879596,8,86.482683
-165.943444,8,86.4887
-24.868947,8,86.502596
-129.684734,8,86.509619
-104.495638,8,86.509619
-38.340193,8,86.527743
2.436922,8,86.546694
-119.759278,8,86.559554
-16.537033,8,86.775546
-85.728768,8,86.788536
-38.935703,8,86.799547
-48.063652,8,86.811548
2.112959,8,86.830545
-5.408547,8,86.839544
-4.920877,8,86.850547
-68.081011,8,86.861788
-117.145315,8,86.871787
-203.627409,8,86.881699
-27.94129,8,86.890452
0.883188,8,86.901708
-152.366655,8,86.909469
-58.08909,8,86.925652
-142.311713,8,86.934649
-115.241715,8,86.947677
-29.196449,8,86.964804
-6.293809,8,86.97278
-38.940135,8,86.983943
-72.366682,8,86.993692
-59.40932,8,87.001071
-32.142033,8,87.009671
-90.043942,8,87.009671
-92.847211,8,87.026411
-100.102671,8,87.035914
-85.299428,8,87.05106
-88.371933,8,87.059334
-120.480493,8,87.066253
-149.483393,8,87.075372
-112.413945,8,87.087377
-90.784635,8,87.096644
3.026756,8,87.107229
-78.228407,8,87.310455
-168.305632,8,87.328145
-4.328082,8,87.328145
-34.028709,8,87.350197
-50.236088,8,87.362144
-59.907339,8,87.370216
-23.279081,8,87.382208
-8.190585,8,87.392292
-44.709232,8,87.402297
-40.851076,8,87.415875
-68.99387,8,87.425173
-175.124032,8,87.43421
-10.544529,8,87.442164
-208.814002,8,87.449164
-28.925275,8,87.455163
1.788769,8,87.4571
-75.127589,8,87.4571
-95.45218,8,87.478053
-151.913928,8,87.490958
-158.056711,8,87.498983
-107.708953,8,87.509362
-99.989008,8,87.517502
-38.691165,8,87.535055
-61.521345,8,87.542086
-92.752786,8,87.548085
-9.067435,8,87.554098
-100.254943,8,87.561363
-67.847368,8,87.568386
-125.160036,8,87.574367
-29.466072,8,87.582767
-118.814614,8,87.590716
-92.003651,8,87.596738
-89.916222,8,87.772197
-109.986194,8,87.781892
-45.465875,8,87.796561
-96.240833,8,87.804562
-14.573411,8,87.813562
-16.467627,8,87.82656
-1.938023,8,87.835559
-39.844285,8,87.84356
-30.909675,8,87.852561
-20.668062,8,87.861563
-116.553919,8,87.867562
-49.723841,8,87.876562
-56.921243,8,87.885563
-83.02503,8,87.895563
-26.536695,8,87.903563
-147.008836,8,87.917929
-109.275288,8,87.934584
-159.348371,8,87.94463
1.300079,8,87.955767
-79.009491,8,87.968424
-130.347632,8,87.975474
-27.217247,8,87.975474
-60.409467,8,87.991323
-116.105981,8,88.002394
-116.119747,8,88.009539
-169.498316,8,88.015539
-21.069101,8,88.022525
-60.21398,8,88.025544
-71.293218,8,88.025544
-80.112225,8,88.043477
-167.212122,8,88.043477
-90.668004,8,88.062973
-26.515461,8,88.235946
-25.830595,8,88.243586
-10.212482,8,88.250584
-20.53325,8,88.263284
-28.27093,8,88.271287
-45.263587,8,88.279942
-122.956841,8,88.28794
-21.474915,8,88.296681
-87.774903,8,88.312411
-32.805106,8,88.320413
-28.212521,8,88.329377
-88.321302,8,88.337376
-118.895813,8,88.346511
-19.341637,8,88.353656
-65.617854,8,88.361643
-113.493591,8,88.368642
-51.640688,8,88.381479
-58.774461,8,88.388488
-97.655456,8,88.396257
-51.166049,8,88.404279
-50.043003,8,88.416104
-101.255273,8,88.425557
-48.418291,8,88.431576
-15.9226,8,88.437605
-36.58401,8,88.443616
-78.848606,8,88.453521
-5.049459,8,88.461533
-52.658391,8,88.468894
-92.494023,8,88.477578
-47.34843,8,88.477578
0.89119,8,88.495124
-64.640442,8,88.501122
-76.904069,8,88.684601
-52.81977,8,88.694453
-58.358049,8,88.711276
-56.318251,8,88.720039
-22.650308,8,88.726478
-130.446239,8,88.730564
-23.083892,8,88.745194
-16.012383,8,88.752202
-39.042309,8,88.760868
-63.711093,8,88.768777
-11.848385,8,88.779166
-11.740853,8,88.787755
-27.70216,8,88.794743
-113.143132,8,88.812932
-68.162635,8,88.820827
-82.320657,8,88.829788
-90.515811,8,88.836787
-78.600914,8,88.846459
-41.45986,8,88.85248
-72.42557,8,88.862644
-105.079339,8,88.869639
-69.301845,8,88.88365
-77.434653,8,88.897652
1.379668,8,88.910567
-26.871443,8,88.919566
-101.04979,8,88.931628
-5.355448,8,88.944013
-12.985585,8,88.956949
-152.250691,8,88.97403
-30.96712,8,88.986054
-40.718006,8,89.002485
-91.141522,8,89.014353
-60.618865,8,89.244753
-159.208672,8,89.253752
-27.216349,8,89.26777
-23.082336,8,89.279708
-9.61596,8,89.288804
-116.254036,8,89.296183
-37.672802,8,89.309392
-23.874854,8,89.318393
-73.068534,8,89.32839
-81.592267,8,89.337389
-144.924487,8,89.34739
-120.862429,8,89.355398
-85.647832,8,89.363391
-23.892671,8,89.376404
-21.188458,8,89.384403
-139.013796,8,89.393716
-30.443304,8,89.400886
-58.397608,8,89.409383
-27.984161,8,89.417405
-195.225262,8,89.429303
-102.590301,8,89.437329
-14.485837,8,89.441083
-42.917155,8,89.441083
-28.819317,8,89.457122
-82.262258,8,89.466741
-61.481579,8,89.475049
-61.128036,8,89.477715
-41.676857,8,89.477715
-138.678872,8,89.498968
4.158961,8,89.504968
-65.140349,8,89.512757
-45.27152,8,89.526325
-42.094447,8,89.726061
-6.919535,8,89.736146
-100.682986,8,89.745088
-144.081125,8,89.755089
-55.946578,8,89.766088
-9.648528,8,89.776824
-156.925874,8,89.785824
-5.362731,8,89.795185
-41.651019,8,89.802195
-97.586508,8,89.809744
-18.667514,8,89.817766
-73.399092,8,89.826661
-32.746745,8,89.84394
-43.173127,8,89.852858
-11.989193,8,89.863461
-38.898979,8,89.872962
-208.513732,8,89.881303
-85.816683,8,89.891521
-103.574512,8,89.901587
-40.957044,8,89.909651
-127.410977,8,89.909651
-50.017041,8,89.928898
-30.373153,8,89.935919
-25.58222,8,89.943159
-34.303667,8,89.953139
-21.395829,8,89.96215
-95.290842,8,89.970266
-42.268618,8,89.976267
-54.92645,8,89.978284
-9.239507,8,89.978284
-185.331742,8,89.994308
-73.5526,8,89.994308
-32.568509,8,90.216059
-11.125535,8,90.224497
-19.875048,8,90.232534
-75.318129,8,90.242761
-92.634667,8,90.251761
-95.562151,8,90.269572
-47.58199,8,90.278003
-9.452837,8,90.286096
-13.641638,8,90.295096
-68.93655,8,90.303095
-72.833235,8,90.310469
-77.130687,8,90.319272
-19.536942,8,90.328382
-8.790181,8,90.336409
-36.396588,8,90.346713
-34.816931,8,90.354713
-59.520252,8,90.364278
-21.897703,8,90.382388
-73.854447,8,90.388388
-49.399502,8,90.397389
-30.759864,8,90.40439
-36.907205,8,90.412401
-32.009451,8,90.4154
-39.879438,8,90.4154
-14.260253,8,90.4154
-79.733633,8,90.431211
-161.559422,8,90.443239
-42.911308,8,90.443239
-91.550303,8,90.443239
-52.742872,8,90.458834
-119.877401,8,90.466021
-48.381359,8,90.474544
-19.166513,8,90.643927
-151.527933,8,90.651945
3.376088,8,90.657958
-25.821487,8,90.665719
-22.480824,8,90.67174
-12.395955,8,90.679761
-104.905327,8,90.685518
-122.213,8,90.696814
-225.087293,8,90.704813
-28.779059,8,90.717225
-4.389528,8,90.730298
-38.566697,8,90.7383
-41.423436,8,90.749585
-48.513744,8,90.761162
-9.79838,8,90.772487
-98.466404,8,90.780056
-20.470683,8,90.790568
7.07677,8,90.800122
-136.230869,8,90.809343
-63.446134,8,90.817343
-93.504061,8,90.831342
-46.062881,8,90.838538
-90.461753,8,90.846547
-15.967835,8,90.856529
-5.330695,8,90.86556
-23.389363,8,90.874105
-31.704993,8,90.882138
-7.117187,8,90.889236
-30.254106,8,90.892174
-33.896428,8,90.892174
-51.066804,8,90.910172
-58.943531,8,90.916173
-70.384475,8,91.167078
-22.814439,8,91.181626
-69.535881,8,91.189214
-113.897279,8,91.20581
-83.497768,8,91.215923
-97.014757,8,91.224182
-133.653677,8,91.233985
-259.024865,8,91.243651
-97.401428,8,91.251902
-99.285399,8,91.265086
-65.167902,8,91.275956
-3.268066,8,91.286412
-25.841968,8,91.297176
-29.150053,8,91.307201
-9.511057,8,91.315064
-89.992006,8,91.329123
-99.199772,8,91.345959
-5.498634,8,91.354947
-26.325441,8,91.370475
-21.037486,8,91.378477
-87.630908,8,91.385468
-64.76849,8,91.397469
-66.451769,8,91.40725
-115.025548,8,91.40725
-23.224656,8,91.428134
-91.592245,8,91.428134
-20.057192,8,91.428134
-31.797979,8,91.458667
-35.095418,8,91.475137
-1.636616,8,91.491127
-74.121991,8,91.502133
4.589262,8,91.509128
-71.380239,8,91.728996
-39.840339,8,91.737994
-90.890135,8,91.742777
-63.957269,8,91.742777
-23.494097,8,91.760502
-48.443705,8,91.760502
5.332095,8,91.780258
-6.452411,8,91.789585
-10.570758,8,91.798728
-46.197187,8,91.814827
-43.362625,8,91.826453
-6.228213,8,91.834453
-14.76817,8,91.843454
-67.266254,8,91.850454
-83.20563,8,91.861453
-101.204883,8,91.870453
-89.781461,8,91.879452
-116.97206,8,91.886519
-33.431594,8,91.898551
-5.26915,8,91.909293
-10.541095,8,91.917826
-19.19918,8,91.934246
-68.05749,8,91.940581
-107.75928,8,91.950178
-111.972765,8,91.955941
-46.245769,8,91.959893
-42.348056,8,91.959893
-34.682345,8,91.975256
-103.957351,8,91.983086
-133.306594,8,91.989106
-70.210102,8,91.995127
-10.62485,8,92.001146
-21.070096,8,92.207362
-72.530085,8,92.210316
-121.439829,8,92.227196
-22.804293,8,92.227196
-5.921906,8,92.243222
-5.654144,8,92.250973
-33.975953,8,92.259081
-107.737189,8,92.275915
-70.541338,8,92.284912
-44.569865,8,92.29557
4.52148,8,92.30357
-2.547093,8,92.314124
-11.619839,8,92.322133
-24.551563,8,92.33155
-53.322205,8,92.344551
-31.844918,8,92.352551
-76.603414,8,92.361551
-58.105952,8,92.368551
-44.775394,8,92.380758
-3.058787,8,92.388967
-63.064506,8,92.396968
-2.696867,8,92.403551
-25.404216,8,92.413507
-178.601688,8,92.421814
-88.214957,8,92.429033
-19.219003,8,92.43028
-101.914766,8,92.4429
-95.314862,8,92.453875
-101.231753,8,92.460521
-69.626916,8,92.467517
-46.350389,8,92.472519
-25.435574,8,92.478519
-33.516048,8,92.686769
-54.602171,8,92.694767
-82.644455,8,92.704639
-52.997888,8,92.722265
-61.668705,8,92.732956
-17.350724,8,92.744114
-40.837899,8,92.752113
-44.901516,8,92.765845
-39.318919,8,92.773845
-105.491444,8,92.783064
-20.587303,8,92.792068
-16.603848,8,92.800066
-94.716029,8,92.80891
-6.987563,8,92.816936
-40.676761,8,92.829595
-81.911741,8,92.835601
-108.466385,8,92.845635
-78.111796,8,92.855417
-52.955697,8,92.86345
-101.214605,8,92.871217
-28.10264,8,92.885103
-32.695516,8,92.885103
-92.481041,8,92.903258
-61.69418,8,92.913255
-91.058876,8,92.915258
-43.419644,8,92.915258
-45.834977,8,92.933157
-131.518576,8,92.946878
-213.838979,8,92.95388
-18.429653,8,92.964073
-142.634638,8,92.973981
-18.919558,8,92.980566
-57.26185,8,93.209672
-80.605014,8,93.218672
-29.324627,8,93.228012
-98.468325,8,93.237012
-92.812613,8,93.247012
-21.545178,8,93.256012
-92.318315,8,93.269625
-74.449026,8,93.278057
-143.128041,8,93.287056
-108.450049,8,93.295731
-217.238701,8,93.30473
-92.18429,8,93.315191
-25.158397,8,93.323195
-139.098524,8,93.337193
-23.845194,8,93.346193
-4.889848,8,93.354194
-61.227593,8,93.363295
-31.811942,8,93.371295
-76.575789,8,93.387361
-127.222034,8,93.39776
-177.136853,8,93.405786
-42.470422,8,93.41313
-9.07147,8,93.420569
-49.045548,8,93.426618
-27.171999,8,93.434618
-73.156757,8,93.445609
-31.542316,8,93.452669
-13.996995,8,93.460582
-62.411273,8,93.468673
-80.587719,8,93.476179
-70.413164,8,93.482169
-5.426662,8,93.489166
-67.783683,8,93.683403
-58.209598,8,93.692638
-2.638013,8,93.701638
2.051071,8,93.710293
-44.901619,8,93.723291
-11.891735,8,93.732978
-34.961153,8,93.746668
-22.008598,8,93.757341
-69.654074,8,93.767348
-9.281846,8,93.77699
-48.481264,8,93.78499
-46.437708,8,93.793988
-159.504254,8,93.802989
-15.967413,8,93.811727
-122.302557,8,93.826046
-4.458625,8,93.835047
-167.113412,8,93.845295
-47.353079,8,93.85429
-110.584424,8,93.870322
-10.795521,8,93.880342
-111.906396,8,93.889353
-82.152284,8,93.898364
-39.293616,8,93.906326
-132.089933,8,93.916347
-183.647341,8,93.928924
-8.489926,8,93.936924
-20.15485,8,93.946729
-97.357841,8,93.954729
-73.947162,8,93.96349
-11.18521,8,93.977079
-133.168739,8,93.990077
-79.640509,8,94.007078
-67.459081,8,94.253698
-95.458996,8,94.268445
-67.155411,8,94.278165
-40.034261,8,94.287168
-25.807995,8,94.296948
-39.189565,8,94.305948
-152.758312,8,94.314633
-21.041696,8,94.32164
-26.126348,8,94.330664
-27.500292,8,94.339661
-28.885447,8,94.348691
-71.477836,8,94.369914
-97.190652,8,94.381081
-108.434857,8,94.392771
-3.748602,8,94.401842
4.698542,8,94.411848
-54.740815,8,94.419855
-133.239582,8,94.428745
-87.6615,8,94.435746
-93.297734,8,94.444746
-47.161014,8,94.451744
-25.107447,8,94.460216
-89.23132,8,94.464353
-40.85268,8,94.485083
-0.846776,8,94.499751
-61.21995,8,94.51155
-75.221362,8,94.522831
-7.255471,8,94.533614
-94.405539,8,94.54478
-127.515759,8,94.558184
-38.670563,8,94.56776
-25.06915,8,94.580605
-32.374279,8,94.835228
-41.862258,8,94.845652
-5.989554,8,94.855678
-113.453393,8,94.863649
-83.078819,8,94.878652
-48.135968,8,94.887653
-59.585014,8,94.896652
-29.91833,8,94.905652
-4.644401,8,94.914654
-76.486614,8,94.924652
-95.954009,8,94.936649
-34.253273,8,94.946649
-49.133399,8,94.957653
-11.878805,8,94.967653
-156.924551,8,94.975652
-19.366543,8,94.983651
-39.723848,8,94.992654
-25.554375,8,95.006502
-71.160579,8,95.016361
-83.1191,8,95.026672
-155.417672,8,95.04078
-38.834188,8,95.049694
-113.395708,8,95.061622
-53.159458,8,95.077015
-59.73625,8,95.090277
-168.44766,8,95.10185
-15.966184,8,95.110988
-33.755755,8,95.117999
-35.167572,8,95.124308
-149.963125,8,95.136554
-81.012963,8,95.140575
-26.085384,8,95.140575
-92.981604,8,95.378993
-125.88088,8,95.390902
-54.817064,8,95.398384
-7.518146,8,95.406541
-66.690783,8,95.420314
-16.450729,8,95.431312
-111.864452,8,95.439773
-19.317274,8,95.449431
-21.890686,8,95.457878
-21.262093,8,95.46598
-38.77623,8,95.483043
-221.838676,8,95.490608
-100.035429,8,95.498628
-138.733955,8,95.506149
-10.414966,8,95.515016
-78.808219,8,95.523041
-91.072208,8,95.531189
-88.504571,8,95.537189
-60.702746,8,95.544082
-36.170597,8,95.550103
-115.218657,8,95.559505
-28.485072,8,95.566784
1.304826,8,95.575275
-25.623803,8,95.575275
-30.61811,8,95.592978
-128.995811,8,95.592978
-25.072372,8,95.606886
-23.383968,8,95.606886
-94.906325,8,95.606886
-13.498759,8,95.622928
-67.782264,8,95.622928
-17.930734,8,95.622928
-5.185894,8,95.842721
-41.572686,8,95.849964
-61.267823,8,95.859311
-23.115317,8,95.873306
-33.619466,8,95.883282
-42.092928,8,95.890735
-17.325501,8,95.898748
-33.758203,8,95.906235
-2.885256,8,95.913988
-5.79623,8,95.924001
-30.497034,8,95.933129
-15.721228,8,95.941333
-22.345397,8,95.948332
-126.515493,8,95.956332
-10.822222,8,95.963515
-103.868344,8,95.975514
-1.183167,8,95.983351
-22.902055,8,95.991363
-92.231035,8,95.998652
-55.07629,8,96.005652
-21.247761,8,96.011555
-128.9171,8,96.019564
-33.568973,8,96.027315
-74.232699,8,96.033062
-4.843497,8,96.045116
-128.28223,8,96.052128
-104.839705,8,96.060521
-24.770673,8,96.066527
-112.723533,8,96.078548
-14.519792,8,96.084538
-7.746117,8,96.09182
-19.610027,8,96.098747
-50.222017,8,96.294325
-20.536297,8,96.294325
-35.847234,8,96.313177
-180.52561,8,96.313177
-6.105668,8,96.332774
-49.929388,8,96.344312
-86.379586,8,96.35109
-3.091867,8,96.363523
-17.648731,8,96.379063
-44.639394,8,96.388063
-51.115645,8,96.402063
-141.405832,8,96.416066
-103.071877,8,96.432065
-33.379604,8,96.445065
-88.747159,8,96.455066
-77.064616,8,96.469066
-18.736999,8,96.481065
-60.466486,8,96.490065
-130.078212,8,96.498065
-12.364453,8,96.518067
-5.871684,8,96.533491
-117.970755,8,96.549026
-101.579969,8,96.560724
-23.603129,8,96.569717
-4.166862,8,96.585045
-66.267252,8,96.596875
-16.236996,8,96.631178
-104.944161,8,96.639283
-204.340819,8,96.646847
-39.284488,8,96.653847
-50.152342,8,96.660642
-11.784826,8,96.67055
-31.029869,8,96.880069
-23.67192,8,96.894865
-46.752544,8,96.903073
-104.504418,8,96.912663
-109.95574,8,96.921169
-9.054772,8,96.931282
-72.678764,8,96.939275
-77.350761,8,96.949278
-131.969653,8,96.963276
-27.150583,8,96.971206
-143.543451,8,96.981153
-27.80644,8,96.989229
-16.872044,8,97.000656
-26.286231,8,97.013869
9.064195,8,97.034256
-78.058545,8,97.050383
-15.441448,8,97.063312
-39.158117,8,97.080311
-16.048391,8,97.089311
-41.106881,8,97.10075
-35.715709,8,97.110312
-82.562039,8,97.118331
-18.67923,8,97.12696
1.159611,8,97.134969
-4.38883,8,97.143644
-53.233684,8,97.150654
-10.927211,8,97.165715
-61.772448,8,97.174121
-131.558566,8,97.187119
-34.608394,8,97.194742
-68.755187,8,97.20174
-274.055961,8,97.210474
-45.071116,8,97.444777
-49.281593,8,97.453779
-41.117233,8,97.463809
3.068603,8,97.47378
-67.024235,8,97.481777
-68.875367,8,97.488777
-80.200998,8,97.49679
-152.314079,8,97.509445
-92.41222,8,97.528768
-55.29495,8,97.538765
-47.102158,8,97.551939
-133.334961,8,97.565511
-77.096641,8,97.5827
-131.605368,8,97.600909
-25.612435,8,97.613334
-29.302613,8,97.629411
-11.68938,8,97.642753
-53.164555,8,97.658542
-56.541865,8,97.672318
-7.869436,8,97.687716
-6.41801,8,97.703482
-24.533067,8,97.718567
-229.343376,8,97.732915
-13.414735,8,97.748729
-6.228468,8,97.761438
-32.844021,8,97.781101
-68.242376,8,97.798745
-82.54044,8,97.82075
-81.703664,8,97.836397
-32.676008,8,97.866186
-2.132141,8,97.880701
-77.278665,8,97.894761
-26.586209,8,98.165154
-52.056193,8,98.178756
-47.00363,8,98.193753
-8.852154,8,98.215943
-98.482331,8,98.232093
-153.99834,8,98.246057
-96.473226,8,98.261133
-44.393004,8,98.277452
-35.40226,8,98.290976
-15.172104,8,98.304547
-35.060916,8,98.326628
-42.550415,8,98.339627
-57.805349,8,98.360191
-18.58118,8,98.375499
-83.231951,8,98.387518
-45.699071,8,98.400625
-45.086969,8,98.412626
-104.989176,8,98.430836
-93.89825,8,98.443828
-36.982632,8,98.458828
-48.349776,8,98.471829
-38.662476,8,98.485074
-5.539925,8,98.499074
4.096628,8,98.513137
-78.290887,8,98.526137
-15.637347,8,98.552138
-44.840992,8,98.565778
-82.272107,8,98.580737
-24.991963,8,98.594087
-35.459948,8,98.60609
-46.107416,8,98.653339
-110.79616,8,98.700521
-56.726434,8,98.993428
-81.130372,8,99.001428
-55.47643,8,99.019205
-37.187339,8,99.030696
-66.309589,8,99.041225
1.13336,8,99.059203
-19.587134,8,99.072718
-36.86026,8,99.088881
-54.108162,8,99.097529
-9.871211,8,99.10553
-42.792919,8,99.119505
0.499441,8,99.139487
-17.450368,8,99.153896
-86.20693,8,99.16773
-21.005862,8,99.18125
-57.179017,8,99.194575
-32.384,8,99.205571
-13.728601,8,99.219413
-23.336432,8,99.245692
-68.674575,8,99.257959
-106.191882,8,99.269242
-37.779191,8,99.280618
-26.19486,8,99.291663
-6.931897,8,99.299897
-143.857177,8,99.307878
-28.071204,8,99.316505
-43.51904,8,99.327378
-5.795976,8,99.338378
-14.052353,8,99.347666
-150.292317,8,99.36527
-100.621038,8,99.383786
-57.854249,8,99.395716
-75.605224,8,99.656093
-94.633753,8,99.67049
-18.19295,8,99.681242
-102.499003,8,99.68824
-20.855753,8,99.696882
-84.859347,8,99.704884
-46.396416,8,99.722882
-89.159734,8,99.734915
-86.940195,8,99.745812
-27.699964,8,99.757452
-35.79992,8,99.768567
-39.225356,8,99.785161
-55.292111,8,99.796834
-92.953769,8,99.815889
-40.205014,8,99.835009
-31.883662,8,99.843831
-7.932823,8,99.854831
-70.158494,8,99.872029
-11.2949,8,99.887183
-31.925276,8,99.901115
-171.188223,8,99.911574
-109.717784,8,99.920574
-25.330749,8,99.934788
-100.713741,8,99.950776
-49.318814,8,99.959768
-2.557956,8,99.967782
-31.516949,8,99.976804
-38.439173,8,99.987773
-20.351877,8,99.997858
7.424995,8,100.004865
-11.234358,8,100.014494
-75.65793,8,100.021495
-77.539717,8,100.251837
-14.896186,8,100.266472
-33.121999,8,100.276472
-80.856412,8,100.284474
-28.58748,8,100.298783
-63.477375,8,100.308509
-92.316993,8,100.318507
-124.281853,8,100.327118
-33.072036,8,100.336116
-22.008479,8,100.346832
-79.757768,8,100.353831
-33.116148,8,100.36353
-295.881616,8,100.371523
-6.453926,8,100.385519
-23.343886,8,100.397806
-6.992245,8,100.408471
-74.94639,8,100.423468
-34.350841,8,100.434215
-11.535619,8,100.442837
-12.755009,8,100.449831
-87.655332,8,100.457422
-20.844385,8,100.464454
-13.724039,8,100.470465
-111.147775,8,100.476458
-17.123759,8,100.486456
-97.338935,8,100.495451
-16.291232,8,100.505461
-64.694796,8,100.513444
-46.578218,8,100.520528
-23.719112,8,100.531851
-6.055641,8,100.538823
-73.14065,8,100.546954
-42.726644,8,100.780112
-26.589377,8,100.791788
-59.004033,8,100.801785
-19.598962,8,100.812941
-5.664995,8,100.829653
-101.923931,8,100.838654
-20.526712,8,100.851523
-22.476456,8,100.862366
-69.779087,8,100.872366
-70.100542,8,100.888042
-57.789144,8,100.899743
-97.516691,8,100.909428
-118.309506,8,100.918427
-63.365116,8,100.928427
-13.14646,8,100.944426
-71.137397,8,100.953424
-34.096389,8,100.964428
-76.865999,8,100.972438
-38.100178,8,100.980439
-1.675997,8,100.987439
-75.289158,8,100.995856
-57.923538,8,101.002858
2.922642,8,101.015838
-118.155113,8,101.022837
-32.180673,8,101.03225
-155.878106,8,101.038249
-28.877435,8,101.049874
-55.691124,8,101.057532
-37.686225,8,101.06455
-48.134194,8,101.071548
-20.077952,8,101.079546
-172.12184,8,101.086545
-162.163217,8,101.284571
-50.381731,8,101.293849
-57.870237,8,101.313606
-11.733038,8,101.322606
-27.462516,8,101.332204
-93.660577,8,101.341923
5.606191,8,101.355922
-60.438532,8,101.364925
-79.579499,8,101.383182
-50.85377,8,101.393894
-139.046146,8,101.403897
-46.322208,8,101.41902
-24.766665,8,101.430758
-175.583106,8,101.44387
-52.972009,8,101.453877
0.482126,8,101.474545
-106.208901,8,101.494287
-8.990332,8,101.505286
-37.929689,8,101.519535
-22.692091,8,101.52928
-35.141848,8,101.537279
-179.870508,8,101.546016
-9.152337,8,101.554015
-41.235681,8,101.562192
-137.454845,8,101.570191
-77.334963,8,101.578179
-119.473586,8,101.586179
-26.615964,8,101.60393
-46.996887,8,101.613658
-80.90795,8,101.626271
-75.483851,8,101.634269
-71.41115,8,101.641855
-11.670714,8,101.888233
-191.313333,8,101.897949
-52.777993,8,101.907948
-48.256871,8,101.916946
-30.505704,8,101.926672
-110.318521,8,101.941819
-64.660037,8,101.950819
-61.411302,8,101.96165
-1.765276,8,101.979648
-10.224329,8,101.988649
-63.372258,8,101.99988
-61.621882,8,102.010578
-34.281218,8,102.019578
-27.300864,8,102.032177
-7.364492,8,102.048075
-1.30334,8,102.059458
-58.132878,8,102.070458
-39.315814,8,102.081458
3.659612,8,102.093968
2.107296,8,102.102985
-21.532223,8,102.117576
-112.602368,8,102.138566
-66.627732,8,102.148295
-132.101926,8,102.162553
-22.993853,8,102.170531
-66.843379,8,102.180234
-92.386283,8,102.18725
-31.515198,8,102.196906
-34.479032,8,102.203891
-97.760191,8,102.21358
-105.564317,8,102.220564
-84.20256,8,102.230241
-57.479337,8,102.519506
-62.365575,8,102.534415
-10.381131,8,102.546871
-25.01639,8,102.555872
-18.435348,8,102.564871
-101.514267,8,102.576221
-152.374692,8,102.587234
-2.955424,8,102.603931
-27.730229,8,102.613582
-151.624243,8,102.622583
-47.470145,8,102.632123
-76.2868,8,102.640642
-74.282178,8,102.649882
-2.798867,8,102.664575
-59.869241,8,102.673574
-6.519464,8,102.683576
-65.260817,8,102.691825
-56.296694,8,102.704835
-60.636449,8,102.71259
-98.881665,8,102.719591
-107.580736,8,102.726283
-142.549851,8,102.735281
-119.772323,8,102.746114
-59.640865,8,102.75611
-111.8426,8,102.768731
-36.246362,8,102.779365
-2.392503,8,102.796869
-24.892281,8,102.804878
-118.28267,8,102.819585
-95.922793,8,102.829273
-26.966537,8,102.837268
-109.682523,8,102.849901
-95.52918,8,103.057476
-60.705284,8,103.066481
-28.471338,8,103.075167
-24.626087,8,103.084166
-32.752699,8,103.093167
-35.364244,8,103.101166
-85.831667,8,103.115168
-67.832871,8,103.122166
-16.439735,8,103.131535
-32.575163,8,103.143932
-84.336453,8,103.150933
-6.916024,8,103.159487
-107.96365,8,103.167486
-35.358668,8,103.175139
-45.132583,8,103.182138
-68.677731,8,103.189138
-10.41255,8,103.198843
-84.333009,8,103.208559
-6.860321,8,103.216557
-3.616768,8,103.23156
-43.149088,8,103.23956
-8.678338,8,103.247939
-23.169411,8,103.25897
-6.161913,8,103.266945
-90.290912,8,103.273939
-25.41184,8,103.281753
-10.234077,8,103.289738
7.988509,8,103.297909
-121.398417,8,103.30592
-56.238869,8,103.312727
-48.423772,8,103.318739
-40.246817,8,103.330715
0.414639,8,103.552217
-105.1379,8,103.565544
-26.626086,8,103.575237
-64.900714,8,103.589244
-99.77731,8,103.597982
-196.370861,8,103.606983
-24.460393,8,103.615725
-85.061089,8,103.622722
-13.955409,8,103.632206
-4.267083,8,103.64199
-88.52707,8,103.652001
-147.123329,8,103.660748
-21.517713,8,103.675249
-116.557074,8,103.685267
-211.190376,8,103.699043
-47.334833,8,103.709598
-47.694463,8,103.718616
-33.414822,8,103.730241
-55.377574,8,103.740855
-2.868158,8,103.748888
-11.148723,8,103.759865
-4.353704,8,103.772865
-29.086853,8,103.78418
-85.462662,8,103.79488
-141.303218,8,103.814534
-19.146469,8,103.830447
-115.455575,8,103.844985
-148.846047,8,103.859194
-118.511808,8,103.875164
-67.847614,8,103.893335
-73.381099,8,103.903332
-89.759685,8,103.919965
-24.650167,8,104.18522
-11.113126,8,104.196218
-46.704325,8,104.2086
-12.117894,8,104.221599
-23.740408,8,104.233422
-12.790471,8,104.25957
-39.002144,8,104.271571
-136.758376,8,104.28124
-7.399942,8,104.293354
-3.786473,8,104.303354
-93.794743,8,104.320147
-50.142117,8,104.329362
-21.455913,8,104.339362
-55.966073,8,104.348624
-9.519358,8,104.36371
-100.098246,8,104.372709
-5.905157,8,104.383283
-127.564313,8,104.398854
-79.24155,8,104.409846
-56.366057,8,104.420854
-63.302104,8,104.433313
-99.356231,8,104.444907
-35.745124,8,104.455844
-65.177271,8,104.470592
-205.866245,8,104.479325
-91.920372,8,104.488325
-17.051129,8,104.495983
-84.741489,8,104.502988
-17.379292,8,104.510886
-13.668117,8,104.518886
-91.55952,8,104.530898
-64.316268,8,104.537896
-36.785065,8,104.744667
-6.584638,8,104.756622
-29.226324,8,104.767779
-55.732507,8,104.777279
-4.930996,8,104.786291
-8.445464,8,104.796855
-133.675,8,104.803852
-84.838086,8,104.811644
-98.702486,8,104.818643
-26.593446,8,104.827251
-28.711373,8,104.840249
5.088364,8,104.85026
-48.532286,8,104.860569
-97.926203,8,104.868571
-16.91314,8,104.878192
-86.376891,8,104.886192
-93.993579,8,104.894884
-105.33996,8,104.907605
-57.002851,8,104.918609
-14.319803,8,104.927146
-56.141381,8,104.935148
-8.40231,8,104.942982
-27.338031,8,104.948981
-113.479541,8,104.960971
0.578258,8,104.967971
-71.708069,8,104.974972
-12.291777,8,104.981971
-97.062954,8,104.988969
-97.768841,8,104.995968
-59.463081,8,105.001969
-21.560928,8,105.015971
-9.405271,8,105.025973
-31.900087,8,105.228296
-30.283891,8,105.236295
-22.859736,8,105.245864
-41.542569,8,105.257527
-163.51452,8,105.266533
-104.557898,8,105.275194
-17.811356,8,105.283193
2.917032,8,105.291193
-130.205323,8,105.299193
-23.948019,8,105.309623
-2.306981,8,105.319629
3.408993,8,105.327248
-50.470091,8,105.339249
-107.7983,8,105.349906
-0.214259,8,105.359572
-8.14781,8,105.368568
-56.798866,8,105.381568
-54.584887,8,105.389569
-46.421144,8,105.397565
-63.082385,8,105.406565
-4.73172,8,105.414779
-73.879898,8,105.422791
-49.629226,8,105.430324
-204.759853,8,105.436323
-13.911276,8,105.44744
-47.140845,8,105.454441
-64.560745,8,105.4638
-20.47614,8,105.472788
-126.761051,8,105.489377
-60.40981,8,105.499985
-17.574548,8,105.510985
-145.224399,8,105.521983
-52.552217,8,105.979301
-45.662491,8,105.988302
-72.3252,8,105.997931
-117.351299,8,106.007623
-56.95347,8,106.017631
-12.985996,8,106.029246
-46.7325,8,106.040243
-89.437809,8,106.051243
-14.669274,8,106.060632
-88.806114,8,106.080271
-142.737428,8,106.089247
-6.747079,8,106.099939
-147.197964,8,106.111584
-41.81239,8,106.120589
-42.042184,8,106.12928
-3.687752,8,106.140287
-22.414586,8,106.153282
-32.961532,8,106.16228
-148.863055,8,106.170311
-62.634731,8,106.18127
-60.882348,8,106.188271
0.210865,8,106.19996
1.592466,8,106.208595
-107.181379,8,106.216601
-31.62298,8,106.224266
-12.344923,8,106.23728
-29.464256,8,106.249935
-215.032865,8,106.262573
-147.10231,8,106.275571
-10.503697,8,106.293017
-11.284795,8,106.30702
5.378813,8,106.315667
-19.220336,8,106.55193
-76.885108,8,106.562596
-29.389966,8,106.582242
-30.424583,8,106.593918
-61.410213,8,106.60393
-99.130857,8,106.615635
-82.443303,8,106.632277
-21.970294,8,106.642924
-117.767972,8,106.651929
-113.22414,8,106.662615
-36.982529,8,106.671617
-132.410434,8,106.684296
-68.260166,8,106.694943
-131.517537,8,106.704944
-22.103149,8,106.720943
-19.495684,8,106.732358
-83.079215,8,106.747164
-83.678853,8,106.754164
-79.948919,8,106.763663
-120.038378,8,106.770663
-38.939164,8,106.779273
-63.741724,8,106.786262
-115.443115,8,106.793954
-168.272693,8,106.800955
-48.485734,8,106.807969
-71.265076,8,106.814963
-25.814858,8,106.822955
-34.874398,8,106.835344
-48.760533,8,106.841967
-53.375059,8,106.860705
-14.701844,8,106.883163
-6.135703,8,106.900719
-22.106227,8,107.164533
-24.555514,8,107.173534
-11.180503,8,107.192055
-43.23611,8,107.207819
-19.511411,8,107.217824
-71.971376,8,107.227194
-82.186718,8,107.238193
-87.636944,8,107.257914
-12.573336,8,107.267911
-17.370272,8,107.281191
-18.014475,8,107.297877
-45.203981,8,107.308709
4.45454,8,107.320707
-101.945898,8,107.332026
-2.537671,8,107.3459
-26.765156,8,107.358906
-16.947142,8,107.365927
-96.28209,8,107.374163
-47.248019,8,107.385293
-129.154703,8,107.393865
-6.784732,8,107.411668
-51.674193,8,107.418668
-118.1026,8,107.42667
-118.891877,8,107.433671
-23.642212,8,107.440863
-22.807642,8,107.448096
-77.768309,8,107.455097
-65.604413,8,107.462096
-3.129223,8,107.469097
-64.066502,8,107.478096
-135.802967,8,107.484096
-40.329468,8,107.493023
-27.965258,8,107.705641
-66.169622,8,107.718617
-92.085651,8,107.729387
-123.478866,8,107.73936
-22.601034,8,107.753004
-82.497405,8,107.763692
0.217732,8,107.772697
-0.967578,8,107.783032
-24.550133,8,107.791889
-11.346689,8,107.800903
-155.653438,8,107.809623
-111.118773,8,107.818623
-5.087018,8,107.828944
-64.428523,8,107.850029
-64.130916,8,107.880526
-32.832592,8,107.902008
-89.413742,8,107.917012
-178.456445,8,107.930145
-29.420462,8,107.943117
-33.231581,8,107.955141
-84.90079,8,107.979724
-130.54144,8,107.994899
-35.132618,8,108.005894
-22.511622,8,108.015897
-85.416594,8,108.026895
-46.365715,8,108.042894
-18.509774,8,108.053895
-30.705707,8,108.064895
-75.089693,8,108.072894
-19.622396,8,108.081426
-130.704741,8,108.094116
-24.783162,8,108.103134
-95.476165,8,108.326406
-43.831326,8,108.335312
-41.593791,8,108.344417
-14.060822,8,108.353418
-16.748706,8,108.362858
-50.274078,8,108.38217
-12.842481,8,108.397842
-87.812047,8,108.405842
-33.827009,8,108.414694
-157.76811,8,108.422701
-103.784537,8,108.43541
-14.279253,8,108.444098
-22.463848,8,108.453101
-60.23401,8,108.462994
-7.949786,8,108.471002
-124.856993,8,108.479707
-27.802709,8,108.487707
-92.856619,8,108.495967
-5.631601,8,108.509843
-96.629535,8,108.517823
-17.314223,8,108.525506
-15.323994,8,108.53561
-30.069016,8,108.543725
-29.490789,8,108.550725
-143.210219,8,108.558922
-24.875086,8,108.565986
-27.500821,8,108.572965
-10.884905,8,108.579452
-29.721709,8,108.596238
-41.594547,8,108.603235
-1.607902,8,108.610879
-20.329901,8,108.621774
-112.619869,8,108.949021
-110.79502,8,108.959735
-72.997854,8,108.969727
-102.454346,8,108.996436
-20.073604,8,109.014435
-93.936265,8,109.032434
-40.603977,8,109.049433
-5.146335,8,109.072437
-134.937841,8,109.099331
-60.658787,8,109.121801
-5.978769,8,109.141021
-4.127697,8,109.167029
-43.973805,8,109.183409
-140.571939,8,109.204059
-94.008946,8,109.230057
-40.546833,8,109.247066
-61.986128,8,109.261265
-29.28914,8,109.27228
-36.43016,8,109.281283
-102.336512,8,109.290282
-35.364598,8,109.298172
-25.410262,8,109.312712
-79.10455,8,109.320712
-147.864283,8,109.329429
-109.209513,8,109.343357
-59.577095,8,109.351351
-5.88357,8,109.359809
-44.554126,8,109.367831
5.321328,8,109.376454
-69.441623,8,109.384363
-27.270881,8,109.399035
-101.585083,8,109.41074
-5.345804,8,109.631261
-0.887802,8,109.645009
-131.226734,8,109.654008
-30.475771,8,109.662711
-18.869818,8,109.680713
-132.537583,8,109.695711
-123.72351,8,109.706897
-34.03588,8,109.727411
-34.585473,8,109.751259
-4.730449,8,109.765369
-11.705955,8,109.773364
-48.078272,8,109.784362
-54.288892,8,109.795579
-94.484439,8,109.803605
-113.598466,8,109.820307
-36.151079,8,109.828528
-165.024164,8,109.845909
-18.791051,8,109.870108
-15.00197,8,109.883347
-95.412403,8,109.902369
-18.546801,8,109.924909
-36.37652,8,109.939942
-105.82689,8,109.955187
-28.328016,8,109.966133
-60.016305,8,109.981395
-33.170211,8,109.995012
-80.598291,8,110.005989
-72.725712,8,110.013989
-28.103578,8,110.020988
-76.234249,8,110.03905
-26.315104,8,110.047819
-80.386313,8,110.054813
-17.625763,8,110.251565
-5.184058,8,110.26137
-105.242251,8,110.270372
-48.395111,8,110.280879
-42.277295,8,110.292572
-7.301447,8,110.30157
-135.601074,8,110.31177
-27.845605,8,110.328954
-44.122066,8,110.335964
-72.158074,8,110.345703
-65.027332,8,110.357678
-143.495107,8,110.366604
-98.130303,8,110.375954
-27.798326,8,110.387949
-104.658614,8,110.397769
-53.572168,8,110.404768
-44.83844,8,110.413347
-44.749018,8,110.421336
-130.063895,8,110.431047
-40.640171,8,110.446146
-82.931264,8,110.457144
-19.247859,8,110.471288
-1.346998,8,110.488768
-104.083208,8,110.500642
-112.116078,8,110.509371
-60.964142,8,110.520377
-181.00366,8,110.53103
-156.72884,8,110.540937
-56.157272,8,110.550389
-2.808088,8,110.564274
-101.652434,8,110.574803
-25.801563,8,110.585969
-5.71999,8,110.805735
-133.442406,8,110.818733
-74.905919,8,110.829844
-15.807896,8,110.853842
-85.497282,8,110.873165
-42.13798,8,110.89706
-74.675199,8,110.910168
-193.919536,8,110.920455
-3.92253,8,110.933275
-108.289483,8,110.946619
-22.903634,8,110.96019
-60.124654,8,110.97019
-190.843921,8,110.983444
-7.382781,8,111.000864
-79.114237,8,111.013566
-2.476064,8,111.029043
-71.058179,8,111.044047
-31.570835,8,111.082044
-5.911493,8,111.096045
-126.178397,8,111.108054
-41.445221,8,111.123674
-179.934069,8,111.132261
-42.47847,8,111.139261
-81.11017,8,111.151021
-37.987114,8,111.161388
-7.312595,8,111.172397
-41.55159,8,111.186448
-33.142676,8,111.196483
-21.61653,8,111.214297
-107.535342,8,111.231655
-147.465637,8,111.245736
-47.308114,8,111.256677
-9.999254,8,111.514885
-149.210157,8,111.528884
-4.145637,8,111.538883
-120.021023,8,111.554636
-87.669807,8,111.578746
-28.859529,8,111.591572
-222.472971,8,111.608704
-88.438527,8,111.623353
-37.985725,8,111.643921
-126.427014,8,111.658307
-79.578223,8,111.678356
-270.144878,8,111.69301
-17.249627,8,111.708091
-134.195414,8,111.717825
-38.435801,8,111.734817
-32.368426,8,111.747192
-17.845827,8,111.761071
-52.939172,8,111.77447
-148.943766,8,111.793181
-187.360513,8,111.796461
-117.308192,8,111.811277
-115.257022,8,111.828187
-57.726452,8,111.839821
-47.076987,8,111.849141
-44.596843,8,111.85517
-44.352051,8,111.865748
-21.474945,8,111.876976
-190.963183,8,111.882983
-1.06583,8,111.894552
-22.803927,8,111.905542
-45.720011,8,111.913845
-49.079121,8,111.919845
5.935332,8,112.122455
-105.79844,8,112.14369
-47.519838,8,112.153285
-30.896878,8,112.161786
-64.654582,8,112.168786
-33.646181,8,112.177083
-129.879861,8,112.18507
-31.0866,8,112.193409
-59.024507,8,112.204975
-32.596483,8,112.21641
-96.361616,8,112.227416
2.86565,8,112.237094
-109.735922,8,112.252728
-2.558767,8,112.2626
-10.847343,8,112.27887
-217.907806,8,112.289573
-30.373476,8,112.298473
-221.108807,8,112.305768
-92.058526,8,112.3178
-51.230763,8,112.331536
-74.648517,8,112.344647
-106.119529,8,112.361389
-65.338283,8,112.373773
-72.457792,8,112.39013
-202.299016,8,112.401934
-49.31157,8,112.418353
-24.731653,8,112.430556
-149.41733,8,112.447877
1.119161,8,112.462971
-16.472277,8,112.477627
-13.612626,8,112.487057
-90.31208,8,112.496578
-13.91871,8,112.686035
-106.4816,8,112.69977
-37.971375,8,112.708126
-77.311791,8,112.715389
-101.823235,8,112.722389
-9.904357,8,112.732121
-43.71559,8,112.74012
-38.441502,8,112.758285
-122.777715,8,112.773158
-23.319094,8,112.785154
-115.992052,8,112.795153
-126.060807,8,112.807062
-20.662501,8,112.826864
-137.881174,8,112.838566
-1.917776,8,112.850567
1.068412,8,112.859869
-67.914644,8,112.869161
-32.619777,8,112.881365
-75.973397,8,112.893011
-57.946521,8,112.91475
-81.240585,8,112.92587
-35.044828,8,112.944035
-0.959444,8,112.95605
-6.97175,8,112.964671
-71.8013,8,112.971125
-26.87917,8,112.981277
-53.560152,8,112.992226
-119.280972,8,113.002111
-64.361981,8,113.009945
-112.97879,8,113.021066
-96.834806,8,113.033952
-44.863826,8,113.048813
-29.359184,8,113.266598
-24.031394,8,113.280067
0.441073,8,113.292798
-25.002654,8,113.305792
-70.31613,8,113.315263
-96.200901,8,113.324539
-79.063197,8,113.333542
-62.556688,8,113.343563
-5.210888,8,113.355563
-157.518512,8,113.371372
-3.900538,8,113.395098
-40.30699,8,113.415688
-72.968786,8,113.438351
-119.963048,8,113.452091
-3.153357,8,113.471891
-28.719776,8,113.493052
-191.651833,8,113.517909
-184.875253,8,113.529448
-29.807298,8,113.537445
-61.637582,8,113.552312
-50.079904,8,113.56823
-36.413034,8,113.584439
-13.040912,8,113.597019
-137.112876,8,113.609006
-73.098642,8,113.628442
-102.463739,8,113.646165
-4.392638,8,113.660809
-22.091426,8,113.672497
-106.602812,8,113.683256
6.862692,8,113.698316
-6.976037,8,113.706279
-27.461801,8,113.719881
-76.345874,8,114.221064
-21.062108,8,114.233869
-65.854375,8,114.246181
-31.898794,8,114.260497
-17.284348,8,114.27508
-65.739337,8,114.301156
-117.247882,8,114.317644
-15.855834,8,114.331447
-2.295072,8,114.342018
-18.503655,8,114.357814
-30.056003,8,114.374593
-16.957823,8,114.394297
-1.303088,8,114.42077
-14.618007,8,114.43919
-29.590673,8,114.464086
-35.166756,8,114.478056
-157.791528,8,114.488058
-43.191796,8,114.499314
-76.554807,8,114.530555
-108.282818,8,114.54557
-55.423308,8,114.559733
-63.970887,8,114.57384
-22.970817,8,114.586012
-55.264579,8,114.597665
-25.618982,8,114.613554
-0.755718,8,114.64284
-25.253947,8,114.65188
-210.805524,8,114.664902
-96.207365,8,114.677179
-112.200043,8,114.688242
-103.424642,8,114.705482
-52.786401,8,114.722193
-131.089651,8,115.003382
-98.729274,8,115.013626
-31.54612,8,115.021626
-25.757356,8,115.03623
-48.004659,8,115.047053
-20.901401,8,115.055055
-6.06171,8,115.068733
-175.648625,8,115.084473
-106.763675,8,115.093522
-45.858314,8,115.102526
-46.864805,8,115.112164
-75.11508,8,115.128184
-41.182409,8,115.137452
-97.304464,8,115.147056
-31.708274,8,115.156056
-16.295315,8,115.165056
-26.09156,8,115.174057
-23.289132,8,115.182227
-48.066911,8,115.195922
-24.460736,8,115.20311
-8.236608,8,115.213327
-59.020833,8,115.221938
-36.945568,8,115.234911
-25.634432,8,115.25247
-103.805692,8,115.265451
-61.726412,8,115.277474
-0.228404,8,115.288512
-107.557867,8,115.303572
-36.249324,8,115.315119
-45.550924,8,115.327082
2.983708,8,115.338081
-121.002357,8,115.346814
-26.445752,8,115.566842
-7.198141,8,115.577343
-140.12772,8,115.584348
-168.26499,8,115.593104
-89.923896,8,115.607116
-70.876037,8,115.6155
-44.08996,8,115.622499
-18.79679,8,115.633338
-51.034045,8,115.640337
-23.796486,8,115.648813
-16.444401,8,115.655813
-40.024929,8,115.664398
-100.788563,8,115.671411
-23.758592,8,115.680065
-42.095397,8,115.688065
-14.312886,8,115.698524
-37.166258,8,115.712828
-34.142967,8,115.719829
-57.95037,8,115.732746
-202.853491,8,115.747934
-43.931912,8,115.765556
-16.225285,8,115.774137
-71.926385,8,115.782133
-19.687694,8,115.78914
-12.683074,8,115.800113
-203.166934,8,115.807113
-24.803519,8,115.817253
-14.167382,8,115.829079
-41.264343,8,115.839705
-61.876578,8,115.855569
-28.616437,8,115.868621
-30.217937,8,115.879555
-42.779677,8,116.094722
-50.538717,8,116.101734
-5.714023,8,116.110264
-21.528838,8,116.118263
-72.633689,8,116.127119
-68.862167,8,116.136949
-23.186602,8,116.145949
-174.597584,8,116.153951
-96.198536,8,116.165963
-82.267525,8,116.189035
-39.232967,8,116.224711
-7.601756,8,116.24903
-7.430206,8,116.265012
-101.828115,8,116.277559
-55.019188,8,116.292255
-39.529938,8,116.311791
-38.640459,8,116.328348
-1.315362,8,116.342402
-123.884873,8,116.360052
-10.619571,8,116.373055
-1.459719,8,116.389618
1.915138,8,116.404219
-15.186806,8,116.424065
-146.289609,8,116.437714
-154.376774,8,116.451218
-19.555867,8,116.459957
-40.952918,8,116.467964
-73.904606,8,116.478461
-40.114875,8,116.486465
-28.797054,8,116.501462
-41.471057,8,116.521536
2.754248,8,116.547247
-11.739725,8,116.899097
-96.06935,8,116.915448
-60.50126,8,116.937153
-28.251926,8,116.952892
-22.212791,8,116.973644
1.866901,8,117.008975
-167.172198,8,117.135479
-142.901414,8,117.148362
-22.068224,8,117.164955
1.373745,8,117.18002
-116.575708,8,117.19322
-106.886934,8,117.20099
-74.804554,8,117.210261
-33.143672,8,117.22112
-61.095632,8,117.240975
-16.033411,8,117.26009
-228.892687,8,117.269535
9.59594,8,117.278762
-27.458289,8,117.290068
-166.992032,8,117.304999
-43.755946,8,117.315966
-74.996165,8,117.328548
-0.544051,8,117.346551
-23.808741,8,117.361076
-76.821785,8,117.372162
-100.836063,8,117.386064
-23.802084,8,117.409926
-9.814889,8,117.430144
-106.336064,8,117.443105
-46.520117,8,117.457105
-38.523395,8,117.473422
-2.310398,8,117.485143
-41.437065,8,117.724342
-7.531131,8,117.734427
-89.208196,8,117.743581
-87.758907,8,117.755099
-6.646871,8,117.764637
-12.113802,8,117.773638
-18.206325,8,117.785137
-16.106857,8,117.798143
-6.116,8,117.81314
-113.404038,8,117.82014
-62.309174,8,117.831149
-8.960603,8,117.838146
-51.234584,8,117.848713
-62.785215,8,117.858176
-57.918866,8,117.866359
4.44726,8,117.874346
-89.082573,8,117.881204
-25.98118,8,117.888205
-23.560436,8,117.898044
-99.016236,8,117.907044
-3.058103,8,117.928959
-40.283785,8,117.935046
-57.056158,8,117.94493
-24.819452,8,117.951972
-94.628269,8,117.960512
-39.280069,8,117.971313
-22.639439,8,117.982119
-204.133457,8,117.992388
-92.526006,8,118.003753
-54.503173,8,118.012298
-47.303293,8,118.019307
-56.366382,8,118.030298
-40.86148,8,118.234971
-109.354256,8,118.254502
-81.032024,8,118.266031
-22.869108,8,118.278635
-153.351837,8,118.290196
-55.263521,8,118.305317
-20.683939,8,118.318179
-40.791267,8,118.331866
-17.635058,8,118.342428
-52.290961,8,118.351433
-55.045203,8,118.367062
-19.709543,8,118.378391
-81.953173,8,118.387397
-23.065588,8,118.412803
-21.345202,8,118.421804
-4.165157,8,118.43313
-38.259056,8,118.445808
-137.594004,8,118.457776
-55.978364,8,118.469392
-83.934686,8,118.485236
-34.577706,8,118.497779
-19.118796,8,118.509527
-59.980592,8,118.519533
-60.30158,8,118.530016
-33.623855,8,118.540992
-25.473643,8,118.552217
-41.184339,8,118.56498
-30.533647,8,118.570978
-54.304676,8,118.581127
-1.380108,8,118.595841
-15.719205,8,118.605815
-27.066969,8,118.615426
-108.622953,8,118.802583
-52.189082,8,118.812773
-60.367842,8,118.822773
-43.821365,8,118.833998
-71.58224,8,118.843746
-37.266135,8,118.854746
-47.126444,8,118.869491
-54.666079,8,118.881008
-44.851181,8,118.888006
-81.664913,8,118.896616
2.40308,8,118.903618
-2.420454,8,118.912368
-19.144353,8,118.920373
-82.911992,8,118.927988
-84.257329,8,118.934987
-155.406834,8,118.945699
-11.945537,8,118.9547
2.717817,8,118.963485
-104.967284,8,118.970484
-13.894749,8,118.983927
-29.071381,8,118.992661
-25.86109,8,118.999673
-71.496892,8,119.006674
-47.61685,8,119.017178
-44.241063,8,119.028969
-150.480241,8,119.038963
-20.718691,8,119.049686
-50.871593,8,119.065034
-29.618146,8,119.075041
-22.79068,8,119.086217
-30.686275,8,119.09473
-25.628147,8,119.11154
-132.298094,8,119.358171
-40.148328,8,119.368295
-4.447231,8,119.3781
-31.054474,8,119.388101
-22.084771,8,119.397679
2.737066,8,119.413116
-112.25841,8,119.423116
-48.847882,8,119.433084
-7.827837,8,119.443775
-70.699224,8,119.456775
-41.579401,8,119.467452
-5.097294,8,119.477975
-51.390971,8,119.495913
-143.506654,8,119.508299
-72.861078,8,119.528053
-147.070731,8,119.536065
-60.869053,8,119.544852
-110.620158,8,119.556874
-25.505088,8,119.569581
-2.35023,8,119.58312
1.153463,8,119.595901
-19.018391,8,119.60691
-104.850142,8,119.618535
-78.861343,8,119.629237
-35.518534,8,119.650996
-48.661385,8,119.663658
-48.300402,8,119.674885
-41.178816,8,119.681911
-42.397085,8,119.688911
-47.864415,8,119.695667
3.828342,8,119.701674
-152.407355,8,119.712667
-3.418318,8,119.908233
-35.55046,8,119.916423
-113.422012,8,119.927157
-107.298568,8,119.936156
-22.69878,8,119.944804
2.8556,8,119.955786
-24.477032,8,119.968437
-104.528935,8,119.979087
-125.533165,8,119.98709
-29.211364,8,120.000833
-21.855063,8,120.010296
-98.003692,8,120.017305
-86.575551,8,120.026077
-5.411785,8,120.034074
-72.801648,8,120.043673
-85.843946,8,120.051675
-15.03983,8,120.061113
-7.603466,8,120.076593
-32.04338,8,120.085595
4.371503,8,120.095635
-47.817411,8,120.11043
-52.751513,8,120.117434
-40.920506,8,120.125108
-79.241808,8,120.136352
-0.907698,8,120.14862
-81.629378,8,120.158213
-45.000316,8,120.169414
-11.597956,8,120.180164
-6.120605,8,120.190168
0.107523,8,120.197837
-16.951992,8,120.21351
-12.197507,8,120.22742
-23.938904,8,120.419426
-51.853029,8,120.427131
-173.798818,8,120.434144
-115.877326,8,120.442644
-133.852061,8,120.450643
-31.226721,8,120.462475
-161.966373,8,120.469475
-69.167196,8,120.479064
-43.561101,8,120.489064
-35.799357,8,120.497807
-115.057593,8,120.513108
-105.711596,8,120.52312
-105.578483,8,120.535138
-15.651188,8,120.545748
-59.04418,8,120.55475
-16.928626,8,120.563513
-69.184527,8,120.572513
-28.633988,8,120.587068
-17.981785,8,120.597781
-53.502404,8,120.608319
-60.596472,8,120.615509
-36.687498,8,120.622505
-78.086855,8,120.634201
-61.72542,8,120.648062
-190.237632,8,120.654061
-20.47339,8,120.662597
-12.232188,8,120.672574
-104.745076,8,120.679066
-21.231328,8,120.685066
-48.466394,8,120.699914
-6.426491,8,120.710976
-48.803043,8,120.720987
-94.397859,8,120.916369
-50.480651,8,120.930098
-13.338375,8,120.937102
-90.392496,8,120.948763
-9.425641,8,120.954763
-76.672119,8,120.964721
-21.012281,8,120.972721
-92.15099,8,120.983189
-167.358001,8,120.993759
-149.448229,8,121.00176
-28.670857,8,121.011573
-25.808485,8,121.023572
-52.728129,8,121.031046
-117.456073,8,121.038046
1.14258,8,121.050798
-58.972675,8,121.058193
-41.259766,8,121.068301
-41.13684,8,121.076104
-53.668395,8,121.085158
-83.365494,8,121.094771
-44.14231,8,121.105772
-10.69522,8,121.113439
-22.858552,8,121.120447
-97.349196,8,121.129042
-41.008795,8,121.135063
-77.539987,8,121.142788
3.565146,8,121.148794
-63.989522,8,121.154792
-63.856404,8,121.171565
-168.471124,8,121.182584
-61.633084,8,121.192982
-21.648036,8,121.202988
0.398104,8,121.383248
-72.559523,8,121.399833
-38.605153,8,121.409415
-83.503065,8,121.415729
-9.61898,8,121.422728
-43.679432,8,121.429178
-49.283211,8,121.43618
-44.742496,8,121.443651
-9.122155,8,121.45065
-24.134013,8,121.464685
-3.118204,8,121.471684
-146.627377,8,121.481916
-47.746057,8,121.496869
-51.225438,8,121.504869
-53.986784,8,121.513369
2.413867,8,121.520369
-40.35942,8,121.530145
-56.353251,8,121.542752
-30.729278,8,121.550754
-70.413668,8,121.560495
-77.758416,8,121.569495
-172.103437,8,121.584111
-33.625604,8,121.594495
-18.834938,8,121.601504
-130.60809,8,121.615602
-25.750039,8,121.627968
-53.762695,8,121.638133
-13.679282,8,121.647871
-56.848084,8,121.654963
-103.045706,8,121.666759
-35.245702,8,121.681159
-76.648502,8,121.692802
-11.920911,8,121.932048
-44.607168,8,121.947906
-73.67468,8,121.961418
-118.064135,8,121.971419
-37.427067,8,121.98025
-87.047086,8,121.98625
-111.805963,8,121.995775
-6.414149,8,122.008225
-175.628728,8,122.017397
-74.092216,8,122.027087
-51.910915,8,122.035086
-19.954133,8,122.043979
-48.113197,8,122.05099
-119.829905,8,122.062461
-27.597851,8,122.074981
-25.914225,8,122.083175
-29.549904,8,122.090175
-138.575754,8,122.098107
-138.771112,8,122.105107
-24.43526,8,122.114562
-69.839955,8,122.122575
-2.283912,8,122.130018
4.389026,8,122.137018
-37.523817,8,122.14673
-21.841575,8,122.157905
-54.781476,8,122.173808
-58.26967,8,122.186842
-44.735498,8,122.204706
-58.911166,8,122.217805
2.555694,8,122.22581
-151.721284,8,122.236901
-73.773247,8,122.249987
-67.128617,8,122.492471
-66.227597,8,122.502804
2.616313,8,122.515229
-86.569324,8,122.523669
-60.445605,8,122.534317
-50.410138,8,122.547911
-134.187286,8,122.558849
-151.334507,8,122.574195
-56.77223,8,122.5863
-18.63216,8,122.600303
-43.846204,8,122.612509
-58.203268,8,122.62352
-10.781959,8,122.634242
-173.467303,8,122.647864
-105.992243,8,122.656861
-92.173274,8,122.666421
-81.988107,8,122.67576
-68.141463,8,122.683761
-125.240792,8,122.697895
-28.258075,8,122.714541
-2.16716,8,122.73174
-47.014637,8,122.740824
-22.74788,8,122.753951
-22.259623,8,122.771719
-6.008026,8,122.794224
-91.165806,8,122.81414
-91.927566,8,122.840272
-4.081096,8,122.855292
-20.38266,8,122.871275
-15.012672,8,122.886288
-122.785746,8,122.904737
-87.598608,8,122.918734
-102.852125,8,123.288374
-24.777458,8,123.303208
-23.726379,8,123.319676
-54.490247,8,123.332517
-39.192527,8,123.34713
4.82446,8,123.363707
-66.676979,8,123.390285
-24.144543,8,123.416176
-30.752254,8,123.43672
-12.743281,8,123.458738
-66.127476,8,123.480328
-26.923135,8,123.502112
-62.713289,8,123.515111
-68.085432,8,123.532577
-157.170669,8,123.542939
-19.551396,8,123.555939
-227.063091,8,123.568223
-136.675255,8,123.582856
-131.978076,8,123.605374
-87.014317,8,123.617384
-26.647541,8,123.630619
-33.543185,8,123.640618
-91.617925,8,123.652605
-31.598184,8,123.672074
-18.171529,8,123.691444
-71.870978,8,123.726604
-118.687744,8,123.740605
-43.091233,8,123.754606
-34.514979,8,123.765972
-14.338604,8,123.776965
-92.418885,8,123.786963
0.838116,8,123.79823
-49.164994,8,124.051312
-45.552559,8,124.063491
-59.118061,8,124.074646
-44.972747,8,124.084645
-5.039486,8,124.094256
-35.895423,8,124.103256
-39.876657,8,124.118952
-101.772243,8,124.129643
3.542543,8,124.139646
-17.991733,8,124.155216
-25.772868,8,124.165975
-84.369133,8,124.17562
-35.381748,8,124.18663
-17.32633,8,124.196618
-63.895358,8,124.204618
-132.455049,8,124.214618
-161.516485,8,124.224619
-33.548,8,124.235617
-20.178902,8,124.261913
-0.503848,8,124.274673
-18.11113,8,124.28369
-4.407877,8,124.294346
-20.691917,8,124.304346
-54.097272,8,124.314189
-37.607871,8,124.32209
-153.078248,8,124.331741
-104.553954,8,124.344371
-1.359053,8,124.355362
-4.021042,8,124.372046
-18.680295,8,124.384725
-60.214695,8,124.399356
-119.747731,8,124.416357
-81.690298,8,124.66296
-74.201942,8,124.671938
-88.239639,8,124.681677
-112.717473,8,124.688676
-54.637586,8,124.701386
-30.553624,8,124.709961
-166.829181,8,124.718952
-31.605583,8,124.728631
-260.595207,8,124.737631
-85.651366,8,124.747634
-60.157718,8,124.756634
2.51658,8,124.771936
-45.102906,8,124.7807
-18.606861,8,124.7897
7.151069,8,124.800307
-26.366806,8,124.812924
-29.994386,8,124.821927
-16.730754,8,124.831645
-102.391008,8,124.840646
-141.753234,8,124.849647
-23.929089,8,124.862367
0.517805,8,124.874681
-33.170015,8,124.886688
-21.32317,8,124.897393
-143.994539,8,124.912093
-116.331244,8,124.928869
-42.557368,8,124.939868
-10.356795,8,124.951868
-106.857729,8,124.961888
-63.338239,8,124.972893
-12.648977,8,124.981586
-56.824947,8,124.98961
-230.733663,8,125.195967
-54.565613,8,125.205967
-81.663902,8,125.215967
-50.633308,8,125.222966
-27.293588,8,125.238974
-26.83057,8,125.252275
-10.267989,8,125.261953
-1.485019,8,125.269953
-24.963913,8,125.278689
-63.116032,8,125.287715
-117.83023,8,125.296287
1.087976,8,125.304287
-118.25733,8,125.314826
-6.853659,8,125.323825
-13.717086,8,125.334612
-180.184731,8,125.345387
-56.664895,8,125.363463
-37.289386,8,125.392734
-102.254219,8,125.410368
5.083696,8,125.424375
-106.722745,8,125.436738
-27.807849,8,125.447477
-121.83096,8,125.46012
-28.068863,8,125.478989
-34.584481,8,125.494264
-30.160343,8,125.502264
-27.604524,8,125.510266
-89.094571,8,125.518265
-18.967536,8,125.525954
-8.856205,8,125.538952
-41.037561,8,125.547519
-66.005533,8,125.554519
-123.983576,8,125.79287
-32.223733,8,125.801902
-20.682511,8,125.816878
-5.587515,8,125.826872
-12.101412,8,125.835874
-114.914355,8,125.846282
-3.377071,8,125.856282
-41.892486,8,125.866484
-78.476696,8,125.875633
-20.71431,8,125.884657
-78.799927,8,125.902383
-97.856432,8,125.915114
1.120594,8,125.930618
5.417298,8,125.93962
-1.91716,8,125.948621
-14.636113,8,125.957902
-15.794207,8,125.966908
-95.968316,8,125.975617
-34.793904,8,125.984628
-10.623548,8,125.993373
-51.543777,8,126.001346
-16.932227,8,126.014053
-123.012705,8,126.027649
-23.205585,8,126.039666
-85.845027,8,126.048649
-37.32695,8,126.05565
-23.122954,8,126.067179
-37.442422,8,126.074782
-44.207565,8,126.088017
-80.366506,8,126.095525
-38.169569,8,126.10152
-62.854993,8,126.109015
-31.033842,8,126.381988
-59.496888,8,126.393543
-15.300793,8,126.402549
-70.34946,8,126.418167
-110.037569,8,126.429757
-45.683839,8,126.446358
-64.226262,8,126.456365
-85.720075,8,126.469996
-8.865834,8,126.482685
-126.841959,8,126.498684
-242.576143,8,126.509997
-24.559907,8,126.519873
-35.65345,8,126.531458
-52.116691,8,126.546072
-22.530908,8,126.558093
-84.146056,8,126.57865
-102.868103,8,126.600649
-24.769599,8,126.616238
-15.855352,8,126.631692
-105.077402,8,126.650422
-20.842517,8,126.666073
-40.177019,8,126.679805
-34.37418,8,126.695003
-17.338176,8,126.711982
-40.187467,8,126.722991
-38.5183,8,126.739581
-155.640195,8,126.75034
-39.189966,8,126.768044
-1.104718,8,126.786739
-26.97347,8,126.797883
-71.500539,8,126.808855
4.433958,8,126.822952
-98.189917,8,127.078599
-79.260654,8,127.092586
-140.308254,8,127.094594
-108.041142,8,127.111578
-78.913091,8,127.120471
-30.229248,8,127.128165
-34.092739,8,127.142336
-48.079106,8,127.158656
-25.498179,8,127.181787
-103.002124,8,127.195597
-23.76326,8,127.204594
-48.809725,8,127.213439
-31.605876,8,127.22144
-40.78276,8,127.231603
-24.666213,8,127.24157
-64.182246,8,127.250569
-83.95431,8,127.260572
-25.868042,8,127.273571
-20.259268,8,127.281639
-181.430173,8,127.289631
-25.998743,8,127.298442
-11.509956,8,127.313261
-14.708864,8,127.321276
-120.005911,8,127.330795
-8.34876,8,127.337796
-88.5676,8,127.346065
-22.865179,8,127.353068
-14.453825,8,127.361145
-25.497155,8,127.368153
-5.154008,8,127.375885
-117.149067,8,127.382891
-18.574142,8,127.394607
-87.196906,8,127.595507
-32.252457,8,127.615351
-51.217488,8,127.624358
-142.4116,8,127.633207
-51.435653,8,127.639207
-25.454731,8,127.650307
-1.987906,8,127.660987
-8.954114,8,127.668988
-168.716031,8,127.677715
-19.861294,8,127.685714
-92.466545,8,127.695714
-17.444196,8,127.703714
-66.365113,8,127.713715
-61.393014,8,127.726714
-17.738255,8,127.743324
-31.332758,8,127.754326
-49.23244,8,127.763057
-49.231866,8,127.770056
-29.117086,8,127.778738
-30.426497,8,127.787756
-79.142181,8,127.794501
-30.689427,8,127.802519
-10.335076,8,127.81011
-53.645034,8,127.817113
-17.109714,8,127.824106
-33.604872,8,127.834808
-117.964915,8,127.847475
-167.313441,8,127.860134
-84.576464,8,127.86812
-176.194894,8,127.878955
-5.958299,8,127.885947
-2.203339,8,127.893373
-12.929744,8,128.103324
-16.455371,8,128.11202
-89.253444,8,128.120016
-5.026067,8,128.129025
-227.456595,8,128.136027
-8.366117,8,128.144462
-99.971484,8,128.158942
-17.710405,8,128.174679
-45.61621,8,128.186125
-79.537512,8,128.19741
-37.770481,8,128.206004
-114.429298,8,128.217435
-87.086907,8,128.228436
-143.79938,8,128.23844
-34.228684,8,128.24913
-26.275513,8,128.26397
-1.790584,8,128.272963
-4.24054,8,128.285107
-7.820133,8,128.294014
-45.618684,8,128.311154
-117.111793,8,128.318136
-39.475887,8,128.327815
-15.344406,8,128.336014
-39.515472,8,128.345017
-139.885143,8,128.353016
-25.736784,8,128.364055
-76.660555,8,128.372103
-105.672823,8,128.381201
-95.217128,8,128.390162
-103.758847,8,128.398587
-42.303129,8,128.406846
-13.81099,8,128.416044
-77.062684,8,128.650651
-109.398693,8,128.662972
-26.427106,8,128.672951
-12.420736,8,128.682953
-153.363375,8,128.701298
-3.040113,8,128.713021
-29.411446,8,128.722056
4.664225,8,128.731742
-147.260887,8,128.741741
-37.257535,8,128.749751
-53.473495,8,128.756752
-18.425213,8,128.766754
-50.334552,8,128.780756
-111.570464,8,128.789755
-168.555825,8,128.800459
-35.577294,8,128.815033
-52.516774,8,128.82475
-39.806701,8,128.834768
-41.302806,8,128.844365
3.125892,8,128.854364
-33.44459,8,128.864104
-42.047378,8,128.874099
-28.624859,8,128.885865
1.63615,8,128.893384
-110.297077,8,128.900378
-28.136057,8,128.918237
-2.941424,8,128.92673
-42.436218,8,128.934742
-86.39475,8,128.942498
-122.373182,8,128.951512
-25.456143,8,128.962093
-70.33902,8,128.970104
-26.528085,8,129.211061
-21.735034,8,129.220061
-65.111129,8,129.235054
-101.061573,8,129.250053
-77.1798,8,129.262081
-26.838383,8,129.280815
-10.331375,8,129.295392
4.458537,8,129.305384
-105.293283,8,129.317064
-70.593397,8,129.327061
-51.313317,8,129.336063
-56.876473,8,129.345834
-74.463086,8,129.362065
-10.294537,8,129.374746
-44.836803,8,129.385764
-186.74136,8,129.395423
-157.001465,8,129.405439
-31.929557,8,129.417164
1.304278,8,129.436798
-24.401423,8,129.445772
-43.01125,8,129.454792
-18.802476,8,129.466115
-133.563613,8,129.473118
-27.779993,8,129.482852
-126.092505,8,129.489854
-101.971936,8,129.501511
-32.353602,8,129.513117
-42.172519,8,129.524685
-59.348256,8,129.537784
-7.965237,8,129.547783
-27.219381,8,129.562991
-20.58335,8,129.574554
-72.014786,8,129.773352
-94.106277,8,129.781891
-45.294934,8,129.795341
-166.759738,8,129.805341
-90.171043,8,129.815079
-211.029298,8,129.824711
-90.971568,8,129.832715
-217.079047,8,129.841356
-80.817011,8,129.85036
-128.794075,8,129.862414
-49.230475,8,129.874863
-45.858773,8,129.893564
-43.343205,8,129.912059
6.148985,8,129.924053
-28.853332,8,129.936341
-76.009466,8,129.948238
-95.608343,8,129.961681
-51.740756,8,129.972711
-31.787148,8,129.980716
-0.439504,8,129.987714
1.586872,8,129.993704
-18.538846,8,129.993704
-2.848701,8,130.00947
-52.923454,8,130.024227
-51.05681,8,130.025233
-21.740138,8,130.041063
-62.795168,8,130.053112
-32.958631,8,130.060888
-20.437983,8,130.068917
-68.512088,8,130.076685
-13.824225,8,130.082708
-20.406504,8,130.092638
-43.972719,8,130.328323
-78.352291,8,130.345392
-80.457311,8,130.356715
-118.330593,8,130.366966
-65.442433,8,130.3857
-61.880914,8,130.398336
1.749466,8,130.410997
-29.419603,8,130.423999
8.106967,8,130.436996
-99.947612,8,130.451645
-14.787171,8,130.462934
-3.356724,8,130.470934
-111.526119,8,130.481617
-65.359369,8,130.492375
-42.350395,8,130.508382
-109.984438,8,130.522806
-3.376636,8,130.554163
-79.472906,8,130.581721
-74.899146,8,130.601576
-66.759834,8,130.615918
-65.92256,8,130.633927
-18.387541,8,130.648923
-28.748635,8,130.658921
-101.159296,8,130.674922
-27.473132,8,130.681923
-43.606992,8,130.692831
-114.962047,8,130.700784
-81.732078,8,130.707806
-0.299686,8,130.715452
-54.906514,8,130.730497
-21.899948,8,130.741845
-33.137432,8,130.753913
-21.501332,8,131.022089
-106.809155,8,131.033095
-34.120263,8,131.043448
-67.09539,8,131.051482
-150.055055,8,131.062036
-180.831037,8,131.077815
-17.079634,8,131.092694
-50.933619,8,131.110599
-11.334871,8,131.133819
-30.86989,8,131.157094
-234.580263,8,131.171093
-210.916271,8,131.186182
-38.307393,8,131.20018
-46.911567,8,131.213218
-37.64567,8,131.220211
-37.106539,8,131.238153
-60.602264,8,131.246528
-0.2608,8,131.254297
-85.861142,8,131.265697
-187.097047,8,131.276378
-107.609514,8,131.289082
-16.648696,8,131.297392
-33.079139,8,131.312996
-145.87986,8,131.32201
-22.103723,8,131.339975
-23.021482,8,131.351543
-9.575805,8,131.362743
-51.643819,8,131.374528
-40.363756,8,131.384605
-4.850687,8,131.398858
-23.696709,8,131.409498
-99.073377,8,131.41926
-2.658689,8,131.672328
-57.749699,8,131.693225
-2.588542,8,131.710032
-70.75162,8,131.72571
-35.899222,8,131.743444
-40.968549,8,131.760732
-13.913253,8,131.77538
-97.614011,8,131.790389
-17.671062,8,131.811706
-101.704949,8,131.822576
-28.858971,8,131.836062
-0.895945,8,131.852133
-27.572875,8,131.869528
-67.268286,8,131.888446
-39.249571,8,131.919235
-40.16577,8,131.953186
-133.107763,8,131.970456
-40.356192,8,131.984457
-47.638198,8,131.997457
-20.407895,8,132.006498
-113.354183,8,132.023916
-38.23109,8,132.036291
-155.025862,8,132.048979
-108.097915,8,132.060838
-53.179907,8,132.072839
-132.297793,8,132.08444
-115.860228,8,132.097981
-60.970261,8,132.117062
-7.39364,8,132.140493
-61.47118,8,132.151126
-32.453245,8,132.1616
-6.152942,8,132.174591
-18.731261,8,132.439743
-35.38288,8,132.44941
-75.792953,8,132.462145
-82.474002,8,132.471145
-111.570839,8,132.480766
-17.41918,8,132.489769
-24.60724,8,132.49977
-100.45106,8,132.513767
-32.209184,8,132.53137
4.619846,8,132.54037
-1.063831,8,132.550429
-112.932825,8,132.564051
-5.543604,8,132.573052
-71.783822,8,132.582787
-39.550573,8,132.591415
-15.222643,8,132.600421
-19.981834,8,132.608423
-88.265016,8,132.616437
-19.568376,8,132.62345
-21.435407,8,132.632779
-178.460198,8,132.647001
-115.967689,8,132.655989
-19.032952,8,132.664707
-111.345314,8,132.675852
-56.86801,8,132.68294
-57.175491,8,132.688945
-237.028729,8,132.696671
-84.446024,8,132.703674
-38.089694,8,132.711291
-69.715859,8,132.718291
-29.089303,8,132.724279
-22.274728,8,132.731201
-48.265517,8,132.990759
-54.149188,8,133.009167
-99.483761,8,133.019171
-177.198211,8,133.028823
-117.489638,8,133.038811
-21.788803,8,133.047954
-127.974999,8,133.058126
-51.748557,8,133.067134
-131.510458,8,133.076764
-55.098396,8,133.085766
-140.73005,8,133.095409
-13.494971,8,133.104411
-111.645711,8,133.120987
-52.107583,8,133.13973
-94.164418,8,133.152355
-15.28626,8,133.165351
-70.787136,8,133.177693
-134.791968,8,133.187689
-3.141874,8,133.197395
-39.323964,8,133.206394
-59.805621,8,133.216093
0.037529,8,133.230775
-87.467007,8,133.239779
-119.492878,8,133.248407
-148.716706,8,133.257377
-19.352099,8,133.265376
-65.97044,8,133.281376
-1.119693,8,133.290376
-77.082121,8,133.298376
-88.959716,8,133.311376
-92.545329,8,133.319375
-79.578339,8,133.325981
-50.529428,8,133.587243
-120.299635,8,133.597156
-5.487538,8,133.606155
-56.385915,8,133.616726
-64.553768,8,133.629171
-39.310911,8,133.638187
-34.015989,8,133.653556
-12.228934,8,133.667814
-81.156136,8,133.67852
-86.893528,8,133.687541
-84.592392,8,133.702758
-53.868687,8,133.71488
-1.851325,8,133.727299
-50.612899,8,133.734298
-115.133993,8,133.743054
-19.460427,8,133.755052
-38.412586,8,133.765727
-82.216137,8,133.778351
-27.022758,8,133.790362
-113.726698,8,133.80598
-25.767622,8,133.818892
-73.591417,8,133.831288
-38.705917,8,133.84407
-2.259065,8,133.85507
-39.528835,8,133.865614
-51.950215,8,133.873618
-83.180111,8,133.882821
-14.280031,8,133.900843
-76.605792,8,133.912901
-42.454549,8,133.9199
-35.982425,8,133.934734
-120.406948,8,133.953759
-102.443241,8,134.297144
-46.764515,8,134.31305
-77.846695,8,134.332604
-120.895922,8,134.351721
-116.646447,8,134.363486
-25.110751,8,134.373927
-18.214965,8,134.385079
-99.105044,8,134.39813
-46.754091,8,134.412965
4.419134,8,134.430022
-26.218422,8,134.443081
-26.816757,8,134.454869
-120.479339,8,134.482993
-4.902801,8,134.49979
-102.881498,8,134.515791
-90.274449,8,134.526818
-10.759514,8,134.539313
-133.88685,8,134.552113
-95.086106,8,134.568611
-90.581296,8,134.584468
-45.008867,8,134.595027
-56.06524,8,134.607419
-63.645613,8,134.618716
-33.872354,8,134.633041
-29.206584,8,134.649203
-23.598068,8,134.663707
-27.11768,8,134.675303
-40.30642,8,134.692189
-2.569318,8,134.710121
-39.273938,8,134.729854
-48.670977,8,134.751977
-48.721566,8,134.770614
-63.527404,8,135.061843
-11.051493,8,135.071844
-105.02195,8,135.08395
-77.69841,8,135.096983
-92.784495,8,135.106994
-46.612415,8,135.125788
-44.578597,8,135.146726
-114.947632,8,135.165261
-85.915573,8,135.184277
-27.826283,8,135.202061
-19.055074,8,135.219888
-149.767128,8,135.23332
-47.030519,8,135.246442
-106.835094,8,135.264431
-8.059805,8,135.280879
-86.26908,8,135.291502
-99.32011,8,135.300511
-17.104604,8,135.315685
-94.771943,8,135.323702
-97.144828,8,135.333702
-1.596953,8,135.341566
-16.314315,8,135.349595
-126.237455,8,135.356663
-52.677791,8,135.369384
-77.218036,8,135.377976
-52.909975,8,135.383643
-183.607427,8,135.393524
0.587791,8,135.401582
5.752181,8,135.409213
-73.092783,8,135.41617
-0.380008,8,135.429214
-53.782321,8,135.437237
-37.498066,8,135.664655
-1.48806,8,135.676724
-21.628417,8,135.685724
-97.224819,8,135.698537
-6.314223,8,135.715056
2.188342,8,135.727804
-95.024031,8,135.737804
-29.179002,8,135.75041
-12.90694,8,135.762415
-14.644216,8,135.775805
-98.191138,8,135.792465
-0.491997,8,135.803463
-69.71195,8,135.818177
-21.645189,8,135.831776
-23.105397,8,135.853306
-39.763285,8,135.868375
-75.537884,8,135.891526
-65.914694,8,135.904523
-23.590703,8,135.926262
-79.611768,8,135.949707
-59.019595,8,135.967178
-21.368307,8,135.986473
-1.327972,8,135.999441
-3.505587,8,136.019602
-78.781135,8,136.024936
-63.08005,8,136.047904
-21.193909,8,136.057947
-18.538589,8,136.065976
-49.366543,8,136.073745
-37.447964,8,136.073745
-40.133982,8,136.093664
-0.16072,8,136.103749
-47.402675,8,136.346068
-51.394747,8,136.354584
-35.574251,8,136.364342
-12.64118,8,136.384282
-69.916347,8,136.395745
-21.696527,8,136.405065
-91.265975,8,136.414535
-23.28336,8,136.428601
-73.282033,8,136.439601
-125.129321,8,136.452891
-61.310301,8,136.474252
-74.508277,8,136.500609
0.460518,8,136.516344
-4.985056,8,136.531146
-32.680101,8,136.542149
-81.883148,8,136.553158
-29.742323,8,136.568931
-60.436237,8,136.58068
-105.809686,8,136.595176
-4.135156,8,136.615305
0.128709,8,136.628581
-133.921866,8,136.637598
-39.235241,8,136.649773
2.063203,8,136.666442
-39.029033,8,136.682426
-47.633541,8,136.695273
-72.182048,8,136.708671
-13.907322,8,136.717776
-9.230167,8,136.736474
-103.936736,8,136.74815
-38.370198,8,136.761752
-60.367499,8,136.77375
-54.903939,8,137.141454
-49.91584,8,137.152304
-61.742219,8,137.161741
-107.164255,8,137.171759
4.601261,8,137.185687
-44.560975,8,137.198171
-13.940344,8,137.207171
-7.417774,8,137.221107
-85.323042,8,137.232524
-6.384893,8,137.256889
-41.071826,8,137.273758
-41.772078,8,137.319381
-125.449247,8,137.346381
-30.162319,8,137.368383
-76.184736,8,137.390096
-90.943924,8,137.411174
-18.126167,8,137.421162
-16.00909,8,137.435155
-118.31351,8,137.447539
-26.733973,8,137.45554
-66.741202,8,137.469138
-19.977917,8,137.487878
-18.267884,8,137.500608
-208.882246,8,137.510184
-153.330859,8,137.522183
-192.678767,8,137.531873
-36.931817,8,137.552417
-55.263141,8,137.565194
-66.14958,8,137.573257
-96.016681,8,137.584963
-117.527263,8,137.595586
-52.277296,8,137.604588
-15.866365,8,137.848454
-14.499493,8,137.874781
-9.772034,8,137.899657
-52.609931,8,137.918319
-4.015366,8,137.937196
-43.384549,8,137.955443
-18.881122,8,137.980124
-51.882345,8,137.996135
-24.009954,8,138.012477
-108.565506,8,138.029231
-24.220686,8,138.048553
0.835431,8,138.063216
-100.762865,8,138.077227
-56.594634,8,138.092568
-92.552677,8,138.106559
-6.564093,8,138.121172
-157.444268,8,138.131829
-52.324844,8,138.140819
-22.266552,8,138.151454
-105.478137,8,138.161236
-20.064394,8,138.171237
-4.121711,8,138.183249
-14.957857,8,138.199234
-161.029109,8,138.210231
-100.174586,8,138.218219
-23.165456,8,138.230059
-78.358393,8,138.236005
-0.102862,8,138.267232
-89.407921,8,138.280883
-48.654778,8,138.290895
-233.884375,8,138.306021
-118.51888,8,138.32988
-69.845301,8,138.668812
-128.507653,8,138.690606
-72.591444,8,138.710294
-23.763111,8,138.728325
-32.837716,8,138.744173
-25.600806,8,138.765153
-97.09249,8,138.781303
-41.217721,8,138.801342
-55.939543,8,138.816485
-54.055594,8,138.827508
-43.890426,8,138.838665
-123.55136,8,138.854344
4.9446,8,138.863877
-60.930576,8,138.890553
-18.321746,8,138.908237
-61.668739,8,138.922364
-7.886221,8,138.928068
-40.364754,8,138.928068
-0.501179,8,138.945083
-12.11283,8,138.963651
-52.05593,8,138.989285
-72.315029,8,139.000349
-66.134956,8,139.008339
-64.867139,8,139.122038
-62.452747,8,139.160695
-54.19628,8,139.176261
-7.202113,8,139.198199
-12.173984,8,139.213663
-9.176881,8,139.232301
-173.420834,8,139.248056
-10.333735,8,139.26506
-65.726787,8,139.279252
-24.062738,8,139.685092
-131.13966,8,139.710505
-117.731904,8,139.729926
-12.132671,8,139.749571
-248.388244,8,139.768135
-32.522002,8,139.782505
0.118563,8,139.802759
-155.970392,8,139.817454
-133.419819,8,139.829932
-28.545931,8,139.844533
-11.823791,8,139.864786
-38.972714,8,139.881785
-110.189805,8,139.900798
-14.024235,8,139.929365
-132.032453,8,139.945759
-21.89394,8,139.959714
-26.906126,8,139.971132
-16.975635,8,139.982775
-62.954598,8,139.989776
-20.009033,8,139.998887
-20.785722,8,140.005894
-58.296115,8,140.017332
-29.603215,8,140.028874
-13.234726,8,140.037888
-115.405232,8,140.046631
-37.096542,8,140.061198
-8.047329,8,140.069214
-84.299678,8,140.079207
-9.407076,8,140.087201
-42.259359,8,140.096594
-34.380822,8,140.105604
-10.981962,8,140.115253
-99.578584,8,140.350295
-13.679755,8,140.365208
-47.661246,8,140.377111
2.031117,8,140.38612
-124.302261,8,140.397119
-33.673051,8,140.406114
-3.509691,8,140.423111
-21.188499,8,140.433496
-46.779665,8,140.444855
-70.060548,8,140.453855
-21.697819,8,140.466528
-49.699964,8,140.481321
-112.018503,8,140.490169
-14.260578,8,140.499847
-141.254517,8,140.509845
-35.483866,8,140.520848
-48.371034,8,140.53411
-59.861528,8,140.548402
-59.527898,8,140.568385
-103.511075,8,140.583653
-25.559471,8,140.602298
-27.252563,8,140.617122
3.647982,8,140.631213
-68.132882,8,140.648755
-54.410293,8,140.661367
-109.016076,8,140.673367
-5.427842,8,140.687092
-27.491781,8,140.699708
-168.630053,8,140.706707
-111.724501,8,140.717434
-68.429318,8,140.726086
-62.850132,8,140.738113
-24.754797,8,140.981134
1.922896,8,140.994752
-154.726968,8,141.008304
-50.857228,8,141.022431
-68.651523,8,141.035857
-77.125631,8,141.05352
-77.080191,8,141.066504
-86.08393,8,141.07997
-31.534572,8,141.094609
-113.017168,8,141.105608
-7.974203,8,141.117274
-104.642107,8,141.132924
-4.166534,8,141.143098
-99.791134,8,141.161234
-31.966514,8,141.170237
-22.64618,8,141.178237
-105.97394,8,141.186238
-64.276141,8,141.19373
-53.846289,8,141.20073
5.941741,8,141.210786
-65.755572,8,141.223791
-75.215246,8,141.237292
-35.813359,8,141.25066
-27.909302,8,141.269419
-4.618213,8,141.284418
-98.390636,8,141.295007
-77.432079,8,141.303006
-203.728988,8,141.31358
-61.946589,8,141.321579
-27.803273,8,141.330347
-95.433559,8,141.337348
3.088517,8,141.346422
-43.577361,8,141.583123
-24.144282,8,141.598184
-43.51578,8,141.61218
-35.951718,8,141.62318
-20.544386,8,141.64588
-51.43878,8,141.658313
-123.2363,8,141.670521
1.237302,8,141.685037
-50.341952,8,141.698741
-128.265588,8,141.711483
-52.782779,8,141.721482
-96.402594,8,141.737481
-90.805067,8,141.752062
-14.672879,8,141.766647
-118.977792,8,141.781677
-7.705158,8,141.799179
-23.882695,8,141.81618
-95.261801,8,141.836179
-108.006297,8,141.861711
-60.434544,8,141.878713
-6.579954,8,141.899719
4.783891,8,141.912714
-80.7051,8,141.923716
-25.07168,8,141.94048
-89.690809,8,141.953863
-148.706439,8,141.969484
-147.407702,8,141.983054
-1.283777,8,141.99886
8.152004,8,142.012461
-7.329231,8,142.028929
-88.034358,8,142.036927
-47.917368,8,142.046364
1.739325,8,142.314411
-91.969295,8,142.324361
-155.242355,8,142.334432
-32.225485,8,142.345217
-9.518799,8,142.356219
-96.895401,8,142.36623
-50.962222,8,142.378229
-44.008867,8,142.388218
-122.009265,8,142.399217
-8.404724,8,142.414523
-65.34088,8,142.431246
-176.176418,8,142.441648
-9.372552,8,142.451779
-6.009653,8,142.462399
-125.596387,8,142.4714
-20.526456,8,142.483112
-21.095707,8,142.49511
-23.379463,8,142.50311
-92.999359,8,142.515533
-16.020586,8,142.523534
-0.264584,8,142.537169
-33.658833,8,142.544749
-10.503485,8,142.558299
-23.547805,8,142.56751
-17.877424,8,142.576127
-63.356301,8,142.584155
-28.658816,8,142.591131
-111.249667,8,142.598152
-112.79023,8,142.618094
-143.998366,8,142.632322
-0.744496,8,142.642753
-19.924471,8,142.650943
-23.955305,8,142.90134
-94.02779,8,142.915344
-4.090161,8,142.925344
-79.897711,8,142.945932
-180.031695,8,142.966402
-6.313234,8,142.978135
-88.835676,8,142.989133
-22.561577,8,143.000775
-105.257209,8,143.012462
-3.266249,8,143.022462
-32.182774,8,143.033873
-144.35027,8,143.045592
-40.776104,8,143.055592
-37.178726,8,143.066381
-50.186192,8,143.081936
-137.429501,8,143.10262
-73.030915,8,143.116259
-28.481415,8,143.126151
-0.013162,8,143.140177
-169.771604,8,143.151341
-106.341884,8,143.163398
-18.933036,8,143.17609
-73.542042,8,143.19474
-91.730713,8,143.208787
-21.165784,8,143.221825
-118.417056,8,143.233476
-86.819569,8,143.247483
-208.851752,8,143.257485
-80.543057,8,143.278307
-88.719256,8,143.292289
-59.786954,8,143.314512
-0.991271,8,143.330362
-70.755543,8,143.602849
-13.35434,8,143.613461
-58.403496,8,143.623461
-22.728055,8,143.633036
-92.790317,8,143.640037
-24.125518,8,143.655727
-161.034891,8,143.667485
-121.327535,8,143.679078
-36.082983,8,143.69592
-32.025808,8,143.705953
-53.923669,8,143.716422
-5.795962,8,143.728105
-79.119199,8,143.738109
-12.170976,8,143.748989
-50.232612,8,143.764407
-30.151635,8,143.773406
-57.749488,8,143.785053
-36.16666,8,143.795215
-20.809334,8,143.802214
-50.560592,8,143.811433
-16.07873,8,143.818432
-59.015746,8,143.832182
-31.840316,8,143.839182
-5.771834,8,143.849912
-57.259262,8,143.858392
-84.2192,8,143.866412
-22.610369,8,143.878162
-62.273509,8,143.885163
-97.842319,8,143.895891
-3.832639,8,143.902894
-59.774685,8,143.912045
-85.841119,8,143.919045
-0.416802,8,144.124962
-21.965958,8,144.139968
-46.851382,8,144.150671
-19.589201,8,144.15939
-5.72373,8,144.168391
-11.628957,8,144.177954
-173.223998,8,144.186952
-79.477482,8,144.195637
-24.985091,8,144.206623
-3.672895,8,144.217491
-2.536723,8,144.227465
-19.623379,8,144.236464
-136.512207,8,144.246133
-41.841626,8,144.255134
-58.721155,8,144.270749
-15.615468,8,144.281469
-147.061671,8,144.290467
-21.693051,8,144.302166
-17.470065,8,144.318089
-80.730693,8,144.331091
-46.881163,8,144.344739
-38.403766,8,144.353738
-30.130798,8,144.365305
-2.582665,8,144.374957
-8.613536,8,144.390096
-20.048646,8,144.405645
-11.651097,8,144.430667
-124.798876,8,144.439662
-6.299884,8,144.454743
-135.324981,8,144.460715
-70.071356,8,144.475972
-85.443418,8,144.489099
-76.390897,8,144.76583
-3.922128,8,144.790218
-47.905769,8,144.803837
1.565901,8,144.818484
-93.837093,8,144.829127
-8.338096,8,144.844864
-20.021783,8,144.85486
-117.751001,8,144.870485
-121.499111,8,144.881458
-70.319216,8,144.895791
-131.930953,8,144.90578
-35.790539,8,144.918562
-42.320016,8,144.929146
-13.723675,8,144.938145
-43.613621,8,144.949727
-111.36414,8,144.961726
-52.153646,8,144.968833
-24.575199,8,144.978821
-77.46682,8,144.98582
-71.689326,8,144.999825
-40.187148,8,145.012501
-31.66641,8,145.019492
-69.23173,8,145.027034
-52.045555,8,145.034029
-41.462334,8,145.042675
-19.688604,8,145.049672
-92.834425,8,145.057076
-23.556849,8,145.064537
-57.278287,8,145.071532
-152.458331,8,145.079544
-29.866835,8,145.086544
-64.843127,8,145.09453
-21.357067,8,145.321645
-68.969947,8,145.330381
-31.760719,8,145.338381
-22.783903,8,145.352483
1.595063,8,145.363239
-6.49864,8,145.371239
-72.688978,8,145.382301
-0.163502,8,145.394323
-39.639446,8,145.403322
-58.344225,8,145.41938
-56.937239,8,145.431367
-20.768804,8,145.44337
-148.357077,8,145.464367
-42.046055,8,145.473398
-100.735167,8,145.483367
-77.285418,8,145.493091
-104.007931,8,145.502089
-32.859422,8,145.513444
-97.565896,8,145.520433
-57.791365,8,145.530185
-23.285133,8,145.537189
-20.797561,8,145.547081
-22.313163,8,145.55408
-70.047536,8,145.566674
-139.486426,8,145.573668
-179.851497,8,145.58618
-10.505629,8,145.596939
-34.863658,8,145.603955
-19.039239,8,145.612674
-13.167011,8,145.619675
-113.144716,8,145.631287
-9.283147,8,145.639275
-3.006352,8,145.861105
-20.587731,8,145.870107
-19.065029,8,145.879354
-15.183579,8,145.888353
-103.658711,8,145.90386
-28.792695,8,145.922445
-100.111232,8,145.933272
-3.516363,8,145.944195
-31.013336,8,145.95328
-7.070766,8,145.963259
-70.219408,8,145.972262
-36.319398,8,145.982266
-149.406612,8,145.991168
-11.275245,8,146.001261
-13.00978,8,146.010524
-33.57895,8,146.018617
7.046237,8,146.031966
-68.86422,8,146.038965
-156.06896,8,146.050334
-59.549668,8,146.064432
-53.821366,8,146.076126
-54.025075,8,146.087159
-34.502115,8,146.094914
-20.959896,8,146.102924
-43.406632,8,146.11151
-6.443949,8,146.119505
-16.043777,8,146.126135
-29.033271,8,146.136096
-91.878363,8,146.143869
-65.258684,8,146.153802
-30.5467,8,146.166452
0.226989,8,146.173449
-61.315418,8,146.385263
-2.274552,8,146.394265
-31.436344,8,146.402264
-67.69127,8,146.413515
-27.099904,8,146.4215
-83.808649,8,146.432178
-79.307636,8,146.441724
-19.57224,8,146.45107
-137.472399,8,146.463596
-61.729373,8,146.470595
-135.038975,8,146.480341
-53.517996,8,146.493328
-8.391628,8,146.503325
-15.81214,8,146.514352
-113.888985,8,146.523327
-113.723369,8,146.534968
-69.909663,8,146.544904
-29.826762,8,146.552904
-19.676191,8,146.562506
-99.054536,8,146.569506
-28.622498,8,146.58118
-135.83303,8,146.589179
-89.989309,8,146.597176
-80.503431,8,146.611171
-65.756292,8,146.619169
1.591962,8,146.629373
-55.53683,8,146.640399
-0.343814,8,146.649163
-56.100599,8,146.655171
-18.677054,8,146.663536
-26.298364,8,146.670535
-65.928603,8,146.681232
-7.02898,8,146.931354
-71.685223,8,146.942357
-99.491545,8,146.955354
-11.740136,8,146.966358
-49.909016,8,146.989358
-45.998739,8,147.009359
-68.968014,8,147.01936
-0.321035,8,147.030357
-59.74172,8,147.045681
-9.912748,8,147.05668
-28.05806,8,147.068508
-32.328111,8,147.081027
-7.057708,8,147.095785
-100.953599,8,147.111346
-112.959169,8,147.119361
-25.186468,8,147.135074
-91.087686,8,147.162595
-12.668591,8,147.177151
-13.676336,8,147.188151
-59.029035,8,147.196899
-72.925192,8,147.206898
-22.717911,8,147.21921
-126.68465,8,147.231286
-27.260856,8,147.245072
-123.70917,8,147.259873
-22.891822,8,147.279874
-6.418493,8,147.290626
-25.808247,8,147.301767
-46.101812,8,147.312901
-95.45903,8,147.327621
-3.634153,8,147.335624
-102.276236,8,147.346398
-65.048323,8,147.605253
-23.869602,8,147.616523
-92.662608,8,147.628268
1.917298,8,147.637276
-40.45172,8,147.648967
-32.46913,8,147.658373
-124.79456,8,147.666557
-76.381706,8,147.675083
-8.657293,8,147.685197
-40.744578,8,147.702202
-59.932099,8,147.716201
-133.088277,8,147.726212
-81.301771,8,147.736223
-49.024653,8,147.747824
3.331344,8,147.758386
-34.538708,8,147.76772
-2.77569,8,147.779177
-59.655964,8,147.788174
-88.078826,8,147.797723
-159.626575,8,147.804723
-118.025905,8,147.812867
-49.530084,8,147.820867
-23.821405,8,147.837433
-24.913147,8,147.85078
-20.943894,8,147.862325
-24.064711,8,147.870315
-38.254559,8,147.878227
-69.659817,8,147.885229
-67.041292,8,147.895651
-118.750241,8,147.906791
-13.288373,8,147.911266
-32.594833,8,147.911266
-17.145846,8,148.133951
-78.648155,8,148.142751
2.125639,8,148.159404
-10.495355,8,148.172431
-46.964301,8,148.181084
-37.959503,8,148.190091
-96.223235,8,148.204807
-54.470084,8,148.21784
-24.156115,8,148.227584
-3.56159,8,148.236581
-109.530146,8,148.247584
-5.921864,8,148.256579
-7.295692,8,148.269439
4.20552,8,148.284214
-58.036346,8,148.294998
-24.529404,8,148.310832
-8.13713,8,148.317493
-26.416761,8,148.331164
-130.569015,8,148.339158
-30.389178,8,148.349158
-3.804156,8,148.356157
-119.52982,8,148.364899
-23.253306,8,148.371899
-17.835533,8,148.381425
-80.023294,8,148.388425
3.791587,8,148.400211
-41.085759,8,148.453843
-71.862031,8,148.466848
-33.2803,8,148.473842
-75.199835,8,148.483389
-61.681272,8,148.489386
-14.204311,8,148.498996
-104.239953,8,148.755822
-11.054394,8,148.766526
-18.330868,8,148.777142
-40.68593,8,148.788172
-40.137966,8,148.798903
-138.33147,8,148.806903
-70.630721,8,148.81747
-3.269548,8,148.829274
-11.581398,8,148.847874
-137.351478,8,148.855885
-159.428467,8,148.868526
-6.387556,8,148.878194
-19.085549,8,148.886194
-39.861851,8,148.896868
-87.565722,8,148.905867
2.717233,8,148.915589
-148.193837,8,148.927176
-133.47089,8,148.936176
-19.977442,8,148.945026
-46.056716,8,148.953026
-68.66459,8,148.967543
6.739127,8,148.980301
-2.87597,8,148.98732
-177.484348,8,148.996965
-93.589219,8,149.003957
-43.879492,8,149.012794
-71.52999,8,149.019791
-32.0388,8,149.029141
-85.499042,8,149.039126
-4.824761,8,149.049826
-76.993068,8,149.056735
-111.35735,8,149.067809
-32.995191,8,149.270656
-21.922508,8,149.285172
-56.630557,8,149.29588
-17.162505,8,149.304889
-81.81108,8,149.320879
-98.805473,8,149.334437
1.788874,8,149.346927
-67.99476,8,149.355931
-161.565907,8,149.366537
-10.144778,8,149.378184
-75.146388,8,149.388184
-35.258873,8,149.399941
-95.648117,8,149.410536
-20.662454,8,149.433545
-9.543877,8,149.447877
-51.108433,8,149.456875
-137.659383,8,149.467632
-3.538071,8,149.478242
-40.106648,8,149.486238
-2.405895,8,149.498921
6.824937,8,149.512613
-65.246533,8,149.526144
-137.824223,8,149.542153
-18.395439,8,149.557295
-44.798406,8,149.572335
-22.870414,8,149.590392
-79.326477,8,149.613627
3.754893,8,149.622637
-111.653919,8,149.633252
-29.549101,8,149.649259
-119.534911,8,149.660769
-108.847446,8,149.677279
4.691875,8,149.932345
-100.918742,8,149.940346
-77.127791,8,149.951882
-91.475411,8,149.96362
-27.483965,8,149.972619
-41.452547,8,149.986305
-111.046466,8,150.006207
-41.470751,8,150.018908
-32.800592,8,150.029099
-59.28784,8,150.038099
-32.325293,8,150.048099
-27.898243,8,150.057099
-89.773432,8,150.066098
-8.796958,8,150.0771
-6.039942,8,150.086099
-19.4016,8,150.100709
2.331699,8,150.115457
-77.251198,8,150.12618
-8.086384,8,150.133181
-104.495403,8,150.147876
-9.253961,8,150.155874
-5.923451,8,150.165502
2.134721,8,150.172502
-48.687739,8,150.18119
-83.331384,8,150.188198
-4.628123,8,150.196186
-35.030675,8,150.203186
-71.673775,8,150.214725
-24.346209,8,150.222728
-92.694059,8,150.231367
-205.218924,8,150.238368
-67.686805,8,150.251909
-32.447596,8,150.466556
-95.231375,8,150.477235
-19.293681,8,150.487245
-70.120456,8,150.497873
3.240746,8,150.506872
-82.507203,8,150.517026
-94.6655,8,150.525027
-155.4267,8,150.535027
-95.639988,8,150.546149
-8.450991,8,150.560149
-117.041348,8,150.568158
-3.033696,8,150.579299
-21.670784,8,150.595071
-41.188335,8,150.604071
-101.959879,8,150.614719
-95.65256,8,150.622719
-53.030589,8,150.632719
-54.496694,8,150.642908
-47.416521,8,150.652904
-44.975377,8,150.663643
-77.55624,8,150.670643
-124.638241,8,150.682265
-19.870673,8,150.689258
-22.696359,8,150.698044
-34.624285,8,150.710752
-81.192983,8,150.71875
-58.607073,8,150.727378
-48.022859,8,150.73438
-119.640285,8,150.743274
-22.123149,8,150.75037
-3.071079,8,150.756364
-2.383778,8,150.766704
-42.756466,8,150.985138
-7.150856,8,150.993801
-1.072167,8,151.002773
-24.454049,8,151.012475
-24.391023,8,151.026138
-18.356476,8,151.038138
2.992246,8,151.048861
-50.724585,8,151.058133
-37.638678,8,151.067142
-7.379752,8,151.075169
3.201911,8,151.085201
-12.183075,8,151.0948
-21.331965,8,151.102792
-0.06514,8,151.113487
-172.99841,8,151.121483
-62.228445,8,151.135125
-9.456535,8,151.144839
-89.230225,8,151.158473
-2.792753,8,151.16748
-7.988019,8,151.177484
-82.159141,8,151.1845
-60.430685,8,151.191827
-33.663871,8,151.199862
-4.416528,8,151.20686
-25.842508,8,151.215502
-50.012957,8,151.223504
-4.42729,8,151.232295
-90.379197,8,151.243998
-6.291689,8,151.251023
-5.968416,8,151.259623
-0.042545,8,151.271644
-0.431413,8,151.2794
-132.764704,8,151.530019
-6.108243,8,151.540554
-51.585936,8,151.553223
-16.789139,8,151.571221
-76.591866,8,151.581223
-2.848399,8,151.590225
-46.002175,8,151.600223
-41.496844,8,151.609406
-41.227806,8,151.618406
-72.353663,8,151.6281
-19.455523,8,151.644002
-104.318713,8,151.654
-66.928013,8,151.663474
-86.847012,8,151.67348
-61.08934,8,151.68915
-39.87064,8,151.700862
2.924246,8,151.714864
-6.261682,8,151.727159
-4.310668,8,151.735159
-44.43504,8,151.743769
-17.784622,8,151.751769
-29.031076,8,151.760555
-50.721253,8,151.768553
-34.346856,8,151.782247
-22.077961,8,151.794963
-72.50504,8,151.801964
-100.094339,8,151.816951
-82.407817,8,151.829213
-0.553778,8,151.840208
-12.922559,8,151.855789
-5.203506,8,151.868431
-37.524753,8,151.88117
-32.651429,8,152.11038
-33.038253,8,152.123372
-23.283799,8,152.13419
-14.891711,8,152.150192
-54.565158,8,152.160458
-135.898558,8,152.170469
-44.656622,8,152.180144
-52.605856,8,152.189144
-1.814402,8,152.199843
-94.134561,8,152.209507
-42.312815,8,152.21951
-124.213626,8,152.236128
-85.334552,8,152.24816
-41.805213,8,152.257137
-22.651952,8,152.267129
-108.504362,8,152.277121
-40.982854,8,152.29337
-67.450894,8,152.303732
-3.230754,8,152.317803
-101.693915,8,152.32919
-70.311129,8,152.336195
0.470318,8,152.34786
1.321621,8,152.355929
-128.099504,8,152.363941
-50.498414,8,152.370943
-14.365036,8,152.378364
-38.292683,8,152.385358
-134.923766,8,152.39508
-23.257555,8,152.409831
-65.260158,8,152.417828
1.895237,8,152.425286
-78.643168,8,152.432388
-7.333875,8,152.627212
-34.094976,8,152.636217
-155.262555,8,152.64478
-134.07183,8,152.652779
-61.04693,8,152.663522
-7.055063,8,152.67813
-94.548968,8,152.687132
-98.070874,8,152.695798
-76.932821,8,152.70483
-10.519709,8,152.718478
-127.866017,8,152.727246
-130.184096,8,152.735236
-12.386525,8,152.745807
-25.604547,8,152.754806
1.534523,8,152.76448
-89.377709,8,152.77348
-62.22863,8,152.786147
-109.666538,8,152.795914
-2.047375,8,152.803914
-99.31093,8,152.812485
-92.438244,8,152.819522
-65.833712,8,152.832167
-21.306256,8,152.839161
-29.539277,8,152.849887
-2.620839,8,152.856887
-4.85513,8,152.864498
1.814451,8,152.871521
-36.468233,8,152.879229
-69.278558,8,152.886225
-62.604313,8,152.896934
-132.684705,8,152.903935
-48.144443,8,152.913008
-28.934346,8,153.111127
-68.626627,8,153.123124
-52.078084,8,153.138005
-40.189985,8,153.149265
-47.479241,8,153.157002
-60.488774,8,153.167237
9.402624,8,153.175722
-64.313665,8,153.189144
-26.864913,8,153.205227
-2.603361,8,153.225117
-28.498549,8,153.24655
-27.257756,8,153.258314
-38.313739,8,153.271424
-56.967673,8,153.28311
-19.216504,8,153.303162
-196.378004,8,153.33017
-10.985624,8,153.339167
-36.336481,8,153.348172
-54.201629,8,153.360868
-64.422156,8,153.370876
-36.950961,8,153.380403
-93.506793,8,153.387406
-50.209463,8,153.394964
-20.147128,8,153.402964
-19.182347,8,153.411602
-7.140207,8,153.418606
-104.673518,8,153.433329
-29.87929,8,153.454303
-12.502923,8,153.46233
-43.34714,8,153.470326
-42.911929,8,153.478166
5.897168,8,153.485167
-158.543814,8,153.700966
-38.510671,8,153.710577
-51.53691,8,153.721209
-5.135147,8,153.732308
-87.412814,8,153.749163
-140.333971,8,153.770579
-18.550061,8,153.785181
-1.467399,8,153.802809
-46.7092,8,153.815468
-45.381442,8,153.828277
-74.458172,8,153.839934
-53.473523,8,153.852092
-18.574268,8,153.870365
-89.315851,8,153.892139
0.436284,8,153.902148
-30.847123,8,153.910388
-51.261662,8,153.918397
-58.830646,8,153.928724
-23.365621,8,153.935729
0.474781,8,153.946088
-104.792549,8,153.957092
-42.796559,8,153.971697
-73.827945,8,153.98141
-8.321992,8,153.989403
-49.45047,8,154.005328
1.629295,8,154.016409
-66.860395,8,154.02638
-54.541274,8,154.034435
-3.326477,8,154.043381
-28.711754,8,154.051445
-122.627869,8,154.061101
-101.914458,8,154.068081
8.647336,8,154.321
-93.643507,8,154.334006
-69.091253,8,154.351782
-34.759047,8,154.362679
-97.405287,8,154.37725
-223.248569,8,154.389265
-104.949687,8,154.403175
-50.896077,8,154.42012
7.244428,8,154.431578
-27.221438,8,154.44758
-82.988496,8,154.462978
-62.627463,8,154.473974
-18.770847,8,154.485506
-21.481489,8,154.503162
-109.263864,8,154.520705
-25.874296,8,154.545932
-134.491236,8,154.55493
-7.254143,8,154.569998
-50.618159,8,154.5819
-117.193,8,154.5969
-39.279095,8,154.611132
-51.370674,8,154.628554
0.704009,8,154.644957
-124.425038,8,154.652958
-11.527904,8,154.66578
-38.347361,8,154.68827
-30.091895,8,154.706031
-15.549557,8,154.719809
-212.0087,8,154.730347
-73.049059,8,154.738339
-33.049503,8,154.753146
-17.551502,8,154.766637
-24.314181,8,155.017655
-69.633625,8,155.032107
-11.12451,8,155.04283
-43.019397,8,155.05286
-25.237091,8,155.063563
-69.204513,8,155.073554
-90.890055,8,155.088171
-26.278386,8,155.098171
-176.063452,8,155.108175
-113.883891,8,155.117174
-96.401115,8,155.128195
5.1049,8,155.142913
-83.831036,8,155.153913
-89.932753,8,155.164574
-6.594689,8,155.178231
-27.571313,8,155.187237
-35.681111,8,155.19625
-37.677849,8,155.207247
-59.329509,8,155.223265
-50.542786,8,155.232404
-37.118905,8,155.239404
-25.862313,8,155.251068
1.861904,8,155.259719
-106.446622,8,155.266733
-16.302764,8,155.275235
-6.945292,8,155.283379
-114.072201,8,155.291847
-33.665618,8,155.298924
-15.345124,8,155.305924
-225.630239,8,155.316103
-56.821928,8,155.323104
3.061204,8,155.339359
-2.53494,8,155.555021
0.190561,8,155.56766
-59.22628,8,155.580305
-66.132491,8,155.588304
-26.768576,8,155.601971
-2.709065,8,155.612091
-26.275533,8,155.621091
-30.196474,8,155.630092
-22.028686,8,155.639091
-9.638152,8,155.648092
-13.602563,8,155.657091
-104.825391,8,155.672399
-29.846287,8,155.682387
-69.966805,8,155.690386
-81.950447,8,155.704012
-18.159239,8,155.72165
-135.793792,8,155.731317
-110.462745,8,155.740317
-4.289238,8,155.749068
-30.660052,8,155.756068
-117.688142,8,155.764066
-61.036876,8,155.771069
-116.99885,8,155.782448
-20.98066,8,155.797014
-8.605932,8,155.816163
-87.613763,8,155.832424
-15.928857,8,155.840521
-4.604615,8,155.850557
-42.973876,8,155.85755
-19.098114,8,155.864542
-10.359865,8,155.871559
-43.063512,8,155.882473
-32.600289,8,156.107637
-40.899806,8,156.11664
-103.129866,8,156.123628
-34.083851,8,156.131289
-91.420186,8,156.145876
-79.230965,8,156.154897
7.497549,8,156.162601
-37.76063,8,156.173584
-14.343861,8,156.183319
-2.891071,8,156.192319
-49.900473,8,156.201319
-40.202718,8,156.211762
-22.771183,8,156.219762
-66.742638,8,156.231668
-5.607251,8,156.240668
-65.849003,8,156.251175
-46.336846,8,156.261629
-103.942599,8,156.282388
-13.097194,8,156.291573
-32.483285,8,156.302574
-77.864618,8,156.313622
-16.457744,8,156.321618
-10.879452,8,156.3304
-22.46511,8,156.337399
-38.551151,8,156.348317
-2.548205,8,156.355296
-4.586593,8,156.365786
-58.9706,8,156.37376
1.345351,8,156.382386
-80.790743,8,156.401191
-29.105344,8,156.40979
-31.409395,8,156.421792
-27.641307,8,156.718769
-65.58566,8,156.730821
-41.257734,8,156.756354
-49.296127,8,156.774232
-20.248893,8,156.787961
-10.490355,8,156.802867
-123.972393,8,156.81653
-74.684082,8,156.83467
-8.626636,8,156.850119
-3.678348,8,156.877787
-58.259566,8,156.903253
-40.899397,8,156.923185
-94.501942,8,156.940183
-2.224305,8,156.954216
-23.124492,8,156.967049
-1.034624,8,156.990661
-138.289317,8,157.011621
-3.578998,8,157.0316
-54.647073,8,157.051588
-18.444974,8,157.070281
-107.420806,8,157.090234
-26.727273,8,157.113935
-16.520418,8,157.134337
-14.818136,8,157.147954
-5.524912,8,157.164734
-72.727243,8,157.18106
-2.53372,8,157.202168
-6.406694,8,157.231122
-75.711191,8,157.246937
-43.573428,8,157.262489
-107.123781,8,157.275401
-90.965333,8,157.29083
-62.841961,8,157.517874
-47.555023,8,157.525641
-49.920234,8,157.527648
-88.819104,8,157.550263
-12.055287,8,157.560084
-24.415173,8,157.572331
-4.387534,8,157.586276
3.406305,8,157.59984
-60.390052,8,157.609978
-32.386131,8,157.618978
-14.734481,8,157.627801
-60.362536,8,157.6348
-20.12493,8,157.643547
-95.435222,8,157.653546
-47.070116,8,157.664459
-43.462,8,157.678384
-45.97112,8,157.686411
-26.80485,8,157.697757
-103.38714,8,157.706755
-26.71338,8,157.712764
-139.457686,8,157.712764
-2.662625,8,157.72878
-34.551871,8,157.72878
-29.053715,8,157.744644
-80.77242,8,157.744644
-89.806704,8,157.760606
-42.229273,8,157.760606
-15.408081,8,157.776744
-114.430265,8,157.792638
-146.55761,8,157.792638
-75.426816,8,157.80871
6.391442,8,157.817005
-105.861628,8,158.020301
-32.721116,8,158.030469
-170.504833,8,158.038469
-25.643401,8,158.043928
-58.557141,8,158.056327
-114.380998,8,158.060197
-47.398436,8,158.072263
-106.43094,8,158.081709
-36.185327,8,158.099391
-22.890984,8,158.106291
-81.12549,8,158.11927
-151.353603,8,158.129268
-86.982254,8,158.137268
-3.742772,8,158.146266
-34.337168,8,158.152271
-135.831777,8,158.15863
-64.844575,8,158.16837
-4.028463,8,158.177563
-70.908408,8,158.184681
-26.556478,8,158.192461
-34.103143,8,158.208446
-107.507866,8,158.221266
-12.793722,8,158.23027
-49.40901,8,158.238279
-36.751869,8,158.246277
-18.833709,8,158.253278
-43.70598,8,158.259283
-33.168848,8,158.266807
-215.70452,8,158.273083
-0.344678,8,158.280265
-10.221434,8,158.286603
-8.976886,8,158.295178
-20.172689,8,158.511065
-10.538993,8,158.528606
-104.273575,8,158.545505
-136.353433,8,158.553643
-38.351405,8,158.563645
-6.390405,8,158.572622
-185.587181,8,158.581621
-99.54433,8,158.589621
-159.792522,8,158.599619
-28.434753,8,158.60862
-22.339391,8,158.616628
-36.067305,8,158.627391
-0.365727,8,158.637724
-49.588003,8,158.654011
-51.595423,8,158.668325
-128.838428,8,158.676326
-59.187942,8,158.688332
-2.81718,8,158.698126
1.186644,8,158.706111
-57.383094,8,158.714227
-43.662471,8,158.721339
-13.023234,8,158.728306
-10.874223,8,158.735576
-50.944313,8,158.741221
-19.972512,8,158.748362
-23.818699,8,158.755512
-18.643929,8,158.768505
-41.005917,8,158.774557
-41.689962,8,158.785046
-21.067131,8,158.792226
4.379133,8,158.79932
-4.532779,8,158.806321
3.837065,8,159.001091
0.465502,8,159.008995
-16.978461,8,159.018001
-44.059198,8,159.025432
-21.264857,8,159.034563
-22.188959,8,159.041947
-105.172416,8,159.049042
-10.918351,8,159.062368
-69.008802,8,159.069638
-84.122714,8,159.078677
-25.803724,8,159.09013
-9.821227,8,159.102813
-26.652346,8,159.111548
-10.834323,8,159.121851
-99.534144,8,159.131846
-45.6364,8,159.140954
-175.043531,8,159.151697
-26.865106,8,159.163947
-81.150206,8,159.176136
-11.431941,8,159.197775
-4.747499,8,159.206869
-74.061413,8,159.218865
-6.864134,8,159.226286
-6.221232,8,159.23293
-128.089426,8,159.239065
-118.736142,8,159.245934
-13.99538,8,159.252176
-142.63843,8,159.258942
-35.391153,8,159.269177
-27.847645,8,159.275583
-21.062835,8,159.283996
-65.94543,8,159.290415
-80.143329,8,159.510716
-92.010261,8,159.520036
-122.538588,8,159.536201
-44.317021,8,159.546074
-12.52754,8,159.554082
-49.230613,8,159.564697
2.301845,8,159.573474
-14.14341,8,159.584787
7.788983,8,159.594746
-164.277148,8,159.607206
-29.310405,8,159.616186
-16.849603,8,159.62534
-39.888423,8,159.64134
-12.739877,8,159.664345
-33.788181,8,159.672584
-16.60415,8,159.691203
-70.640687,8,159.706336
-80.142121,8,159.720335
-76.167584,8,159.732481
-41.971132,8,159.741729
-197.082005,8,159.755993
-48.55725,8,159.776152
-89.023207,8,159.790057
-43.505805,8,159.799469
-203.266956,8,159.80982
-54.254393,8,159.822177
-2.68902,8,159.833158
-50.813513,8,159.839314
-61.826984,8,159.847082
3.377016,8,159.857415
-55.870971,8,159.86464
-87.045341,8,159.870739
-92.831964,8,160.083364
-22.582044,8,160.09169
-41.255686,8,160.103594
-0.134557,8,160.118675
-50.393476,8,160.128019
-4.89458,8,160.138936
-17.244075,8,160.149024
-57.955934,8,160.157922
-4.205882,8,160.165535
-26.797269,8,160.171841
-38.631422,8,160.1798
-91.658754,8,160.188329
-67.169078,8,160.19697
4.349338,8,160.205068
-73.630991,8,160.212972
-7.539493,8,160.222349
-19.901991,8,160.233894
-24.613171,8,160.241894
-71.000665,8,160.253898
-82.737166,8,160.26455
-10.273745,8,160.271314
-84.461483,8,160.280197
-97.728953,8,160.286348
-99.876049,8,160.293589
2.613004,8,160.302858
-5.44998,8,160.310843
-23.099874,8,160.317827
-23.487157,8,160.324825
-46.590121,8,160.334234
-73.678076,8,160.340455
-22.340792,8,160.351298
-55.821148,8,160.356795
-164.423149,8,160.53085
4.712118,8,160.53785
-68.50273,8,160.544864
-42.768733,8,160.551043
-4.352452,8,160.562756
-2.357717,8,160.570307
-28.032905,8,160.577594
-12.994374,8,160.585102
-88.024753,8,160.592966
-115.100601,8,160.600997
-24.521529,8,160.608361
-100.772921,8,160.620727
-34.229823,8,160.630812
-140.575957,8,160.641721
-1.822571,8,160.653078
-42.809724,8,160.662666
-136.289775,8,160.670146
-18.247661,8,160.683416
-16.944447,8,160.691414
-1.116481,8,160.70051
-38.395752,8,160.709801
-72.73544,8,160.719031
-5.127854,8,160.728604
-32.227483,8,160.741421
-44.451933,8,160.755179
-152.408344,8,160.763918
-25.176294,8,160.770434
-16.778191,8,160.778815
-73.795497,8,160.784821
-17.918746,8,160.797724
-21.180188,8,160.805087
-68.31021,8,160.814529
-48.183912,8,161.013431
-68.106225,8,161.020971
-49.826748,8,161.028684
-73.219296,8,161.036613
-5.075208,8,161.049883
-8.296022,8,161.058259
-21.758351,8,161.066357
-96.285547,8,161.073259
-86.80838,8,161.081252
-76.669314,8,161.08931
-86.625822,8,161.097366
-52.474567,8,161.104352
-96.022907,8,161.111357
-58.335582,8,161.118353
-12.099237,8,161.130358
-98.285697,8,161.137345
-17.395672,8,161.148259
-153.712551,8,161.155258
-3.597434,8,161.164253
-42.738443,8,161.171252
6.619159,8,161.178256
-95.423244,8,161.186342
-83.253311,8,161.195344
-7.080311,8,161.204184
-3.464945,8,161.214472
-26.213508,8,161.221658
-128.913525,8,161.232205
-0.882801,8,161.238278
-95.113307,8,161.245996
-41.070206,8,161.267805
7.537334,8,161.276341
-112.815592,8,161.28334
-21.996622,8,161.469954
-49.690203,8,161.478541
-38.658971,8,161.486116
-11.417636,8,161.494419
-15.945642,8,161.502448
-55.027267,8,161.510603
-38.092508,8,161.518598
-127.53182,8,161.526574
-7.977343,8,161.535376
-9.053243,8,161.552631
-17.18176,8,161.56146
-33.903371,8,161.56889
-30.032584,8,161.581092
-14.289033,8,161.590111
-1.04711,8,161.598064
-60.591231,8,161.605205
-25.524521,8,161.613292
-59.909828,8,161.621297
-5.582129,8,161.629293
-15.734695,8,161.637307
-40.447514,8,161.644298
-45.170713,8,161.652298
-27.528846,8,161.667077
-63.775473,8,161.673721
-150.014724,8,161.681813
8.152333,8,161.687318
1.029106,8,161.698071
-19.109164,8,161.708025
-97.13797,8,161.716634
-47.399602,8,161.72472
-21.854545,8,161.732719
-24.774494,8,161.738717
-199.842337,8,161.952638
-25.989586,8,161.966299
-65.020206,8,161.986976
-40.75423,8,161.998936
-35.656904,8,162.008372
-15.545125,8,162.019932
-99.697127,8,162.030885
-76.084326,8,162.03923
-81.405719,8,162.05071
-163.395457,8,162.064709
-37.539619,8,162.076777
4.125256,8,162.08634
-22.018229,8,162.099251
-8.414715,8,162.106951
-138.954776,8,162.118443
-114.001512,8,162.134812
-53.40151,8,162.146815
-29.855541,8,162.161812
-30.76398,8,162.174814
-32.401529,8,162.187773
-10.599915,8,162.19906
-86.150804,8,162.214915
-25.67697,8,162.225653
-163.399737,8,162.23428
-19.966503,8,162.244996
-188.021188,8,162.257973
-45.400486,8,162.271044
-46.732773,8,162.285955
-3.778377,8,162.293327
-130.206092,8,162.302805
-16.383265,8,162.309928
-64.370168,8,162.317148
-109.561197,8,162.502085
-4.267103,8,162.512656
-233.410479,8,162.523533
-47.578611,8,162.532414
-71.317844,8,162.539693
-66.486515,8,162.548056
-64.03991,8,162.556056
-58.434952,8,162.568054
-82.937271,8,162.580521
-139.500766,8,162.586797
-36.15196,8,162.586797
-61.951089,8,162.602883
-49.828328,8,162.614927
-44.073657,8,162.625815
-73.682794,8,162.633821
-41.081562,8,162.641815
-12.120741,8,162.650815
-1.145305,8,162.658815
-27.71567,8,162.669814
-18.105511,8,162.675192
-15.755615,8,162.687607
-6.945941,8,162.693517
-81.518105,8,162.693517
-92.605705,8,162.712061
-5.697971,8,162.718082
-82.075996,8,162.724101
-84.980139,8,162.730122
-165.892218,8,162.736143
-24.423166,8,162.741904
-66.838187,8,162.747923
-195.337893,8,162.755689
-31.211135,8,162.763715
-70.514375,8,162.933034
-30.815924,8,162.946049
-24.39088,8,162.947045
-17.821541,8,162.947045
-12.620711,8,162.966921
6.363099,8,162.974948
-111.98869,8,162.985555
-23.455664,8,162.991575
-22.455004,8,162.994584
-26.459404,8,162.994584
-76.228106,8,163.010296
-79.281962,8,163.010296
-20.171726,8,163.010296
-15.8733,8,163.030746
-130.453917,8,163.030746
-5.885,8,163.051672
-32.528371,8,163.058765
-42.15463,8,163.061566
-9.543784,8,163.061566
6.580084,8,163.077568
-60.691354,8,163.077568
-27.725499,8,163.093814
-56.116189,8,163.108727
-130.674001,8,163.11581
-30.809939,8,163.121815
-89.030206,8,163.125569
-79.73461,8,163.125569
-64.399683,8,163.145736
-26.583138,8,163.151958
-1.171637,8,163.157952
-51.335719,8,163.164967
-43.807751,8,163.169967
-57.647426,8,163.345218
-18.436878,8,163.345218
-91.025112,8,163.360553
-29.141907,8,163.368553
-54.098455,8,163.376673
-17.05609,8,163.384762
-7.86172,8,163.400339
-26.396951,8,163.408248
5.429981,8,163.416389
-7.615244,8,163.427221
-31.600754,8,163.436669
-118.401984,8,163.444191
-78.842351,8,163.451724
-21.439186,8,163.457743
-29.758315,8,163.465764
-101.525485,8,163.473836
-69.667739,8,163.481836
-38.616467,8,163.486838
-49.437032,8,163.486838
-20.401567,8,163.50686
-54.317752,8,163.514879
-82.44415,8,163.51863
-51.276562,8,163.51863
-88.137398,8,163.540025
-88.159201,8,163.546041
-67.684696,8,163.552059
-40.303431,8,163.558075
-183.782787,8,163.564092
-112.651269,8,163.574318
-87.775245,8,163.58032
-80.190146,8,163.586316
-92.872413,8,163.587331
0.576524,8,163.762134
-28.652142,8,163.775857
-103.446672,8,163.781879
-24.338778,8,163.787898
-35.482086,8,163.796786
-11.120213,8,163.804785
-53.701348,8,163.805785
-38.507883,8,163.805785
-16.572318,8,163.821565
-144.88468,8,163.821565
-19.734356,8,163.837654
-13.155387,8,163.837654
-16.980906,8,163.863236
-9.29554,8,163.871856
-64.519139,8,163.871856
-103.829137,8,163.889237
-148.59436,8,163.897219
-17.872299,8,163.905225
-73.356064,8,163.914169
-2.152248,8,163.915278
-45.350677,8,163.930999
-13.836368,8,163.937004
-204.192758,8,163.943637
-30.933179,8,163.949636
-19.624909,8,163.95861
8.011766,8,163.95861
-81.784103,8,163.973679
-16.359964,8,163.973679
-50.525197,8,163.989908
-60.498646,8,163.989908
-16.356449,8,163.989908
-110.504453,8,164.006051
-61.409115,8,164.185527
-22.430721,8,164.197871
-57.498546,8,164.205889
-18.40076,8,164.213875
-35.192874,8,164.221889
-35.491895,8,164.234669
-141.560203,8,164.243051
-49.578875,8,164.249326
-5.727604,8,164.25734
-20.520905,8,164.271102
-72.181775,8,164.285643
7.211771,8,164.317132
-4.667093,8,164.334696
-69.181614,8,164.348489
-14.508198,8,164.362289
1.34831,8,164.376092
-49.926567,8,164.390158
-2.504381,8,164.406371
-13.74426,8,164.419928
-37.066525,8,164.430932
-3.446237,8,164.446593
-88.614506,8,164.460068
-84.249853,8,164.467785
3.930321,8,164.483502
-165.741744,8,164.491503
-52.778995,8,164.503901
-3.801367,8,164.508565
4.887819,8,164.523675
8.3026,8,164.539632
-96.098275,8,164.539632
-92.540653,8,164.555833
-33.161209,8,164.577842
-31.45567,8,164.797323
-51.158084,8,164.809109
-12.613076,8,164.826929
-45.142882,8,164.852767
-79.987978,8,164.882784
3.36608,8,164.898587
1.250175,8,164.914409
-33.61145,8,164.936018
-73.758615,8,164.953053
-41.783133,8,164.971054
1.886018,8,165.015029
-40.260209,8,165.02557
-7.671526,8,165.045337
-65.789419,8,165.0838
-32.95691,8,165.162901
-15.859093,8,165.19249
-15.506019,8,165.221488
-46.699176,8,165.238834
-17.403836,8,165.249082
-27.542767,8,165.275503
-23.042496,8,165.28113
2.096157,8,165.307376
-72.00875,8,165.314729
-40.538244,8,165.337212
-160.8087,8,165.347076
-96.922632,8,165.35469
-11.889202,8,165.363876
-59.091622,8,165.364894
-42.028111,8,165.381552
-27.210523,8,165.39431
2.049801,8,165.39831
-86.173188,8,165.409895
-112.075685,8,165.60079
-20.400102,8,165.628094
-43.297541,8,165.639088
-39.233054,8,165.65607
-1.073746,8,165.667063
-3.456839,8,165.676066
-88.875103,8,165.685066
-37.051382,8,165.694067
-128.698799,8,165.703198
-17.476794,8,165.71185
-44.630969,8,165.71885
-37.738318,8,165.730336
-2.526429,8,165.73836
-58.902731,8,165.746389
-88.312061,8,165.756166
-20.686575,8,165.764195
-121.510178,8,165.773493
-124.592791,8,165.785635
2.750339,8,165.793656
-52.19519,8,165.803034
-46.601463,8,165.811025
-111.295904,8,165.819024
-13.892734,8,165.826032
-83.076469,8,165.834033
-0.944179,8,165.844937
-9.865586,8,165.852827
-14.868961,8,165.860563
-41.078221,8,165.868333
-44.654484,8,165.881031
-37.952439,8,165.893265
-46.709316,8,165.905307
-53.209551,8,165.913777
-66.836413,8,166.116543
-22.515891,8,166.12793
-27.292073,8,166.139169
-133.468634,8,166.15104
-69.000342,8,166.163043
-5.909918,8,166.182185
-112.033531,8,166.191628
-138.277465,8,166.200623
-43.812621,8,166.209282
-20.98454,8,166.225254
-3.662006,8,166.236269
-79.656455,8,166.246268
-25.451798,8,166.256255
-105.52265,8,166.265252
-71.424515,8,166.279025
-49.375563,8,166.289182
-42.826626,8,166.300262
-9.16299,8,166.308557
-17.666742,8,166.31745
-89.002371,8,166.328537
6.157727,8,166.339825
5.296437,8,166.355434
-34.460637,8,166.36579
-9.014462,8,166.372876
-22.032447,8,166.38179
-138.546061,8,166.394192
-46.262926,8,166.402693
-77.294158,8,166.412975
-150.060634,8,166.42114
-3.088751,8,166.432111
-8.379655,8,166.44081
-6.584726,8,166.450169
1.246121,8,166.659027
-18.529048,8,166.667981
-86.348039,8,166.68234
-84.014952,8,166.691173
-38.698616,8,166.698846
-93.872869,8,166.706842
-49.756596,8,166.715843
-97.855313,8,166.729123
-116.469923,8,166.738829
-109.828248,8,166.748039
-107.683991,8,166.756314
-20.382416,8,166.764962
-42.324145,8,166.773708
-110.438358,8,166.782514
-75.796576,8,166.797169
-29.012951,8,166.8055
-178.404044,8,166.814506
-80.986417,8,166.833453
-213.540614,8,166.854894
-91.80597,8,166.874281
-104.278337,8,166.894254
-45.072115,8,166.914854
-105.430855,8,166.933562
-25.987176,8,166.950888
-56.52659,8,166.968832
-90.216542,8,166.986969
-15.097033,8,167.005733
-97.967406,8,167.026935
-47.329939,8,167.045872
-152.001351,8,167.06862
2.466489,8,167.079396
-92.960835,8,167.092379
-168.343952,8,167.376573
-59.87994,8,167.392131
-62.098971,8,167.403579
-28.292848,8,167.414078
-1.000475,8,167.424071
-141.652682,8,167.433934
-7.109142,8,167.442914
-147.259738,8,167.457911
-18.809092,8,167.467782
1.567396,8,167.486456
-84.876089,8,167.499563
3.853224,8,167.508927
-73.665301,8,167.516942
-10.884511,8,167.526609
-49.748916,8,167.536129
-36.991292,8,167.544363
-158.882234,8,167.553461
-29.07664,8,167.562455
-103.955046,8,167.569485
-55.280567,8,167.576882
-70.807396,8,167.5891
-42.492203,8,167.601572
4.863449,8,167.608381
-38.429037,8,167.616058
-26.866696,8,167.622493
-23.52362,8,167.629259
7.021484,8,167.638705
-21.950091,8,167.647044
-43.028867,8,167.653044
-9.217967,8,167.662755
-4.988791,8,167.673759
-55.789591,8,167.683755
-52.65551,8,167.911162
-128.095448,8,167.919211
-62.851815,8,167.935249
6.374226,8,167.946931
-54.044265,8,167.956578
-156.423112,8,167.968906
-31.659783,8,167.977998
-4.615865,8,167.986001
-59.755876,8,167.993906
-112.484829,8,168.002912
-1.84912,8,168.010912
-26.017059,8,168.018582
1.305995,8,168.03211
-51.205255,8,168.044586
-15.23897,8,168.053859
-23.073878,8,168.063838
-62.320756,8,168.07001
-95.823827,8,168.079053
-14.863715,8,168.08755
-45.903595,8,168.096552
-146.415389,8,168.102552
-45.138846,8,168.109554
-53.757723,8,168.116552
-98.39812,8,168.123837
-36.63143,8,168.130501
-91.583319,8,168.146161
-22.811123,8,168.152496
-91.00458,8,168.159938
-13.399679,8,168.169905
-175.240692,8,168.183136
-133.785144,8,168.190249
-84.046573,8,168.200258
-53.028649,8,168.436327
0.674604,8,168.445327
-27.38747,8,168.45502
-85.849531,8,168.463043
-18.621191,8,168.475548
-31.101333,8,168.48666
2.184237,8,168.500709
-65.702228,8,168.513206
-10.213695,8,168.523379
-83.127402,8,168.533037
-60.866429,8,168.542007
2.519152,8,168.550006
-18.981175,8,168.559006
-174.55388,8,168.567694
-56.614684,8,168.582499
-27.292563,8,168.591519
-32.740062,8,168.601302
-59.617884,8,168.610094
-49.418809,8,168.628079
-53.690268,8,168.638725
-67.213844,8,168.651227
-73.156128,8,168.661201
-77.976881,8,168.671112
-48.938962,8,168.687187
5.645749,8,168.700444
-96.109891,8,168.708518
-21.035504,8,168.72048
-36.348916,8,168.730177
-59.847848,8,168.740891
-120.082549,8,168.75327
-28.018701,8,168.764244
-24.126753,8,168.779953
-11.063834,8,169.001419
-145.019737,8,169.014848
-30.242195,8,169.023834
-45.208847,8,169.033535
-50.30293,8,169.04472
-61.205815,8,169.053721
-106.295084,8,169.06169
1.524539,8,169.06969
-19.123066,8,169.078691
-224.278316,8,169.08769
-1.420226,8,169.096698
-75.732882,8,169.111602
-9.946821,8,169.125612
3.602407,8,169.135468
-58.906589,8,169.149133
-96.469648,8,169.162014
-44.946355,8,169.17002
-23.413592,8,169.17945
-46.59948,8,169.187427
-61.630762,8,169.200474
-150.033685,8,169.212485
-24.453738,8,169.221482
-83.525433,8,169.236241
-32.609937,8,169.245479
-38.70736,8,169.257477
-99.177358,8,169.268853
-92.604515,8,169.28087
-19.594881,8,169.287866
-32.558121,8,169.297266
-39.981698,8,169.309926
-201.933115,8,169.325449
-9.56544,8,169.3439
-42.358733,8,169.597225
-3.908609,8,169.606223
-3.693245,8,169.619286
-113.348541,8,169.629448
-131.569046,8,169.647447
-19.609973,8,169.65745
-48.433336,8,169.668755
1.630539,8,169.687104
-57.310957,8,169.701149
-51.334731,8,169.716441
-54.538757,8,169.733459
-39.563624,8,169.74846
-22.099454,8,169.762458
-163.166519,8,169.775457
-28.317707,8,169.790335
-17.896438,8,169.799433
-88.720713,8,169.807034
-55.931318,8,169.82128
-25.102859,8,169.830749
-29.138412,8,169.839222
-27.003707,8,169.849033
-36.06438,8,169.857193
-13.385621,8,169.865105
0.576391,8,169.876594
-6.432311,8,169.889009
-70.03245,8,169.905348
-67.733323,8,169.918461
-20.689364,8,169.931193
-46.726147,8,169.943349
-194.971893,8,169.962509
-20.820956,8,169.975502
-21.494778,8,169.986115
-126.596526,8,170.261526
-68.506755,8,170.273531
-33.445582,8,170.290523
-101.648812,8,170.303677
-152.425863,8,170.321167
-90.260839,8,170.343068
-7.537515,8,170.356068
-5.585093,8,170.368769
-28.64719,8,170.380723
-26.514197,8,170.39765
-7.792956,8,170.419643
-17.633449,8,170.432459
-31.787848,8,170.446113
-42.467331,8,170.460869
-164.062399,8,170.469869
-28.459291,8,170.480664
3.633517,8,170.493443
-59.412501,8,170.502439
-3.33046,8,170.51471
-68.85583,8,170.523729
-17.469487,8,170.532985
-16.429729,8,170.540977
-132.233344,8,170.557639
-30.84936,8,170.569653
-66.623806,8,170.581738
-41.942872,8,170.588718
-45.457731,8,170.597513
-31.562513,8,170.604508
-39.853007,8,170.612507
-78.360306,8,170.619514
-34.410916,8,170.626496
-33.971984,8,170.633515
-174.332677,8,170.86132
-16.251087,8,170.872326
-21.429504,8,170.883281
-8.275769,8,170.903006
-39.957104,8,170.938624
-20.655589,8,170.957999
-86.139239,8,170.973163
-82.329621,8,170.985702
-0.694413,8,170.998042
-132.717624,8,171.010746
-19.645303,8,171.030959
-42.683295,8,171.050763
5.640638,8,171.067058
0.496941,8,171.088421
-6.606718,8,171.102868
-90.298641,8,171.123327
1.441276,8,171.13732
-136.804178,8,171.147318
-36.379685,8,171.164137
-4.501636,8,171.172337
-13.377549,8,171.181993
-6.613977,8,171.190063
-66.245603,8,171.199282
-65.865151,8,171.205278
-26.776044,8,171.2153
-167.340674,8,171.22129
-50.480003,8,171.229582
-35.243355,8,171.236043
-36.202668,8,171.250401
-3.916022,8,171.257657
-0.643865,8,171.274537
-22.293244,8,171.28356
-0.503505,8,171.580819
-69.370186,8,171.603084
-75.470691,8,171.625595
-119.862761,8,171.637844
-44.500499,8,171.649837
-24.36903,8,171.660843
-102.141133,8,171.67418
-40.745474,8,171.684155
-37.82558,8,171.698199
0.308305,8,171.70517
-61.400551,8,171.715444
-9.687321,8,171.730079
-56.778272,8,171.744759
-110.277701,8,171.759277
-8.495662,8,171.767525
-66.294467,8,171.780186
-20.622625,8,171.78728
-94.786493,8,171.797565
-9.475985,8,171.810533
-8.245624,8,171.830021
-33.013009,8,171.842668
4.10086,8,171.867018
-183.666277,8,171.88144
-122.649219,8,171.89244
-98.218427,8,171.907717
-78.283177,8,171.92163
-21.193931,8,171.933278
-82.776607,8,171.946176
-62.391171,8,171.962096
1.620957,8,171.977184
-89.231172,8,171.989178
-143.950403,8,172.0019
-26.496597,8,172.330829
-30.866288,8,172.371768
0.85576,8,172.389769
-18.38376,8,172.424066
-18.904822,8,172.451066
-54.062707,8,172.46707
-90.631757,8,172.485056
-8.176631,8,172.498427
-60.317799,8,172.515991
-180.38804,8,172.524996
-9.986852,8,172.540639
0.237547,8,172.553963
-25.109861,8,172.566985
-110.533201,8,172.578389
-32.915052,8,172.597389
-45.980926,8,172.607387
-3.260842,8,172.618029
-95.472096,8,172.63574
-58.757737,8,172.651741
3.462449,8,172.66574
-32.502429,8,172.676776
-46.688279,8,172.688743
-3.982703,8,172.704666
-76.002502,8,172.718806
-65.445838,8,172.73075
-8.536071,8,172.740176
2.010228,8,172.76356
-47.566346,8,172.771554
-27.700201,8,172.782552
-5.247932,8,172.794958
-68.677598,8,172.802454
-94.897108,8,172.810557
-35.485173,8,173.093881
-125.329316,8,173.103234
-39.99132,8,173.113242
-84.106717,8,173.122235
-90.84646,8,173.133235
-59.070901,8,173.142235
-3.980926,8,173.153242
-8.120889,8,173.170424
-21.672413,8,173.183397
-7.639518,8,173.193401
-13.305369,8,173.203402
-18.491238,8,173.212024
-30.984379,8,173.221028
-20.796426,8,173.231371
-121.17833,8,173.238374
-58.589436,8,173.249368
-81.568029,8,173.258403
-92.986245,8,173.27092
-39.630454,8,173.284711
-73.356484,8,173.300716
-1.360928,8,173.312835
-3.341566,8,173.321856
-51.064565,8,173.328861
-87.299592,8,173.335882
-8.273053,8,173.34275
-95.449571,8,173.350876
-99.851772,8,173.35688
-22.467703,8,173.364396
-124.989004,8,173.3714
-8.952976,8,173.378011
-116.237347,8,173.386925
-2.20613,8,173.409647
-78.839356,8,173.812188
-94.703113,8,173.822993
1.517309,8,173.833523
-79.382253,8,173.844969
-24.782934,8,173.867978
-37.666536,8,173.883434
-62.258818,8,173.905605
-1.686843,8,173.916613
-11.56037,8,173.927038
-94.534316,8,173.936372
-7.228812,8,173.94869
-20.149704,8,173.96004
-27.027548,8,173.981179
-5.179304,8,173.9902
-19.13044,8,174.000454
-6.352471,8,174.01533
-87.968473,8,174.028553
-21.52851,8,174.038539
-10.622589,8,174.048291
-96.914384,8,174.057312
-26.672017,8,174.066482
-107.026581,8,174.073514
-47.119046,8,174.084037
-125.091231,8,174.092032
-26.21574,8,174.10013
-18.599256,8,174.11297
-44.516525,8,174.122773
-21.55205,8,174.131685
-30.141956,8,174.13909
-63.248889,8,174.148645
-40.089925,8,174.155729
-43.066353,8,174.163253
-5.072415,8,174.379208
-7.422501,8,174.390158
-44.015447,8,174.402207
-28.480413,8,174.413599
-23.472361,8,174.434597
-66.498888,8,174.452338
-53.352284,8,174.47033
-116.987132,8,174.485831
-38.00771,8,174.494745
5.555046,8,174.509953
-48.298957,8,174.527587
2.986799,8,174.546733
-75.663872,8,174.564373
-47.527789,8,174.580573
-7.452115,8,174.59563
3.548978,8,174.611835
-43.211848,8,174.612678
-104.496901,8,174.637913
-83.383685,8,174.649892
-26.434036,8,174.678164
-24.748494,8,174.681165
-2.381238,8,174.703371
-78.204539,8,174.719581
-78.557388,8,174.734644
-85.550184,8,174.747441
-36.511585,8,174.759954
-11.838514,8,174.778877
-32.710586,8,174.793216
-51.91068,8,174.802213
-62.712192,8,174.81999
-40.389031,8,174.844542
-33.462471,8,174.864545
1.678853,8,175.076677
-54.408858,8,175.076677
-122.644931,8,175.092928
-91.635294,8,175.093926
-94.469954,8,175.110055
-30.383541,8,175.110055
-116.63354,8,175.12903
-107.952311,8,175.136782
-21.738287,8,175.14179
-53.019335,8,175.14179
-56.513548,8,175.159652
-10.459613,8,175.172848
-87.827243,8,175.180853
-103.454977,8,175.180853
-19.596085,8,175.195494
-50.731737,8,175.195494
-9.413532,8,175.216921
-19.640077,8,175.216921
-115.873159,8,175.235635
-2.058117,8,175.243385
-29.047865,8,175.25171
-39.847915,8,175.260921
-19.579919,8,175.278245
-12.119718,8,175.304242
-30.955819,8,175.315341
-104.210131,8,175.324245
-33.992879,8,175.338248
-39.459672,8,175.369662
-0.060223,8,175.38466
-96.974967,8,175.394661
-59.438192,8,175.405628
-23.100614,8,175.415456
-47.701142,8,175.661936
-97.652519,8,175.666461
-11.391861,8,175.682244
-17.138591,8,175.69076
-123.693087,8,175.704439
-50.267648,8,175.714386
-91.503252,8,175.722138
1.948905,8,175.730303
-12.351288,8,175.741472
-13.034367,8,175.762395
1.816357,8,175.785479
-75.212544,8,175.801036
-153.104988,8,175.812317
4.040054,8,175.822321
-15.834902,8,175.83367
-15.610014,8,175.845659
-10.442252,8,175.863444
3.302811,8,175.876853
1.324264,8,175.887831
-3.624037,8,175.896201
-34.450658,8,175.903224
-0.941918,8,175.911361
-8.715694,8,175.918039
-85.768581,8,175.927126
-22.011679,8,175.928284
-26.324573,8,175.928284
-17.768772,8,175.945103
-39.321119,8,175.945103
-11.901085,8,175.965086
-48.143917,8,175.979366
3.371439,8,175.979366
-80.596865,8,175.995678
0.586514,8,176.181194
-56.370261,8,176.188419
-149.682317,8,176.197638
-20.554396,8,176.203645
-69.080258,8,176.20729
-6.279704,8,176.224411
-125.012222,8,176.231164
-51.068057,8,176.239172
2.805608,8,176.244955
-39.03401,8,176.261021
-5.516397,8,176.271106
-16.624542,8,176.288091
-95.578675,8,176.296451
-41.285668,8,176.305358
-20.915296,8,176.316551
-21.486951,8,176.331681
-67.610296,8,176.338681
-1.491563,8,176.347954
-85.414671,8,176.355705
-94.475739,8,176.362013
-9.601489,8,176.362013
-80.88539,8,176.378176
4.9782,8,176.396162
-11.417741,8,176.397437
-63.546991,8,176.411592
-20.91593,8,176.418601
-46.003601,8,176.425605
-1.110078,8,176.432405
-233.42875,8,176.439399
-3.479192,8,176.442179
-56.647556,8,176.442179
-0.469521,8,176.457413
-47.583864,8,176.62925
-1.068813,8,176.650169
0.593112,8,176.661875
-27.442622,8,176.661875
-63.702032,8,176.678507
-63.346885,8,176.678507
-67.419986,8,176.698315
-62.936701,8,176.705316
-79.454838,8,176.71404
-62.667598,8,176.72204
-76.808829,8,176.725654
-3.56491,8,176.725654
-148.787702,8,176.747094
-30.47342,8,176.755093
-25.475897,8,176.764959
-26.450959,8,176.778791
-63.147666,8,176.778791
-16.539133,8,176.797765
-69.731277,8,176.808901
-27.733647,8,176.815351
-234.898555,8,176.827719
-50.390967,8,176.832275
-58.57315,8,176.844587
-142.206421,8,176.85586
-226.896863,8,176.863058
-209.956173,8,176.865705
-87.822229,8,176.877874
-38.177768,8,176.883409
-5.351936,8,176.898916
-68.020638,8,176.91543
2.326488,8,176.930662
-65.66102,8,176.932311
-35.052938,8,177.172085
-2.278052,8,177.186041
-68.049005,8,177.196785
-55.160717,8,177.199852
-29.273284,8,177.214974
-30.581211,8,177.214974
-32.720249,8,177.239809
-54.042173,8,177.250955
-46.996664,8,177.270685
-40.808593,8,177.282647
-3.506696,8,177.29659
-89.729033,8,177.308752
-23.538748,8,177.319363
-10.19594,8,177.330505
-58.071142,8,177.338257
-40.329349,8,177.361863
-26.030091,8,177.370708
-58.751392,8,177.380612
-75.832904,8,177.388607
-90.680342,8,177.397292
1.876274,8,177.412416
-44.0493,8,177.412416
-37.682113,8,177.426679
-13.750449,8,177.43332
-37.897904,8,177.441346
-37.808961,8,177.445208
-144.004185,8,177.445208
-27.426531,8,177.460355
-17.057964,8,177.460355
-1.437712,8,177.481505
-23.6171,8,177.483616
-30.862144,8,177.499008
-36.618227,8,177.698862
-0.288725,8,177.717359
-101.952931,8,177.725738
-90.457787,8,177.736107
-28.764453,8,177.744332
-31.369133,8,177.750523
7.327644,8,177.763723
-59.281588,8,177.764719
-96.226832,8,177.780155
-7.912834,8,177.786951
5.310659,8,177.798504
-2.635557,8,177.798504
-66.45174,8,177.815019
-6.645482,8,177.82973
-78.81165,8,177.834751
-6.482592,8,177.848408
-84.160716,8,177.85811
-35.049898,8,177.865036
-153.714929,8,177.872723
-100.400699,8,177.885715
-144.677474,8,177.902547
-56.434903,8,177.910077
-66.130647,8,177.918072
-39.214873,8,177.925072
-15.074463,8,177.932072
-18.409751,8,177.939073
-225.114527,8,177.947782
-36.284054,8,177.947782
-97.93519,8,177.965121
-80.18699,8,177.965121
-19.942982,8,177.978378
-36.931177,8,177.981376
-32.557546,8,178.175763
-43.678841,8,178.176647
-64.513391,8,178.193337
-20.863731,8,178.205267
-1.239783,8,178.21978
-9.470765,8,178.238038
-48.070226,8,178.252256
-91.759767,8,178.264545
6.641532,8,178.272536
-13.518723,8,178.282847
-41.314919,8,178.291869
-31.209724,8,178.303866
-5.25485,8,178.316385
-9.622993,8,178.325416
-144.24816,8,178.334408
-94.977377,8,178.342282
-4.951818,8,178.342282
-20.167005,8,178.363887
-63.951206,8,178.363887
-47.781234,8,178.386685
-46.182679,8,178.395672
12.593598,8,178.402689
-27.890369,8,178.408773
-175.298495,8,178.408773
-117.197694,8,178.408773
-18.224414,8,178.424764
4.176018,8,178.424764
-76.433064,8,178.440933
-4.101847,8,178.449866
-23.880328,8,178.463756
-113.315769,8,178.469844
-189.594495,8,178.476984
-143.111951,8,178.648849
6.525752,8,178.66262
-0.394378,8,178.686881
-2.099201,8,178.694122
-116.355306,8,178.694122
-52.555708,8,178.712273
-0.435979,8,178.712273
0.198382,8,178.724922
-1.65871,8,178.724922
-23.465696,8,178.748962
-43.515645,8,178.764104
-119.217253,8,178.772125
-31.639742,8,178.788808
4.353183,8,178.802219
-22.08863,8,178.808884
-39.46836,8,178.808884
-18.98685,8,178.824407
-141.925277,8,178.824407
-16.029137,8,178.845051
-126.68128,8,178.845051
-119.343979,8,178.85622
-36.712222,8,178.85622
-15.887795,8,178.872336
-97.411096,8,178.872336
-70.911487,8,178.888402
-40.764948,8,178.902735
-60.738245,8,178.921443
-12.186175,8,178.931907
-21.472101,8,178.939901
-69.380832,8,178.949085
-33.507253,8,178.960478
-22.595876,8,178.972927
-0.887327,8,179.306377
-1.919983,8,179.320122
-74.294332,8,179.33084
-62.680366,8,179.341985
3.100699,8,179.354061
-109.845943,8,179.380812
-116.873543,8,179.394667
-51.108198,8,179.410491
-20.630392,8,179.42311
-6.950039,8,179.437118
-39.667823,8,179.453314
-21.517499,8,179.469555
-18.213291,8,179.490873
-203.375503,8,179.504965
-98.058683,8,179.520891
-31.462389,8,179.528167
-55.71702,8,179.552266
-19.954614,8,179.574509
-16.005662,8,179.590717
-27.678781,8,179.612258
-15.853038,8,179.631216
-107.699843,8,179.643428
-150.962457,8,179.659309
2.066345,8,179.672721
-49.899794,8,179.680866
-44.811106,8,179.695165
-46.21719,8,179.695165
-30.134762,8,179.712011
-106.192893,8,179.729544
-83.859914,8,179.747644
-36.40688,8,179.763186
-25.91612,8,179.781063
-42.994934,8,180.082283
-1.816357,8,180.094559
-103.546479,8,180.106018
-10.461586,8,180.117269
-91.297007,8,180.125714
-76.514421,8,180.135629
-95.533813,8,180.145953
2.431223,8,180.145953
-13.540433,8,180.163123
-56.167535,8,180.163123
-48.414662,8,180.187019
-16.145323,8,180.198599
-0.490866,8,180.207593
-182.548639,8,180.215189
-160.80196,8,180.225798
-9.416767,8,180.236656
-53.414982,8,180.24981
-142.687431,8,180.253816
-41.743494,8,180.265989
-52.802773,8,180.272981
-14.999972,8,180.287708
-26.851464,8,180.294822
-30.421674,8,180.304407
-3.207545,8,180.310693
-73.217259,8,180.310693
-12.34139,8,180.328694
-115.488516,8,180.328694
-24.291682,8,180.349714
-65.121781,8,180.361513
-66.003106,8,180.361513
-20.193725,8,180.37867
3.437907,8,180.385665
-62.554393,8,180.557313
-0.802428,8,180.565233
-57.127649,8,180.571241
-36.562868,8,180.582284
-39.429032,8,180.590296
-17.264255,8,180.597592
-119.482802,8,180.6036
-70.489847,8,180.607659
-77.501158,8,180.627871
-97.331282,8,180.638026
0.824851,8,180.648773
-23.881874,8,180.656782
-20.309916,8,180.666084
-90.613444,8,180.672084
-55.460914,8,180.682088
-13.43485,8,180.691085
-46.857789,8,180.694676
-150.986604,8,180.713061
-3.547357,8,180.715069
-78.57091,8,180.730435
-24.656612,8,180.748593
-11.542125,8,180.750598
-118.86093,8,180.761973
-54.023898,8,180.778413
-27.238095,8,180.778413
-34.131518,8,180.79471
-9.056544,8,180.79471
-111.84952,8,180.81209
-91.058755,8,180.81209
-74.531141,8,180.828716
-24.119664,8,180.828716
-78.2371,8,180.845531
-2.242993,8,181.037196
-56.74297,8,181.049374
-60.980498,8,181.059998
-65.140495,8,181.068248
-13.515939,8,181.082799
-46.050353,8,181.090799
-50.791894,8,181.100781
-19.44133,8,181.11127
-19.926722,8,181.12127
-5.020385,8,181.136724
-11.599363,8,181.146864
-73.735951,8,181.156179
-36.359716,8,181.1681
-44.909445,8,181.179718
-41.796238,8,181.186718
-5.776094,8,181.201335
-4.685845,8,181.210984
-33.647821,8,181.223995
-92.388966,8,181.237771
-0.205748,8,181.245793
-7.192281,8,181.254815
-69.597359,8,181.272981
-3.168324,8,181.283205
-12.922151,8,181.290202
-79.451566,8,181.304206
-19.409339,8,181.31408
-41.758164,8,181.324079
-36.055131,8,181.342326
-103.777118,8,181.351437
-15.305995,8,181.360206
-3.966942,8,181.368494
5.678323,8,181.375667
0.37711,8,181.60439
-103.763303,8,181.613322
-89.483041,8,181.630635
-78.855091,8,181.642581
-3.051943,8,181.652659
-16.926182,8,181.6642
-5.130446,8,181.673203
-42.108987,8,181.682783
7.262132,8,181.694717
-15.50603,8,181.704655
-55.671377,8,181.717506
-13.193057,8,181.728714
-30.733982,8,181.738678
-1.711877,8,181.752418
-110.615849,8,181.767026
-15.033132,8,181.785636
-4.93228,8,181.797321
-27.164253,8,181.805318
-14.699281,8,181.813103
-159.954353,8,181.820102
-74.244497,8,181.828812
-26.365702,8,181.835825
-60.650675,8,181.848211
-187.082469,8,181.864542
6.372205,8,181.872541
-33.633587,8,181.881769
-5.11544,8,181.889762
-90.394019,8,181.914054
-3.786132,8,181.92766
-83.751912,8,181.942447
-31.615064,8,181.95545
0.370282,8,181.966156
-10.563672,8,182.264344
-23.161776,8,182.274324
-28.24136,8,182.286319
-1.298471,8,182.296958
-89.86863,8,182.311019
-22.452474,8,182.325001
-34.086166,8,182.325001
-46.70014,8,182.352658
-7.4341,8,182.36435
-47.00572,8,182.373689
-35.888551,8,182.381703
-4.717412,8,182.385978
-2.716648,8,182.401813
-38.553586,8,182.411572
-0.605185,8,182.423269
-33.520654,8,182.431081
6.256159,8,182.442532
2.891297,8,182.453243
-25.3649,8,182.462547
2.717401,8,182.466241
-13.224323,8,182.483575
-12.597137,8,182.499234
-14.816393,8,182.510142
-120.921108,8,182.515919
5.563495,8,182.532588
-92.128836,8,182.543495
-6.668843,8,182.549312
-43.401465,8,182.56318
-57.898333,8,182.569541
-87.979265,8,182.581789
3.588714,8,182.59247
-29.426143,8,182.603076
-28.389027,8,182.827878
1.642534,8,182.835957
-24.273536,8,182.848979
0.27455,8,182.862941
-72.300498,8,182.865942
2.250813,8,182.881762
0.753394,8,182.881762
-25.616302,8,182.898492
-18.504501,8,182.909096
-127.34038,8,182.915282
-76.468564,8,182.927044
-11.477372,8,182.936125
-38.490314,8,182.945564
-35.674471,8,182.948557
-30.724073,8,182.965168
-100.432595,8,182.97786
-7.583954,8,182.981858
-18.246834,8,183.000017
-79.60932,8,183.008042
-8.69498,8,183.009552
3.48688,8,183.009552
-11.855825,8,183.025831
-45.133184,8,183.025831
-54.369916,8,183.043584
-7.83944,8,183.043584
-15.515613,8,183.060243
-33.210454,8,183.060243
-48.633811,8,183.060243
-100.06195,8,183.076283
-39.675367,8,183.076283
-3.825882,8,183.095429
-3.796738,8,183.101447
-189.18084,8,183.29435
-127.591262,8,183.306258
-151.706155,8,183.315602
-29.817784,8,183.326942
-14.829199,8,183.332669
-17.226283,8,183.349012
-78.830225,8,183.365882
-62.699602,8,183.380823
-26.032719,8,183.394368
-10.642017,8,183.406101
5.737952,8,183.41523
-222.563293,8,183.416919
-7.513353,8,183.434039
-57.781123,8,183.44242
2.73504,8,183.450724
-0.381849,8,183.464103
-131.464362,8,183.465101
-104.625338,8,183.482036
-5.525634,8,183.493483
1.953807,8,183.500652
-7.747265,8,183.508995
-15.2034,8,183.516554
9.99618,8,183.523558
-12.095165,8,183.530824
-26.293654,8,183.537241
-42.08268,8,183.544576
-3.12091,8,183.550578
-91.975331,8,183.552585
-44.077965,8,183.563292
-52.918972,8,183.565291
-23.291198,8,183.565291
-66.315677,8,183.581999
-92.401777,8,183.830656
-45.465045,8,183.84235
-26.859985,8,183.857736
-56.889548,8,183.865795
-142.269587,8,183.878757
4.533207,8,183.88219
-7.432116,8,183.896575
-10.515095,8,183.90591
-73.871644,8,183.919489
-62.508463,8,183.928858
-16.525286,8,183.936028
0.636435,8,183.948424
-39.143496,8,183.955371
-8.813071,8,183.965157
-21.720822,8,183.965157
-43.196055,8,183.981874
-17.423456,8,183.99339
-34.823445,8,184.003209
8.972517,8,184.011206
-60.256856,8,184.015203
-47.838148,8,184.015203
-25.832793,8,184.031836
-51.946922,8,184.042474
-125.947257,8,184.048502
-70.843414,8,184.060264
-44.244131,8,184.065274
2.978874,8,184.065274
-25.781801,8,184.081978
-38.003418,8,184.082303
5.948735,8,184.09534
7.283537,8,184.099332
-37.152191,8,184.099332
-22.716243,8,184.27822
-20.098676,8,184.284286
-24.955701,8,184.290288
-79.952767,8,184.298599
-44.053514,8,184.308128
-167.06693,8,184.308128
-30.335677,8,184.324291
-38.585719,8,184.337115
-29.329513,8,184.345691
-69.775504,8,184.353442
-19.192898,8,184.361326
-37.247966,8,184.369346
-43.829939,8,184.380122
-3.926578,8,184.38813
-26.071914,8,184.392029
-6.924049,8,184.392029
-69.968956,8,184.408236
-22.931359,8,184.42403
-56.492381,8,184.432051
-13.942416,8,184.437799
-94.765196,8,184.44664
-7.575696,8,184.457659
-24.994389,8,184.465346
-99.247261,8,184.473375
-9.98629,8,184.477391
3.151205,8,184.487361
-19.560073,8,184.50928
-5.244377,8,184.519422
-6.189964,8,184.521431
-22.062461,8,184.535625
-39.162472,8,184.555561
-22.816401,8,184.555561
-78.352626,8,184.807736
2.717601,8,184.825981
-89.580416,8,184.836572
-38.489459,8,184.847014
-28.973232,8,184.857039
-2.11245,8,184.866191
-24.687696,8,184.875163
2.325267,8,184.884462
-0.828923,8,184.895425
-176.105406,8,184.907184
-182.788795,8,184.928694
-38.182771,8,184.944926
1.91894,8,184.944926
-1.437042,8,184.962134
-66.529017,8,184.962134
-74.680545,8,184.978613
-89.967207,8,184.978613
6.293086,8,184.994888
-44.201443,8,184.994888
-67.790405,8,185.011586
-106.477427,8,185.011586
-13.076734,8,185.028197
-120.299951,8,185.045114
-16.280307,8,185.045114
-2.774085,8,185.061699
-2.525053,8,185.061699
-42.914753,8,185.078864
-169.041221,8,185.078864
-16.323472,8,185.095363
-19.017555,8,185.095363
-198.011843,8,185.10936
-8.447443,8,185.111558
-13.811011,8,185.295307
-23.327048,8,185.315477
-90.31917,8,185.325518
-78.955794,8,185.339141
-186.08478,8,185.349673
-26.872153,8,185.360549
-11.919278,8,185.361522
-53.017461,8,185.377096
-1.820034,8,185.385373
-40.053755,8,185.395982
-50.380631,8,185.409778
-8.186564,8,185.409778
-94.034428,8,185.426971
4.946999,8,185.426971
-54.96423,8,185.45123
-44.818139,8,185.467503
-59.137657,8,185.477311
-102.736549,8,185.486382
-40.086397,8,185.493634
-55.441048,8,185.49865
-65.972656,8,185.514114
-2.071805,8,185.515642
-91.127688,8,185.530848
-20.894975,8,185.532259
-11.928905,8,185.543137
-122.413133,8,185.543137
5.489653,8,185.566463
-49.948546,8,185.572484
-47.38649,8,185.582308
-20.109125,8,185.582308
-71.347888,8,185.59926
2.531606,8,185.59926
-14.879192,8,185.811157
-30.45724,8,185.818567
-16.412853,8,185.826741
-49.080979,8,185.835027
-174.385304,8,185.845686
-2.846138,8,185.848686
-28.950687,8,185.859138
-128.593746,8,185.871387
-239.498727,8,185.881876
-4.775022,8,185.896481
-84.554648,8,185.90348
-62.613348,8,185.911211
-17.247612,8,185.919209
-24.704626,8,185.927843
-11.506842,8,185.931866
-131.281172,8,185.943573
-1.743121,8,185.948595
-4.341575,8,185.959234
-35.928588,8,185.965266
-34.096483,8,185.965266
-27.642085,8,185.981895
-25.116876,8,185.999522
-111.804014,8,186.001523
-166.026702,8,186.014362
-2.423948,8,186.015352
-19.191935,8,186.026937
-27.826099,8,186.031984
-22.921058,8,186.031984
-34.551308,8,186.045648
-59.033548,8,186.051056
-61.703548,8,186.057066
-86.832403,8,186.065802
-69.257795,8,186.229627
-84.347122,8,186.243597
-8.993077,8,186.259981
5.26025,8,186.262538
-15.953961,8,186.262538
-7.165492,8,186.28162
5.565608,8,186.28162
-124.104396,8,186.302778
-47.512236,8,186.314158
-35.017212,8,186.314158
-98.058693,8,186.330892
-58.92059,8,186.340493
-16.665506,8,186.351825
-19.892956,8,186.360618
-16.570985,8,186.361929
-52.822626,8,186.378775
-62.95137,8,186.378775
-47.691076,8,186.395415
-51.183201,8,186.395415
-9.851154,8,186.411726
-59.009301,8,186.411726
-4.948026,8,186.428569
-101.758323,8,186.445012
-118.771279,8,186.445012
-1.66461,8,186.459941
-102.680348,8,186.461909
-59.212187,8,186.479356
-37.554776,8,186.479356
-17.182602,8,186.493894
-26.231105,8,186.494917
-34.733165,8,186.494917
2.587046,8,186.511309
-15.740679,8,186.771307
-84.438923,8,186.784646
-142.556532,8,186.794497
-19.068226,8,186.795511
-92.803097,8,186.81195
-87.451498,8,186.827627
-7.04568,8,186.833346
-51.210111,8,186.861167
-16.38223,8,186.870306
-16.713327,8,186.883873
-109.856583,8,186.900596
-94.379543,8,186.914812
-99.772201,8,186.929191
-100.720871,8,186.941032
-39.757378,8,186.95109
-3.551318,8,186.959969
1.823277,8,186.962048
-35.821477,8,186.978808
-16.378931,8,187.000397
-42.213168,8,187.024205
-70.348425,8,187.038857
-52.434871,8,187.045214
-86.483556,8,187.061813
-88.902673,8,187.07867
-34.672001,8,187.07867
-84.533554,8,187.095226
-84.590886,8,187.111663
8.965038,8,187.12826
-49.16234,8,187.144684
-95.563417,8,187.144684
-126.985552,8,187.162183
-104.971563,8,187.176825
-31.428828,8,187.46848
-7.096389,8,187.491288
-11.003811,8,187.50318
-22.461049,8,187.518471
-0.742205,8,187.530434
-15.831272,8,187.541427
-66.537195,8,187.554414
-51.266605,8,187.567
-92.430142,8,187.578108
-53.642034,8,187.588133
-65.295906,8,187.597149
-19.271313,8,187.612799
-104.066817,8,187.629748
-58.444321,8,187.629748
0.159356,8,187.646385
-39.066963,8,187.661409
-20.440585,8,187.670206
-37.067366,8,187.679091
-144.144851,8,187.686937
-37.090137,8,187.695237
11.407949,8,187.696248
-4.069394,8,187.712189
-12.957139,8,187.712189
-89.299959,8,187.731981
-152.65992,8,187.733588
-78.855186,8,187.754519
-44.819243,8,187.763375
-95.078664,8,187.765284
4.095432,8,187.77931
-14.512427,8,187.786289
-66.073197,8,187.795006
-140.147875,8,187.802167
-7.052872,8,187.982912
-134.538844,8,187.992445
-20.28252,8,187.999761
-157.764853,8,188.008093
-62.431702,8,188.015679
10.634797,8,188.027054
-4.494584,8,188.027054
-39.37324,8,188.04442
-3.936105,8,188.050426
-8.363528,8,188.058176
-116.710529,8,188.068457
3.746501,8,188.076845
-56.291973,8,188.082853
-5.587624,8,188.088102
-55.266572,8,188.09855
-22.619097,8,188.10606
-27.237307,8,188.115361
-110.205316,8,188.123361
2.630839,8,188.136957
-50.115844,8,188.146017
1.44584,8,188.15222
-116.725265,8,188.159929
-26.646405,8,188.16873
-16.351548,8,188.174749
-15.25017,8,188.180544
-30.456039,8,188.180544
-21.127892,8,188.195732
-68.384726,8,188.195732
-51.001781,8,188.212679
5.769224,8,188.212679
-19.789317,8,188.228852
-41.621731,8,188.228852
-28.33897,8,188.414588
-24.556872,8,188.419123
-80.83767,8,188.429349
-31.892756,8,188.435108
-43.375561,8,188.44459
-130.324635,8,188.45261
-57.6701,8,188.461227
6.719729,8,188.461227
-175.198436,8,188.461227
-35.4537,8,188.475981
-30.007546,8,188.475981
-119.110828,8,188.497218
-7.885478,8,188.514109
-125.619762,8,188.521431
0.035799,8,188.528835
-23.8038,8,188.536835
-42.080551,8,188.545427
-90.582158,8,188.553402
-6.702551,8,188.563396
-107.673351,8,188.569396
-0.16634,8,188.576835
-14.317393,8,188.586637
-162.871007,8,188.595451
-86.441517,8,188.613007
-1.396191,8,188.626592
-69.184985,8,188.626592
3.279604,8,188.646629
-80.947139,8,188.655648
-109.61235,8,188.66445
3.397528,8,188.670449
-29.561018,8,188.675452
3.163559,8,188.675452
-18.337202,8,188.879892
-0.705816,8,188.885901
-1.038215,8,188.888905
-0.609319,8,188.888905
-60.502382,8,188.913758
-26.596381,8,188.920871
-51.438372,8,188.927024
-58.629995,8,188.927024
-50.058178,8,188.951869
-57.332275,8,188.960515
-35.893435,8,188.960842
-50.01901,8,188.977066
-173.07157,8,188.977066
-103.250164,8,188.993414
-46.976267,8,189.002013
0.600523,8,189.010077
-14.707663,8,189.010077
-83.278947,8,189.032738
-52.149094,8,189.040226
-131.223562,8,189.051182
-42.22246,8,189.066274
-8.908382,8,189.077672
-56.495962,8,189.077672
-147.733559,8,189.094273
-88.727313,8,189.094273
-52.311985,8,189.110407
-53.52824,8,189.110407
-15.534705,8,189.127033
-0.150988,8,189.127033
-101.003084,8,189.151268
-17.891351,8,189.157264
-5.688051,8,189.168143
-49.396852,8,189.369345
-1.440432,8,189.387915
-46.209898,8,189.393681
-48.40786,8,189.407214
-111.16061,8,189.417494
-1.252882,8,189.427135
-2.754152,8,189.446139
-15.272589,8,189.453646
-19.975952,8,189.460578
-23.698955,8,189.477767
-1.830232,8,189.493043
-18.00123,8,189.501587
-34.488741,8,189.50885
-100.401121,8,189.513598
-133.80275,8,189.533277
-27.259868,8,189.541306
-55.961481,8,189.544247
-15.403594,8,189.563411
4.104776,8,189.565417
7.37607,8,189.577547
3.235961,8,189.598274
-1.17288,8,189.613297
-9.259192,8,189.636386
-180.259794,8,189.68389
-89.11755,8,189.706789
0.916817,8,189.720578
-46.698287,8,189.726542
-84.959214,8,189.758276
-112.225149,8,189.777303
-49.545572,8,189.777632
-18.40747,8,189.7932
-90.137408,8,189.809677
-71.596887,8,190.061809
-112.540124,8,190.075827
-77.146122,8,190.095071
5.498777,8,190.106405
-33.414642,8,190.117269
-47.533682,8,190.126297
-31.491833,8,190.137248
-2.286152,8,190.144057
-192.786709,8,190.144057
-7.335876,8,190.159769
3.115667,8,190.159769
-87.993139,8,190.182692
-88.526168,8,190.203427
-1.534847,8,190.224027
-13.758667,8,190.238916
-85.564164,8,190.253971
-236.785788,8,190.271192
-94.918361,8,190.283073
1.048665,8,190.291073
-78.424224,8,190.293534
-11.071732,8,190.310051
-20.064751,8,190.310051
-0.93501,8,190.327001
-10.960124,8,190.345674
-100.974856,8,190.364792
-23.378526,8,190.370818
-25.684448,8,190.382389
-90.290429,8,190.39765
-50.671977,8,190.405671
-15.63203,8,190.414775
-16.30808,8,190.429929
-40.278083,8,190.436931
-2.307798,8,190.766143
-107.555932,8,190.782567
-86.094458,8,190.795272
-23.945644,8,190.795272
-41.328104,8,190.814055
-20.824601,8,190.823253
-8.882421,8,190.826261
-30.756717,8,190.84537
-63.265778,8,190.866188
-60.537412,8,190.875797
-44.413052,8,190.885983
-140.66936,8,190.89424
-41.611855,8,190.904738
-23.482953,8,190.91476
-101.446238,8,190.924836
-22.897793,8,190.938384
-51.06192,8,190.948464
4.925314,8,190.964513
-31.819106,8,190.977694
-52.784845,8,190.995591
-74.49573,8,191.01144
-30.3954,8,191.016983
-12.414959,8,191.036006
-138.714858,8,191.052507
-57.540932,8,191.06536
-23.684227,8,191.08243
5.046351,8,191.09642
-52.513738,8,191.10442
-78.371328,8,191.116262
-74.424781,8,191.129172
-83.550889,8,191.142698
-133.2542,8,191.15592
-6.438326,8,191.407235
-51.312939,8,191.429654
-131.96025,8,191.436187
-94.34891,8,191.448114
-17.850875,8,191.461888
-21.769852,8,191.467373
-27.828324,8,191.467373
-61.087453,8,191.489782
-57.427772,8,191.500544
-66.04512,8,191.51018
-20.373665,8,191.520186
-95.749123,8,191.533476
-132.441992,8,191.54191
-50.989066,8,191.557757
-83.046968,8,191.569293
-30.349457,8,191.578692
-77.482385,8,191.59064
7.391874,8,191.598636
-40.046059,8,191.605645
-96.387264,8,191.613627
-4.942476,8,191.622644
-8.608764,8,191.633641
-20.238589,8,191.648004
-30.082467,8,191.658128
-36.301106,8,191.668715
-41.291535,8,191.676033
-5.874904,8,191.689363
-48.728734,8,191.696596
-94.168552,8,191.707381
-55.101222,8,191.717246
-68.93521,8,191.727234
-35.803243,8,191.736267
-3.85924,8,191.947879
-13.952665,8,191.958892
-20.378183,8,191.969486
-90.760771,8,191.986577
0.293939,8,192.001046
-224.177857,8,192.011379
-45.628806,8,192.030721
3.451182,8,192.043744
-38.710008,8,192.054082
-119.085199,8,192.065846
-60.7814,8,192.077029
-116.129369,8,192.090021
-40.640799,8,192.113215
-95.973182,8,192.122216
-12.950481,8,192.134213
-120.358499,8,192.144216
-16.571137,8,192.152223
-40.504242,8,192.166218
-48.150488,8,192.177237
-5.118413,8,192.206152
-7.262948,8,192.221464
-28.89528,8,192.244422
-3.955891,8,192.261216
-39.406479,8,192.281178
-224.621343,8,192.306568
-10.092541,8,192.329322
-174.086989,8,192.350293
-36.205743,8,192.366298
-45.015356,8,192.383959
-84.805125,8,192.398885
-128.332766,8,192.413217
0.345397,8,192.443588
-33.806652,8,192.695584
-93.688508,8,192.70558
-106.163186,8,192.713583
1.375085,8,192.722576
-113.989421,8,192.730243
-43.838107,8,192.739402
-62.129689,8,192.745775
-58.060769,8,192.755458
-24.722836,8,192.762879
7.491569,8,192.774588
-25.288116,8,192.783991
-55.857008,8,192.794861
-22.961202,8,192.807623
-9.579238,8,192.817623
-21.907957,8,192.824916
-14.670055,8,192.831759
-2.582919,8,192.841647
-97.162659,8,192.850937
-92.712831,8,192.859326
-129.987071,8,192.867516
-14.445264,8,192.875976
-7.60384,8,192.887027
-26.408241,8,192.894419
-49.928709,8,192.901719
-71.729564,8,192.913956
-21.973164,8,192.9203
8.955958,8,192.926496
-31.042213,8,192.934325
-2.282823,8,192.940009
-72.865322,8,192.94709
-56.357585,8,192.953473
-107.648469,8,192.959156
-106.478189,8,193.136761
-8.790123,8,193.144757
0.372531,8,193.153208
-19.758967,8,193.160324
-118.955155,8,193.168403
-1.656585,8,193.182225
3.577246,8,193.188941
-31.562295,8,193.198102
-4.483208,8,193.206994
-60.527356,8,193.364411
-38.068829,8,193.369591
-8.51112,8,193.382586
-152.120347,8,193.394201
-17.250455,8,193.399136
-41.39315,8,193.412124
-73.634471,8,193.417033
-61.620631,8,193.42912
-119.104173,8,193.446834
-21.559975,8,193.45482
-143.420024,8,193.465729
-30.870891,8,193.478051
-56.877364,8,193.482846
-57.576468,8,193.496263
-89.16024,8,193.499093
-42.994762,8,193.515771
-128.73567,8,193.535061
-92.178835,8,193.555098
-21.696604,8,193.571354
-19.819859,8,193.581292
-3.067542,8,193.595149
-28.543583,8,193.60965
-18.820425,8,193.61927
-60.855311,8,193.877266
-64.415719,8,193.892483
1.987453,8,193.904871
-166.207383,8,193.915781
-47.407376,8,193.926905
-48.643805,8,193.937585
-59.129999,8,193.947059
-132.976848,8,193.955509
-95.544246,8,193.968499
-5.065899,8,193.97961
-22.112747,8,194.006558
-3.508996,8,194.02131
-14.822778,8,194.032764
-79.333296,8,194.042769
-31.706504,8,194.05225
-142.477317,8,194.062151
-24.214742,8,194.069951
-37.027674,8,194.084907
-40.141481,8,194.105909
-92.435181,8,194.118906
-62.343358,8,194.127911
-90.105578,8,194.140916
-33.963199,8,194.161407
-92.752707,8,194.183423
-6.374966,8,194.191436
4.988079,8,194.204141
-93.516863,8,194.22051
-232.374058,8,194.23014
-28.64931,8,194.23014
-3.152651,8,194.24981
-38.419661,8,194.25784
-121.646888,8,194.267623
-31.435707,8,194.516911
-99.448678,8,194.525969
-18.25376,8,194.537785
-83.118621,8,194.555415
-0.592833,8,194.572915
-61.762123,8,194.584707
-23.405588,8,194.59711
-3.049201,8,194.60711
2.169315,8,194.61907
-60.106927,8,194.629202
-16.245334,8,194.639219
-101.730446,8,194.64937
-47.523879,8,194.662624
-33.59135,8,194.672626
3.897726,8,194.686094
-112.002713,8,194.697317
-27.720212,8,194.707805
-89.487814,8,194.723773
-30.135849,8,194.723773
-96.505056,8,194.752265
-19.141469,8,194.761171
-34.179073,8,194.775815
-23.304796,8,194.775815
-20.331655,8,194.798129
-30.942536,8,194.813222
-150.706966,8,194.822784
5.862857,8,194.822784
-137.340308,8,194.840483
-40.279482,8,194.858432
-12.976017,8,194.868475
-18.887395,8,194.874238
-113.455423,8,194.882267
-93.647724,8,195.071166
-21.178679,8,195.078934
-48.843106,8,195.08696
-58.105622,8,195.096733
-5.620169,8,195.102747
-33.389203,8,195.111654
-21.103267,8,195.11366
-8.507601,8,195.129284
4.273604,8,195.138313
-71.299116,8,195.150383
-293.144425,8,195.158148
-74.160733,8,195.168181
-1.530553,8,195.176263
-12.715344,8,195.186071
-114.744183,8,195.195599
-61.464461,8,195.203936
-18.911479,8,195.21129
-70.371242,8,195.215844
-73.647252,8,195.232417
-10.209919,8,195.243553
-25.426411,8,195.253361
-5.564932,8,195.265843
-53.371959,8,195.282612
-81.137353,8,195.295731
-10.714489,8,195.309359
-146.753095,8,195.320715
-17.247572,8,195.332749
-102.148394,8,195.348961
-3.803624,8,195.3504
2.438341,8,195.366735
-65.188013,8,195.366735
-24.445144,8,195.384466
-57.993135,8,195.598757
-2.332565,8,195.609262
-4.239518,8,195.625932
-21.299637,8,195.637197
-19.860089,8,195.647583
0.364418,8,195.649253
-29.626829,8,195.665704
-0.052161,8,195.680966
-7.591553,8,195.689975
-35.590563,8,195.701834
-57.953606,8,195.710539
-19.786303,8,195.719564
-4.218139,8,195.728887
-66.384323,8,195.736911
-98.899228,8,195.752147
-55.567875,8,195.760168
-57.363209,8,195.768188
-18.224983,8,195.7785
-22.560906,8,195.78452
-28.931617,8,195.790051
-87.170007,8,195.790051
-39.017949,8,195.805902
-98.812725,8,195.805902
-81.268787,8,195.821853
-65.711175,8,195.821853
-25.177009,8,195.837687
-52.223256,8,195.837687
-106.858147,8,195.853538
-181.343369,8,195.853538
-36.818282,8,195.873409
-14.006588,8,195.879435
-40.001142,8,195.885196
-85.860164,8,196.076894
-5.057981,8,196.08511
-32.200048,8,196.092725
-49.740147,8,196.10085
-30.246144,8,196.107849
4.757459,8,196.109847
-24.854062,8,196.109847
-44.344466,8,196.138073
-0.508957,8,196.143752
-126.625092,8,196.15747
-118.307646,8,196.15747
-143.817568,8,196.173234
-2.585747,8,196.179246
-19.311733,8,196.189291
-21.503368,8,196.198117
-2.573383,8,196.205327
-15.070582,8,196.213573
-72.077816,8,196.224068
-157.171447,8,196.227216
-44.651884,8,196.257752
-5.844712,8,196.26794
-99.945838,8,196.279034
-54.637301,8,196.296677
-168.947699,8,196.296677
-84.461418,8,196.311374
-22.291093,8,196.327205
-127.978259,8,196.327995
-23.920185,8,196.342741
-52.270403,8,196.34455
-27.890833,8,196.359439
-149.338522,8,196.36131
-110.257344,8,196.378335
-22.35041,8,196.583337
-19.697683,8,196.597645
-113.320878,8,196.611423
1.071198,8,196.613464
0.009129,8,196.629766
-68.787393,8,196.636723
-114.631199,8,196.645062
-18.646442,8,196.653784
0.792882,8,196.65921
-5.471865,8,196.65921
-26.198647,8,196.680588
-59.635181,8,196.688596
-6.014851,8,196.696614
-38.014415,8,196.715656
-56.43495,8,196.721677
-96.446033,8,196.731457
-102.536509,8,196.737488
-18.122549,8,196.737488
-63.291627,8,196.753589
-36.037783,8,196.753589
-63.333153,8,196.769735
-17.005029,8,196.769735
-49.986889,8,196.785554
-228.889132,8,196.785554
-38.006567,8,196.801609
-37.732229,8,196.801609
-3.21695,8,196.827525
-101.95538,8,196.833511
-83.358619,8,196.833511
-64.656837,8,196.849513
-120.922734,8,196.849513
-18.622193,8,196.867589
-20.867854,8,197.174328
-35.68829,8,197.190559
-144.472225,8,197.206602
-4.084732,8,197.232313
-138.24474,8,197.245541
-86.268049,8,197.270149
3.459689,8,197.298917
4.057723,8,197.316431
-9.34433,8,197.33697
-56.643296,8,197.351004
-93.769949,8,197.360612
-14.066375,8,197.375775
-54.669052,8,197.393805
-124.178522,8,197.44882
-64.430458,8,197.477485
-56.338232,8,197.502688
-47.985178,8,197.517658
-22.339692,8,197.536123
-107.429233,8,197.556562
-4.272051,8,197.570748
6.940962,8,197.582729
-98.909295,8,197.594093
-2.085744,8,197.607565
5.690281,8,197.626119
-25.070226,8,197.632869
4.339226,8,197.649983
-5.357674,8,197.658988
-66.376513,8,197.664231
-30.488606,8,197.683718
-53.185971,8,197.697525
-8.452233,8,197.698517
-94.832529,8,197.752784
-21.043991,8,197.985592
-67.967025,8,197.993704
-69.813518,8,198.000688
-56.073356,8,198.009277
-5.310943,8,198.018684
-76.257484,8,198.028593
-80.115144,8,198.028593
-99.078352,8,198.048093
-52.522563,8,198.050529
-17.149258,8,198.065938
-13.31811,8,198.065938
-79.293932,8,198.092477
5.08665,8,198.103281
-41.443042,8,198.115086
-61.759807,8,198.12392
-46.932711,8,198.132346
-27.452034,8,198.140589
-18.936376,8,198.148714
-2.042615,8,198.158332
-121.791997,8,198.165815
-2.30006,8,198.177174
-209.128159,8,198.182713
-85.841122,8,198.182713
-35.519848,8,198.199391
-95.783144,8,198.215985
-1.519206,8,198.215985
-50.659112,8,198.231189
-20.014375,8,198.237189
-20.73455,8,198.245031
-223.487534,8,198.252061
-18.654156,8,198.25897
-56.283701,8,198.259951
-33.679355,8,198.448953
-67.584898,8,198.456158
-18.893467,8,198.45816
-8.775576,8,198.466489
-132.900959,8,198.483235
-177.031643,8,198.483235
-23.310626,8,198.50049
-146.923311,8,198.50049
-5.876108,8,198.516297
-1.327352,8,198.516297
-25.364145,8,198.537086
-81.064326,8,198.545319
-27.155941,8,198.553319
-49.373104,8,198.560566
3.806838,8,198.568568
-32.53422,8,198.576782
-191.766756,8,198.576782
2.193692,8,198.596679
-87.821114,8,198.60269
-217.685902,8,198.60269
-46.175461,8,198.60269
-46.106752,8,198.618429
-20.752116,8,198.618429
-105.928097,8,198.639132
-50.816183,8,198.650573
-16.970779,8,198.656368
-174.771496,8,198.662387
-26.964777,8,198.666399
-28.169726,8,198.666399
-164.67915,8,198.687639
-86.658211,8,198.695665
-31.680384,8,198.701681
-33.155116,8,198.880426
-75.828312,8,198.900432
-126.381877,8,198.908397
-15.44451,8,198.915853
-144.324329,8,198.921851
-78.356476,8,198.925854
-22.450233,8,198.925854
-1.936785,8,198.945
-54.650674,8,198.951009
-56.937595,8,198.957499
-69.196151,8,198.970358
-23.950661,8,198.975366
-26.069646,8,198.986181
-105.468056,8,198.99612
-75.454515,8,199.002802
-45.154852,8,199.010376
-6.927694,8,199.018385
3.898684,8,199.020128
-96.026693,8,199.027498
-58.63238,8,199.036057
-101.329887,8,199.036057
-4.875546,8,199.051852
-5.349611,8,199.067797
-99.376018,8,199.067797
-34.833125,8,199.08374
-42.138106,8,199.08374
-171.964914,8,199.099556
4.222886,8,199.099556
-60.73942,8,199.099556
-18.585245,8,199.115528
-19.084017,8,199.115528
-19.57446,8,199.131308
-128.007129,8,199.304013
-13.101125,8,199.312137
-96.218941,8,199.320113
-69.396928,8,199.336212
-5.270834,8,199.3422
-112.066534,8,199.352321
-78.266209,8,199.352321
-44.636061,8,199.352321
-25.23999,8,199.374988
6.32847,8,199.383451
-50.784393,8,199.392785
-24.575872,8,199.403792
-142.812025,8,199.412764
-22.197635,8,199.419765
-27.89851,8,199.426782
-88.183634,8,199.426782
-66.756842,8,199.449349
-55.613561,8,199.4571
-122.001959,8,199.459984
-12.839059,8,199.459984
-132.273865,8,199.481551
-51.065685,8,199.490583
-85.943196,8,199.497603
-53.200929,8,199.506691
-35.055241,8,199.514366
-79.197231,8,199.522783
-106.921868,8,199.522783
-15.889835,8,199.538817
3.293216,8,199.554668
-9.389443,8,199.57053
-49.778659,8,199.57053
-36.278002,8,199.586234
-67.676046,8,199.791563
-7.709,8,199.803733
-119.684385,8,199.807218
-100.571639,8,199.807218
-99.395758,8,199.827573
-30.771005,8,199.827573
-73.005363,8,199.855773
-8.758971,8,199.869512
0.457698,8,199.889825
-19.371708,8,199.902532
-4.883346,8,199.915126
-31.999322,8,199.92786
-27.348915,8,199.940828
-125.106569,8,199.945312
-17.605107,8,199.957871
-5.842394,8,199.957871
-90.279023,8,199.974
0.803881,8,199.974
-15.300776,8,199.989773
-88.915065,8,199.989773
-47.520422,8,200.005564
-43.859764,8,200.005564
-47.897718,8,200.021476
-85.665913,8,200.037681
-75.881347,8,200.037681
-20.828514,8,200.037681
-105.796317,8,200.053807
-19.942083,8,200.053807
-70.879463,8,200.069825
-52.215462,8,200.069825
-66.691426,8,200.085875
-132.610209,8,200.085875
-25.452758,8,200.261847
-22.990259,8,200.288745
-95.367278,8,200.302761
-87.739731,8,200.309792
-16.798885,8,200.309792
-3.699319,8,200.323689
-5.438224,8,200.326303
1.121016,8,200.326303
-2.847584,8,200.341442
-48.722749,8,200.352605
-76.400927,8,200.35661
-20.746957,8,200.35661
-61.202032,8,200.35661
-131.052813,8,200.377771
-40.917883,8,200.388487
-0.959676,8,200.398455
-1.527689,8,200.409698
-20.015359,8,200.41171
-8.087752,8,200.426375
-30.332379,8,200.428377
-12.479801,8,200.436502
-103.481058,8,200.436502
-28.088935,8,200.452481
-48.876519,8,200.452481
-22.61999,8,200.468363
-10.386778,8,200.468363
-29.965356,8,200.484143
-6.323777,8,200.484143
-51.436531,8,200.500116
-31.68614,8,200.500116
2.488137,8,200.500116
-9.791639,8,200.515996
-8.128183,8,200.69049
-75.468388,8,200.69049
-15.318255,8,200.706654
-3.452095,8,200.706654
-126.754088,8,200.722773
-10.031769,8,200.722773
-131.928538,8,200.722773
-8.27649,8,200.748264
-9.71165,8,200.758235
-113.498333,8,200.766828
-139.796448,8,200.770573
-23.710327,8,200.770573
-110.112552,8,200.788519
-33.07047,8,200.794527
5.830048,8,200.802552
-110.13845,8,200.802552
-1.105346,8,200.802552
-5.067096,8,200.820546
-24.255891,8,200.820546
-15.387441,8,200.846889
-19.061177,8,200.858346
-17.292192,8,200.865836
-109.382032,8,200.867843
-22.176592,8,200.88186
-10.551026,8,200.88186
-25.032699,8,200.88186
-16.269438,8,200.898061
-98.982008,8,200.898061
-20.626106,8,200.898061
-34.200685,8,200.914095
-4.242556,8,200.914095
-24.737513,8,200.929934
-15.70904,8,201.12257
-84.031242,8,201.125989
-2.911151,8,201.125989
-48.210444,8,201.141548
-23.313243,8,201.141548
-82.430032,8,201.157478
-73.447199,8,201.157478
-12.366963,8,201.173574
-38.781378,8,201.177603
-13.098151,8,201.189693
-61.880298,8,201.189693
-93.85767,8,201.207596
-36.062095,8,201.219246
1.898096,8,201.224915
-41.857929,8,201.235821
-12.028735,8,201.245225
-26.704304,8,201.253011
2.46978,8,201.26376
-41.634622,8,201.26376
-46.241225,8,201.279467
-27.164363,8,201.286577
-26.743292,8,201.298282
-18.301267,8,201.307384
-88.99777,8,201.313368
-19.613358,8,201.313368
-105.64319,8,201.327262
-63.304913,8,201.341288
-10.674042,8,201.341288
-41.108497,8,201.341288
-44.33252,8,201.366721
-4.985754,8,201.374749
-170.679486,8,201.377999
9.79855,8,201.582984
-68.593325,8,201.594719
-21.476963,8,201.603818
-0.47349,8,201.614386
-65.883462,8,201.623356
-19.936543,8,201.636439
-154.917355,8,201.652907
-20.654714,8,201.662413
-60.392516,8,201.669888
-39.623652,8,201.679058
-6.633191,8,201.687763
-130.05604,8,201.697683
-45.259676,8,201.699119
-42.089542,8,201.714815
-66.587577,8,201.723755
-102.060924,8,201.732561
-6.857699,8,201.74275
-37.355298,8,201.749969
-250.655483,8,201.765733
-0.54703,8,201.773744
-21.903592,8,201.776734
-107.185543,8,201.776734
-23.999225,8,201.792805
-14.283216,8,201.792805
-93.079546,8,201.792805
-1.2904,8,201.808703
-40.254322,8,201.808703
-30.777774,8,201.824576
-1.649406,8,201.824576
-4.879091,8,201.840486
-26.934166,8,201.840486
-72.481894,8,201.856261
-64.315481,8,202.053484
-3.985617,8,202.059482
-1.877625,8,202.059482
-40.548104,8,202.078678
-20.665634,8,202.078678
3.334915,8,202.096204
-22.890422,8,202.106946
-11.473241,8,202.106946
-28.818177,8,202.126619
-83.584103,8,202.136651
-56.452739,8,202.142251
-45.537931,8,202.160871
-8.446861,8,202.170091
-37.823613,8,202.177765
-67.602591,8,202.185659
-60.920233,8,202.19535
-33.80537,8,202.201576
-100.009993,8,202.216982
-142.272331,8,202.227741
-23.002524,8,202.237629
-9.892797,8,202.246926
-95.575727,8,202.257829
-21.981065,8,202.259466
-43.800269,8,202.274721
-90.051296,8,202.296306
-43.36695,8,202.296306
-3.770881,8,202.317803
-119.72511,8,202.322941
-29.568787,8,202.338745
-23.03317,8,202.354651
-98.567492,8,202.370795
-62.908628,8,202.370795
-108.365417,8,202.587641
-33.890941,8,202.592615
-21.445454,8,202.602731
-40.604426,8,202.608479
-16.248198,8,202.622715
-170.839898,8,202.630126
-64.842763,8,202.638151
5.964752,8,202.645394
-34.033107,8,202.655925
-9.24271,8,202.655925
4.139231,8,202.671867
-113.453396,8,202.677882
-80.714616,8,202.679884
-252.607606,8,202.687901
-8.448679,8,202.687901
0.744258,8,202.708972
-116.089478,8,202.720329
-91.923104,8,202.724915
-5.528081,8,202.735219
-53.960667,8,202.735219
-31.219839,8,202.754817
-1.931326,8,202.762863
-10.057563,8,202.772556
-82.346218,8,202.776561
0.66459,8,202.782955
-6.748372,8,202.782955
-106.041234,8,202.79904
-90.409555,8,202.79904
-55.043514,8,202.79904
-25.786837,8,202.814718
-60.238453,8,202.814718
-39.786276,8,202.83049
-23.757039,8,203.004988
0.874864,8,203.004988
-5.494362,8,203.020859
-96.52154,8,203.020859
6.461878,8,203.020859
-51.713943,8,203.037057
6.30738,8,203.037057
-57.861821,8,203.052943
-20.65719,8,203.054948
-87.298214,8,203.073025
-10.013266,8,203.075028
-114.518305,8,203.084812
-81.210381,8,203.100571
-169.147043,8,203.100571
-99.000757,8,203.116322
1.878809,8,203.132107
-42.406992,8,203.132107
-66.358932,8,203.147778
-38.007709,8,203.147778
-2.069301,8,203.163596
-64.799424,8,203.179273
9.231257,8,203.189388
-65.930945,8,203.207884
-88.299127,8,203.211115
-24.248007,8,203.22699
-115.57713,8,203.22699
-113.864322,8,203.242999
-7.01106,8,203.242999
-162.41719,8,203.258727
-44.721,8,203.258727
2.609486,8,203.274747
-59.938673,8,203.274747
-85.067378,8,203.479795
-24.999531,8,203.485812
-17.209373,8,203.498094
-20.982922,8,203.504783
-0.352293,8,203.504783
2.630455,8,203.517424
-100.719112,8,203.517424
-84.006615,8,203.542916
-62.845357,8,203.548934
-21.05923,8,203.558516
-43.0709,8,203.564598
-21.021142,8,203.574216
2.809098,8,203.580397
-41.368772,8,203.590187
10.658417,8,203.596202
-18.841452,8,203.618136
-28.272344,8,203.62633
-124.475544,8,203.645805
-164.624213,8,203.657061
-8.179552,8,203.670271
-8.812542,8,203.676926
-0.793002,8,203.686341
-70.618217,8,203.701993
-27.912478,8,203.711643
-18.340524,8,203.717782
-20.618482,8,203.717782
-10.552934,8,203.73553
-106.341454,8,203.749154
-40.93975,8,203.764894
-10.706723,8,203.764894
-11.366222,8,203.78102
-22.548905,8,203.78102
0.548584,8,203.978795
-157.427167,8,203.98655
-8.404398,8,203.992558
-44.072827,8,204.002311
5.311561,8,204.008162
-83.370177,8,204.015916
2.097319,8,204.023925
-78.11736,8,204.031934
-149.013101,8,204.038435
-67.608298,8,204.049599
-80.677351,8,204.049599
-50.925081,8,204.064908
-11.980643,8,204.064908
-51.609163,8,204.086209
-88.410624,8,204.096679
-48.122511,8,204.098686
-3.14025,8,204.11109
-73.320609,8,204.112598
-18.417536,8,204.112598
-39.440388,8,204.128669
-38.253971,8,204.144519
-9.241016,8,204.144519
-97.070688,8,204.160429
-125.963367,8,204.162434
-4.336935,8,204.176471
-32.747736,8,204.176471
-79.843226,8,204.176471
-7.134747,8,204.193405
-69.28863,8,204.193405
-75.026137,8,204.208859
-17.511939,8,204.208859
-49.680755,8,204.224743
2.029048,8,204.451326
-26.322618,8,204.476081
-57.313168,8,204.489823
-13.487032,8,204.504753
-34.503359,8,204.515814
-91.975335,8,204.526814
-42.352374,8,204.526814
-3.948719,8,204.542565
-122.020033,8,204.55827
-85.984562,8,204.560919
-16.10978,8,204.578049
-105.82509,8,204.586075
-32.933707,8,204.591832
-1.105186,8,204.605078
-16.612493,8,204.627589
-24.491848,8,204.637836
3.431567,8,204.652903
-62.623264,8,204.666934
-41.76554,8,204.6747
-46.67451,8,204.686486
-71.366663,8,204.700276
-68.988395,8,204.708298
-29.112078,8,204.71606
-34.023722,8,204.724082
-84.337366,8,204.730103
-145.724596,8,204.737866
-10.563193,8,204.751653
-19.896737,8,204.759675
-44.515477,8,204.775471
-69.604298,8,204.785244
-39.394321,8,204.791259
-6.159441,8,204.804383
-0.819901,8,205.001971
-41.680771,8,205.010892
-9.891069,8,205.010892
-119.24375,8,205.028247
-112.954796,8,205.028247
-35.150275,8,205.044843
-88.026856,8,205.049233
-25.260707,8,205.066804
-67.92434,8,205.07616
-96.012076,8,205.082655
-116.710077,8,205.082655
-31.004772,8,205.105421
-21.212975,8,205.11455
-2.860152,8,205.123373
-47.232606,8,205.133207
-59.820269,8,205.141233
-41.205665,8,205.149296
-7.237842,8,205.160517
7.282555,8,205.165956
5.543543,8,205.182808
-19.541313,8,205.194728
-13.024903,8,205.199558
-137.648977,8,205.216052
-36.670236,8,205.216052
-10.329569,8,205.230442
-13.870232,8,205.23299
-42.136202,8,205.245368
-13.689728,8,205.250899
-120.016475,8,205.250899
-91.275092,8,205.267142
-2.008709,8,205.267142
4.104411,8,205.283893
-20.65757,8,205.51005
-17.292895,8,205.518061
-24.658386,8,205.518061
-40.577575,8,205.538052
-69.861895,8,205.538052
-65.079162,8,205.559739
-113.556684,8,205.565859
-53.464036,8,205.565859
-40.887826,8,205.581552
-3.660572,8,205.581552
-67.115019,8,205.601508
1.477289,8,205.611988
-113.326999,8,205.626811
-86.443435,8,205.63692
-54.154894,8,205.646285
-24.139705,8,205.6553
-27.80505,8,205.669677
-68.740534,8,205.680242
-70.708866,8,205.691746
-83.830105,8,205.702321
-1.058673,8,205.717081
-7.955462,8,205.725112
-49.862659,8,205.733146
-18.454245,8,205.744939
-35.656016,8,205.754663
0.262299,8,205.754663
-125.510717,8,205.77031
-6.363186,8,205.786018
-58.916954,8,205.802054
-109.593677,8,205.802054
-24.866282,8,205.824085
-117.301197,8,205.835256
-101.532896,8,206.072791
-69.723188,8,206.08055
-17.250774,8,206.090098
-18.098887,8,206.103257
-7.298666,8,206.112318
-54.697421,8,206.122787
-149.795586,8,206.133442
2.96532,8,206.141452
-45.077513,8,206.149805
-3.501069,8,206.159327
-44.889957,8,206.159327
-14.929434,8,206.178541
-98.84978,8,206.178541
6.72438,8,206.191088
-4.635004,8,206.191088
-122.657445,8,206.207031
-8.534867,8,206.207031
-16.32595,8,206.231434
-74.824313,8,206.240977
4.440453,8,206.250251
-6.954206,8,206.254261
-115.266213,8,206.254261
-72.740784,8,206.27031
-81.218847,8,206.27031
-21.871433,8,206.287997
-21.145207,8,206.296027
-26.518464,8,206.301788
-70.244824,8,206.301788
-4.854098,8,206.301788
-19.930975,8,206.326794
-38.478672,8,206.333575
-168.590447,8,206.333575
-18.084132,8,206.542429
-124.931188,8,206.556319
-62.330696,8,206.572084
-92.063234,8,206.580745
6.291563,8,206.589767
-14.99388,8,206.593027
-48.338618,8,206.603865
-8.541305,8,206.615078
-67.765533,8,206.625617
-38.42225,8,206.634257
-34.908824,8,206.64793
-5.836425,8,206.65831
-86.458621,8,206.669076
-7.312223,8,206.681848
-3.530092,8,206.692368
-78.295178,8,206.702169
-58.769863,8,206.708177
-52.01812,8,206.713851
-41.265599,8,206.713851
-57.838738,8,206.729613
-36.493179,8,206.729613
-51.088012,8,206.747508
-32.45843,8,206.764225
-52.866103,8,206.785244
-91.754296,8,206.799721
-15.297982,8,206.809339
-12.414327,8,206.835912
-70.28485,8,206.853157
4.599221,8,206.86856
-67.312806,8,206.890915
-19.604223,8,206.893716
-36.994914,8,206.918308
-54.043761,8,207.251745
-22.480828,8,207.266131
0.137052,8,207.277309
-26.247712,8,207.294921
-26.786899,8,207.303713
-48.810301,8,207.316859
-37.610194,8,207.326694
-60.37368,8,207.347294
-2.122706,8,207.36095
-1.596692,8,207.378156
3.054131,8,207.392393
-50.370206,8,207.407308
-15.468331,8,207.419438
-30.094427,8,207.433436
-29.772449,8,207.452823
-70.44209,8,207.470252
-143.218518,8,207.501623
-15.972514,8,207.514708
-44.085732,8,207.526678
-116.954544,8,207.53468
-33.633312,8,207.55098
-124.079373,8,207.566465
-9.22648,8,207.580493
-76.104296,8,207.584472
4.341295,8,207.599768
-118.345689,8,207.615548
-1.761981,8,207.628145
-12.152866,8,207.633034
-71.836352,8,207.652513
-93.576787,8,207.661616
-30.772635,8,207.669188
-73.069603,8,207.682453
5.138681,8,207.89719
-2.200822,8,207.90019
1.359596,8,207.915563
-99.276092,8,207.915563
-18.952612,8,207.932245
-42.249336,8,207.932245
-80.62469,8,207.948761
-79.998477,8,207.948761
-163.464669,8,207.967365
-125.203359,8,207.978338
-34.17539,8,207.978338
-54.228149,8,207.994058
-31.895646,8,207.994058
-24.507912,8,207.994058
9.714591,8,208.010164
-17.987374,8,208.010164
-69.647472,8,208.026154
-68.019513,8,208.046592
4.373055,8,208.053408
-93.532717,8,208.062612
-196.230794,8,208.070065
-33.688079,8,208.085292
-4.754765,8,208.093022
-85.588587,8,208.101497
-15.075653,8,208.101497
3.60579,8,208.116129
-21.978683,8,208.116129
-22.780075,8,208.129723
-1.442897,8,208.138642
1.284708,8,208.146621
-108.909219,8,208.152005
-11.513468,8,208.158375
-58.316906,8,208.427693
-82.915524,8,208.438603
-67.461803,8,208.45962
3.798628,8,208.472856
-25.859841,8,208.487753
2.062902,8,208.497025
-173.367849,8,208.506791
-61.385102,8,208.516645
0.217597,8,208.526194
-16.952871,8,208.536201
-31.589753,8,208.546795
-17.277705,8,208.557795
-96.742109,8,208.573136
-84.433511,8,208.584451
-2.690163,8,208.598099
-124.925454,8,208.609612
-3.698514,8,208.620422
0.444757,8,208.628422
-103.924885,8,208.636421
6.971114,8,208.644439
-2.873164,8,208.653022
-130.239602,8,208.659573
-3.769252,8,208.667992
-1.369531,8,208.681082
-3.648779,8,208.690052
-1.685771,8,208.699098
-21.876842,8,208.706896
-149.854122,8,208.719975
-15.247503,8,208.727365
-1.719104,8,208.736365
-77.151563,8,208.745121
-28.372247,8,208.755182
-69.181762,8,208.978201
-27.598786,8,208.99286
-96.090026,8,209.002891
-0.881182,8,209.012531
-101.957429,8,209.021528
-27.264177,8,209.031194
-53.273573,8,209.040194
-52.053355,8,209.05683
-17.432077,8,209.065823
-5.744823,8,209.074893
-5.785231,8,209.08425
-1.968906,8,209.097837
-92.250987,8,209.106841
-2.572137,8,209.117865
-56.761337,8,209.128782
2.967088,8,209.138202
-112.533435,8,209.150008
-90.530243,8,209.15801
-48.324825,8,209.167562
-35.794841,8,209.176564
-18.532134,8,209.188581
5.130676,8,209.195937
-21.85813,8,209.206934
-187.99232,8,209.214097
8.421159,8,209.223071
2.728866,8,209.232305
-91.585837,8,209.239305
-65.107877,8,209.247956
-54.36975,8,209.255327
-24.611199,8,209.26266
-111.267988,8,209.269659
-71.027793,8,209.276966
-116.325954,8,209.493447
-127.894146,8,209.503454
-169.898524,8,209.51855
8.269067,8,209.534548
-97.658059,8,209.544215
-24.036517,8,209.554219
-65.29141,8,209.565576
-83.68303,8,209.574576
-57.09787,8,209.585375
-107.767177,8,209.595375
-77.246367,8,209.603374
-70.576635,8,209.613374
-62.790036,8,209.622374
-1.249896,8,209.637231
-25.006011,8,209.652949
-26.876174,8,209.666015
-128.016069,8,209.677003
-165.003492,8,209.686023
-0.632288,8,209.699966
-146.735016,8,209.712623
-50.739198,8,209.720627
-45.812739,8,209.732701
-23.577616,8,209.741505
-111.139829,8,209.754444
-26.131983,8,209.826526
-22.963971,8,210.017336
-17.747588,8,210.040308
-18.683383,8,210.060045
-3.25133,8,210.080121
-20.447722,8,210.107004
3.191607,8,210.148831
4.210656,8,210.169218
-0.177776,8,210.436415
-16.845257,8,210.446253
-7.911278,8,210.45975
-13.153939,8,210.469266
-4.616932,8,210.478626
-152.146549,8,210.487623
-148.983967,8,210.503021
-48.631629,8,210.511476
-14.080082,8,210.52144
-6.683635,8,210.529417
-58.54928,8,210.546581
2.780333,8,210.574866
-1.250498,8,210.587835
-7.641288,8,210.600807
-0.975334,8,210.612417
-82.038779,8,210.623894
-1.133853,8,210.638897
-105.495951,8,210.670082
-215.790662,8,210.695124
-37.921126,8,210.713426
-18.473751,8,210.728077
-24.63916,8,210.730112
-72.167749,8,210.745865
4.61182,8,210.745865
-0.789836,8,210.763141
-4.710721,8,210.77157
-29.977398,8,210.784681
-98.363716,8,210.792398
-80.673193,8,210.800756
-112.051371,8,210.807763
-183.538977,8,210.817995
-34.899028,8,210.831709
3.948333,8,211.04927
-4.349111,8,211.052228
-51.895077,8,211.068942
-15.460127,8,211.075955
-5.54562,8,211.086084
-1.526035,8,211.094924
-16.308467,8,211.103419
-70.564666,8,211.11063
-63.992089,8,211.116037
-116.444179,8,211.132856
-41.150884,8,211.141452
-52.372859,8,211.15081
-0.46736,8,211.163288
-46.287463,8,211.166846
-30.053953,8,211.185057
-81.256731,8,211.192981
-0.783526,8,211.19952
-23.367988,8,211.211629
-54.0251,8,211.216187
-46.231244,8,211.229846
-19.529563,8,211.237862
3.561336,8,211.250158
-39.604004,8,211.260065
-10.624188,8,211.260065
1.56154,8,211.275966
-8.679936,8,211.275966
-26.03649,8,211.292159
-90.700318,8,211.294181
-18.646712,8,211.294181
-28.002742,8,211.333145
-45.4782,8,211.342107
-105.203529,8,211.342107
-45.415316,8,211.547467
-126.22134,8,211.55016
-153.361257,8,211.564664
-2.991904,8,211.573671
-9.084079,8,211.587059
-39.148171,8,211.602833
-61.682621,8,211.61155
-54.88993,8,211.61946
-25.423434,8,211.629134
-46.854771,8,211.6377
-5.810494,8,211.645726
-27.862838,8,211.65117
-31.77988,8,211.663769
-9.002162,8,211.666369
-91.543114,8,211.67938
-52.544037,8,211.682882
-25.250071,8,211.69945
-94.45565,8,211.713761
4.52412,8,211.716172
-63.504105,8,211.732153
-125.623511,8,211.737633
-83.025798,8,211.749202
-27.243844,8,211.749202
6.286637,8,211.765029
-58.971465,8,211.767571
-36.622071,8,211.781577
-78.646307,8,211.784147
-2.607511,8,211.796167
-46.003907,8,211.802171
-10.106695,8,211.816683
-70.972936,8,211.822872
-136.675619,8,211.829826
-125.04686,8,212.086777
-0.522424,8,212.09742
-63.856594,8,212.09942
-88.152319,8,212.115793
5.968321,8,212.130456
-41.625572,8,212.137463
-39.466896,8,212.151179
-19.143055,8,212.160534
-2.102685,8,212.169719
-0.098583,8,212.176716
-53.826769,8,212.192844
-94.240346,8,212.192844
-147.902152,8,212.210092
-62.469172,8,212.210092
-70.744829,8,212.225487
-24.928349,8,212.227495
-17.916258,8,212.244406
-39.387579,8,212.256114
-5.090969,8,212.2718
-81.214457,8,212.28786
-108.510258,8,212.301809
2.387599,8,212.316581
-69.658113,8,212.334157
-5.836666,8,212.342747
-141.96137,8,212.357975
-70.48292,8,212.374847
-53.243135,8,212.387597
-8.434066,8,212.400547
-30.025785,8,212.410932
-1.561559,8,212.419791
-6.56092,8,212.427349
-9.130055,8,212.437614
-45.062491,8,212.706361
-20.981379,8,212.726302
-20.632715,8,212.736824
-1.697147,8,212.749486
-12.209733,8,212.764689
-86.08725,8,212.766114
-52.468897,8,212.78451
-36.688303,8,212.795989
-112.266216,8,212.799456
-25.778525,8,212.81611
-24.139054,8,212.826322
-10.201358,8,212.840603
-36.096513,8,212.850329
-7.165181,8,212.857322
-70.587421,8,212.866088
-59.880144,8,212.878205
-3.590284,8,212.886231
-85.804017,8,212.896015
-113.314406,8,212.896015
-99.009805,8,212.908148
-1.917335,8,212.908148
-13.690243,8,212.924171
-14.572482,8,212.924171
-69.600985,8,212.924171
-68.593007,8,212.942961
-50.515359,8,212.956545
-106.683112,8,212.956545
-34.993541,8,212.956545
-33.857697,8,212.972548
-117.74758,8,212.988486
-19.185336,8,212.988486
-13.862125,8,213.004384
-32.529589,8,213.186021
-51.762095,8,213.195193
-6.209282,8,213.201204
-15.430901,8,213.209682
-60.137182,8,213.218541
-55.488388,8,213.226972
-8.932439,8,213.235673
-12.467834,8,213.242913
-76.92928,8,213.256669
5.653236,8,213.267888
-26.137067,8,213.284072
-67.38602,8,213.2928
-10.289993,8,213.302147
-11.812489,8,213.313684
4.682512,8,213.323698
-45.322032,8,213.334201
-39.245039,8,213.344476
-12.978668,8,213.353614
-66.510428,8,213.363811
-31.713275,8,213.371771
8.056307,8,213.384742
-3.721629,8,213.398593
-34.219488,8,213.405672
1.776884,8,213.413956
-15.030619,8,213.420729
-3.916226,8,213.429715
1.854538,8,213.436751
-31.788203,8,213.444086
-24.609446,8,213.450834
-83.445546,8,213.457826
-30.074909,8,213.466874
-27.064716,8,213.472483
-11.41415,8,213.661962
-73.135935,8,213.67638
-21.249547,8,213.685849
-112.738011,8,213.695684
-3.893492,8,213.703694
-125.452346,8,213.716696
-17.565257,8,213.725619
-43.645742,8,213.736455
-3.987059,8,213.742976
-13.450028,8,213.750607
-24.505612,8,213.75807
-106.797528,8,213.766187
-38.885469,8,213.773392
4.272636,8,213.783031
-36.850818,8,213.79629
-37.187805,8,213.803674
-125.522943,8,213.812017
-5.231557,8,213.821016
-40.188866,8,213.832512
6.833424,8,213.839508
-33.381933,8,213.850336
1.562808,8,213.857321
4.626853,8,213.864382
-34.323344,8,213.871653
-104.152848,8,213.879885
-63.577607,8,213.885899
-3.375762,8,213.897821
-81.209015,8,213.90528
3.779301,8,213.913409
-86.419215,8,213.920691
-23.290046,8,213.92698
-10.215683,8,213.934407
1.964781,8,214.131861
-108.823566,8,214.146488
-27.450741,8,214.161566
-5.94351,8,214.171573
-37.131062,8,214.182574
-33.127119,8,214.191572
-132.09775,8,214.200291
-8.390839,8,214.212208
0.124462,8,214.212208
-90.779534,8,214.228959
-65.902824,8,214.237067
-20.446986,8,214.248545
-10.858863,8,214.253546
3.867714,8,214.261658
-20.220497,8,214.277447
-4.144114,8,214.277447
-55.416806,8,214.293536
-78.466534,8,214.293536
-12.411448,8,214.313412
-167.0186,8,214.326981
-31.112156,8,214.326981
-27.814175,8,214.343578
-20.008542,8,214.352405
-31.519064,8,214.359632
-65.079005,8,214.360213
-51.876668,8,214.360213
-86.760588,8,214.3769
-42.313935,8,214.393501
-16.924094,8,214.393501
0.558539,8,214.414961
-0.977482,8,214.414961
-66.870339,8,214.432313
-85.474652,8,214.627635
-1.374042,8,214.627635
-67.867394,8,214.643626
-1.770401,8,214.643626
-13.118984,8,214.660166
-115.44597,8,214.660166
-33.967895,8,214.679003
0.195473,8,214.68302
-3.983308,8,214.691555
-79.884187,8,214.697761
-20.111492,8,214.697761
-21.233154,8,214.711126
-33.59343,8,214.730318
-116.348323,8,214.730318
-7.769134,8,214.743543
-1.148611,8,214.75183
-0.95663,8,214.771751
-8.075409,8,214.787355
-35.768572,8,214.796963
-79.450701,8,214.805965
-50.388237,8,214.819414
-6.000965,8,214.842923
-33.390001,8,214.884711
-10.108217,8,214.898711
-22.98426,8,214.913948
-95.677501,8,214.936223
4.445335,8,214.944492
-34.795953,8,214.969021
1.685961,8,214.977762
2.598768,8,214.994308
-81.705035,8,214.994308
-23.704173,8,215.01098
4.385415,8,215.265274
10.33154,8,215.281876
3.874138,8,215.289898
-87.200368,8,215.305386
3.547157,8,215.312409
-3.602897,8,215.32948
-111.914665,8,215.32948
-7.520426,8,215.345876
-47.34748,8,215.35973
-20.662497,8,215.362736
-130.371476,8,215.362736
-16.73848,8,215.379403
-1.805226,8,215.39362
-39.778475,8,215.395628
-59.122617,8,215.395628
-25.471349,8,215.422132
-163.355259,8,215.429524
-34.396735,8,215.429524
-46.129611,8,215.456217
-86.118174,8,215.467797
-93.255863,8,215.474772
-168.695346,8,215.479593
-87.263571,8,215.479593
-22.344822,8,215.495374
-77.9309,8,215.495374
-76.106392,8,215.512173
-23.315914,8,215.512173
-10.37305,8,215.52704
3.316522,8,215.528558
-69.828803,8,215.545482
-60.826514,8,215.545482
-85.942845,8,215.562723
-64.07047,8,215.773673
-83.501379,8,215.779464
-157.424443,8,215.793068
-3.793707,8,215.802218
-17.24247,8,215.812517
-79.295371,8,215.82258
-8.417282,8,215.833562
-77.607251,8,215.849254
5.074529,8,215.859374
-40.728292,8,215.871156
-83.686935,8,215.877671
-115.525017,8,215.897481
-70.741989,8,215.911194
-11.536727,8,215.926363
-69.80992,8,215.928038
-134.88972,8,215.945603
4.314887,8,215.960716
-18.084252,8,215.961382
-87.799731,8,215.981006
-95.701538,8,215.995891
-14.424909,8,215.995891
-85.555898,8,216.012355
-61.808893,8,216.012355
-64.410881,8,216.033023
-41.005236,8,216.039042
-57.768283,8,216.045531
-12.149807,8,216.045531
-102.613296,8,216.06657
-54.891926,8,216.076274
-95.85211,8,216.084491
-28.15397,8,216.0915
-49.708558,8,216.09571
-163.964119,8,216.296682
-95.490856,8,216.312632
-39.407341,8,216.312632
-8.810841,8,216.329713
-44.160508,8,216.346146
-40.647674,8,216.346146
-80.789302,8,216.363216
-19.892944,8,216.378026
-0.202505,8,216.37912
-79.804129,8,216.395704
-64.616536,8,216.395704
-2.585278,8,216.416301
-58.488239,8,216.422319
-76.065933,8,216.436481
-72.001344,8,216.449605
-35.161762,8,216.459826
6.070364,8,216.473286
-98.485231,8,216.480771
-14.652378,8,216.503884
-26.534806,8,216.522552
-22.656609,8,216.538356
-18.765475,8,216.554829
-172.001572,8,216.559977
-9.330601,8,216.581398
-52.139952,8,216.591434
-4.510935,8,216.605118
-30.622212,8,216.614964
-69.708663,8,216.626441
-53.161007,8,216.637366
-42.668928,8,216.651774
-175.538547,8,216.658774
-26.586992,8,216.668256
-72.072635,8,216.977507
-44.667767,8,216.988287
-0.773775,8,217.000003
-5.047209,8,217.010739
-0.301352,8,217.027319
-57.831786,8,217.038565
-59.174861,8,217.049548
-19.763246,8,217.058443
-52.79895,8,217.070535
-8.854892,8,217.08985
-7.17215,8,217.103109
-138.386942,8,217.114786
-87.082168,8,217.124782
1.867235,8,217.144294
-1.939455,8,217.154579
-38.382535,8,217.164597
-5.277934,8,217.175483
-62.831117,8,217.184739
-63.741245,8,217.193056
3.313233,8,217.203089
-5.13085,8,217.2128
-219.875361,8,217.221483
-2.091777,8,217.238485
-17.332181,8,217.25303
2.554031,8,217.267439
1.388113,8,217.282219
-17.251435,8,217.295086
-76.843433,8,217.30977
7.069242,8,217.322496
-22.576066,8,217.336393
-64.347256,8,217.355464
1.550757,8,217.37038
-148.493737,8,217.685394
-20.090827,8,217.697252
-53.222018,8,217.720155
-6.216566,8,217.734155
-26.385703,8,217.744042
-25.934806,8,217.760748
-20.708582,8,217.769109
-37.595234,8,217.788355
-103.51047,8,217.801051
-97.479432,8,217.811772
-28.006899,8,217.822773
-17.543651,8,217.834251
3.425656,8,217.846065
-64.390056,8,217.86176
-46.269113,8,217.871476
-19.814245,8,217.887408
-38.492111,8,217.901809
-23.263141,8,217.914777
-51.276855,8,217.921778
-133.381446,8,217.931454
-80.199962,8,217.941849
-9.831019,8,217.948668
-85.075379,8,217.9637
-32.122973,8,217.972844
-93.298543,8,217.982539
-70.520034,8,217.98954
-41.532054,8,218.002598
-113.925616,8,218.014113
1.079429,8,218.023114
-54.819221,8,218.032496
-135.972319,8,218.039498
-42.117465,8,218.050156
-12.546666,8,218.304173
-15.877533,8,218.324645
5.246081,8,218.344229
-120.692127,8,218.355683
-13.521842,8,218.367871
-19.785854,8,218.385344
-27.906668,8,218.400011
-24.808243,8,218.413741
-11.291538,8,218.43574
-36.64839,8,218.478249
-53.615285,8,218.482169
-26.938901,8,218.495059
-11.955091,8,218.495059
-87.272135,8,218.511164
-80.370515,8,218.511164
-41.954064,8,218.527893
-204.233705,8,218.545862
-20.162033,8,218.548747
-20.910755,8,218.563145
-103.591059,8,218.57015
-76.76545,8,218.584189
-88.316322,8,218.591189
-13.374597,8,218.59408
-57.220335,8,218.59408
-67.958105,8,218.615262
-89.37077,8,218.621283
2.859642,8,218.630529
-92.890312,8,218.644637
-7.056814,8,218.656297
-69.255604,8,218.665507
-6.572465,8,218.67142
-18.60273,8,218.681513
-79.717926,8,218.881153
5.618638,8,218.896227
-7.796592,8,218.9093
-30.693768,8,218.918834
-192.381147,8,218.927675
2.339491,8,218.937121
-32.490815,8,218.948299
-83.418297,8,218.958051
-17.708338,8,218.960402
-81.677534,8,218.960402
-96.325132,8,218.989015
-114.449068,8,218.999586
-11.266562,8,219.008552
-35.28721,8,219.01914
6.516066,8,219.033119
-116.015153,8,219.040345
-16.046963,8,219.049695
-18.623348,8,219.057703
1.854815,8,219.062631
-18.6994,8,219.062631
-15.149327,8,219.082186
-93.436745,8,219.084196
2.689302,8,219.096816
-18.604057,8,219.109762
-42.123489,8,219.116796
-39.850444,8,219.123676
-47.151817,8,219.128119
-76.386452,8,219.128119
-85.592945,8,219.143953
-29.012059,8,219.143953
-60.580758,8,219.167306
-85.830381,8,219.175324
3.326117,8,219.427614
-35.324105,8,219.44922
-108.321274,8,219.464348
-13.260785,8,219.473952
-38.130809,8,219.483045
-16.482057,8,219.488794
-120.584983,8,219.494193
-82.61168,8,219.510414
2.565656,8,219.525421
-15.68539,8,219.527388
-21.382387,8,219.543595
-38.309376,8,219.554453
-2.571464,8,219.56629
-17.375425,8,219.574039
-20.223254,8,219.576842
2.021727,8,219.576842
-35.077231,8,219.595672
-1.75356,8,219.595672
-3.329394,8,219.611037
-10.388453,8,219.626901
-117.193407,8,219.626901
0.45998,8,219.645045
-36.184332,8,219.645045
-37.879517,8,219.645045
-4.160517,8,219.660191
0.394426,8,219.660191
-169.001651,8,219.677521
0.709345,8,219.693731
-69.518072,8,219.693731
-23.122425,8,219.693731
-19.556117,8,219.710414
-0.127656,8,219.725052
-0.019243,8,220.061317
-114.441254,8,220.071317
-67.074414,8,220.0799
-69.299109,8,220.091561
-3.60934,8,220.102274
-0.439776,8,220.113498
-188.144232,8,220.127561
-21.525703,8,220.148649
-2.088696,8,220.15268
-95.022602,8,220.168771
-1.168844,8,220.17913
-50.471393,8,220.196058
-89.786956,8,220.215563
-24.061415,8,220.22839
-14.170886,8,220.244825
-28.601323,8,220.27082
-2.226939,8,220.292283
-50.843494,8,220.31099
-36.332929,8,220.327431
0.145245,8,220.333441
-82.836959,8,220.352489
-152.089673,8,220.37249
-49.952845,8,220.385347
-7.447669,8,220.399303
-89.710088,8,220.415821
-62.161338,8,220.431778
-262.027349,8,220.432777
-14.40326,8,220.449485
3.747996,8,220.464983
-128.53932,8,220.465988
-2.410357,8,220.48275
-56.594132,8,220.48275
-5.052469,8,220.709738
-8.600669,8,220.72399
-85.666837,8,220.734482
-40.444691,8,220.744211
-103.921051,8,220.7493
-82.771581,8,220.768425
-23.149846,8,220.778478
-12.338846,8,220.782578
-118.15225,8,220.797246
-52.61909,8,220.805336
-102.610472,8,220.813282
-207.608307,8,220.813282
-133.257565,8,220.835485
-15.53394,8,220.846894
-3.862672,8,220.855855
-62.216361,8,220.866378
-15.448811,8,220.874389
-96.221248,8,220.888432
-4.642161,8,220.898482
-24.438175,8,220.907258
-104.303039,8,220.916079
-2.432093,8,220.923494
-83.377179,8,220.934715
-16.14664,8,220.943063
-81.215142,8,220.9536
-9.239425,8,220.9599
-188.849848,8,220.969363
-20.418468,8,220.979405
-23.836582,8,220.988901
-54.54995,8,220.998243
8.01256,8,221.013681
-2.232418,8,221.023246
-4.303618,8,221.268003
-58.778215,8,221.276998
-56.142283,8,221.293002
-19.273059,8,221.303042
-22.940345,8,221.312815
-124.196349,8,221.326403
-23.870463,8,221.334059
-5.673572,8,221.345025
-78.714064,8,221.35487
-27.950538,8,221.355873
-119.655678,8,221.380391
-96.675732,8,221.387009
3.707338,8,221.39457
-174.848031,8,221.412533
-77.255716,8,221.419076
4.465992,8,221.429157
-97.54881,8,221.435696
-16.730217,8,221.450937
-63.849538,8,221.450937
-0.58478,8,221.450937
-156.355112,8,221.470734
-25.017583,8,221.482506
-25.584123,8,221.482506
-35.049791,8,221.506038
-96.006577,8,221.523176
2.819356,8,221.537471
-66.232764,8,221.556671
2.287017,8,221.567053
1.449669,8,221.574956
-20.928507,8,221.586318
-40.548656,8,221.597098
-91.080142,8,221.605102
0.416041,8,221.85919
-17.084478,8,221.868941
-73.140852,8,221.880758
-3.202917,8,221.899077
-100.882435,8,221.908077
-20.101236,8,221.919522
-13.025642,8,221.931523
-15.540853,8,221.941539
-173.757156,8,221.954295
-16.793919,8,221.969781
-0.956369,8,221.982289
-20.38487,8,221.984387
-32.670569,8,222.004159
-8.959543,8,222.015059
-5.716785,8,222.024067
-36.409126,8,222.035604
-21.794493,8,222.050778
-23.446813,8,222.061878
-144.919516,8,222.069895
-16.928354,8,222.082021
-143.370952,8,222.099148
-146.889507,8,222.107125
-4.604928,8,222.116508
-22.131223,8,222.124509
-42.611786,8,222.132804
-27.760748,8,222.132804
6.59093,8,222.150192
-12.138774,8,222.157195
1.567163,8,222.17053
-74.939282,8,222.183686
-119.186363,8,222.191584
-30.570456,8,222.201317
-30.607788,8,222.444696
-70.995748,8,222.454847
-21.860583,8,222.468459
11.933651,8,222.482311
-43.97876,8,222.493617
-38.514835,8,222.505609
-2.485171,8,222.520418
-125.379333,8,222.537011
-4.072661,8,222.543538
6.443759,8,222.562909
-69.288011,8,222.575259
-0.40598,8,222.58956
-116.845371,8,222.602998
-31.105492,8,222.614247
-8.064083,8,222.626561
-10.44674,8,222.63524
-103.955613,8,222.652173
-13.954148,8,222.661978
8.942421,8,222.683013
-51.057027,8,222.693055
-86.790552,8,222.695587
0.024615,8,222.712206
-0.315528,8,222.728961
-142.56013,8,222.74554
-20.071725,8,222.74554
0.455886,8,222.777521
1.197576,8,222.778931
-108.731749,8,222.795532
-167.424393,8,222.812061
-31.81102,8,222.812061
-60.791572,8,222.828241
-107.410626,8,222.828241
-0.094205,8,223.082626
-5.409871,8,223.089631
-89.768512,8,223.098668
-31.967541,8,223.117243
-20.608694,8,223.126183
-38.994295,8,223.132982
-59.760229,8,223.145385
-111.209377,8,223.154382
-177.404721,8,223.164409
-107.153588,8,223.173401
-225.786144,8,223.183618
-1.526273,8,223.190623
-167.083433,8,223.197882
0.765156,8,223.197882
-132.854282,8,223.22382
-57.509271,8,223.233441
-90.738706,8,223.240618
-40.074387,8,223.252091
-24.035167,8,223.266183
4.625288,8,223.275196
-16.530069,8,223.288168
-99.344879,8,223.299525
-12.922734,8,223.312534
-16.122249,8,223.322551
-4.634931,8,223.336725
-15.604516,8,223.346467
-79.897952,8,223.358467
-6.468008,8,223.359847
-30.007364,8,223.375156
-148.947971,8,223.375156
-40.98236,8,223.398782
-9.956291,8,223.409878
-2.109094,8,223.607611
-72.782355,8,223.616324
-3.325346,8,223.626664
-14.761495,8,223.638754
-29.471698,8,223.638754
-4.040262,8,223.654828
-35.581459,8,223.670666
-11.480286,8,223.685799
-5.478322,8,223.685799
-100.203503,8,223.704932
-139.594005,8,223.712929
6.320134,8,223.720847
-1.614232,8,223.730609
-40.016855,8,223.736619
8.111911,8,223.744384
-8.15309,8,223.754848
-92.159734,8,223.764982
-51.378418,8,223.776179
-76.645127,8,223.780717
-22.375404,8,223.79562
2.349256,8,223.808244
-20.397051,8,223.808244
-159.583524,8,223.82414
-174.005436,8,223.82414
-17.846737,8,223.839936
-34.820036,8,223.839936
-47.637612,8,223.855657
-28.341417,8,223.855657
-77.219166,8,223.855657
-97.547668,8,223.871463
-66.509844,8,223.887357
-40.190993,8,223.887357
-44.163907,8,224.116405
3.670548,8,224.133136
-90.331001,8,224.146327
-82.607543,8,224.150064
-88.345956,8,224.160438
-19.487346,8,224.176823
0.582631,8,224.183237
0.30998,8,224.195244
-59.143946,8,224.20519
-45.276962,8,224.217162
-22.69724,8,224.227292
-7.62316,8,224.233831
-61.242129,8,224.245298
-48.822697,8,224.259846
-217.951706,8,224.268505
-16.040592,8,224.278484
-68.134924,8,224.282966
-19.696197,8,224.295688
2.198303,8,224.300424
-4.443116,8,224.316261
-117.341756,8,224.333173
-40.289392,8,224.353295
-88.151799,8,224.363808
-3.69422,8,224.374821
-83.862296,8,224.384809
-83.890809,8,224.399189
-136.071743,8,224.422099
-2.689043,8,224.434706
-5.644685,8,224.443668
-26.488054,8,224.452785
-62.396156,8,224.459678
-5.128118,8,224.459678
-19.234903,8,224.666186
-3.420619,8,224.675244
-122.542887,8,224.687031
-29.064572,8,224.696408
-83.7408,8,224.704408
-23.98408,8,224.710793
-38.465788,8,224.726389
-116.298129,8,224.737031
-19.064027,8,224.747622
-12.913558,8,224.755632
-10.290361,8,224.757134
1.799171,8,224.769844
0.848125,8,224.778865
5.049103,8,224.786877
-102.679238,8,224.79263
-96.032506,8,224.80454
-47.267441,8,224.820208
-109.662703,8,224.828693
4.577696,8,224.847939
-69.710984,8,224.861261
4.35791,8,224.873083
3.59352,8,224.878393
-24.866788,8,224.891946
-11.431844,8,224.897652
-61.443573,8,224.907751
-28.736361,8,224.92357
-55.054217,8,224.930367
-38.757024,8,224.951156
3.099475,8,224.961957
-4.739839,8,224.961957
-19.703447,8,224.979786
-29.051209,8,224.999879
-12.540257,8,225.250621
-21.928562,8,225.257683
-4.729606,8,225.26777
-52.173239,8,225.278117
5.279655,8,225.288131
8.20859,8,225.295695
-65.391758,8,225.30345
-13.554,8,225.31513
-42.964942,8,225.321186
-7.927586,8,225.340168
-16.466964,8,225.350562
-55.118337,8,225.363011
-6.03121,8,225.373405
-33.915629,8,225.383779
-166.214191,8,225.391792
-47.962248,8,225.399545
-106.32508,8,225.407136
-25.760372,8,225.41767
-6.437081,8,225.425681
-61.997563,8,225.435728
-5.26549,8,225.439732
-13.594768,8,225.447
-5.890513,8,225.462657
3.874009,8,225.462657
-65.395067,8,225.484279
-92.753298,8,225.5017
-95.411327,8,225.518559
-38.52952,8,225.529658
6.826458,8,225.529658
-10.639024,8,225.545179
4.342118,8,225.545179
-126.709102,8,225.561985
-26.292144,8,225.783052
-98.84235,8,225.799889
-18.196672,8,225.814044
-44.343178,8,225.823038
-34.919467,8,225.837762
-27.666382,8,225.852855
-121.154784,8,225.859451
-94.18911,8,225.859451
-38.335936,8,225.882561
-58.996711,8,225.89139
-113.446756,8,225.901732
-30.094527,8,225.91656
-56.91832,8,225.930025
-46.067374,8,225.937752
-75.488537,8,225.949727
-20.602072,8,225.953488
-89.120586,8,225.969263
-88.033845,8,225.984988
-13.698548,8,225.984988
-18.062272,8,225.984988
-11.336445,8,226.000674
-1.078878,8,226.016427
-18.524985,8,226.032455
-149.906382,8,226.032455
-163.091728,8,226.045568
-7.108415,8,226.045568
-19.414505,8,226.065534
-15.341371,8,226.07254
-88.351281,8,226.079933
3.368524,8,226.091043
-17.040854,8,226.092931
-81.346919,8,226.092931
-51.747584,8,226.293195
-30.485038,8,226.301374
-71.321279,8,226.314574
-66.207991,8,226.317188
-6.797695,8,226.317188
-39.827864,8,226.334972
-15.068982,8,226.349024
-20.193175,8,226.368139
-9.261547,8,226.382134
4.879206,8,226.392134
-112.669585,8,226.416921
-117.116977,8,226.429605
-8.01074,8,226.434415
-38.913304,8,226.454478
-22.020767,8,226.468303
-18.30709,8,226.484732
-20.797837,8,226.499242
-72.724241,8,226.509972
-46.714075,8,226.521231
5.498872,8,226.53207
2.415036,8,226.542028
-4.096756,8,226.543028
-35.584877,8,226.559082
-64.191235,8,226.559082
-22.081408,8,226.578495
-113.831152,8,226.578495
-1.488646,8,226.597301
-41.832966,8,226.60532
-46.254031,8,226.612873
-38.917065,8,226.622717
-13.7177,8,226.622717
-82.751915,8,226.638506
-53.73102,8,226.849448
-70.874218,8,226.86432
-19.010155,8,226.872345
2.013804,8,226.888958
-20.614045,8,226.897587
-98.916424,8,226.907082
-14.941758,8,226.907082
-82.047238,8,226.927168
-26.882581,8,226.936923
-4.179108,8,226.94747
-49.445834,8,226.955002
-37.469551,8,226.963323
1.43986,8,226.971093
-8.732433,8,226.982698
-34.744987,8,226.992266
-85.838983,8,227.006124
-48.250541,8,227.016948
-101.440561,8,227.030892
-63.375493,8,227.039938
-63.228578,8,227.039938
-86.093168,8,227.057971
-120.70985,8,227.066001
-29.644817,8,227.073623
-23.0866,8,227.085979
-20.303231,8,227.094012
2.795822,8,227.101785
-0.694189,8,227.109814
-119.126717,8,227.117225
-18.427057,8,227.134403
-55.977386,8,227.140426
-65.033655,8,227.183022
-64.997488,8,227.199531
1.809974,8,227.44473
-41.958946,8,227.451755
-144.353038,8,227.451755
-24.182344,8,227.467889
-71.314089,8,227.485869
7.73195,8,227.49791
7.880547,8,227.507679
-113.541226,8,227.51946
-136.831169,8,227.535713
-45.956008,8,227.54766
-84.396305,8,227.559675
-8.732342,8,227.570941
0.253995,8,227.578984
-0.800879,8,227.596315
6.913826,8,227.596315
-57.812456,8,227.616252
-106.550815,8,227.628034
-22.742048,8,227.628034
-33.640406,8,227.642101
-21.650564,8,227.65782
-27.443303,8,227.673561
-37.615382,8,227.6893
-17.571949,8,227.705132
-20.505444,8,227.705132
-98.531287,8,227.721237
-42.820747,8,227.734128
-76.210687,8,227.743166
-65.162269,8,227.751202
-10.324382,8,227.75496
-69.569526,8,227.75496
0.679535,8,227.769148
-75.487922,8,227.769148
-33.209996,8,227.964038
-25.241708,8,227.985384
-6.87633,8,227.997309
-41.497628,8,228.003922
-34.560214,8,228.01872
-9.15824,8,228.028801
-64.671281,8,228.035399
-15.889166,8,228.04831
-49.644608,8,228.049948
-2.112947,8,228.065863
6.450956,8,228.074352
-5.314698,8,228.082778
0.612479,8,228.0913
-85.957653,8,228.100602
-65.393066,8,228.116742
-77.994607,8,228.132636
-43.368509,8,228.145331
1.930349,8,228.154327
-96.083767,8,228.164421
-17.503531,8,228.170494
4.021759,8,228.182302
-105.441608,8,228.193838
-20.802735,8,228.198891
-35.84545,8,228.213322
-142.751555,8,228.216448
-40.815325,8,228.230204
-53.562176,8,228.232203
-54.066706,8,228.24966
-92.775679,8,228.266933
-107.919095,8,228.274755
-11.242537,8,228.282618
-42.81538,8,228.29949
-21.798218,8,228.500022
-25.976938,8,228.511924
-23.15849,8,228.518621
-20.489726,8,228.529572
-78.71236,8,228.535225
0.808634,8,228.548197
-115.306539,8,228.552207
-75.577848,8,228.568552
-71.717661,8,228.579602
4.576927,8,228.589277
9.308038,8,228.601937
-40.591181,8,228.609917
-44.243034,8,228.620538
-165.782004,8,228.629564
-25.404366,8,228.637247
0.683409,8,228.64826
-71.409779,8,228.649939
-121.994914,8,228.66713
-68.274583,8,228.676733
-2.210067,8,228.69276
0.532416,8,228.704334
-86.309097,8,228.721593
-101.323334,8,228.732718
-16.626374,8,228.738726
-11.105391,8,228.7437
-69.39957,8,228.7437
9.034795,8,228.759773
-19.71057,8,228.759773
-76.79194,8,228.759773
-70.607524,8,228.775835
-0.394237,8,228.775835
-58.507236,8,228.791857
-29.682033,8,228.982162
-25.649644,8,228.990273
-60.541496,8,228.999846
-15.923055,8,229.007846
-101.881844,8,229.017484
-35.247921,8,229.024476
6.007596,8,229.033577
-7.837691,8,229.045395
2.094535,8,229.045395
-16.285175,8,229.064448
-23.834094,8,229.07423
-183.745312,8,229.083631
-11.342642,8,229.100347
-134.307711,8,229.109948
-77.736021,8,229.120915
-15.357712,8,229.131397
-20.263169,8,229.133403
-113.858343,8,229.149889
-45.842359,8,229.168653
-200.753994,8,229.1782
-105.5244,8,229.183919
-21.629455,8,229.200913
-9.097181,8,229.214039
-22.881327,8,229.216752
-0.680653,8,229.234287
-5.805908,8,229.249784
-71.205792,8,229.249784
-11.785845,8,229.269261
-7.22023,8,229.283953
-44.922821,8,229.299973
-132.68719,8,229.312061
-6.027901,8,229.316916
-188.370983,8,229.538636
-26.472298,8,229.546768
-9.037141,8,229.555767
-17.979134,8,229.565067
1.503733,8,229.574067
-3.860964,8,229.587109
-27.016231,8,229.597307
-77.038047,8,229.605306
-18.83692,8,229.610788
-149.323833,8,229.610788
-12.259312,8,229.626154
-29.75739,8,229.642005
0.98518,8,229.642005
-6.026813,8,229.659199
-20.20481,8,229.66811
-26.394045,8,229.676113
-20.25048,8,229.684683
-33.815236,8,229.690684
3.666988,8,229.69328
-4.345571,8,229.69328
-24.808053,8,229.711522
-53.174779,8,229.711522
-9.19626,8,229.729252
-22.669656,8,229.740741
-6.165666,8,229.756824
-189.282833,8,229.756824
-18.143782,8,229.756824
-101.424615,8,229.772716
-16.151405,8,229.788858
-1.093703,8,229.788858
-39.74411,8,229.811628
-60.187814,8,229.820512
-56.134382,8,230.078571
-7.074549,8,230.084112
-59.420942,8,230.101822
1.872294,8,230.114935
-5.051921,8,230.118517
-164.017353,8,230.136404
-48.878543,8,230.147278
-79.908045,8,230.149814
3.73526,8,230.169648
-15.808224,8,230.183232
-30.789226,8,230.183232
-15.44516,8,230.206963
-38.372772,8,230.216464
-18.604658,8,230.228585
-71.407996,8,230.237571
-94.342217,8,230.247574
-35.468809,8,230.255582
-11.145797,8,230.266864
-18.447981,8,230.274533
-192.728368,8,230.283703
-25.745676,8,230.296252
-22.165388,8,230.303849
-60.388154,8,230.311753
-76.529479,8,230.324694
-33.350973,8,230.333764
-0.340571,8,230.340858
-35.678947,8,230.349087
-104.035925,8,230.355655
-3.785102,8,230.363455
-11.035246,8,230.370524
-11.06088,8,230.378345
-77.981515,8,230.384863
-19.289475,8,230.570525
-111.823307,8,230.579087
-107.970666,8,230.587593
3.413463,8,230.595814
-67.390076,8,230.612304
-51.422609,8,230.61965
-33.989585,8,230.627531
-56.941706,8,230.634477
-46.926705,8,230.641438
-32.686026,8,230.670859
-20.771198,8,230.682793
-9.228926,8,230.690573
-59.337047,8,230.700111
-19.087439,8,230.708128
-0.760668,8,230.720675
-111.353285,8,230.730855
-85.84731,8,230.745718
-44.978824,8,230.757587
-13.600029,8,230.76978
-36.956789,8,230.781789
2.954077,8,230.79428
-57.674349,8,230.803687
-4.347455,8,230.810559
-3.879709,8,230.818069
-21.743204,8,230.829543
-3.931748,8,230.835555
-89.862299,8,230.842549
-105.322137,8,230.851554
-52.742798,8,230.858645
-113.64808,8,230.870073
-43.055819,8,230.876073
-22.520919,8,230.883252
-14.859079,8,231.068147
-5.471207,8,231.075372
-7.999484,8,231.083998
-114.427268,8,231.091486
-47.757511,8,231.099506
-2.723703,8,231.107273
-9.44964,8,231.11698
-38.582644,8,231.12299
-36.032419,8,231.131929
-68.662563,8,231.144951
5.149222,8,231.153238
-83.358811,8,231.166064
-112.525331,8,231.17889
-97.087897,8,231.187892
-15.319109,8,231.196883
-47.152329,8,231.205281
-45.359284,8,231.214219
-20.663839,8,231.222215
-17.76967,8,231.230475
-101.783716,8,231.239475
-93.291889,8,231.247302
-54.622394,8,231.255297
-8.192961,8,231.270921
0.126221,8,231.291246
-98.274075,8,231.303735
-10.678005,8,231.311131
-18.31581,8,231.315134
-76.709422,8,231.315134
-7.499885,8,231.332886
-33.45005,8,231.338887
-83.665204,8,231.348166
-5.978047,8,231.354162
-33.335999,8,231.527157
7.810266,8,231.543796
-13.198896,8,231.559071
-2.687922,8,231.56449
-93.09351,8,231.577587
7.389396,8,231.577587
-2.262026,8,231.593766
-8.894218,8,231.603919
4.717874,8,231.614873
-96.470733,8,231.622903
-30.757005,8,231.631351
-53.30252,8,231.63937
-25.051416,8,231.648066
-126.313607,8,231.656081
-37.832113,8,231.660367
1.566181,8,231.677899
-5.229416,8,231.690354
-164.115218,8,231.697603
-219.871944,8,231.697603
5.784201,8,231.716801
-32.85415,8,231.723795
-50.838719,8,231.736343
-89.048102,8,231.743312
-109.31118,8,231.744015
7.270096,8,231.764574
-40.934049,8,231.77158
-4.743717,8,231.778664
-177.24236,8,231.788632
-144.846185,8,231.795998
-4.445678,8,231.795998
-18.005983,8,231.795998
-4.324068,8,231.81056
-56.337003,8,232.019358
-101.974452,8,232.027882
-85.684278,8,232.035882
-4.860926,8,232.043215
-35.961008,8,232.043215
-15.127959,8,232.043215
-170.559001,8,232.064705
-87.945867,8,232.070782
-3.666902,8,232.087089
-97.496266,8,232.094864
-103.66378,8,232.096519
2.532634,8,232.096519
-20.268038,8,232.117815
-90.020969,8,232.12584
-69.025719,8,232.133889
-6.915469,8,232.13991
-20.516289,8,232.14369
-126.953092,8,232.14369
-2.030166,8,232.159407
-56.147821,8,232.159407
-65.495638,8,232.186292
1.448932,8,232.199265
-14.451078,8,232.207029
-125.622934,8,232.211213
-23.757777,8,232.228425
-30.352168,8,232.228425
3.117227,8,232.250092
-110.575811,8,232.265374
-5.205184,8,232.265374
-14.861626,8,232.289586
-185.021682,8,232.307573
-107.141244,8,232.313705
-68.935163,8,232.572001
-66.186253,8,232.58772
-98.692566,8,232.596084
-231.682499,8,232.609154
-64.958145,8,232.619433
-1.108246,8,232.629307
-53.506953,8,232.639503
-8.191343,8,232.646079
-115.073143,8,232.662732
-160.641332,8,232.673041
-83.493565,8,232.679457
-88.457235,8,232.679457
-37.782849,8,232.696058
-16.850904,8,232.716455
-90.412898,8,232.724466
-15.080109,8,232.731964
-30.139873,8,232.731964
-54.398256,8,232.746045
-1.956836,8,232.746045
-35.794308,8,232.761771
-72.075603,8,232.779266
-103.340535,8,232.779266
-78.365298,8,232.779266
3.746118,8,232.795188
-63.575946,8,232.795188
-13.310995,8,232.812471
-40.827358,8,232.830633
2.436538,8,232.830633
-1.732196,8,232.859142
-182.172109,8,232.870893
-22.591173,8,232.880039
-9.060978,8,232.894659
-63.857322,8,233.087684
-6.095532,8,233.095384
-11.345971,8,233.103466
-26.491947,8,233.116001
-132.541541,8,233.123995
-8.617453,8,233.13205
-1.948148,8,233.145401
-25.322874,8,233.153967
-25.103022,8,233.162189
-91.767479,8,233.170205
-42.94379,8,233.179323
-42.699476,8,233.179323
1.847131,8,233.179323
-1.397405,8,233.201201
-114.11122,8,233.206649
-56.532544,8,233.210664
0.314212,8,233.210664
-42.86187,8,233.232428
-20.850328,8,233.232428
-125.021353,8,233.255208
-1.758066,8,233.262425
-4.279082,8,233.262425
-71.414271,8,233.278377
-41.16916,8,233.278377
-24.552854,8,233.278377
-20.134123,8,233.29422
-8.112889,8,233.29422
6.48324,8,233.312012
-59.017444,8,233.312012
-62.138692,8,233.329182
-19.479312,8,233.329182
-3.173296,8,233.347481
-4.101506,8,233.527523
-32.798864,8,233.534558
-6.885089,8,233.542558
-117.283277,8,233.549679
-30.437855,8,233.555427
-19.690456,8,233.56444
-18.292586,8,233.572191
-50.128335,8,233.585877
-19.629205,8,233.594907
-10.932098,8,233.601983
-129.453119,8,233.611857
-17.073732,8,233.621141
-48.505843,8,233.634657
-29.231131,8,233.641656
5.045188,8,233.650321
-39.89925,8,233.658328
-33.907569,8,233.663222
-17.42088,8,233.663222
-29.647015,8,233.679339
-30.666465,8,233.679339
-19.817898,8,233.695997
-15.662776,8,233.712354
-106.634804,8,233.712354
-23.655169,8,233.726817
-16.797311,8,233.736472
-58.24353,8,233.748555
-2.220677,8,233.75457
-14.580761,8,233.761163
-4.360599,8,233.762464
-55.088266,8,233.762464
-44.006404,8,233.778556
-140.817821,8,233.778556
2.42146,8,233.957615
-53.631734,8,233.963624
-59.025634,8,233.969113
-54.555883,8,233.974773
6.001422,8,233.98518
-70.478644,8,233.99668
-167.057791,8,234.001207
-133.87902,8,234.011666
-13.568227,8,234.018726
-35.659065,8,234.02538
-18.474171,8,234.036226
-18.21859,8,234.045732
-29.116383,8,234.051743
-14.122421,8,234.057736
-16.849984,8,234.068694
-3.556924,8,234.07822
-135.938583,8,234.080287
-127.754757,8,234.098962
1.298619,8,234.10645
-1.156679,8,234.115334
-9.135803,8,234.123334
-46.503826,8,234.131023
-12.754585,8,234.139023
4.824735,8,234.149625
-23.162586,8,234.149625
-87.674032,8,234.159181
3.958695,8,234.159181
-61.778767,8,234.175015
-25.926466,8,234.175015
-4.75881,8,234.175015
-104.492539,8,234.200877
-86.230755,8,234.206888
-7.126053,8,234.383243
-101.433777,8,234.390263
-29.146978,8,234.396286
-16.170656,8,234.402344
-9.824465,8,234.413708
-31.643613,8,234.418231
-12.773855,8,234.428238
-27.39263,8,234.43599
-92.763355,8,234.443744
-31.206918,8,234.449766
-41.212511,8,234.462544
-93.570915,8,234.46555
-88.391122,8,234.478211
-44.386673,8,234.489661
-11.448353,8,234.497413
-34.849773,8,234.503067
3.000354,8,234.512826
-59.051586,8,234.518848
-4.454985,8,234.526869
-167.170463,8,234.53263
-73.935416,8,234.53263
-18.16003,8,234.550305
3.739006,8,234.556053
-18.118369,8,234.572941
-71.466226,8,234.579432
-1.790973,8,234.579432
-259.036575,8,234.605568
2.401761,8,234.615428
0.660977,8,234.622423
-23.660248,8,234.630618
-14.98872,8,234.638638
-105.641709,8,234.64239
-55.313862,8,234.89403
-176.163729,8,234.905934
-43.602837,8,234.917131
-155.224558,8,234.935858
-30.364308,8,234.948665
-62.378631,8,234.964679
4.708196,8,234.976288
-11.191646,8,234.990316
-89.364317,8,235.001698
-10.888131,8,235.013662
-128.604367,8,235.021685
-36.027592,8,235.031462
-212.893694,8,235.039487
-62.225172,8,235.055633
-124.076054,8,235.063165
-77.81736,8,235.075758
-101.3102,8,235.082237
1.486514,8,235.097301
-7.578477,8,235.11144
-52.016238,8,235.119445
-68.116008,8,235.129095
-7.127005,8,235.140093
-54.223215,8,235.143124
-100.076231,8,235.143124
-4.691202,8,235.169057
-63.530402,8,235.175076
-12.430625,8,235.175076
-29.086164,8,235.201456
-37.83982,8,235.202542
-89.700016,8,235.227428
-2.558451,8,235.247497
-74.012223,8,235.280724
-27.042324,8,235.583183
-43.577993,8,235.586193
-29.10978,8,235.603179
-7.747873,8,235.614478
-36.392245,8,235.630078
5.790265,8,235.638921
-2.374879,8,235.654238
-60.299667,8,235.668175
-2.679411,8,235.680808
-113.629334,8,235.696921
-89.331797,8,235.706171
-156.525139,8,235.717549
-27.638076,8,235.726554
-25.749169,8,235.737135
-7.369183,8,235.750554
-119.411642,8,235.76119
-8.114036,8,235.764102
-11.3868,8,235.764102
-104.930381,8,235.784374
-26.064185,8,235.791538
-36.636484,8,235.799528
-42.658659,8,235.810714
-6.613219,8,235.817734
2.705599,8,235.824807
-53.212304,8,235.834815
-27.584278,8,235.845649
-16.558096,8,235.867768
-45.475753,8,235.875768
-0.105266,8,235.884547
-109.938652,8,235.89339
-65.07867,8,235.89339
-18.127203,8,235.908493
-9.648924,8,236.126729
-9.746484,8,236.145541
-91.063869,8,236.158859
-47.336554,8,236.165436
-55.717203,8,236.169446
-85.912187,8,236.178277
-90.795827,8,236.178277
0.010101,8,236.196216
-87.155836,8,236.213014
-7.98923,8,236.213014
7.304295,8,236.228395
-80.666746,8,236.228395
-8.945236,8,236.247611
-35.824311,8,236.253611
-147.39064,8,236.267743
-77.735646,8,236.274722
-21.997277,8,236.284823
-4.646229,8,236.294039
-0.072507,8,236.296865
-23.727866,8,236.318504
-102.308252,8,236.332867
-77.169707,8,236.344503
-60.837752,8,236.357512
0.250272,8,236.370785
-110.134291,8,236.383519
-133.112587,8,236.39341
-16.222531,8,236.406102
-109.585234,8,236.42218
-42.953741,8,236.434853
-10.205585,8,236.443616
-41.70453,8,236.452565
-13.818086,8,236.458562
-47.368806,8,236.701853
-21.951513,8,236.711665
-32.282054,8,236.720664
-129.91939,8,236.729427
-16.021305,8,236.737427
-44.214355,8,236.744015
-15.502172,8,236.754035
-49.919034,8,236.775478
1.737972,8,236.787374
-6.861529,8,236.80037
-65.040365,8,236.813396
-102.039295,8,236.824564
-61.897629,8,236.838105
-17.719583,8,236.850678
-22.471442,8,236.866344
0.726155,8,236.880438
-27.425261,8,236.888429
-204.654244,8,236.896451
-89.258466,8,236.907442
-27.753314,8,236.915437
-46.958559,8,236.930963
-33.996042,8,236.94334
-2.155798,8,236.960696
-18.377881,8,236.962703
-12.765852,8,236.974729
-124.48577,8,237.004771
-6.609334,8,237.018579
-157.32176,8,237.034392
-31.854119,8,237.049047
-108.879295,8,237.062105
-24.512551,8,237.072782
-23.187438,8,237.082819
-2.292038,8,237.381701
-16.109079,8,237.399414
-11.816216,8,237.410015
-206.978774,8,237.421928
-3.580052,8,237.43736
0.999326,8,237.450021
-6.098764,8,237.45902
-1.991186,8,237.472138
-82.198921,8,237.486914
0.204037,8,237.498767
-18.829094,8,237.508294
-17.074182,8,237.521634
-27.742549,8,237.532344
-3.17801,8,237.553482
-28.046416,8,237.567486
-7.78194,8,237.571486
-101.191942,8,237.587194
3.291555,8,237.600237
-136.192572,8,237.608233
-37.130303,8,237.619269
-37.088276,8,237.628374
2.390375,8,237.628374
-11.860407,8,237.651685
-175.284411,8,237.664051
-114.378242,8,237.674038
-48.117993,8,237.689038
-53.847264,8,237.697727
0.566194,8,237.699544
-8.216137,8,237.712981
-42.850655,8,237.712981
8.422428,8,237.712981
-15.823011,8,237.73438
-11.742942,8,237.947499
-46.389575,8,237.947499
-26.960862,8,237.96152
-39.288585,8,237.96152
-183.479235,8,237.983453
-55.65855,8,237.983453
3.565054,8,238.00952
-64.978937,8,238.00952
-109.217625,8,238.025276
-47.325312,8,238.025276
-20.014431,8,238.041201
5.185985,8,238.041201
-48.939798,8,238.062986
-6.806761,8,238.062986
-40.960001,8,238.078238
-113.794112,8,238.094306
-26.812761,8,238.104333
-142.260155,8,238.117332
-48.767757,8,238.130223
-36.856559,8,238.138228
-37.816077,8,238.144483
-17.741097,8,238.144483
-16.273887,8,238.161576
1.571815,8,238.161576
-1.83647,8,238.161576
1.348976,8,238.178285
-42.416549,8,238.178285
-34.777376,8,238.197284
1.95807,8,238.197665
-14.706165,8,238.210317
-0.840444,8,238.220447
-102.586703,8,238.227861
-11.610837,8,238.443656
-13.167131,8,238.446748
2.927041,8,238.463225
-27.048286,8,238.472351
-19.073072,8,238.48191
-29.272786,8,238.49103
-31.708253,8,238.500934
1.574541,8,238.508943
-79.137206,8,238.517814
-64.463057,8,238.52582
-124.932089,8,238.540149
-30.669709,8,238.554258
-19.658692,8,238.563103
-26.95274,8,238.571735
-27.829038,8,238.58351
-54.664447,8,238.593349
-21.10036,8,238.60201
2.192491,8,238.61151
-50.4891,8,238.614028
-157.448506,8,238.626839
-142.965657,8,238.629526
-20.331717,8,238.629526
-2.560097,8,238.653309
6.106958,8,238.660208
-89.841315,8,238.674018
-106.652067,8,238.686144
-186.175133,8,238.694516
-22.910985,8,238.708106
-96.144431,8,238.723454
-14.999189,8,238.733413
1.546916,8,238.742322
-31.200442,8,238.750697
-39.238607,8,238.991263
5.458808,8,239.003194
-169.651962,8,239.012323
-43.795058,8,239.012323
-64.281198,8,239.036069
-42.44812,8,239.046836
-108.747564,8,239.055334
-24.807699,8,239.065363
-16.675723,8,239.083905
-2.289192,8,239.094905
-87.695768,8,239.107908
-29.462031,8,239.116755
-66.278525,8,239.132577
-21.022027,8,239.14158
-53.53128,8,239.151021
-21.470699,8,239.159959
-77.002306,8,239.161659
-26.099213,8,239.186753
-53.496626,8,239.201456
-48.634354,8,239.208458
-43.976231,8,239.21641
-4.162923,8,239.227177
-8.258522,8,239.234266
-13.92797,8,239.241267
-5.017825,8,239.249058
-6.36781,8,239.255075
12.976314,8,239.262789
-5.30121,8,239.262789
-17.866002,8,239.278038
-100.43729,8,239.284675
-98.380943,8,239.301725
-34.646163,8,239.311709
-41.464928,8,239.496538
-60.764473,8,239.506631
-27.058814,8,239.516142
-26.78627,8,239.523142
-5.764713,8,239.537144
-5.254588,8,239.547475
-22.211168,8,239.558008
-20.689852,8,239.568436
1.284984,8,239.574435
-26.854291,8,239.583547
0.749561,8,239.601928
-21.408929,8,239.612149
-1.969073,8,239.625928
-126.076292,8,239.652997
-22.091651,8,239.671426
-70.621579,8,239.694095
-72.095217,8,239.717631
-124.982591,8,239.746165
-56.713432,8,239.778755
-104.00843,8,239.803343
2.996472,8,239.822188
-87.320497,8,239.841188
-77.255089,8,239.91535
-53.045126,8,239.946185
-270.786974,8,239.977886
-54.319026,8,239.995504
1.9501,8,240.003102
-38.856365,8,240.027198
-71.127712,8,240.037766
-57.246991,8,240.049562
-66.031563,8,240.064566
-26.657619,8,240.078449
-18.306859,8,240.319587
-87.636012,8,240.331293
4.463317,8,240.341293
-2.456584,8,240.361301
-122.589974,8,240.36929
-90.06929,8,240.376384
0.460398,8,240.38629
-14.263671,8,240.395385
-115.252419,8,240.404318
-54.229695,8,240.41325
-77.974862,8,240.421729
-69.226235,8,240.430673
1.797039,8,240.437954
-176.596591,8,240.446262
-57.026829,8,240.454866
-73.035878,8,240.471294
-37.050299,8,240.480048
-27.345671,8,240.488242
-117.372902,8,240.496423
4.742641,8,240.505416
-113.84979,8,240.512697
-39.8468,8,240.51906
-122.804664,8,240.525354
0.079473,8,240.532444
-51.00248,8,240.538883
-146.476547,8,240.546812
-158.923695,8,240.548522
-43.587689,8,240.564474
-9.096718,8,240.574415
-80.671532,8,240.585411
-10.559349,8,240.591283
1.95412,8,240.599083
-96.631471,8,240.791588
-59.237841,8,240.806106
-7.649469,8,240.815974
6.19467,8,240.825068
-16.010684,8,240.832428
-122.905384,8,240.840427
-35.638827,8,240.848099
-94.717845,8,240.856369
-127.801959,8,240.868856
-68.917277,8,240.875306
-48.93911,8,240.884039
-39.077853,8,240.891698
-36.864851,8,240.900575
-19.911721,8,240.90831
-156.551682,8,240.919472
-5.615859,8,240.92804
-17.045038,8,240.935452
3.848694,8,240.944176
2.215964,8,240.951982
-29.337237,8,240.960723
-56.698117,8,240.968676
-85.318906,8,240.980093
-53.285624,8,240.987616
-4.851033,8,240.993584
-154.633405,8,241.000695
-0.14627,8,241.007128
-18.368397,8,241.014433
-15.16353,8,241.02044
-14.74082,8,241.027444
-13.125406,8,241.036439
-17.833024,8,241.043439
-41.539983,8,241.050725
-75.762585,8,241.234771
-0.267437,8,241.249744
-158.885383,8,241.257746
-84.472888,8,241.270388
-23.975378,8,241.279022
-0.209825,8,241.287214
-76.596315,8,241.297103
-18.897193,8,241.305777
-27.120901,8,241.313802
-170.7284,8,241.322082
-45.149479,8,241.329237
-49.185296,8,241.339259
-12.568549,8,241.346015
-61.040921,8,241.346015
-19.74533,8,241.369616
-12.991834,8,241.383631
-8.785255,8,241.384636
-36.163186,8,241.400768
-18.288646,8,241.400768
-32.896815,8,241.416965
-218.334099,8,241.416965
-43.12247,8,241.435146
-5.951473,8,241.441151
-58.571102,8,241.451154
-98.253203,8,241.458145
-54.730712,8,241.465369
-3.814205,8,241.478366
-49.115229,8,241.491112
-27.253477,8,241.501991
7.154171,8,241.50851
-24.793561,8,241.516762
-5.243835,8,241.523762
-128.887854,8,241.721287
-176.059175,8,241.730779
-26.322577,8,241.739779
0.83432,8,241.747367
-5.499821,8,241.757402
-7.498326,8,241.764929
7.309895,8,241.774701
-0.356861,8,241.78985
3.204761,8,241.801728
-66.975575,8,241.812952
-2.212782,8,241.824982
-25.94984,8,241.836389
-16.780221,8,241.845114
-17.061953,8,241.854136
-57.80362,8,241.864571
-60.051115,8,241.873275
-5.093643,8,241.881294
4.9806,8,241.893176
-0.805005,8,241.904157
-25.690833,8,241.919326
-25.489251,8,241.925416
-2.882505,8,241.944486
-35.86428,8,241.952486
1.494641,8,241.961219
-20.147397,8,241.968916
-3.908803,8,241.976114
-115.715415,8,241.984113
-2.235923,8,241.992115
-118.232229,8,241.998114
-17.848317,8,242.005114
3.864641,8,242.012353
-17.946324,8,242.018728
-55.966683,8,242.208695
-30.292518,8,242.216487
-47.444413,8,242.221906
-21.009695,8,242.229969
-1.458585,8,242.237496
-21.501758,8,242.245421
-35.931551,8,242.25298
-7.479963,8,242.263202
-20.142107,8,242.273548
-116.332635,8,242.281773
-30.626376,8,242.289228
-71.480577,8,242.2987
-12.64912,8,242.313046
4.004852,8,242.321045
-52.753153,8,242.329375
-29.705048,8,242.336656
-18.208804,8,242.345747
-4.403867,8,242.354314
2.193393,8,242.362552
-40.867552,8,242.370537
5.551048,8,242.383613
-2.091699,8,242.392087
-95.484018,8,242.40796
-23.283113,8,242.422968
-37.377408,8,242.435962
-12.055428,8,242.452955
-28.704436,8,242.523493
-116.892055,8,242.539487
-30.869816,8,242.549672
-44.509988,8,242.556687
-3.41478,8,242.56374
0.756895,8,242.570756
-14.86316,8,242.78726
-148.009993,8,242.794606
-30.681162,8,242.803822
-51.683177,8,242.812388
-26.44634,8,242.821814
-11.572554,8,242.838485
-77.751717,8,242.849455
-77.346153,8,242.858455
-124.255606,8,242.86644
-101.253458,8,242.876455
-71.910385,8,242.886439
-84.980034,8,242.895843
-4.080249,8,242.90384
-49.514116,8,242.912179
-18.502204,8,242.918822
-47.105987,8,242.92526
-48.979643,8,242.933863
-103.4927,8,242.941395
-2.496915,8,242.957543
-64.837675,8,242.967919
-53.72497,8,242.975919
-15.925194,8,242.987486
-45.06661,8,242.994671
2.159699,8,243.001672
-126.409435,8,243.007671
-127.396661,8,243.01508
-0.268454,8,243.022081
-7.533119,8,243.02808
4.200388,8,243.034819
-18.84061,8,243.041114
-104.075333,8,243.051298
-49.000022,8,243.058644
-25.919901,8,243.233399
-55.557055,8,243.242404
-62.103675,8,243.252
-29.194184,8,243.262172
-127.095013,8,243.280847
-84.739792,8,243.288872
-36.415221,8,243.302865
-1.625046,8,243.312285
0.205277,8,243.321852
-29.921249,8,243.331074
-122.543636,8,243.339018
-70.873798,8,243.35224
-22.988882,8,243.361591
-122.761393,8,243.370349
-94.069571,8,243.378666
-64.191879,8,243.388304
-30.300731,8,243.396605
-63.895682,8,243.398664
-41.844978,8,243.419669
-53.451735,8,243.42857
-15.738672,8,243.436064
-28.089992,8,243.446112
-76.621624,8,243.453116
-20.843145,8,243.464026
-38.224281,8,243.471308
-8.781714,8,243.477225
-88.984653,8,243.485099
-150.841643,8,243.491465
-23.955525,8,243.498647
-18.604398,8,243.504647
-24.81096,8,243.511648
-60.233407,8,243.517648
-32.412888,8,243.699572
-66.319966,8,243.707801
-42.50518,8,243.715665
-55.376871,8,243.722562
-8.059132,8,243.735565
-9.646199,8,243.743564
2.689451,8,243.755753
-24.656666,8,243.76436
-29.605374,8,243.771834
-17.896797,8,243.780221
-53.389195,8,243.786214
-98.789856,8,243.79366
-79.218859,8,243.802281
-59.057917,8,243.810078
-2.684937,8,243.817884
-20.219915,8,243.826233
-49.547722,8,243.839248
-7.653181,8,243.848248
-95.734816,8,243.859889
-43.000118,8,243.868569
6.986048,8,243.877091
-25.59129,8,243.884751
-22.213671,8,243.891401
-132.745542,8,243.901621
-0.763184,8,243.912613
-77.317261,8,243.919613
-0.64804,8,243.926614
-11.195281,8,243.933613
-1.46645,8,243.942613
-43.750607,8,243.95362
-165.059349,8,243.961627
-2.480862,8,243.969518
-67.505661,8,244.157339
-3.143503,8,244.166173
-12.033504,8,244.17417
-19.271396,8,244.18261
-169.457165,8,244.188636
-12.61849,8,244.206398
-27.2614,8,244.217009
-24.635199,8,244.227285
-44.339213,8,244.23734
-59.671172,8,244.252551
-30.285903,8,244.26018
-23.376229,8,244.271576
-81.888339,8,244.283581
-73.475243,8,244.297005
-16.317368,8,244.312234
-55.285706,8,244.322208
-80.489443,8,244.334078
-3.203075,8,244.342082
4.144959,8,244.353064
-10.411174,8,244.361412
-37.277492,8,244.370096
-74.033222,8,244.377529
1.293209,8,244.391029
-23.080495,8,244.400025
-134.686319,8,244.406027
-10.370103,8,244.420017
-31.620823,8,244.430012
-62.594096,8,244.437015
-95.331567,8,244.445693
-17.122341,8,244.454432
-88.775847,8,244.460866
-135.066533,8,244.466962
-76.076939,8,244.6849
5.456164,8,244.693542
-94.857245,8,244.708745
-60.648425,8,244.720392
-36.2838,8,244.730577
-43.168938,8,244.74353
-4.896599,8,244.753416
-70.897463,8,244.761472
4.788263,8,244.769228
-43.46344,8,244.778066
-0.915937,8,244.785906
-48.32197,8,244.794255
-18.787652,8,244.802448
-52.196666,8,244.811804
-33.280848,8,244.820805
-42.370454,8,244.835396
-129.629688,8,244.849867
-92.291211,8,244.858404
-54.110243,8,244.868803
1.962556,8,244.880156
2.544431,8,244.893028
-16.220795,8,244.904897
-96.345562,8,244.918312
-19.96593,8,244.92931
-7.238599,8,244.939771
-5.144958,8,244.951588
3.311384,8,244.966847
6.31799,8,244.983188
-2.005867,8,244.994894
-11.137329,8,245.007307
-2.717879,8,245.019468
-37.56471,8,245.030987
-31.83202,8,245.322435
-13.626458,8,245.332841
-10.775732,8,245.344923
3.451666,8,245.354579
-36.849602,8,245.366665
-74.112532,8,245.370023
-29.816477,8,245.380766
-27.947283,8,245.395266
-44.834434,8,245.410833
-76.581064,8,245.424071
-151.244803,8,245.432402
-122.163698,8,245.439401
-17.912994,8,245.448519
-20.437432,8,245.45853
-33.012835,8,245.468746
-130.640277,8,245.476724
-19.889175,8,245.477732
-99.25849,8,245.477732
-42.002172,8,245.493515
-82.741677,8,245.493515
-33.369456,8,245.511415
-19.907408,8,245.511415
-2.397481,8,245.528519
-113.123888,8,245.541181
-58.835418,8,245.541181
-59.480307,8,245.541181
-7.965617,8,245.557175
-26.223026,8,245.557175
-50.551749,8,245.573102
-64.378299,8,245.573102
-28.218982,8,245.573102
-37.467693,8,245.589288
-41.470668,8,245.766435
-7.353128,8,245.779251
-23.906594,8,245.780251
-109.083556,8,245.800101
16.491251,8,245.808106
-28.764713,8,245.815779
0.341487,8,245.82275
-186.952164,8,245.828773
-19.901362,8,245.828773
-44.125607,8,245.844926
-77.66027,8,245.852944
-50.051956,8,245.858701
-122.780002,8,245.872966
-52.167963,8,245.887137
-7.656584,8,245.897138
-9.233111,8,245.905137
-71.67184,8,245.914137
-46.218693,8,245.923144
0.798006,8,245.931228
-4.38412,8,245.941153
-45.432691,8,245.95014
-37.583309,8,245.960167
-56.118653,8,245.966768
-135.006039,8,245.973788
-100.363444,8,245.981068
6.232094,8,245.981068
-17.966658,8,246.00283
-73.973034,8,246.011425
-67.443196,8,246.021483
-131.461783,8,246.029101
-12.89562,8,246.035722
-81.873045,8,246.045955
-81.347687,8,246.288399
3.948739,8,246.297784
-130.580473,8,246.306596
-18.467229,8,246.31919
-57.77065,8,246.328982
-114.25624,8,246.338985
-41.025504,8,246.355982
-29.950354,8,246.366716
-2.70741,8,246.375417
-114.889596,8,246.384953
-20.221427,8,246.395543
-108.07509,8,246.404543
-28.601324,8,246.413242
-54.119637,8,246.42794
-17.454833,8,246.438933
2.187884,8,246.450457
-53.497809,8,246.460446
-15.055965,8,246.470447
-181.067299,8,246.481859
-11.655603,8,246.498686
-91.588015,8,246.507694
-25.288521,8,246.516399
-11.870218,8,246.525155
-64.931137,8,246.53893
-87.671336,8,246.546756
-171.794967,8,246.556747
-8.833898,8,246.568825
-12.763062,8,246.582855
-36.934123,8,246.592319
-1.934518,8,246.602854
-37.815723,8,246.617416
-16.217531,8,246.63003
-95.580373,8,246.84372
-4.286904,8,246.856022
-123.788814,8,246.868013
-37.052132,8,246.879185
-2.720867,8,246.8902
-4.765967,8,246.900204
3.059491,8,246.909199
-1.365742,8,246.920082
-86.757013,8,246.928886
-2.221931,8,246.928886
-20.588864,8,246.949743
-2.138686,8,246.955752
-91.482249,8,246.970617
-9.089176,8,246.98461
-11.131535,8,246.994735
-21.402386,8,247.003734
-72.865724,8,247.013687
6.622019,8,247.023721
1.247758,8,247.031374
-5.495816,8,247.041247
-22.773362,8,247.041247
-1.140317,8,247.05723
-7.700536,8,247.05723
-3.676906,8,247.076921
-17.848875,8,247.093316
-3.486322,8,247.103304
-5.235772,8,247.111305
-0.433526,8,247.118304
-24.067515,8,247.118304
-64.02059,8,247.118304
-50.510826,8,247.139718
-92.778149,8,247.145738
-73.554032,8,247.365956
4.171889,8,247.37397
-97.116935,8,247.38483
-84.380822,8,247.399415
-78.470388,8,247.416549
-43.492499,8,247.434373
-0.985241,8,247.451298
-0.272997,8,247.4623
-20.740314,8,247.4743
-19.258732,8,247.486308
-66.98128,8,247.49918
-19.687089,8,247.510299
-37.079385,8,247.523998
-3.59842,8,247.539998
-21.127994,8,247.553998
-3.545518,8,247.572138
1.789539,8,247.595416
-45.249498,8,247.617819
-94.66762,8,247.630279
-109.980687,8,247.644749
-19.099354,8,247.659635
-51.97004,8,247.674026
-43.718329,8,247.690542
-88.726259,8,247.705671
-162.794754,8,247.71842
-56.858841,8,247.732012
-5.641968,8,247.741609
-62.277229,8,247.741609
-74.391814,8,247.767917
-19.428984,8,247.778949
2.048411,8,247.791042
-34.727741,8,247.803922
-1.970582,8,248.024737
-18.369863,8,248.032284
-17.951625,8,248.040277
-21.149345,8,248.049448
-92.213384,8,248.059222
-4.912585,8,248.066866
-38.528908,8,248.068871
-56.111142,8,248.08227
7.847017,8,248.088477
-46.314519,8,248.096466
-97.93781,8,248.103472
-105.824893,8,248.121058
-47.363821,8,248.129078
-60.866488,8,248.129078
-101.834461,8,248.144794
-2.477451,8,248.152368
-107.490173,8,248.158386
-22.697702,8,248.170663
-16.545324,8,248.180116
-3.688805,8,248.189116
-9.40883,8,248.197736
-8.415977,8,248.2089
-47.349751,8,248.223444
-26.43283,8,248.2351
-0.567688,8,248.24209
-105.004095,8,248.243498
-28.150277,8,248.243498
-57.448168,8,248.263222
-7.198686,8,248.263222
-45.700252,8,248.277061
4.395866,8,248.279749
-17.676629,8,248.279749
7.751464,8,248.472154
-90.130317,8,248.480059
-39.584325,8,248.487058
-168.271028,8,248.499316
-39.512833,8,248.507407
7.253705,8,248.512865
-16.612151,8,248.512865
-1.014108,8,248.529901
0.31685,8,248.529901
-11.30085,8,248.544875
-106.12028,8,248.552627
-2.452121,8,248.56747
-9.814309,8,248.578021
-1.451979,8,248.586906
-58.060303,8,248.599229
-17.73129,8,248.607219
-23.11817,8,248.619954
-23.522031,8,248.627805
-51.191991,8,248.636242
-15.6093,8,248.643763
-23.422485,8,248.650908
-27.31802,8,248.658925
-40.04779,8,248.662935
-4.639601,8,248.662935
-144.808372,8,248.679272
-21.440219,8,248.679272
-31.228397,8,248.695168
-12.558998,8,248.701187
-177.82089,8,248.710472
-2.41288,8,248.710472
-55.158241,8,248.724368
-6.461927,8,248.724368
-42.176578,8,248.898908
-31.437891,8,248.910594
-1.752991,8,248.919332
-35.77819,8,248.927085
0.567163,8,248.934601
-73.810251,8,248.942351
-17.136913,8,248.946099
-83.491594,8,248.946099
-30.679043,8,248.965275
-0.28216,8,248.975278
-122.318202,8,248.98307
-78.12455,8,248.988818
-154.05914,8,248.995661
-15.709679,8,248.995661
-13.275223,8,249.017293
-3.991166,8,249.024292
-120.975712,8,249.031881
-149.099624,8,249.037881
-19.486002,8,249.043878
-61.134659,8,249.045848
-56.916312,8,249.045848
-81.395743,8,249.067526
-25.028226,8,249.075553
-157.449905,8,249.085051
-5.738047,8,249.091318
-16.687641,8,249.09517
-4.765299,8,249.09517
-58.219319,8,249.111524
-9.482086,8,249.111524
-13.349534,8,249.111524
-22.408351,8,249.13516
-15.921026,8,249.143205
-121.018181,8,249.329289
-25.434635,8,249.329289
2.996708,8,249.347643
-81.495186,8,249.353778
-37.805894,8,249.364838
-10.054525,8,249.37817
-47.800968,8,249.386041
-103.398103,8,249.392057
-126.017787,8,249.399079
-8.668704,8,249.407099
-52.963688,8,249.414868
-33.400793,8,249.420878
-83.298863,8,249.428637
2.000085,8,249.428637
-28.790146,8,249.449861
-10.013472,8,249.449861
2.725522,8,249.46455
-160.317585,8,249.480752
-57.877629,8,249.486751
-148.974532,8,249.497903
4.864468,8,249.507856
1.205086,8,249.51767
-73.998284,8,249.51767
-71.968563,8,249.524809
-18.500732,8,249.524809
-39.565578,8,249.540673
-126.814743,8,249.540673
-25.522882,8,249.558554
-90.44489,8,249.558554
-19.909312,8,249.577515
-27.4966,8,249.583514
-37.796262,8,249.591514
-152.181011,8,249.814406
-78.481019,8,249.826405
-3.48492,8,249.840346
-8.265289,8,249.851191
-2.258196,8,249.860929
-1.548694,8,249.873978
-48.592123,8,249.88075
-38.607763,8,249.900194
-18.758281,8,249.920434
-16.089836,8,249.933203
-16.255612,8,249.949201
-9.674894,8,249.964203
-97.861294,8,249.974199
-6.616309,8,249.987306
-55.212786,8,249.998186
-65.835218,8,250.009188
-76.302334,8,250.026937
-45.120192,8,250.036534
-31.409799,8,250.047153
-1.890639,8,250.060454
-57.638811,8,250.075713
-199.687684,8,250.089131
-87.76679,8,250.105554
-92.663864,8,250.121799
-7.337209,8,250.139926
-119.153218,8,250.143524
-84.692514,8,250.169948
-109.064016,8,250.184175
-47.403551,8,250.201637
-101.677972,8,250.217183
-74.390173,8,250.225186
-45.887114,8,250.237465
-143.786547,8,250.468106
-68.670479,8,250.481415
-62.012588,8,250.491438
-114.543181,8,250.499821
-107.216165,8,250.506821
-82.977949,8,250.51877
-27.760118,8,250.52946
-58.345554,8,250.536458
-5.122066,8,250.543449
-38.114236,8,250.552285
-0.656764,8,250.561673
3.430888,8,250.56445
-97.670653,8,250.56445
3.75541,8,250.589607
-18.108135,8,250.601365
-26.272479,8,250.61254
-40.35898,8,250.623538
-37.85235,8,250.636337
-83.113186,8,250.649239
-62.289354,8,250.6594
-50.162425,8,250.667773
-7.716913,8,250.677937
-21.598826,8,250.687938
-51.846479,8,250.696408
-48.686032,8,250.696408
5.653793,8,250.715598
-136.389172,8,250.715598
-19.110325,8,250.733178
-60.981815,8,250.741211
-20.562764,8,250.743217
-68.549272,8,250.743217
-36.62538,8,250.759027
-64.465333,8,250.976925
0.709027,8,250.984951
-64.981607,8,250.993207
-113.88946,8,251.001417
1.629958,8,251.009419
-15.761073,8,251.019475
-78.228404,8,251.03494
-29.883004,8,251.048099
11.871768,8,251.056099
-36.09852,8,251.068726
-49.043984,8,251.078026
-117.276527,8,251.078026
-8.513501,8,251.095749
-45.210164,8,251.10387
-44.151214,8,251.112869
-63.24372,8,251.118876
-59.431424,8,251.131188
-30.973025,8,251.138189
-72.706909,8,251.152977
-15.238698,8,251.164708
-0.557797,8,251.174735
-6.31392,8,251.186047
-31.422689,8,251.194659
-13.322997,8,251.201663
-94.385076,8,251.211534
-4.773309,8,251.219535
-0.570737,8,251.229191
0.055268,8,251.235202
-2.545422,8,251.242193
-54.702262,8,251.250202
5.178007,8,251.259293
-56.276234,8,251.271529
-8.772802,8,251.483807
-1.536477,8,251.49535
2.565326,8,251.507066
-13.695397,8,251.522519
-14.148811,8,251.533075
-37.207156,8,251.545232
-165.010354,8,251.556234
-41.740214,8,251.574103
-64.936491,8,251.583764
-30.971156,8,251.595623
-20.469739,8,251.595623
-88.553409,8,251.61825
-82.172225,8,251.632595
-44.432496,8,251.642373
-7.406723,8,251.650402
-21.298802,8,251.658318
-65.239827,8,251.665318
1.018329,8,251.665318
1.03982,8,251.681183
-0.398636,8,251.681183
-19.597968,8,251.696997
-96.54677,8,251.696997
0.475638,8,251.712957
-7.948683,8,251.712957
-30.77153,8,251.730713
-35.92915,8,251.745845
-8.295826,8,251.753854
-123.230317,8,251.762837
-34.258467,8,251.771837
-3.843079,8,251.775838
-62.976302,8,251.783393
-55.149158,8,251.796385
-30.566266,8,252.011419
-11.665068,8,252.022514
0.16952,8,252.034067
-133.314901,8,252.047623
-50.118607,8,252.073682
-64.083695,8,252.08902
-93.187204,8,252.101021
-19.405572,8,252.111755
-8.55492,8,252.123756
-45.07388,8,252.136443
-74.208536,8,252.14672
-17.686195,8,252.156705
-16.352349,8,252.170369
-13.801768,8,252.178777
-159.054296,8,252.190067
-85.784835,8,252.200531
-6.125602,8,252.207531
-58.52423,8,252.213284
-16.935443,8,252.228232
-0.32951,8,252.228232
-59.676496,8,252.228232
-50.988149,8,252.246018
-74.915617,8,252.261538
-72.760505,8,252.272901
-74.761392,8,252.275239
-180.966607,8,252.275239
-79.069414,8,252.296933
-4.61816,8,252.310078
-0.864415,8,252.320092
-17.161503,8,252.334204
-72.742626,8,252.347934
-79.867548,8,252.363249
-118.727048,8,252.606882
-6.748835,8,252.624033
-78.986039,8,252.637034
-5.653106,8,252.650038
-6.05434,8,252.662943
-20.758445,8,252.672943
-25.141946,8,252.681739
0.023201,8,252.692743
-33.652831,8,252.70558
-15.716245,8,252.716777
-12.032989,8,252.734951
-2.451212,8,252.747874
-48.2722,8,252.756872
-17.049337,8,252.767759
-47.778204,8,252.780419
-42.25155,8,252.782428
-30.657682,8,252.799754
-10.859131,8,252.807755
-33.696839,8,252.815851
-6.286427,8,252.82284
-6.777666,8,252.826914
-3.129912,8,252.826914
-38.098233,8,252.842768
-29.814917,8,252.858938
-58.471638,8,252.858938
1.131737,8,252.858938
-23.643299,8,252.874906
-1.412853,8,252.874906
-153.113179,8,252.891079
-34.42509,8,252.891079
-105.575321,8,252.907235
-54.989045,8,252.907235
-46.244599,8,253.111554
-16.963474,8,253.111554
-19.975959,8,253.127682
-100.926746,8,253.135444
-90.603295,8,253.145453
-5.877459,8,253.153476
0.5178,8,253.161567
-110.370333,8,253.161567
-46.591437,8,253.178529
-64.853439,8,253.178529
-17.118157,8,253.19749
5.111041,8,253.19749
-179.967842,8,253.213533
-97.405799,8,253.222335
-28.813322,8,253.229563
-9.955768,8,253.237068
-35.63738,8,253.24893
-27.928432,8,253.24893
-1.001655,8,253.266705
-4.115083,8,253.274714
-128.300007,8,253.282906
-8.486506,8,253.290915
-25.274646,8,253.302327
-82.98623,8,253.310352
-0.812954,8,253.31322
-122.76423,8,253.31322
-30.818972,8,253.328721
-63.285049,8,253.328721
-77.46698,8,253.348623
-31.609252,8,253.354635
-15.70633,8,253.36039
5.796494,8,253.36039
-39.72698,8,253.536991
-172.690855,8,253.544992
-8.585099,8,253.552992
-38.538855,8,253.561072
-4.240668,8,253.568738
-20.100203,8,253.576032
-51.001077,8,253.584392
-1.181576,8,253.59115
-12.506412,8,253.60328
-25.822282,8,253.6115
-32.457876,8,253.61973
-20.945037,8,253.627783
-123.208533,8,253.642004
-17.673695,8,253.652975
-15.506605,8,253.660377
5.337715,8,253.67145
-24.01171,8,253.680765
-9.440067,8,253.689777
-37.992632,8,253.698766
-28.308234,8,253.708276
-83.75298,8,253.716809
2.491629,8,253.730307
-104.671298,8,253.737732
-23.231217,8,253.747175
-4.216272,8,253.754753
-135.233933,8,253.760963
-8.357824,8,253.767728
-91.702022,8,253.773944
-128.663331,8,253.782224
-44.936362,8,253.788661
-13.502733,8,253.794996
-96.638382,8,253.802009
3.810063,8,254.006768
-47.434067,8,254.020853
-20.958813,8,254.03002
-147.311693,8,254.039021
-2.014397,8,254.047706
7.969279,8,254.055712
-22.467757,8,254.064375
-40.649272,8,254.072373
-145.380036,8,254.086053
-50.162474,8,254.094723
-3.915018,8,254.10375
-115.010158,8,254.112362
-39.462903,8,254.120362
-11.778208,8,254.129362
-29.574343,8,254.14575
-74.198233,8,254.154785
6.853312,8,254.163423
-87.310173,8,254.172423
-0.465482,8,254.187044
-78.792362,8,254.198785
-20.566682,8,254.206744
-37.227126,8,254.214526
6.321377,8,254.220526
-124.098164,8,254.228364
-46.425811,8,254.235367
-6.914085,8,254.242366
-82.173154,8,254.254756
3.336195,8,254.26555
-5.96495,8,254.272934
2.208349,8,254.281139
-70.317781,8,254.291356
-3.16132,8,254.298917
-39.398403,8,254.482654
-120.728638,8,254.491654
-45.998272,8,254.500717
-117.23048,8,254.513409
-17.822208,8,254.520408
-1.631215,8,254.530115
-12.520879,8,254.539116
-12.659608,8,254.553788
-102.556942,8,254.563787
-7.45932,8,254.572787
-35.097948,8,254.581119
-30.919711,8,254.590124
-142.507354,8,254.599771
-17.879753,8,254.608778
-35.346954,8,254.617404
-88.442334,8,254.6321
-15.903087,8,254.642109
-3.489056,8,254.651499
-34.586741,8,254.659531
-19.317036,8,254.67304
-124.538869,8,254.682044
-27.769153,8,254.690038
-130.284441,8,254.698711
-10.161113,8,254.705712
-64.825395,8,254.714457
-16.04353,8,254.721456
-7.536333,8,254.730234
-76.490698,8,254.737237
-77.295276,8,254.747931
-10.502455,8,254.757936
-9.928077,8,254.766572
-11.620829,8,254.775883
-21.242882,8,255.022936
-87.393098,8,255.034116
-72.39915,8,255.043785
-4.40585,8,255.053797
-50.274812,8,255.064556
-11.986971,8,255.074568
4.038669,8,255.09014
-133.048594,8,255.101128
-70.493481,8,255.114257
-55.571879,8,255.127103
-27.65792,8,255.138122
1.391315,8,255.148865
-17.134683,8,255.165467
-48.533602,8,255.177114
-27.476999,8,255.195855
-55.543517,8,255.205855
-16.593231,8,255.216572
-151.368299,8,255.227564
-117.656929,8,255.244735
-37.561814,8,255.254728
-143.147882,8,255.265536
-50.75785,8,255.278567
-121.142019,8,255.295875
-15.607465,8,255.303874
-2.020963,8,255.316961
-69.133764,8,255.334742
2.648876,8,255.346948
-60.034613,8,255.357331
-25.998636,8,255.368914
-38.814774,8,255.379526
-20.53402,8,255.391616
-2.351502,8,255.400823
0.663345,8,255.688579
-122.70331,8,255.700578
-27.802907,8,255.710579
7.534999,8,255.720578
-46.273665,8,255.739904
-39.885427,8,255.761073
-16.518902,8,255.771075
-22.070759,8,255.782068
-83.791947,8,255.791074
-10.649949,8,255.801268
-21.86016,8,255.810533
-100.19275,8,255.819685
-45.004941,8,255.830293
-53.571243,8,255.839894
-115.852398,8,255.853742
-8.665232,8,255.862895
-7.428258,8,255.871919
-110.281436,8,255.879993
-36.659929,8,255.892176
-11.782089,8,255.901787
-9.632576,8,255.907895
-17.985843,8,255.914517
-49.557901,8,255.924711
-18.480435,8,255.936606
-19.948477,8,255.943117
0.037052,8,255.951122
9.604058,8,255.958088
-25.843389,8,255.97
-12.072563,8,255.977
5.928634,8,255.984
2.88926,8,255.996
0.924134,8,256.003
-5.454734,8,256.191641
-28.264736,8,256.208009
-35.86855,8,256.217441
-86.815035,8,256.229209
-92.042644,8,256.238393
-59.468666,8,256.249501
-6.882896,8,256.259981
-31.802617,8,256.268903
-3.560926,8,256.279817
-42.974959,8,256.288845
-38.136932,8,256.298576
1.95584,8,256.312344
-0.810349,8,256.323342
-113.301652,8,256.332387
-22.472327,8,256.342126
-27.221295,8,256.353253
-60.439036,8,256.362549
-26.210023,8,256.370902
-44.030776,8,256.380334
2.379025,8,256.38869
-6.771758,8,256.395556
-139.556437,8,256.401778
-23.845766,8,256.408011
-94.116059,8,256.420389
-17.493423,8,256.430408
-12.557383,8,256.437227
-80.307276,8,256.443602
-186.082338,8,256.450177
-24.453184,8,256.456653
-38.666371,8,256.463122
-25.717515,8,256.468875
-0.595187,8,256.475327
-70.107096,8,256.673577
-183.001914,8,256.686653
-17.02023,8,256.696754
-18.080897,8,256.705887
-19.39255,8,256.723548
-46.097573,8,256.734927
2.159562,8,256.742819
-31.071039,8,256.755912
-2.124364,8,256.765609
-3.255365,8,256.775614
-216.181442,8,256.787153
-67.639815,8,256.798839
-89.842756,8,256.811367
-45.60066,8,256.822309
-26.709334,8,256.831486
-59.551795,8,256.840485
-66.288992,8,256.858489
-138.726361,8,256.871518
-44.513746,8,256.88057
-175.901142,8,256.890445
-108.73101,8,256.89799
-61.706971,8,256.90799
-15.951372,8,256.917674
-34.74104,8,256.924675
-25.832916,8,256.934116
-81.357196,8,256.941117
-50.10118,8,256.950795
-16.146131,8,256.957794
0.440245,8,256.966472
-3.524762,8,256.983484
-31.748155,8,256.990484
-9.019112,8,256.998484
-152.621489,8,257.204475
-14.774134,8,257.214469
3.039692,8,257.225336
-0.882993,8,257.23672
-1.342429,8,257.245049
-28.90588,8,257.255319
-48.230222,8,257.263996
-27.605905,8,257.272191
-2.316499,8,257.281192
-21.390989,8,257.295191
-33.522059,8,257.308153
-5.07043,8,257.323249
-93.154818,8,257.336649
-16.773526,8,257.346823
-3.356257,8,257.356826
2.589081,8,257.368495
-16.576925,8,257.377297
-1.381701,8,257.389424
-0.294646,8,257.401398
-195.354155,8,257.413382
1.61025,8,257.422794
-41.772892,8,257.435611
-124.480152,8,257.451994
2.885604,8,257.460725
5.746154,8,257.469637
-2.375217,8,257.478373
-3.895062,8,257.487163
-9.173304,8,257.494965
-162.588063,8,257.504265
-100.274051,8,257.520588
-76.796692,8,257.535679
-7.014886,8,257.55529
-24.004714,8,257.94153
-2.685435,8,257.956428
-8.804599,8,257.966754
-10.30235,8,257.979892
-33.140598,8,257.998585
-16.633474,8,258.012613
1.288728,8,258.022739
-76.83117,8,258.032366
-16.073486,8,258.042541
-52.899623,8,258.052771
-68.281791,8,258.066042
-4.252442,8,258.076067
-76.472069,8,258.089815
-182.421467,8,258.100277
-10.5162,8,258.1078
-61.915844,8,258.133544
-13.744668,8,258.146663
-4.463085,8,258.146663
-51.646489,8,258.162239
-41.394964,8,258.178678
-40.247342,8,258.195519
8.61059,8,258.211783
0.442603,8,258.211783
-89.763614,8,258.229848
3.39251,8,258.250726
-130.900379,8,258.266702
0.271557,8,258.273704
-30.725543,8,258.292332
4.709474,8,258.296723
-8.123078,8,258.31328
-44.646003,8,258.329915
0.194675,8,258.341626
-2.251325,8,258.563309
-0.280402,8,258.57203
1.136387,8,258.583793
-62.189862,8,258.59181
-1.367756,8,258.605777
-48.428651,8,258.61653
-143.030915,8,258.625839
-71.43766,8,258.637496
-8.719989,8,258.657919
-146.005338,8,258.669068
-43.611462,8,258.678378
-105.519431,8,258.686125
-99.983531,8,258.702284
-88.332333,8,258.717464
-6.008688,8,258.729526
-20.199082,8,258.740551
-19.15412,8,258.753696
-131.208591,8,258.765307
-18.116999,8,258.772931
1.54415,8,258.781175
-69.143885,8,258.793847
-109.288873,8,258.814603
-157.074799,8,258.821619
-92.179945,8,258.835967
-69.038364,8,258.83697
-59.552971,8,258.861862
-33.652387,8,258.868863
6.799125,8,258.876863
-34.011711,8,258.879355
-21.039056,8,258.896037
-62.849637,8,258.911219
-125.186144,8,258.911219
-1.997879,8,259.136384
-23.465033,8,259.155021
-26.977107,8,259.165525
8.412309,8,259.173525
-16.68023,8,259.189064
-56.874829,8,259.199402
-95.237293,8,259.207424
-5.160261,8,259.21644
-18.375429,8,259.223638
-22.630194,8,259.234336
-85.307273,8,259.243362
-44.772459,8,259.251364
-68.193279,8,259.259113
-3.440002,8,259.274966
-17.143488,8,259.279911
-0.505332,8,259.300958
-27.043998,8,259.310802
10.52698,8,259.319807
-19.554739,8,259.329564
-68.082019,8,259.340575
-154.338091,8,259.343561
-98.910996,8,259.343561
-40.870774,8,259.359543
0.769009,8,259.375246
-1.053662,8,259.375246
-62.716068,8,259.398406
-68.063884,8,259.41198
-157.345162,8,259.42662
4.298264,8,259.42662
-6.827368,8,259.442512
-4.874057,8,259.442512
8.410806,8,259.45832
-0.955448,8,259.663116
-17.69952,8,259.671136
-33.263123,8,259.67893
-27.126164,8,259.695965
-138.272551,8,259.704829
1.507339,8,259.717887
-41.91026,8,259.73876
-38.935364,8,259.751747
-55.147816,8,259.767288
-6.972835,8,259.773984
-33.580631,8,259.789616
-78.658797,8,259.803657
-30.205613,8,259.81788
-141.48775,8,259.830518
-27.149679,8,259.846646
-182.538559,8,259.857227
-81.261027,8,259.877418
-104.942248,8,259.880045
-36.872446,8,259.896952
-6.159297,8,259.923752
-135.402595,8,259.939287
-45.75317,8,259.955355
-77.225507,8,259.963389
-86.093408,8,259.963389
-7.18712,8,259.997979
-100.564512,8,260.007998
-72.381837,8,260.022029
-156.734085,8,260.035233
-17.716641,8,260.054303
-124.475629,8,260.066949
-18.705876,8,260.081056
-27.009624,8,260.112657
-2.946757,8,260.418025
1.544406,8,260.433263
2.08589,8,260.433263
-15.268776,8,260.454066
-74.138629,8,260.464635
-16.984381,8,260.472676
-33.969098,8,260.483313
-61.868387,8,260.491806
-45.911425,8,260.502214
-39.31062,8,260.512492
-4.696149,8,260.520536
-5.902948,8,260.537005
-11.48883,8,260.553276
-60.287144,8,260.566693
-31.06598,8,260.579252
-54.775599,8,260.588085
-74.485807,8,260.5979
-38.828778,8,260.599893
-88.851051,8,260.614652
-2.742754,8,260.616651
-46.151611,8,260.631413
-7.732157,8,260.633412
1.660742,8,260.650034
-18.73337,8,260.66379
-68.924695,8,260.679848
-28.95279,8,260.679848
-88.556337,8,260.694884
-49.032591,8,260.694884
-73.028093,8,260.712483
-11.375172,8,260.726622
6.303622,8,260.73064
-67.367522,8,260.73064
-0.833389,8,260.929895
-81.450234,8,260.946365
-0.257579,8,260.956152
-53.021762,8,260.964356
-109.497274,8,260.964356
-73.125,8,260.989021
-29.255365,8,260.998551
-4.550359,8,260.998551
-28.661523,8,261.01668
-22.828592,8,261.024703
-43.108661,8,261.037365
-58.582165,8,261.047863
-2.027499,8,261.062574
-10.3354,8,261.071812
-17.933818,8,261.089345
-51.117184,8,261.104544
-35.284556,8,261.115558
-44.630198,8,261.140558
1.235342,8,261.157195
-20.857148,8,261.16662
-94.820226,8,261.178009
3.359294,8,261.178009
-72.882588,8,261.200551
1.775624,8,261.219288
-87.06793,8,261.231343
-48.840427,8,261.244977
-62.984154,8,261.257752
-116.366028,8,261.26725
0.643766,8,261.283931
-49.063657,8,261.298998
0.11301,8,261.317368
-5.904275,8,261.333766
-26.231542,8,261.606894
-48.322988,8,261.61707
-123.801204,8,261.624246
-25.829364,8,261.633277
5.785845,8,261.645953
-81.162057,8,261.654445
-25.301372,8,261.665599
-22.597924,8,261.675387
-219.344806,8,261.690364
-69.457509,8,261.698925
-35.114808,8,261.714028
1.13256,8,261.714028
-24.528936,8,261.732035
-44.34759,8,261.744053
-30.207997,8,261.75417
-145.269974,8,261.763308
-16.836288,8,261.763308
-64.521636,8,261.781004
-15.810084,8,261.781004
-1.368775,8,261.801378
-18.076754,8,261.810909
-12.475554,8,261.826575
-41.445858,8,261.826575
-44.094068,8,261.853254
2.617456,8,261.86187
-15.828802,8,261.87392
-4.269724,8,261.875928
-28.355652,8,261.88979
-45.783726,8,261.905723
-21.223952,8,261.913279
-130.222452,8,261.929353
-23.448806,8,261.929353
-18.413273,8,262.293025
-37.604939,8,262.313991
-116.321512,8,262.3337
-86.440476,8,262.352415
-89.165655,8,262.363579
-41.092295,8,262.374955
2.584199,8,262.391469
-2.986586,8,262.402125
-67.535491,8,262.414598
8.279299,8,262.426508
-7.338532,8,262.439471
-25.205413,8,262.4502
-40.894694,8,262.460663
-25.407559,8,262.470802
-115.749922,8,262.483349
-9.958628,8,262.499041
-30.299855,8,262.514693
-20.232574,8,262.52945
-47.773229,8,262.542436
-46.816402,8,262.555661
-17.473891,8,262.566765
-47.836078,8,262.582413
-24.101543,8,262.583404
-25.105064,8,262.600025
-127.158982,8,262.616611
-48.84165,8,262.628434
-127.017071,8,262.648562
-15.771557,8,262.661098
6.55154,8,262.675161
-6.488087,8,262.688153
-33.943634,8,262.702746
-10.706586,8,262.706764
-71.12737,8,262.969613
-14.68614,8,262.980644
-105.066229,8,262.988664
2.014762,8,262.996442
-112.07134,8,263.006217
-5.926778,8,263.016258
-40.597971,8,263.022024
-139.42101,8,263.032059
-3.11029,8,263.041836
2.377818,8,263.067721
-2.644747,8,263.075747
-1.778828,8,263.086128
-0.925431,8,263.093874
-129.377533,8,263.094801
-65.692551,8,263.116527
-66.934904,8,263.125696
8.379514,8,263.142361
-39.925624,8,263.155278
-18.042018,8,263.167676
10.380481,8,263.167676
-83.289164,8,263.182539
-88.494216,8,263.200286
-28.047639,8,263.200286
-44.472425,8,263.217423
-76.358329,8,263.228309
1.933437,8,263.233219
-14.708704,8,263.246794
-3.881246,8,263.246794
9.005909,8,263.260629
-116.32497,8,263.267014
-74.367305,8,263.283278
-17.319814,8,263.283278
-5.855234,8,263.55642
-40.052723,8,263.563302
-54.808023,8,263.586759
-12.902985,8,263.596512
-49.784391,8,263.596512
-22.688819,8,263.620629
2.205263,8,263.629024
-22.150116,8,263.630047
-38.244729,8,263.646673
-3.064126,8,263.646673
1.988227,8,263.667155
-44.668855,8,263.675187
6.244588,8,263.68598
-166.239136,8,263.696452
-24.343817,8,263.714392
-44.933246,8,263.72391
-6.196492,8,263.740222
-95.418451,8,263.74756
-17.683991,8,263.74756
-58.468375,8,263.763159
-49.355221,8,263.763159
-87.723504,8,263.779904
-96.620478,8,263.779904
-37.856253,8,263.796363
-23.118769,8,263.796363
-41.661139,8,263.813112
-0.708145,8,263.813112
1.350419,8,263.830185
-170.026328,8,263.830185
-105.21374,8,263.856215
-34.428786,8,263.863318
-10.628377,8,263.863318
-116.580847,8,264.054849
-15.396095,8,264.067591
-58.691487,8,264.075619
-189.987447,8,264.093514
-78.923546,8,264.107301
-124.475934,8,264.113271
6.050602,8,264.130323
-131.706242,8,264.142551
-57.866174,8,264.147003
3.282062,8,264.161336
-77.303536,8,264.16237
1.711914,8,264.16237
5.214799,8,264.178191
5.351446,8,264.198737
-188.796577,8,264.206746
-111.447625,8,264.21699
-14.664594,8,264.225742
4.455002,8,264.229018
-96.399598,8,264.245256
-145.324276,8,264.309563
-103.89533,8,264.320865
-114.927482,8,264.329371
-65.141562,8,264.340456
-53.113958,8,264.348903
-8.5172,8,264.354903
-36.103994,8,264.364588
-1.63225,8,264.371588
0.151746,8,264.379313
-31.549598,8,264.387758
-26.153348,8,264.396005
-13.990188,8,264.40301
-48.706194,8,264.414617
-0.256413,8,264.641854
-88.682722,8,264.651904
-12.320247,8,264.661636
6.35562,8,264.671725
3.227258,8,264.68175
4.730084,8,264.691992
-16.096726,8,264.70188
-2.735254,8,264.7126
-69.480417,8,264.730191
-107.583754,8,264.749254
-74.008708,8,264.765176
-6.011576,8,264.779295
-37.14565,8,264.791297
4.680564,8,264.812611
-185.471563,8,264.822626
-2.260535,8,264.835326
-44.835411,8,264.847047
-44.726705,8,264.863652
-141.459234,8,264.87732
-70.271523,8,264.89256
-25.897861,8,264.902672
-91.736343,8,264.915543
-6.732486,8,264.929227
-75.019627,8,264.939256
-43.205981,8,264.950627
5.35814,8,264.970845
1.538873,8,264.983014
-43.964751,8,264.990014
-117.673483,8,265.00457
-24.749458,8,265.017902
-87.336548,8,265.028368
9.427513,8,265.028368
-24.843902,8,265.324511
-123.866146,8,265.337091
-7.990459,8,265.349915
-48.660973,8,265.360338
-42.957608,8,265.369796
-45.190267,8,265.378838
4.542127,8,265.395954
-134.929079,8,265.406252
6.827148,8,265.42064
-51.913382,8,265.432291
-44.993821,8,265.442295
-19.361959,8,265.452491
-213.116159,8,265.463727
-45.8446,8,265.474203
-80.441332,8,265.484322
-16.128995,8,265.495988
-28.909553,8,265.505989
8.94841,8,265.516694
-55.197819,8,265.537152
-15.689138,8,265.551001
4.636414,8,265.562559
-34.631085,8,265.571536
-61.573097,8,265.585667
-130.774974,8,265.605884
-58.466973,8,265.625607
5.123051,8,265.631261
-5.233323,8,265.643958
1.158531,8,265.654486
8.564887,8,265.665628
-45.068657,8,265.675626
-17.870418,8,265.67996
-123.357808,8,265.696964
-23.215989,8,265.929961
-28.106468,8,265.929961
6.133264,8,265.947271
-80.128795,8,265.961294
-6.670374,8,265.961294
5.193716,8,265.979766
-11.266438,8,265.979766
-62.406393,8,265.998857
-59.403954,8,266.006871
-49.034855,8,266.014889
-51.83417,8,266.020901
-21.690532,8,266.033305
-28.607574,8,266.042337
-62.438274,8,266.050367
-0.892934,8,266.060137
-25.993634,8,266.060137
-7.061598,8,266.080006
-99.598622,8,266.088027
-5.790824,8,266.094668
-28.010433,8,266.104048
-142.71714,8,266.11207
-17.161604,8,266.119842
-46.368885,8,266.12586
-48.160819,8,266.135736
-90.680151,8,266.146749
-54.625066,8,266.164447
-110.271461,8,266.177315
-82.039775,8,266.191441
-10.690056,8,266.200505
-3.486429,8,266.200505
-87.935162,8,266.216731
-27.578056,8,266.217597
-21.447956,8,266.461587
-43.131342,8,266.467069
-8.029003,8,266.480914
-14.453816,8,266.489593
-10.841683,8,266.505162
-7.788187,8,266.517098
-104.259444,8,266.526349
-0.671308,8,266.537508
-23.772814,8,266.550553
-61.786113,8,266.560605
-35.340798,8,266.571421
-62.484256,8,266.582285
-139.275622,8,266.585812
8.074148,8,266.600391
-4.829049,8,266.610589
-31.730335,8,266.620577
-9.872308,8,266.631278
-76.613056,8,266.650345
-2.049016,8,266.657423
-65.368213,8,266.66564
-22.392789,8,266.671946
-6.009835,8,266.679365
-107.223416,8,266.683378
1.397429,8,266.683378
-17.991578,8,266.70006
-12.016206,8,266.70006
-20.274565,8,266.716904
-53.799162,8,266.716904
1.895203,8,266.730895
-4.426072,8,266.742232
4.705565,8,266.750092
-169.083237,8,266.750092
-111.670971,8,266.93748
-12.657564,8,266.945995
-84.349236,8,266.949996
-88.380696,8,266.962881
-57.515073,8,266.969446
-12.271628,8,266.978368
-5.525971,8,266.986951
-34.722236,8,266.999094
-18.218529,8,267.007115
-22.501494,8,267.013235
-61.946916,8,267.019382
-22.789237,8,267.031531
-2.033754,8,267.048038
-114.515843,8,267.048038
-2.989292,8,267.0651
4.325443,8,267.073935
-3.956054,8,267.07984
-114.959197,8,267.07984
-17.012829,8,267.099979
1.737983,8,267.100446
-89.102227,8,267.114527
-26.147783,8,267.13129
-4.16197,8,267.140262
-97.508916,8,267.147092
-15.523007,8,267.160753
-17.313393,8,267.167416
-22.822915,8,267.177274
-46.733534,8,267.184082
1.875309,8,267.196185
-41.451818,8,267.204189
-27.059363,8,267.21364
-0.063251,8,267.223695
-110.572069,8,267.495569
-118.290473,8,267.506577
-123.998834,8,267.516832
-32.917529,8,267.533487
-22.693773,8,267.546939
-134.929986,8,267.550943
-0.195994,8,267.566756
-10.104518,8,267.566756
-13.54284,8,267.590977
-6.358454,8,267.602663
-57.494901,8,267.612746
6.433147,8,267.624148
-57.023014,8,267.633255
-0.4424,8,267.644903
-21.158709,8,267.650939
-104.420333,8,267.665941
-4.435028,8,267.677479
-66.407753,8,267.687368
-35.731168,8,267.695331
-49.3805,8,267.711411
-13.720374,8,267.711411
-106.487009,8,267.728559
-41.394129,8,267.728559
-17.233552,8,267.742974
-16.945387,8,267.742974
-0.76183,8,267.758656
-180.713408,8,267.758656
-8.414945,8,267.774481
-70.3876,8,267.774481
-28.890694,8,267.796165
2.406201,8,267.80572
-87.812682,8,267.812649
-6.312694,8,267.997405
-91.330596,8,268.003158
-9.755401,8,268.012239
-127.175175,8,268.019071
-24.336047,8,268.032681
-149.39297,8,268.040682
1.693997,8,268.048418
-159.989699,8,268.056418
-270.11984,8,268.068783
-12.550794,8,268.079103
-45.556164,8,268.079103
-74.360186,8,268.092669
6.299269,8,268.092669
-103.247099,8,268.11198
-39.825554,8,268.119979
-18.771045,8,268.128131
-27.1205,8,268.141752
-74.281034,8,268.150979
-28.325452,8,268.158979
-39.107185,8,268.169089
4.655004,8,268.175108
0.554297,8,268.20745
-28.787573,8,268.229338
7.57157,8,268.248192
-17.005683,8,268.265914
-14.567579,8,268.285386
3.392764,8,268.304822
-138.121309,8,268.344045
-48.95921,8,268.356075
1.243979,8,268.365714
-6.813572,8,268.37272
-6.054133,8,268.382353
-23.456798,8,268.602189
-10.663436,8,268.616823
-0.283917,8,268.625822
-75.800362,8,268.636555
-53.371515,8,268.647552
-42.004556,8,268.656552
-144.166337,8,268.666186
-39.06591,8,268.680532
-73.489821,8,268.689445
-71.558543,8,268.697171
-6.79527,8,268.707175
-20.5333,8,268.715281
-3.448814,8,268.725172
-49.840755,8,268.734172
-92.265474,8,268.754382
-57.479501,8,268.766197
-19.096447,8,268.77518
-10.416239,8,268.789353
-25.667891,8,268.798095
-15.240064,8,268.807053
-195.831763,8,268.815762
-61.113603,8,268.824021
-37.916268,8,268.83498
-98.532989,8,268.842848
4.016647,8,268.852062
-15.66959,8,268.859128
-22.522812,8,268.872138
-15.984497,8,268.886269
-18.099824,8,268.894071
-43.590078,8,268.902207
-99.230795,8,268.908967
-11.626214,8,268.916739
-20.865708,8,269.128412
-10.785634,8,269.137435
3.541234,8,269.147122
-90.495767,8,269.155139
4.048736,8,269.165076
5.086577,8,269.173258
-20.864188,8,269.182476
-50.000519,8,269.199422
-13.943679,8,269.208415
0.70545,8,269.222408
-69.740369,8,269.232471
3.884258,8,269.240759
-23.123279,8,269.249148
-91.050813,8,269.257912
-74.167719,8,269.266076
-16.821066,8,269.274918
5.010798,8,269.28514
4.351107,8,269.294154
-36.000648,8,269.302143
-1.041369,8,269.318536
-26.414996,8,269.330727
-57.535191,8,269.339981
-70.605989,8,269.352917
-13.287739,8,269.365128
-29.739796,8,269.375032
5.857099,8,269.387164
-6.833501,8,269.399165
-36.435464,8,269.411165
-81.066642,8,269.424919
-38.113648,8,269.442129
-40.350948,8,269.454031
-84.883531,8,269.464711
0.523924,8,269.696319
-15.247879,8,269.706281
-114.079291,8,269.71622
-72.274563,8,269.72722
-24.06973,8,269.73722
-55.725287,8,269.748809
-28.926795,8,269.766991
-62.792575,8,269.788887
-71.448209,8,269.808685
-70.340546,8,269.818836
-0.467001,8,269.840439
-61.558635,8,269.857004
-58.23591,8,269.884317
-85.780903,8,269.899967
-136.126896,8,269.91645
-82.84701,8,269.931881
-14.23631,8,269.940102
-91.292934,8,269.953029
-6.719207,8,269.96671
-3.85262,8,269.983767
-43.022784,8,269.996282
-11.22733,8,270.002633
0.125074,8,270.02143
-125.790677,8,270.033738
-105.143927,8,270.05252
-23.201996,8,270.071037
1.807083,8,270.085582
-18.345113,8,270.100022
-9.893446,8,270.115104
-36.47617,8,270.115104
-10.617513,8,270.131067
-43.989086,8,270.14895
-69.413756,8,270.429224
-2.776376,8,270.444091
-100.890532,8,270.455782
-5.921122,8,270.469733
-46.074793,8,270.482543
-41.528735,8,270.50113
4.024352,8,270.516043
-25.039625,8,270.532917
-157.247806,8,270.544189
-0.848832,8,270.555196
-13.265503,8,270.566769
-54.218147,8,270.578584
-20.517388,8,270.590582
2.454903,8,270.603045
-64.977615,8,270.616045
-74.653131,8,270.627383
-81.284357,8,270.645217
-0.549071,8,270.655211
-62.860355,8,270.670782
-93.578285,8,270.683522
4.266017,8,270.695142
-191.278014,8,270.706136
1.946904,8,270.71772
2.003724,8,270.728718
0.816165,8,270.737735
5.103844,8,270.750041
-62.030402,8,270.75704
5.357515,8,270.765826
-3.602685,8,270.773826
-31.615383,8,270.782664
-13.203859,8,270.796166
-38.59507,8,270.80323
-22.688725,8,271.019876
-121.482397,8,271.028346
-4.033586,8,271.037341
-3.006475,8,271.046347
2.273087,8,271.053347
-4.104501,8,271.060755
-45.731195,8,271.069879
-48.700751,8,271.086404
-18.588327,8,271.097888
3.128113,8,271.108887
-75.315757,8,271.119706
-21.80411,8,271.137427
-36.731311,8,271.147947
-17.687633,8,271.160948
-1.780942,8,271.171946
-20.873572,8,271.188394
-37.793485,8,271.200826
-25.569642,8,271.211395
-44.15744,8,271.222415
-29.197017,8,271.233409
-0.305342,8,271.24141
-40.47912,8,271.250414
-95.805732,8,271.257411
4.872184,8,271.271625
6.177496,8,271.280699
-57.411388,8,271.287699
-54.351985,8,271.298157
-34.54286,8,271.306159
-86.400755,8,271.315866
-63.284234,8,271.323864
-76.046551,8,271.332493
7.33258,8,271.340496
-20.326308,8,271.548275
-10.479241,8,271.557169
-103.472487,8,271.564969
-29.136499,8,271.574875
-91.933159,8,271.58849
-22.393569,8,271.59812
-19.183058,8,271.607216
-18.768476,8,271.616889
-13.333671,8,271.630541
-21.931236,8,271.639444
-8.801895,8,271.649339
-128.722579,8,271.656231
2.209622,8,271.666826
-6.979025,8,271.675825
-41.613727,8,271.68561
-49.616865,8,271.695611
-23.743771,8,271.708611
-61.7754,8,271.719613
-33.731037,8,271.732755
-87.31213,8,271.740759
-54.218171,8,271.752312
-40.091411,8,271.765799
-14.250837,8,271.777678
-46.125389,8,271.784698
-0.700515,8,271.792696
10.277762,8,271.800158
-178.112853,8,271.808144
1.064715,8,271.815144
7.565157,8,271.824149
1.08716,8,271.844124
5.058185,8,271.858432
2.862159,8,271.872237
-7.702601,8,272.159073
6.787499,8,272.170059
-44.246673,8,272.179471
-4.6495,8,272.200015
-72.318413,8,272.211724
-0.50516,8,272.224128
-37.594894,8,272.237318
-50.969468,8,272.249305
-41.270611,8,272.264284
-12.654876,8,272.282028
4.687035,8,272.294051
1.615717,8,272.315779
-116.598017,8,272.333154
-29.035444,8,272.343155
-163.880898,8,272.353799
-36.26953,8,272.3638
-15.231518,8,272.369816
-158.550242,8,272.369816
0.022068,8,272.389607
-54.478916,8,272.401516
-4.407035,8,272.424693
-75.923644,8,272.435257
-23.474863,8,272.456315
-49.077196,8,272.473556
-57.184584,8,272.477537
-17.236244,8,272.477537
-86.500568,8,272.495329
-39.78504,8,272.51266
12.462603,8,272.513686
-27.095235,8,272.545525
-52.952182,8,272.56262
-6.891509,8,272.576789
-38.493044,8,272.868187
-9.654765,8,272.879637
-4.848839,8,272.895961
-14.436954,8,272.905807
-36.342883,8,272.915789
-87.790507,8,272.92551
-70.542882,8,272.934348
-130.813096,8,272.944169
-26.117997,8,272.952969
-15.409464,8,272.962554
-78.807467,8,272.969215
-22.493803,8,272.982869
-0.758816,8,272.991234
-82.325796,8,273.000355
-106.603101,8,273.009197
-1.765427,8,273.024196
-95.228774,8,273.033524
-33.68023,8,273.04166
-26.413832,8,273.051074
-0.622175,8,273.057884
-53.384002,8,273.065835
-6.450658,8,273.073402
-1.135947,8,273.080589
-21.005198,8,273.08686
-11.827706,8,273.093829
-18.560253,8,273.10447
-18.469883,8,273.111576
-80.000654,8,273.121073
-3.996321,8,273.130067
5.957847,8,273.137098
-47.435323,8,273.143181
-27.362544,8,273.150178
-55.724934,8,273.322015
-57.748127,8,273.333513
-37.894626,8,273.339881
7.216699,8,273.347783
3.553953,8,273.354617
-2.81752,8,273.361112
-90.37257,8,273.369075
-128.754176,8,273.375427
-26.383791,8,273.388767
-14.047804,8,273.399038
-15.805951,8,273.406596
-92.886503,8,273.415493
-105.866314,8,273.42582
-27.025898,8,273.43819
-32.785252,8,273.444905
-95.404369,8,273.452735
-93.195637,8,273.458736
-77.213155,8,273.466499
-60.143373,8,273.473862
-17.337202,8,273.482927
-98.888613,8,273.496396
-5.178261,8,273.506184
-99.20646,8,273.514835
6.38212,8,273.521336
-23.291487,8,273.527496
-39.321127,8,273.535053
2.740019,8,273.540418
-45.568371,8,273.550557
-5.093215,8,273.55693
-19.809456,8,273.563849
-59.728172,8,273.569955
-68.474737,8,273.576011
-2.278741,8,273.766813
-41.151541,8,273.786811
-22.735877,8,273.798123
4.997499,8,273.807122
-89.543097,8,273.816943
-48.207262,8,273.82594
5.995468,8,273.835459
-34.491873,8,273.845336
-42.428806,8,273.854336
-121.966548,8,273.861812
-83.761312,8,273.87181
-41.022268,8,273.886439
-62.083116,8,273.899439
-14.490183,8,273.917194
-38.446009,8,273.926194
-20.543965,8,273.940516
-50.31303,8,273.95419
-74.614575,8,273.967227
-3.943666,8,273.979478
1.600124,8,273.989455
-76.19103,8,274.00657
5.693992,8,274.019828
-64.261424,8,274.036133
-89.320081,8,274.048492
-113.085885,8,274.056565
-5.396352,8,274.065003
-31.10227,8,274.078785
-8.910083,8,274.086781
-30.425712,8,274.096776
-123.236609,8,274.110677
-6.977466,8,274.118773
-11.035299,8,274.127508
-20.402297,8,274.440444
-114.924421,8,274.455441
-85.547941,8,274.468486
-52.884342,8,274.484004
-164.336719,8,274.489919
-16.948063,8,274.505825
1.24443,8,274.525949
-162.523016,8,274.537855
-71.045446,8,274.550446
-43.171252,8,274.553951
-94.440491,8,274.570101
-122.584317,8,274.570101
-12.803546,8,274.590129
-40.069328,8,274.601107
-21.539564,8,274.612149
-4.67776,8,274.613893
-9.148908,8,274.634582
-100.627575,8,274.641582
-22.115453,8,274.653537
-43.527828,8,274.676294
-113.483204,8,274.681884
-18.97196,8,274.698115
-170.718035,8,274.714773
2.085067,8,274.728718
-42.962968,8,274.731789
-13.59301,8,274.731789
-60.68217,8,274.747702
-0.521365,8,274.765133
-10.386295,8,274.782459
-6.061031,8,274.801287
-20.028691,8,274.809312
-83.720312,8,274.831366
-20.203606,8,275.113808
-146.170926,8,275.1293
-23.772306,8,275.148023
-107.396533,8,275.161845
-0.22224,8,275.177555
-82.837049,8,275.191017
-35.034787,8,275.203131
-52.531265,8,275.216422
-99.366402,8,275.226436
-50.94358,8,275.238306
-55.533131,8,275.256501
-64.470339,8,275.268246
0.850411,8,275.285326
-20.819733,8,275.293076
-20.068177,8,275.293076
-18.708089,8,275.312968
-8.752131,8,275.325011
-50.151716,8,275.341118
-68.132879,8,275.35293
-50.094643,8,275.360959
-83.145434,8,275.384126
-5.918123,8,275.397186
-86.217488,8,275.406967
-89.516644,8,275.419008
-6.678141,8,275.432999
-3.712215,8,275.444446
6.221278,8,275.452469
-54.140699,8,275.452469
-89.608288,8,275.468606
-68.862494,8,275.468606
-23.33579,8,275.484471
-187.580875,8,275.500351
-3.58328,8,275.677195
-37.011737,8,275.677195
0.804314,8,275.699394
3.537952,8,275.706923
-122.831487,8,275.720179
-20.256217,8,275.734818
-2.091257,8,275.742845
-45.375745,8,275.751145
-29.153738,8,275.759161
-21.284385,8,275.766817
-97.654689,8,275.774852
-95.194845,8,275.786652
-11.51547,8,275.797214
-3.253775,8,275.797214
7.546349,8,275.816746
-45.242317,8,275.825568
-41.294443,8,275.835517
-16.638496,8,275.851465
-21.951446,8,275.859461
-18.969827,8,275.865965
-91.041504,8,275.876441
-5.287776,8,275.8815
-51.607606,8,275.897573
-93.768501,8,275.905625
-58.137107,8,275.911412
-23.544283,8,275.924152
-54.030186,8,275.931181
-44.250473,8,275.937201
-6.374365,8,275.946981
-62.94873,8,275.957014
-25.994256,8,275.974584
-43.072363,8,275.983681
-27.796154,8,276.313515
-82.329594,8,276.322537
0.633987,8,276.331506
-11.528826,8,276.340515
-67.38982,8,276.350354
-105.128789,8,276.359348
4.396818,8,276.3729
2.247058,8,276.382559
-106.154289,8,276.39256
-165.749501,8,276.403218
-6.682134,8,276.422862
-91.493628,8,276.435858
-58.312814,8,276.446857
-81.995579,8,276.456858
-119.783007,8,276.46688
8.007575,8,276.482299
-26.31247,8,276.490299
-77.293473,8,276.501167
-81.74528,8,276.515904
-22.948505,8,276.528618
-17.240222,8,276.540921
-1.501343,8,276.551992
-30.053029,8,276.562854
-80.959983,8,276.58556
2.86985,8,276.61295
-50.481198,8,276.630528
2.337112,8,276.641538
-31.487272,8,276.653239
-63.587076,8,276.66423
-18.99619,8,276.676405
-4.288169,8,276.68856
-3.428082,8,276.704223
-46.113731,8,277.039414
-68.238629,8,277.054672
1.664153,8,277.065476
-120.478324,8,277.083425
-118.294794,8,277.09242
-16.07077,8,277.1048
-7.41248,8,277.115424
-145.297942,8,277.122424
-27.503924,8,277.133047
-2.12608,8,277.14308
-25.192241,8,277.152834
-66.62383,8,277.167378
-19.016368,8,277.179146
-22.036587,8,277.188144
-60.775152,8,277.19767
-46.868811,8,277.209636
-19.588162,8,277.22597
-29.508481,8,277.237992
2.08705,8,277.246978
4.582578,8,277.255995
-18.984467,8,277.270998
-151.849298,8,277.296516
-24.862598,8,277.316337
-28.115633,8,277.333687
-83.483923,8,277.348512
-105.264549,8,277.363864
-13.014792,8,277.376283
-13.984839,8,277.399202
-94.306573,8,277.418094
-24.090264,8,277.434597
-47.037472,8,277.447873
-60.437859,8,277.458876
-182.842874,8,277.800025
5.07109,8,277.812031
-1.62461,8,277.825835
-66.793669,8,277.844315
-5.556928,8,277.859054
-57.885692,8,277.873523
1.247669,8,277.886483
-76.711265,8,277.901388
-2.249471,8,277.915729
-50.256135,8,277.934854
-33.047319,8,277.955597
-30.125089,8,277.970021
-125.426408,8,277.981662
1.692548,8,277.99775
-12.153959,8,278.006669
-95.385614,8,278.016912
-81.385143,8,278.026718
-96.232213,8,278.036113
-11.524678,8,278.0509
-80.177064,8,278.071434
-58.691846,8,278.080473
-103.038881,8,278.09917
-16.505078,8,278.111949
-94.195372,8,278.121978
-99.113679,8,278.131948
-112.804304,8,278.146426
-57.816519,8,278.161207
-0.247512,8,278.17235
-25.448929,8,278.186462
1.346913,8,278.201565
-199.93228,8,278.214713
-45.682391,8,278.223213
-22.068278,8,278.448397
-0.173427,8,278.457397
-50.382753,8,278.471998
-83.019535,8,278.481577
-25.875162,8,278.490564
-1.568366,8,278.500719
-44.491159,8,278.507725
-36.816196,8,278.516684
5.072222,8,278.530784
3.9693,8,278.540799
-45.860618,8,278.550378
-72.033011,8,278.560846
-108.182449,8,278.568442
-25.499621,8,278.575442
-33.331408,8,278.590317
0.220844,8,278.599512
-64.162575,8,278.606522
-20.58072,8,278.616486
3.331192,8,278.627945
8.977641,8,278.640135
-30.235964,8,278.658278
9.341349,8,278.671543
-10.583962,8,278.681582
-4.571717,8,278.69494
-1.233895,8,278.709974
-100.881745,8,278.723067
-23.501288,8,278.736151
-85.785917,8,278.750441
-109.537967,8,278.768062
7.339028,8,278.78132
-21.973161,8,278.796217
-110.492649,8,278.801024
-3.917714,8,279.028104
-6.577331,8,279.042171
-28.011614,8,279.053411
-120.817067,8,279.067843
-1.311464,8,279.077857
-26.685821,8,279.089335
-197.378001,8,279.102282
-15.173751,8,279.116035
-4.107398,8,279.12911
-139.5573,8,279.138073
-29.071657,8,279.14826
-117.450788,8,279.159051
1.061512,8,279.169564
-59.234387,8,279.17928
-82.211365,8,279.186279
-81.624251,8,279.194833
0.816152,8,279.207984
-97.993361,8,279.222019
-44.574662,8,279.233209
-73.086044,8,279.240209
-18.297586,8,279.253816
-36.240244,8,279.26079
4.679453,8,279.272591
-121.109535,8,279.284825
-10.672819,8,279.296582
-0.872201,8,279.310899
-11.230199,8,279.326051
-49.011119,8,279.337327
-6.333675,8,279.343713
-22.238712,8,279.356763
-53.121669,8,279.367812
-48.799928,8,279.381675
2.875597,8,279.635617
-78.730485,8,279.643616
-73.601189,8,279.662966
-76.148157,8,279.676185
-7.410375,8,279.785683
-45.445459,8,279.801836
-16.857037,8,279.813428
-5.629499,8,279.821466
-52.646125,8,279.831285
-3.116408,8,279.843281
-45.662066,8,279.851053
-58.242424,8,279.859053
-109.640289,8,279.869551
-6.988558,8,279.896565
-88.155807,8,279.911528
5.032212,8,279.925737
-187.175101,8,279.939207
-28.13858,8,279.952698
1.811499,8,279.967553
-44.758162,8,279.97912
-102.62898,8,280.000192
-13.355972,8,280.009842
-20.551512,8,280.023216
-94.486089,8,280.041324
-44.66631,8,280.045091
-19.592877,8,280.072222
-43.043544,8,280.085308
-43.405722,8,280.102397
0.363732,8,280.116353
-145.216023,8,280.132727
-140.566042,8,280.146261
-8.897659,8,280.164027
0.270209,8,280.501627
-67.200914,8,280.511824
-106.076087,8,280.522834
-106.373494,8,280.534083
-70.314768,8,280.54208
-0.292142,8,280.556296
-55.467607,8,280.578501
-5.126755,8,280.589501
-75.830033,8,280.604646
-21.242982,8,280.670988
-8.636769,8,280.6896
4.319806,8,280.704326
-29.716734,8,280.718947
4.946998,8,280.73412
-170.881002,8,280.75133
-20.727734,8,280.768338
-33.203886,8,280.787642
-17.269201,8,280.811651
3.103805,8,280.828896
-13.045821,8,280.844399
-124.521049,8,280.857651
-74.271683,8,280.870696
-17.362491,8,280.887733
-25.449979,8,280.901887
-33.811604,8,280.918011
-52.092312,8,280.927915
-18.061575,8,280.939673
2.96001,8,280.953011
-120.654748,8,280.963795
-82.071962,8,280.970715
-17.619512,8,280.97954
-35.199925,8,280.996992
-93.999328,8,281.23834
-18.093373,8,281.250248
-37.861553,8,281.260929
-3.430178,8,281.273229
-6.104596,8,281.283921
-24.679615,8,281.294596
-11.284557,8,281.308572
-18.238133,8,281.323044
-38.215589,8,281.339041
-0.966328,8,281.360125
-17.142312,8,281.372637
-50.359058,8,281.389931
-11.225589,8,281.403285
-54.971836,8,281.419804
-18.535569,8,281.433188
-12.402551,8,281.446066
-38.425381,8,281.458062
-12.137968,8,281.475173
-20.559456,8,281.48673
-17.554271,8,281.500739
-6.490785,8,281.51673
-127.159849,8,281.52915
-2.51978,8,281.543194
1.259987,8,281.555247
-2.020802,8,281.577609
0.068526,8,281.595402
-128.13069,8,281.60785
-79.720898,8,281.619646
-75.110612,8,281.631074
-102.848138,8,281.642083
-124.828591,8,281.652826
-8.041805,8,281.66471
-49.320176,8,281.884634
-34.597831,8,281.894276
-24.326024,8,281.902511
10.629939,8,281.909499
-52.440366,8,281.925298
-0.230685,8,281.937777
-4.653596,8,281.949153
1.392895,8,281.957153
-4.354053,8,281.966528
-10.294708,8,281.975536
-73.690805,8,281.987356
-38.991336,8,281.997529
3.215625,8,282.006616
-89.82945,8,282.017483
4.540468,8,282.031344
-1.297578,8,282.039441
-106.809365,8,282.04692
-50.709469,8,282.061722
9.72142,8,282.076304
-44.464098,8,282.089501
-2.048681,8,282.099804
-6.685023,8,282.110756
1.509596,8,282.121641
6.24288,8,282.131263
2.076529,8,282.137251
-95.786888,8,282.14793
-3.550901,8,282.153936
-30.025573,8,282.162586
5.967726,8,282.168594
-55.821426,8,282.183544
-85.325987,8,282.194777
-28.07066,8,282.202939
1.297651,8,282.446353
-21.891563,8,282.454353
-2.306689,8,282.466512
-37.558909,8,282.477485
-21.087226,8,282.489388
-13.530615,8,282.50697
0.1516,8,282.518638
5.595342,8,282.52806
-34.671575,8,282.536234
0.915987,8,282.545635
-72.90429,8,282.559642
2.456757,8,282.571619
-3.652596,8,282.582189
-1.129894,8,282.591189
-28.512133,8,282.602005
-34.052032,8,282.618989
-11.668546,8,282.629371
-99.233715,8,282.639393
2.081234,8,282.655871
3.775754,8,282.670643
-38.388315,8,282.682431
-2.96768,8,282.691431
-3.24225,8,282.71075
2.842552,8,282.719969
-16.623845,8,282.736405
-68.676244,8,282.751065
-9.380146,8,282.764466
-30.999695,8,282.773558
-15.003844,8,282.788732
-118.307439,8,282.804031
-97.72514,8,282.816564
-103.992066,8,282.834234
-2.207364,8,283.129857
-100.76609,8,283.140638
2.665429,8,283.152946
-232.882665,8,283.175949
-88.683554,8,283.189099
-184.193094,8,283.201391
7.741895,8,283.214638
-43.206567,8,283.224112
-14.507281,8,283.236217
-17.788458,8,283.248438
9.232999,8,283.258698
-51.012525,8,283.268024
-23.871192,8,283.282385
-3.624008,8,283.295939
-45.299987,8,283.308912
4.54234,8,283.324934
-20.284483,8,283.336494
-53.463148,8,283.344476
-33.5135,8,283.352151
-10.362302,8,283.360147
-55.99098,8,283.372835
-114.186167,8,283.389503
-3.753973,8,283.399477
-54.317193,8,283.409437
-2.06032,8,283.421632
-85.37871,8,283.430349
-57.995013,8,283.442354
-4.295906,8,283.455624
3.545812,8,283.472831
-19.138486,8,283.482443
5.108085,8,283.488438
-14.815104,8,283.500401
-41.216147,8,283.698746
-97.536121,8,283.706736
-40.793475,8,283.713619
-0.35975,8,283.720628
2.705093,8,283.733298
-24.36512,8,283.741285
-3.667342,8,283.749951
-38.343768,8,283.756951
-71.420871,8,283.769561
-46.525796,8,283.778081
-159.72994,8,283.786239
-30.054313,8,283.795085
-78.27632,8,283.803082
-50.038917,8,283.813943
-2.897265,8,283.824882
-135.256067,8,283.838217
-109.043179,8,283.848336
3.547881,8,283.855995
-26.591136,8,283.863658
-74.299179,8,283.877308
-83.349734,8,283.888172
-6.92287,8,283.898138
-0.403611,8,283.920042
-13.76168,8,283.933252
-29.970941,8,283.947931
-75.885551,8,283.963928
-97.046,8,283.979692
-58.53195,8,283.996343
0.619141,8,284.006345
-61.733996,8,284.022593
-35.464237,8,284.032444
-28.72523,8,284.040436
-14.780692,8,284.416764
-34.748309,8,284.433088
-13.529471,8,284.443088
-105.855982,8,284.45431
-16.606461,8,284.467333
-26.874253,8,284.478704
1.154439,8,284.491375
-43.501002,8,284.506386
5.755761,8,284.528173
-41.690875,8,284.539982
-2.957919,8,284.55311
-19.274673,8,284.566252
-1.868339,8,284.580235
3.407215,8,284.590752
1.864048,8,284.611262
-12.497222,8,284.617835
-25.367768,8,284.642849
-23.249115,8,284.657896
-130.742832,8,284.67554
-16.486769,8,284.690584
-138.926295,8,284.701583
-41.335645,8,284.708576
-154.498707,8,284.719797
-128.835621,8,284.730986
-122.98563,8,284.744504
-56.748247,8,284.762438
-54.384093,8,284.765151
-102.63555,8,284.787374
-127.519646,8,284.799828
-17.206512,8,284.806828
-8.124662,8,284.816369
-54.515374,8,284.828842
2.587117,8,285.191187
-5.887582,8,285.225687
-36.334404,8,285.245687
-23.51744,8,285.270957
-43.691098,8,285.291989
0.161972,8,285.313254
-35.383995,8,285.339219
-2.941297,8,285.368047
-54.805223,8,285.385833
-14.993832,8,285.398584
-26.812514,8,285.414002
-86.694353,8,285.424975
-49.71747,8,285.43867
-73.730215,8,285.458363
-109.77997,8,285.489653
-137.29486,8,285.511104
-17.229063,8,285.522159
-20.537276,8,285.533071
-16.997053,8,285.562482
-102.585261,8,285.589713
-16.096324,8,285.608711
6.997685,8,285.62449
-9.935881,8,285.640807
-10.818044,8,285.655747
1.811845,8,285.675022
8.858561,8,285.678995
-2.220481,8,285.698195
-78.437672,8,285.725156
3.115202,8,285.729059
-109.664442,8,285.745587
-109.410076,8,285.762221
-87.447211,8,285.770388
-122.035771,8,286.152632
-142.257498,8,286.163212
-0.643513,8,286.175562
-34.259984,8,286.189134
-16.237411,8,286.202664
-3.173477,8,286.216135
-12.419961,8,286.226135
-21.105186,8,286.239132
-64.67561,8,286.25065
-125.987265,8,286.26065
-22.990815,8,286.272523
-74.891648,8,286.283577
6.25152,8,286.305717
-1.595361,8,286.319247
-82.84579,8,286.330607
-19.685857,8,286.350574
-193.265372,8,286.366216
-103.795921,8,286.379823
-120.917272,8,286.395467
-10.494381,8,286.405995
-2.486781,8,286.421984
-27.292188,8,286.43381
1.84821,8,286.444384
-7.187978,8,286.472306
6.041626,8,286.483178
-60.480412,8,286.526372
-22.67727,8,286.541994
-104.162762,8,286.566185
-44.880433,8,286.596151
-116.653617,8,286.616748
-20.334348,8,286.637775
-70.64946,8,286.657011
-141.747466,8,287.00478
-83.137673,8,287.159463
5.477762,8,287.200683
-57.051618,8,287.217377
-3.720908,8,287.241404
-85.429424,8,287.260381
-2.247618,8,287.272346
-76.214419,8,287.283272
-52.744638,8,287.303631
-103.713127,8,287.321647
-45.031294,8,287.33369
-10.580798,8,287.345997
1.177736,8,287.354014
7.14896,8,287.362998
-6.300857,8,287.376076
-10.649295,8,287.389072
-46.928605,8,287.401194
-41.851467,8,287.415931
-74.51001,8,287.435428
-183.992504,8,287.44664
-19.768777,8,287.447706
-104.363217,8,287.462479
-83.753494,8,287.462479
-83.231773,8,287.479441
-11.515417,8,287.494864
-76.8145,8,287.502172
-19.490963,8,287.509172
-28.507326,8,287.515743
1.838319,8,287.522654
-84.822359,8,287.529357
-69.019958,8,287.547082
8.031193,8,287.558176
-38.003757,8,287.75433
-31.863168,8,287.767766
-81.742857,8,287.775765
-41.941029,8,287.786477
-41.820195,8,287.796998
-25.518802,8,287.805996
-42.632627,8,287.817562
-16.904301,8,287.832362
-40.096464,8,287.846364
2.416579,8,287.856366
-4.970326,8,287.868655
0.024202,8,287.887723
-38.72696,8,287.897982
-22.955492,8,287.906982
-168.296894,8,287.922499
-90.135655,8,287.934497
-70.029504,8,287.946965
-35.893985,8,287.958964
-64.610765,8,287.972093
3.079859,8,287.990424
-23.835651,8,288.00042
-2.281153,8,288.013433
-88.763567,8,288.023417
-56.837264,8,288.037749
-116.190921,8,288.048569
5.577329,8,288.061739
-0.944144,8,288.075749
-17.463765,8,288.08425
1.726541,8,288.096208
-105.844666,8,288.110219
-25.741524,8,288.11994
4.517062,8,288.129196
-21.313564,8,288.349541
-1.960067,8,288.358539
-5.0836,8,288.367652
-125.748025,8,288.378052
-31.136384,8,288.391151
-0.230175,8,288.400949
-114.184559,8,288.40995
-24.416517,8,288.419484
-83.350214,8,288.427477
-26.51357,8,288.436791
7.314794,8,288.450466
2.514743,8,288.457469
-95.033521,8,288.466472
0.557894,8,288.473469
-0.907114,8,288.484549
-37.06539,8,288.492558
-50.433967,8,288.511487
1.739136,8,288.520759
3.21115,8,288.528088
-75.756897,8,288.536232
-97.084998,8,288.545017
-81.759019,8,288.552104
-1.169606,8,288.565612
-101.316261,8,288.577961
-3.124275,8,288.589066
-44.857148,8,288.598762
-60.434458,8,288.605763
-6.395436,8,288.614805
-1.287809,8,288.624809
-1.554302,8,288.641131
-25.054398,8,288.651057
-3.978554,8,288.665561
-106.728062,8,288.864746
-15.689899,8,288.873742
-36.980229,8,288.882347
-110.459276,8,288.89034
-57.792995,8,288.90216
-16.261335,8,288.90916
-33.810236,8,288.920778
-73.84996,8,288.93179
-62.515974,8,288.942688
-22.345085,8,288.955756
-37.207657,8,288.966755
-13.54733,8,288.974852
-21.242864,8,288.983934
-3.421828,8,288.992934
-19.184235,8,289.004675
-8.997592,8,289.020139
-39.700992,8,289.02776
-27.784797,8,289.035811
-58.074957,8,289.042812
-9.836533,8,289.051838
-2.860763,8,289.060812
-3.158796,8,289.072516
-92.103962,8,289.089258
-8.829486,8,289.101948
-25.921239,8,289.112613
-104.852377,8,289.122634
-17.15919,8,289.13737
-13.999766,8,289.149134
-60.379908,8,289.159137
-104.160691,8,289.170751
-93.833146,8,289.181404
-31.657952,8,289.187424
-6.295648,8,289.389575
-20.763456,8,289.39898
-85.631717,8,289.416098
-135.455298,8,289.425098
-6.200208,8,289.434722
-21.070331,8,289.445984
-28.058774,8,289.453986
-12.952296,8,289.460964
-52.225055,8,289.468776
3.580154,8,289.481374
-64.56704,8,289.49037
-2.957052,8,289.499221
-109.848983,8,289.508223
-69.09761,8,289.517703
2.191092,8,289.5257
-48.652839,8,289.537487
8.511474,8,289.545964
-29.004327,8,289.553004
-57.60042,8,289.561502
7.033167,8,289.572755
-7.582357,8,289.585182
3.849155,8,289.601018
-50.660139,8,289.612571
6.545531,8,289.623579
-100.229704,8,289.636002
-124.055755,8,289.647098
-95.711244,8,289.65709
1.484676,8,289.668658
-8.158347,8,289.677656
-15.244473,8,289.687599
3.16658,8,289.698982
-75.091317,8,289.708985
-88.92831,8,289.90007
-70.423726,8,289.906071
-5.138975,8,289.914708
-93.848398,8,289.923708
-5.000418,8,289.932276
3.862701,8,289.939277
0.707897,8,289.950948
9.654897,8,289.958948
-77.570106,8,289.970725
-2.18047,8,289.981487
-143.944758,8,289.992513
2.86729,8,290.001939
-82.085052,8,290.01227
2.815853,8,290.020271
-80.711112,8,290.026272
-37.888411,8,290.037744
-1.780638,8,290.046044
-95.711841,8,290.053043
3.234092,8,290.064927
-29.447956,8,290.073942
-13.490858,8,290.086427
-33.435974,8,290.096479
-174.16534,8,290.108491
-177.00692,8,290.115663
-8.224406,8,290.12266
-27.362712,8,290.131309
-21.571306,8,290.143312
-160.232104,8,290.151076
-3.088674,8,290.157071
-2.84138,8,290.166755
-108.049049,8,290.182585
-89.397918,8,290.19449
-40.932125,8,290.433384
-90.266295,8,290.454732
-54.259698,8,290.466858
-104.391076,8,290.480343
-9.692935,8,290.493342
-13.654766,8,290.503486
-4.498181,8,290.517796
-35.554468,8,290.526803
-10.60733,8,290.540522
-0.662246,8,290.553108
-4.233171,8,290.56366
-51.086722,8,290.571656
-59.27457,8,290.580414
-93.634448,8,290.596252
-7.676359,8,290.606256
-73.470099,8,290.618907
-5.31026,8,290.634474
-101.466409,8,290.641462
-192.681095,8,290.653249
-53.939266,8,290.665801
-61.489843,8,290.678362
-16.505796,8,290.687572
-35.540063,8,290.694997
-11.161099,8,290.70428
-57.579841,8,290.716639
-21.318886,8,290.728454
-21.562382,8,290.747881
-85.488686,8,290.749108
-7.057609,8,290.765239
-4.235004,8,290.767657
6.550286,8,290.779945
-46.421515,8,290.791932
-0.618337,8,291.133014
-45.177137,8,291.144019
-19.64345,8,291.155265
-70.321968,8,291.167783
-60.456966,8,291.178501
-45.742796,8,291.189201
-5.344044,8,291.214281
-60.234092,8,291.225308
-67.564678,8,291.239069
-186.269784,8,291.251388
-27.399637,8,291.264286
-5.569912,8,291.275519
-3.643417,8,291.287153
-16.97194,8,291.299941
1.800492,8,291.321111
0.558427,8,291.336256
-57.387983,8,291.350463
-16.110871,8,291.364497
-19.28742,8,291.376472
-14.855784,8,291.396175
9.485721,8,291.406189
-50.603715,8,291.414626
-4.997988,8,291.422653
-109.469604,8,291.440368
-19.6395,8,291.452161
0.398355,8,291.462199
-10.227649,8,291.473405
-72.298183,8,291.48459
-10.839939,8,291.497745
2.060883,8,291.510737
-6.601526,8,291.524009
-61.154361,8,291.540913
-87.890105,8,291.762949
-83.970274,8,291.769949
-112.374728,8,291.78616
-29.544249,8,291.798184
-3.675036,8,291.808475
-1.832282,8,291.818909
-61.606793,8,291.828922
-256.414961,8,291.84202
1.974589,8,291.852048
1.469141,8,291.861021
-6.435604,8,291.872023
-17.585136,8,291.886097
-23.46888,8,291.910604
-26.599702,8,291.921713
-8.792532,8,291.930047
-1.132198,8,291.940046
-24.752228,8,291.950046
-64.002731,8,291.958051
-89.723013,8,291.971072
-7.565663,8,291.980483
-5.523652,8,291.988485
-73.648228,8,291.997001
2.308119,8,292.006989
-24.620755,8,292.022595
-62.362249,8,292.035789
8.124672,8,292.04179
-146.342642,8,292.051382
1.74566,8,292.057389
2.239774,8,292.065762
-40.19668,8,292.071783
-111.909391,8,292.081362
-27.253336,8,292.09341
-67.662661,8,292.325384
-60.281146,8,292.334386
-22.970099,8,292.346672
-83.450756,8,292.356438
-0.531613,8,292.369703
-16.670481,8,292.385596
-122.648767,8,292.393596
-38.240033,8,292.401072
6.665494,8,292.40907
-2.389495,8,292.417575
-49.882661,8,292.424573
-0.577213,8,292.433498
-64.200135,8,292.443498
-95.982659,8,292.453989
-74.171979,8,292.463701
6.488707,8,292.470702
-70.835362,8,292.483403
-123.554219,8,292.494405
2.800723,8,292.506311
4.162629,8,292.518835
-102.920594,8,292.529342
-62.794202,8,292.54034
5.541923,8,292.551821
-28.931752,8,292.562746
-2.67394,8,292.572741
-17.908305,8,292.583435
-120.687623,8,292.592445
-1.447584,8,292.608095
11.776412,8,292.618847
-124.177344,8,292.629301
-7.251248,8,292.643291
-66.31179,8,292.652808
-60.042148,8,292.897614
-97.529257,8,292.906611
-44.061721,8,292.915919
-12.274119,8,292.925916
-28.637943,8,292.938555
3.614274,8,292.949176
0.67592,8,292.960175
-2.07659,8,292.973773
-65.691844,8,292.988536
0.320377,8,293.001167
3.262536,8,293.018211
-28.872752,8,293.031238
8.990194,8,293.049459
-38.115588,8,293.066413
-40.491245,8,293.074412
-85.06104,8,293.084389
-50.780697,8,293.097031
-51.935407,8,293.10903
-35.14826,8,293.117628
-110.954187,8,293.125624
-6.918196,8,293.13826
-0.813438,8,293.152959
-25.352012,8,293.164671
-166.47732,8,293.186585
-92.743195,8,293.195661
7.059913,8,293.203101
-123.377416,8,293.217268
-21.415427,8,293.230895
-10.099369,8,293.238921
2.657456,8,293.2469
-57.93529,8,293.25492
-11.131414,8,293.266871
4.108388,8,293.48362
-181.762805,8,293.492617
-39.270557,8,293.508173
-22.575777,8,293.523377
-27.953369,8,293.53555
5.872911,8,293.545002
-73.262857,8,293.555629
-13.285765,8,293.565287
-86.121705,8,293.576249
-61.707168,8,293.584206
4.182485,8,293.596501
-27.675722,8,293.606994
-105.643894,8,293.620804
6.763518,8,293.633792
-117.213104,8,293.646686
-21.30246,8,293.659574
-97.872032,8,293.681065
-2.712285,8,293.69652
-59.121709,8,293.701505
-23.193907,8,293.724589
-192.895984,8,293.734589
-53.593522,8,293.74402
-6.401571,8,293.760051
-41.38821,8,293.772763
-24.673232,8,293.781046
-6.578831,8,293.791698
-24.134999,8,293.80306
-44.055952,8,293.812216
-19.370706,8,293.825411
-38.135708,8,293.838922
-38.011933,8,293.847502
-22.632083,8,293.854576
-66.438531,8,294.039991
4.358081,8,294.048629
-18.129816,8,294.057628
-60.677995,8,294.074125
0.601486,8,294.083325
-66.825946,8,294.090319
-2.749333,8,294.100812
-174.986322,8,294.112853
-3.266729,8,294.125896
-80.869111,8,294.140396
-36.759361,8,294.14906
-53.553587,8,294.157063
-82.094139,8,294.165827
-36.497772,8,294.175823
-40.08177,8,294.187811
-87.628204,8,294.197046
4.81238,8,294.208016
-72.933493,8,294.216801
-40.096337,8,294.223801
-49.118177,8,294.231389
-15.999788,8,294.242423
-68.143086,8,294.323664
-32.602069,8,294.335531
0.137037,8,294.34624
-50.43543,8,294.352266
-54.098645,8,294.358254
-142.371277,8,294.364934
-114.267081,8,294.370933
-128.888745,8,294.37956
-34.837362,8,294.388557
-30.109303,8,294.398996
-51.937502,8,294.407998
1.527511,8,294.616821
-11.571484,8,294.629507
-1.023121,8,294.642505
-44.419321,8,294.654192
-42.988642,8,294.662738
-22.383631,8,294.670721
-71.446669,8,294.682679
-84.114408,8,294.693683
-2.885881,8,294.701169
-69.418736,8,294.708159
-14.005366,8,294.715682
3.721578,8,294.72369
-87.731437,8,294.735804
3.330158,8,294.744801
-48.054319,8,294.764811
7.30277,8,294.773804
0.66106,8,294.782662
-32.361853,8,294.789662
-16.413098,8,294.812366
-39.720089,8,294.82249
7.035877,8,294.834598
-60.872604,8,294.846203
-12.193659,8,294.857208
-103.885837,8,294.865812
-23.932296,8,294.872817
-204.700822,8,294.885738
-82.156831,8,294.897247
-34.636444,8,294.914286
-46.456768,8,294.92028
-36.366281,8,294.92729
2.701729,8,294.937777
-12.05709,8,294.947067
0.731594,8,295.182901
-82.274212,8,295.195503
-18.254316,8,295.213221
-5.140052,8,295.232518
-68.30068,8,295.246241
-0.040582,8,295.261176
-197.436944,8,295.273957
0.990448,8,295.290431
-34.339331,8,295.307664
-2.609987,8,295.324579
-18.77138,8,295.345489
3.831904,8,295.362181
4.949155,8,295.377402
-14.713575,8,295.386878
8.075566,8,295.397051
-11.184358,8,295.411175
-3.998686,8,295.417672
-64.380737,8,295.451231
-1.255898,8,295.467273
-55.831327,8,295.481886
5.504987,8,295.501592
-1.120243,8,295.516272
-18.334172,8,295.534359
-142.924673,8,295.549806
2.274228,8,295.566224
4.50695,8,295.56772
-105.607237,8,295.589528
-21.594857,8,295.60161
-24.206325,8,295.642332
-6.653491,8,295.655487
-6.771482,8,295.667174
-29.658542,8,295.683794
10.435888,8,295.914876
-13.259105,8,295.926881
0.165948,8,295.935521
-58.962067,8,295.942522
-23.61048,8,295.953173
0.356195,8,295.96392
-20.726013,8,295.973945
-157.066367,8,295.983461
-2.427009,8,295.992466
-8.785989,8,296.003214
-58.658903,8,296.013899
-16.307464,8,296.021869
-7.544765,8,296.033573
2.304755,8,296.047589
-23.012425,8,296.056697
-7.831397,8,296.065883
-174.883217,8,296.072881
-45.657986,8,296.080067
-60.724145,8,296.088058
-11.503132,8,296.096287
-42.850967,8,296.107392
-20.956086,8,296.119027
-0.248695,8,296.130407
-22.769464,8,296.141413
-41.074982,8,296.156106
-55.051861,8,296.173106
-36.733314,8,296.186587
-30.523715,8,296.199128
-14.967168,8,296.211131
6.982254,8,296.222558
-179.333989,8,296.234695
-73.506179,8,296.249189
3.609844,8,296.517869
-17.439535,8,296.52687
-9.123931,8,296.539518
-113.009119,8,296.550071
-94.973108,8,296.563833
-1.684613,8,296.572833
-48.428012,8,296.58841
-44.354412,8,296.599727
-36.353573,8,296.609723
-97.499766,8,296.625002
-133.151197,8,296.639323
1.793484,8,296.65315
-55.615337,8,296.664908
-92.789038,8,296.675907
-35.918437,8,296.687708
-29.901209,8,296.701916
-8.715563,8,296.720748
-8.249686,8,296.72902
-67.851306,8,296.745663
-131.125686,8,296.761162
-79.457505,8,296.778982
-1.438187,8,296.795247
-25.211021,8,296.807381
-75.473901,8,296.831126
-86.736433,8,296.847714
-4.063653,8,296.863746
-8.391607,8,296.876822
-157.343164,8,296.892434
-44.691039,8,296.901311
-214.998879,8,296.910652
-61.114641,8,296.921631
-162.111944,8,296.94674
-92.342163,8,297.150209
-9.870745,8,297.163729
-59.124622,8,297.170742
-87.538808,8,297.179566
-93.832661,8,297.188547
-9.287159,8,297.19921
-132.999413,8,297.208201
-123.199375,8,297.217391
-2.169537,8,297.226391
-114.296797,8,297.233874
7.03808,8,297.249184
5.093711,8,297.268211
-89.066894,8,297.28456
-31.529212,8,297.291559
-90.302308,8,297.305266
-95.874681,8,297.318049
-10.008,8,297.329512
3.346777,8,297.338507
-6.530725,8,297.346868
-90.809713,8,297.35388
3.987193,8,297.361448
-78.533238,8,297.373245
-9.44612,8,297.384659
-35.106883,8,297.399389
3.62254,8,297.416257
2.056404,8,297.42795
-14.421088,8,297.434645
-1.637454,8,297.441646
2.496267,8,297.449363
-2.021869,8,297.455367
-65.94131,8,297.464943
-88.739697,8,297.474932
-67.062971,8,297.691567
-58.434434,8,297.702677
-6.722648,8,297.711768
-93.863277,8,297.720934
-79.475305,8,297.737502
-68.168023,8,297.753114
-17.541869,8,297.76485
-79.828672,8,297.77285
8.631823,8,297.784705
-65.791322,8,297.798581
-91.7818,8,297.808583
-18.812409,8,297.821219
2.735972,8,297.835225
-66.270368,8,297.848263
-65.545396,8,297.865166
-47.941864,8,297.879964
-71.599196,8,297.894972
-47.771005,8,297.914755
-21.409119,8,297.930468
3.60078,8,297.945193
-57.092643,8,297.955451
-107.779449,8,297.967522
-19.535173,8,297.98446
3.951552,8,297.996868
-18.359195,8,298.006857
-57.215365,8,298.017951
-21.030698,8,298.02697
-15.933948,8,298.037915
-115.770651,8,298.052238
-152.336031,8,298.074898
-42.757859,8,298.095811
-11.379699,8,298.109805
-36.973891,8,298.387694
2.39589,8,298.401753
-34.888447,8,298.414031
-70.57528,8,298.42203
-78.456013,8,298.431987
-27.704535,8,298.438987
-3.985565,8,298.453185
-28.968964,8,298.462167
0.245783,8,298.471766
-2.908521,8,298.481572
-26.469682,8,298.500234
-49.128027,8,298.511233
3.439079,8,298.520858
-64.068656,8,298.531712
-8.576444,8,298.540703
0.119336,8,298.549371
0.183092,8,298.558376
-24.417693,8,298.573236
-37.706225,8,298.582833
-128.684363,8,298.595345
-190.829762,8,298.608299
-133.694743,8,298.617832
3.480822,8,298.638383
2.217594,8,298.653642
-28.311978,8,298.664394
-41.353487,8,298.672859
6.029227,8,298.687547
-15.451833,8,298.69666
-96.692919,8,298.701328
-72.144157,8,298.716884
-18.617739,8,298.729016
-95.211756,8,298.741064
-75.028462,8,298.988192
0.606969,8,298.998695
5.478204,8,299.002929
-188.853948,8,299.031171
-13.869804,8,299.040674
-7.133299,8,299.057803
-26.336774,8,299.071054
8.884737,8,299.085058
0.367421,8,299.096928
-11.977886,8,299.11376
-0.417372,8,299.136985
-89.184545,8,299.154541
-20.331356,8,299.178669
-24.288244,8,299.191209
-48.236301,8,299.202203
-16.866883,8,299.221882
-88.552506,8,299.234947
-8.201244,8,299.252276
-40.940843,8,299.262395
-20.878559,8,299.262395
-127.051724,8,299.27922
-135.261777,8,299.27922
-16.300708,8,299.294801
-10.032598,8,299.312789
-16.106052,8,299.331209
-55.227554,8,299.343749
-87.068463,8,299.358772
-19.212743,8,299.37884
-28.73702,8,299.395808
-24.016979,8,299.413362
-47.130215,8,299.41898
-36.821746,8,299.439634
-5.769735,8,299.75299
-126.588485,8,299.847976
-28.597963,8,299.860296
-26.147284,8,299.873288
-109.631882,8,299.886385
-40.624005,8,299.902704
-69.397722,8,299.919776
-16.720493,8,299.965202
0.9282,8,300.054963
-18.944908,8,300.086865
-26.05793,8,300.095569
-24.484547,8,300.103082
-29.812623,8,300.111992
-104.889422,8,300.119944
-40.332262,8,300.130333
-103.237347,8,300.141932
-0.851685,8,300.150807
-2.750485,8,300.158804
-4.893934,8,300.174078
-8.669744,8,300.18924
3.788035,8,300.201398
-61.778795,8,300.217299
-18.044761,8,300.227301
-82.616114,8,300.237121
-59.090597,8,300.24683
-39.155824,8,300.261869
0.487713,8,300.275194
-45.4948,8,300.288978
-157.947483,8,300.30592
-24.2555,8,300.315412
-27.324336,8,300.324418
-26.512139,8,300.33988
-73.644523,8,300.593775
1.05406,8,300.617242
-11.052645,8,300.628245
-17.717492,8,300.638895
-164.849304,8,300.649106
-29.549533,8,300.659142
-19.684817,8,300.669959
-124.618562,8,300.678569
-14.996397,8,300.687512
-2.471205,8,300.698714
-101.237427,8,300.708714
-5.076755,8,300.718811
-69.811788,8,300.726819
9.764396,8,300.744975
-105.099104,8,300.758002
-27.961218,8,300.770125
2.971741,8,300.778099
-41.858624,8,300.790497
-20.445935,8,300.803167
-116.830094,8,300.815278
-9.414935,8,300.828257
-66.504634,8,300.836256
-109.856543,8,300.849966
-30.05285,8,300.856973
-12.678111,8,300.86771
-5.070207,8,300.881264
-20.394726,8,300.898872
-105.448045,8,300.910003
-129.906399,8,300.923186
-49.513935,8,300.932386
-78.147627,8,300.940385
-3.541572,8,300.950466
-24.974741,8,301.184376
-128.253646,8,301.196583
-63.929948,8,301.20953
-238.973173,8,301.220246
-9.210834,8,301.232229
0.31158,8,301.244222
-20.161117,8,301.255228
-58.017057,8,301.271793
-6.870366,8,301.281422
-142.135504,8,301.290929
-60.735578,8,301.309071
-126.964268,8,301.32017
-14.307392,8,301.331023
-96.363771,8,301.340031
-156.428939,8,301.350031
-10.09283,8,301.361773
-17.553632,8,301.372947
-46.786702,8,301.384864
-10.321596,8,301.399862
-173.266793,8,301.427476
-28.997026,8,301.438109
-13.749144,8,301.449778
-44.207978,8,301.464559
-49.606183,8,301.48137
-182.291058,8,301.492281
-20.091373,8,301.503891
-10.524945,8,301.516407
-25.231474,8,301.533237
-58.088742,8,301.545624
-74.31454,8,301.563006
-42.807919,8,301.576096
0.579095,8,301.588179
0.547513,8,301.854107
1.648682,8,301.871101
-51.845195,8,301.881912
-8.794535,8,301.891908
-19.639308,8,301.904363
-16.845069,8,301.916981
-87.175356,8,301.929515
-2.798429,8,301.940223
-58.270444,8,301.950954
-39.56988,8,301.959778
-18.858314,8,301.970772
-25.091467,8,301.98577
-13.598286,8,302.000667
-1.944011,8,302.009667
-88.739779,8,302.019105
-122.232329,8,302.02863
-19.180743,8,302.041859
-64.999546,8,302.054159
-1.88757,8,302.066909
-36.902459,8,302.079792
-18.747703,8,302.096906
-16.080455,8,302.107918
-4.222925,8,302.116059
-46.023649,8,302.123057
4.468927,8,302.132694
6.405625,8,302.14973
-115.22372,8,302.159732
-47.204043,8,302.171089
-27.425469,8,302.179569
-2.674952,8,302.185665
-1.451549,8,302.194565
4.074526,8,302.201471
-44.454494,8,302.401406
-57.829421,8,302.410406
-22.544367,8,302.420789
-25.980081,8,302.43685
-25.152404,8,302.447575
-29.779523,8,302.468812
-91.461816,8,302.484824
-76.524713,8,302.496041
-4.856422,8,302.505869
-28.409975,8,302.515871
-97.09233,8,302.526873
-116.934342,8,302.545773
2.335326,8,302.55699
-133.877476,8,302.569004
-3.336378,8,302.586901
-72.694818,8,302.599267
-112.573357,8,302.608246
2.903252,8,302.618243
2.405356,8,302.637254
-86.69466,8,302.65716
-112.372531,8,302.667664
-65.56449,8,302.682151
-25.513921,8,302.700678
-19.824132,8,302.712684
8.9633,8,302.722704
-99.510963,8,302.735857
-44.430376,8,302.75013
-83.797149,8,302.772378
-28.619726,8,302.786966
12.962315,8,302.799027
4.375259,8,302.823583
-52.712439,8,302.841219
7.767675,8,303.158905
-8.573042,8,303.172362
-42.632721,8,303.184285
-44.764444,8,303.212917
-12.931776,8,303.225523
-25.938412,8,303.241523
-64.746002,8,303.256807
-72.528576,8,303.274228
1.10487,8,303.286415
-2.276238,8,303.296923
-8.931617,8,303.307921
-13.55725,8,303.334345
1.984842,8,303.35089
-79.51473,8,303.366685
-85.670929,8,303.383344
-183.257561,8,303.396297
-14.056127,8,303.408876
-1.643762,8,303.430068
-21.420762,8,303.443805
-24.605148,8,303.449859
-63.506072,8,303.469081
-29.949906,8,303.480402
-27.023758,8,303.492792
-216.162696,8,303.511542
-43.162623,8,303.514219
5.091178,8,303.533504
-3.254389,8,303.550879
-7.817266,8,303.561557
-119.161122,8,303.576612
-128.909129,8,303.588028
6.747112,8,303.600044
-81.629253,8,303.611595
-16.963921,8,303.864424
-61.977984,8,303.878136
-41.235214,8,303.890182
-52.101156,8,303.899604
-32.218372,8,303.915409
-26.730026,8,303.925401
-74.984582,8,303.933795
-108.617633,8,303.940793
-62.510778,8,303.951305
-24.096232,8,303.959305
1.64614,8,303.971175
-123.059051,8,303.988183
-10.043831,8,303.998274
3.813035,8,304.007281
4.22131,8,304.018121
4.811253,8,304.026151
-202.371586,8,304.044739
-17.086591,8,304.055239
-71.118981,8,304.064829
-0.523941,8,304.072824
-4.443366,8,304.08215
0.950612,8,304.093161
-3.491956,8,304.10859
1.603452,8,304.120096
-125.85274,8,304.131726
-29.224709,8,304.141733
-73.304737,8,304.150302
-49.266904,8,304.157292
4.070215,8,304.166141
-98.097694,8,304.182458
-26.126478,8,304.182458
-59.365429,8,304.200887
-57.38522,8,304.463365
-68.623368,8,304.474364
6.370661,8,304.487241
-67.658393,8,304.498877
-99.549826,8,304.509401
-18.393199,8,304.530712
-15.955128,8,304.547817
-108.993014,8,304.55681
-95.676957,8,304.56814
-5.103947,8,304.584666
-14.793013,8,304.597896
-25.753211,8,304.611498
-37.069024,8,304.623201
-45.869296,8,304.635694
-20.374364,8,304.651474
-19.149159,8,304.661927
-18.146154,8,304.670054
-66.851004,8,304.678645
-7.798021,8,304.690799
-72.302068,8,304.703287
-1.709469,8,304.713277
0.292865,8,304.724281
-35.390856,8,304.742309
-175.782746,8,304.751374
-45.415288,8,304.766194
-64.92892,8,304.777839
-64.7214,8,304.78571
-49.250118,8,304.793308
-13.815073,8,304.802654
-4.650646,8,304.814837
-16.868313,8,304.825866
5.49662,8,304.836865
-21.343493,8,305.05904
-20.034462,8,305.069566
-53.282396,8,305.085829
-6.604249,8,305.102416
-22.342151,8,305.110416
-6.20325,8,305.120067
-33.711716,8,305.12706
-102.138709,8,305.136647
-104.215368,8,305.146832
-132.067478,8,305.157831
-19.880487,8,305.167825
-46.518141,8,305.175828
-102.881064,8,305.184179
-1.321129,8,305.194475
-49.42208,8,305.204455
-204.768667,8,305.223995
-52.995047,8,305.233907
-33.888921,8,305.242907
-104.727686,8,305.25466
-59.426983,8,305.26451
0.045721,8,305.273997
-32.603078,8,305.287695
-3.782469,8,305.30261
-126.725653,8,305.31061
-101.705533,8,305.32422
-18.51445,8,305.338773
-18.523427,8,305.350341
-36.718503,8,305.367213
0.368778,8,305.379967
-102.635071,8,305.397911
-129.451746,8,305.410885
-83.725198,8,305.418887
-78.933643,8,305.775874
-18.932486,8,305.797814
-17.035916,8,305.812432
-83.855126,8,305.824945
1.890873,8,305.839124
-0.09178,8,305.849801
-90.780171,8,305.861419
-109.981254,8,305.87593
-95.322937,8,305.906124
-24.676885,8,305.920417
-11.052412,8,305.937121
-1.497711,8,305.951799
-70.166384,8,305.970456
-7.001406,8,305.993146
-91.731655,8,306.016415
-83.628083,8,306.029153
-5.299527,8,306.04315
-18.37917,8,306.055975
1.901193,8,306.069517
1.004385,8,306.083178
-41.187215,8,306.112573
-101.63857,8,306.130325
-8.113352,8,306.143328
-71.676036,8,306.156465
0.297083,8,306.170424
-22.155604,8,306.192392
-103.436596,8,306.208343
-69.941675,8,306.22436
10.323251,8,306.250969
-57.072407,8,306.266222
-30.712016,8,306.289843
-1.001493,8,306.390023
2.4729,8,306.724707
-2.631425,8,306.770441
-32.529469,8,306.786418
-33.644381,8,306.804097
-26.768776,8,306.830871
-23.226326,8,306.851488
-4.948861,8,306.869696
-131.86751,8,306.883845
-67.256749,8,306.901417
-0.020291,8,306.924124
-32.531155,8,306.941895
-21.385209,8,306.961921
-37.296757,8,306.987896
-49.289482,8,307.01658
1.67373,8,307.040292
-45.486332,8,307.052291
-45.785174,8,307.064291
-34.605708,8,307.073294
-4.696929,8,307.088288
-181.958066,8,307.104691
-10.26006,8,307.11895
-38.658218,8,307.136415
-17.577391,8,307.15004
-80.374611,8,307.163163
-1.157892,8,307.176391
-128.113218,8,307.18944
-118.664829,8,307.209452
-97.850755,8,307.222676
-58.076152,8,307.236038
-144.687278,8,307.246702
-2.340613,8,307.259005
-47.800689,8,307.268704
2.334823,8,307.49652
-94.626934,8,307.504029
-5.266022,8,307.512666
-63.387537,8,307.524178
-57.13809,8,307.534689
-16.169041,8,307.548206
-6.367781,8,307.564555
2.305814,8,307.574085
-39.762551,8,307.582841
-31.71112,8,307.592421
-1.089672,8,307.603312
-6.000296,8,307.614133
-8.933798,8,307.623652
-11.311981,8,307.63471
-37.503815,8,307.65049
-14.156425,8,307.659182
-33.691493,8,307.668238
-164.307703,8,307.678103
-20.970439,8,307.690559
-80.946285,8,307.704193
4.489126,8,307.715501
-72.129327,8,307.733736
-36.70778,8,307.751419
-192.284097,8,307.780683
-102.973433,8,307.801944
-98.333488,8,307.822108
-6.684942,8,307.836428
-16.872481,8,307.84913
-2.194468,8,307.868689
-1.410125,8,307.886454
11.917391,8,307.906036
-13.519209,8,307.928212
-23.436877,8,308.243557
-21.328027,8,308.267149
-72.894379,8,308.285617
-132.212892,8,308.301064
-69.740226,8,308.316726
-231.190167,8,308.337273
-35.221096,8,308.348853
8.083563,8,308.358407
-36.875007,8,308.372394
-55.852378,8,308.383152
2.977838,8,308.400695
4.424744,8,308.411481
-0.79718,8,308.438735
-135.345344,8,308.4526
-41.361738,8,308.467124
-126.03508,8,308.483654
4.89371,8,308.495064
-17.663241,8,308.506675
1.726444,8,308.520999
-121.080359,8,308.532512
-33.890047,8,308.555938
-2.237401,8,308.56929
7.354396,8,308.579168
-4.413006,8,308.591672
-16.837192,8,308.608169
5.806604,8,308.622066
-12.997548,8,308.630637
-146.416254,8,308.638149
-16.625019,8,308.645905
-43.481641,8,308.658443
-33.153346,8,308.675725
-26.924734,8,308.687187
-26.142996,8,308.918442
-59.565206,8,308.928229
-76.330828,8,308.93974
-49.75341,8,308.952905
-172.806882,8,308.964716
-58.702521,8,308.982652
-73.558443,8,308.991194
-40.546516,8,309.001689
-6.035032,8,309.019091
-52.39334,8,309.035126
-51.946253,8,309.046649
-1.705097,8,309.061838
-46.633043,8,309.074948
-6.826814,8,309.086737
-7.663556,8,309.098967
-13.337423,8,309.111456
-199.874797,8,309.130846
-8.238879,8,309.152589
-42.477106,8,309.166567
-19.822087,8,309.178321
3.5911,8,309.188626
-48.448025,8,309.201253
-78.101973,8,309.214608
-109.994728,8,309.223438
9.229506,8,309.240057
-46.462969,8,309.252312
2.728912,8,309.264841
-85.033672,8,309.271549
0.458838,8,309.282532
-36.760755,8,309.290142
-136.478457,8,309.305784
-87.067233,8,309.314594
-109.904512,8,309.541951
-31.48762,8,309.557525
-22.245262,8,309.585402
-83.378134,8,309.603247
-0.869835,8,309.618461
-29.504839,8,309.633992
-80.909402,8,309.64706
-90.068254,8,309.656579
-17.399452,8,309.668162
-130.62173,8,309.688788
1.539307,8,309.708285
-39.27022,8,309.722167
-15.403697,8,309.734336
-71.809776,8,309.746008
-66.496838,8,309.757576
-5.370258,8,309.769435
-130.693426,8,309.799467
-0.134178,8,309.81273
2.118329,8,309.825009
-0.078965,8,309.840517
-31.102863,8,309.852712
-85.959419,8,309.862438
-4.22655,8,309.874241
1.876145,8,309.89678
-100.77663,8,309.915391
-9.530795,8,309.928144
-28.090121,8,309.938936
-176.023205,8,309.952345
-27.551171,8,309.96743
-59.701615,8,309.980512
-12.865891,8,309.993055
-75.382503,8,310.008135
-16.421402,8,310.271216
-101.434859,8,310.279752
-30.039135,8,310.289371
-1.342576,8,310.308776
-0.941794,8,310.320944
-45.943039,8,310.334212
-93.71235,8,310.347133
-29.277551,8,310.368933
-6.682056,8,310.386144
-88.297069,8,310.401802
-66.726536,8,310.416593
-18.020887,8,310.433339
-24.773086,8,310.448189
-70.061703,8,310.468294
2.270137,8,310.486788
-105.010082,8,310.503504
-41.649606,8,310.523561
-31.488557,8,310.543626
-53.797829,8,310.568653
-10.061014,8,310.592057
-144.66815,8,310.604783
-35.262932,8,310.616531
-20.346076,8,310.626433
-16.207094,8,310.636955
-10.910301,8,310.647022
-5.276668,8,310.65813
-73.661461,8,310.669858
-87.272835,8,310.68139
-29.353595,8,310.704303
-71.694434,8,310.715303
-101.469675,8,310.730881
-60.551354,8,310.745709
6.103296,8,310.983859
5.747327,8,310.994611
-44.864564,8,311.003376
3.226382,8,311.014138
-64.942949,8,311.029138
-113.340045,8,311.039155
-27.316985,8,311.048468
-15.625591,8,311.056817
-130.258478,8,311.066541
-31.230099,8,311.084423
1.786657,8,311.093403
-0.261656,8,311.108525
-25.673227,8,311.118397
-0.163179,8,311.132737
-29.131781,8,311.143055
0.524767,8,311.153467
-82.009007,8,311.164379
-76.809603,8,311.173897
-62.327684,8,311.185185
-57.599043,8,311.189953
-75.60426,8,311.208592
2.33049,8,311.331281
-38.024732,8,311.348433
-9.288897,8,311.364575
-2.631154,8,311.378331
-28.729666,8,311.388489
-2.389441,8,311.405382
-141.973216,8,311.416625
-118.928536,8,311.43022
-0.000747,8,311.4437
-5.53167,8,311.453959
-92.061308,8,311.46273
-39.423425,8,311.74684
-40.625231,8,311.75929
-7.143303,8,311.784177
-45.178738,8,311.801885
-46.350118,8,311.813308
-28.891706,8,311.8282
-12.405543,8,311.846836
-22.226522,8,311.858375
5.089809,8,311.874119
5.995757,8,311.888321
-13.782725,8,311.90114
-14.577573,8,311.917538
4.690403,8,311.929359
-112.1912,8,311.942489
-29.392107,8,311.968326
-86.707829,8,311.984878
-79.047997,8,312.000636
-37.588996,8,312.011508
-4.998381,8,312.025182
-42.21459,8,312.035997
-69.194092,8,312.052523
-102.55107,8,312.069527
-10.99568,8,312.081292
-47.009697,8,312.089827
-56.780954,8,312.102844
-78.211705,8,312.120257
-96.214257,8,312.140397
-39.934181,8,312.160943
-1.017786,8,312.176923
-7.29765,8,312.199416
-108.16148,8,312.212763
-5.218865,8,312.23164
9.107227,8,312.545104
5.21532,8,312.55817
7.047694,8,312.568486
3.127843,8,312.58022
4.803314,8,312.591244
-14.126454,8,312.600959
1.437351,8,312.614518
8.063682,8,312.632699
-95.191705,8,312.642774
-20.590825,8,312.658395
-8.713928,8,312.669893
-69.327832,8,312.680199
-16.716317,8,312.691159
-62.298096,8,312.701601
4.582758,8,312.708404
5.349451,8,312.719831
-3.47481,8,312.729476
-47.809065,8,312.741468
-40.2541,8,312.751286
-87.043637,8,312.769532
-30.897296,8,312.784461
-20.160254,8,312.796214
-33.689315,8,312.808522
-0.211494,8,312.819109
-38.986004,8,312.830876
-59.737327,8,312.836883
-176.985566,8,312.847531
-58.81454,8,312.856654
-35.863608,8,312.866807
-14.125541,8,312.882775
4.907123,8,312.8972
-27.378015,8,312.905248
-121.399752,8,313.183511
-2.708623,8,313.203373
-77.998263,8,313.216115
-1.881751,8,313.240439
0.306612,8,313.258102
-26.984555,8,313.27318
-55.99011,8,313.292063
-21.850885,8,313.310779
-16.770331,8,313.324815
-181.214424,8,313.343648
-11.578582,8,313.3557
-257.517345,8,313.406711
-84.714911,8,313.4182
-24.55835,8,313.438347
-23.797324,8,313.455945
-6.79244,8,313.473066
-104.808174,8,313.495375
0.675916,8,313.511565
-8.093296,8,313.526767
-192.727753,8,313.541039
-148.552269,8,313.551499
-61.392672,8,313.568949
-8.374813,8,313.580217
-85.69171,8,313.591348
-14.677697,8,313.600494
-45.619547,8,313.616623
-37.550766,8,313.63231
-0.966943,8,313.64375
-128.057723,8,313.653727
-0.236675,8,313.665635
2.213046,8,313.682381
-4.389427,8,313.698174
5.578237,8,313.940847
-15.400212,8,313.953762
-51.320219,8,313.966717
3.169849,8,313.977253
3.079627,8,313.989299
4.236271,8,314.003799
-32.725374,8,314.026346
-22.507813,8,314.042323
-10.026929,8,314.054372
-71.793749,8,314.064958
-60.253075,8,314.076535
-27.86493,8,314.086879
-12.152722,8,314.096364
-70.035776,8,314.108405
-9.302319,8,314.118832
-23.928676,8,314.134505
-27.051266,8,314.142787
-9.213418,8,314.151635
-22.786452,8,314.174418
-44.554203,8,314.188233
-134.646534,8,314.200425
-38.813322,8,314.213578
-4.952781,8,314.229127
-16.250734,8,314.248683
-23.948259,8,314.265708
-38.851678,8,314.275231
-17.889411,8,314.289035
-7.931563,8,314.311108
-36.078404,8,314.331409
-5.264806,8,314.345972
1.024666,8,314.364593
-110.08798,8,314.384999
-74.192107,8,314.622763
-0.972154,8,314.63404
-51.118028,8,314.643557
3.213677,8,314.656941
-43.508989,8,314.670297
-50.312828,8,314.679353
-117.700447,8,314.698349
-17.481408,8,314.709873
-79.767362,8,314.724907
-53.603138,8,314.734904
-34.208539,8,314.747491
-107.285226,8,314.766653
-128.097388,8,314.774218
-138.254195,8,314.785458
-51.625864,8,314.801971
-49.693395,8,314.813622
-16.658845,8,314.823967
-52.209965,8,314.834826
1.541381,8,314.848516
5.457136,8,314.860658
-40.504813,8,314.873744
-113.878876,8,314.884568
8.153062,8,314.892111
-17.326568,8,314.900239
-287.848427,8,314.922574
-108.717184,8,314.934705
-26.225444,8,314.946436
-14.105262,8,314.958244
10.819941,8,314.970498
-3.248408,8,314.983729
-31.450488,8,314.997261
1.716907,8,315.009306
-81.808733,8,315.263123
-2.006356,8,315.27193
-35.666556,8,315.281885
4.93165,8,315.294412
-31.824363,8,315.310339
-8.16533,8,315.322107
-24.628441,8,315.331784
-5.531502,8,315.339291
-53.582471,8,315.353141
-7.916418,8,315.363324
-53.535469,8,315.375422
-1.206513,8,315.3884
-100.888887,8,315.402676
-26.299771,8,315.418434
-5.658937,8,315.432761
-30.775795,8,315.445946
-22.571349,8,315.471181
-5.048708,8,315.616807
0.89604,8,315.638982
-25.435345,8,315.654659
-18.351987,8,315.672085
-14.555168,8,315.688833
0.530369,8,315.703
-177.676315,8,315.721749
-16.829762,8,315.754127
-2.250086,8,315.776218
-20.624992,8,315.797077
-68.911553,8,315.815713
-46.0413,8,315.83559
-1.985275,8,315.860163
-155.272166,8,315.880481
-80.7379,8,315.893044
2.499682,8,316.238241
6.079306,8,316.248472
-6.567242,8,316.262648
-10.777659,8,316.280889
-170.146289,8,316.294982
-4.345126,8,316.310426
-192.858939,8,316.323213
-25.313415,8,316.336089
-84.584038,8,316.350129
-86.34546,8,316.365027
7.255014,8,316.399531
3.434409,8,316.415909
-48.737574,8,316.430065
-68.992643,8,316.438607
-84.605201,8,316.448164
-37.831507,8,316.463514
-87.00264,8,316.476355
3.975893,8,316.484824
-17.200946,8,316.504387
-187.70897,8,316.514236
-11.610469,8,316.526761
-19.21177,8,316.53961
4.961812,8,316.556522
-27.884804,8,316.567433
8.572304,8,316.574002
6.721876,8,316.582722
-11.372859,8,316.595348
-23.571258,8,316.613897
-12.602081,8,316.625815
-0.01792,8,316.636277
-8.259222,8,316.648277
2.955381,8,316.660655
-19.5069,8,316.894662
-9.265995,8,316.906194
-72.479279,8,316.916302
-48.462537,8,316.930215
-68.119352,8,316.938725
-180.112982,8,316.952208
-20.678311,8,316.96072
-1.380141,8,316.969417
-1.380934,8,316.977456
-83.595981,8,316.987025
-178.07697,8,316.998132
-77.243402,8,317.01
-66.580335,8,317.023649
2.67044,8,317.034682
-99.097461,8,317.043572
-100.134132,8,317.065651
-74.721989,8,317.081681
-33.889398,8,317.096279
-44.155796,8,317.109286
-63.877122,8,317.121553
-5.205459,8,317.136555
0.984026,8,317.151194
-29.399231,8,317.164232
-180.766105,8,317.179241
-46.338585,8,317.179549
-16.859693,8,317.203281
-7.743692,8,317.214459
-154.98503,8,317.225562
-51.512582,8,317.239048
-8.015237,8,317.248816
-13.535533,8,317.259763
-239.521302,8,317.267711
-51.887527,8,317.507396
-32.394327,8,317.516393
-130.022283,8,317.526392
-17.683755,8,317.535588
-64.79725,8,317.545016
-39.985211,8,317.555192
-103.766551,8,317.563763
-30.77419,8,317.579403
9.745247,8,317.614917
-96.474654,8,317.637761
-36.181125,8,317.658892
1.546423,8,317.675005
0.004949,8,317.694103
-13.982111,8,317.706136
-6.115337,8,317.729712
-8.452714,8,317.749677
-6.134431,8,317.760689
-80.660193,8,317.769874
-84.466075,8,317.7831
2.408999,8,317.799982
0.055197,8,317.814626
-4.004283,8,317.847926
-29.995842,8,317.856932
-26.622238,8,317.86778
-16.935961,8,317.882902
-87.587428,8,317.891905
-69.852061,8,317.904666
-44.230077,8,317.91665
-91.526037,8,317.926651
1.362605,8,317.946272
4.320459,8,317.956367
-50.574334,8,317.967917
-30.85573,8,318.258984
6.629714,8,318.282676
-196.09887,8,318.298728
1.597091,8,318.313702
-2.383656,8,318.325702
-123.116578,8,318.337217
-78.941816,8,318.3539
-79.478431,8,318.364989
5.189768,8,318.374994
-64.435304,8,318.3912
-55.693877,8,318.404037
-48.217997,8,318.422635
3.503833,8,318.452234
1.533119,8,318.481783
-114.513968,8,318.515126
-76.164263,8,318.531124
-1.234089,8,318.541131
-49.012261,8,318.554276
-16.489219,8,318.569259
-33.776118,8,318.584906
-2.676212,8,318.602887
-0.974643,8,318.619673
4.578311,8,318.633597
-6.998968,8,318.650237
6.328893,8,318.662846
0.590742,8,318.675839
-23.391278,8,318.701215
-22.189556,8,318.714221
-135.257257,8,318.734203
-118.949841,8,318.746234
-4.739959,8,318.760532
5.597785,8,318.77451
-3.380295,8,319.336131
-115.533026,8,319.351145
-13.806224,8,319.36214
-7.420149,8,319.37481
-20.281154,8,319.386121
-73.35683,8,319.399074
-33.851033,8,319.410259
-116.727372,8,319.426558
-81.128442,8,319.44366
-24.69655,8,319.454833
-8.648798,8,319.465718
10.206606,8,319.473148
-67.557592,8,319.491118
-21.410839,8,319.504117
-34.717444,8,319.514613
-31.420576,8,319.523029
-44.229725,8,319.532776
-78.438911,8,319.546355
-41.219193,8,319.558883
-149.664074,8,319.576833
-87.47528,8,319.587297
-51.934765,8,319.600047
12.331613,8,319.611968
-13.158212,8,319.622573
-12.339315,8,319.633247
-132.879876,8,319.644259
-65.379294,8,319.659791
-41.343764,8,319.671459
3.292758,8,319.679984
-59.359439,8,319.690962
-44.424367,8,319.702807
-37.168632,8,319.714707
5.620056,8,319.939452
-30.931423,8,319.952443
-14.404781,8,319.959744
4.716467,8,319.975022
6.089208,8,319.985131
-38.136947,8,319.997608
4.85567,8,320.007045
-135.358086,8,320.017307
-61.068342,8,320.028586
-135.767471,8,320.035578
-74.08656,8,320.050019
-144.972433,8,320.061679
-31.040741,8,320.082505
-109.518325,8,320.092648
-19.445323,8,320.102835
-3.750274,8,320.112923
-27.444739,8,320.121922
-29.395061,8,320.132008
-110.369124,8,320.14001
1.307326,8,320.151138
-52.785538,8,320.163254
-23.891663,8,320.176008
-11.792794,8,320.184334
-80.607774,8,320.198321
-5.717038,8,320.206306
-36.692968,8,320.225737
-42.722743,8,320.239095
-1.377861,8,320.2509
2.325565,8,320.262225
-52.883015,8,320.272945
-13.546128,8,320.284132
-50.313298,8,320.300842
-20.380245,8,320.541421
2.357754,8,320.559953
4.664385,8,320.575595
9.856638,8,320.588482
-74.117124,8,320.600487
-73.146223,8,320.623276
-36.939141,8,320.639569
0.964984,8,320.650537
3.377589,8,320.660536
0.623672,8,320.671713
-53.606351,8,320.681963
-88.558603,8,320.694963
-21.725677,8,320.706962
-113.519297,8,320.719349
0.087158,8,320.732082
-21.308745,8,320.741128
5.03595,8,320.756516
4.218332,8,320.767554
-45.398717,8,320.78963
-44.091132,8,320.803159
-28.972811,8,320.817245
-87.575157,8,320.833877
-31.608599,8,320.846843
-13.970873,8,320.866436
3.663418,8,320.876413
-1.193172,8,320.889005
-43.996908,8,320.901262
-50.36159,8,320.916662
3.365831,8,320.92666
-36.413976,8,320.94017
-97.865436,8,320.960176
-15.419225,8,320.977076
-72.9073,8,321.246737
-161.052455,8,321.255245
-23.253575,8,321.264282
-175.310292,8,321.274272
-12.76886,8,321.287087
-30.350728,8,321.295088
-66.743286,8,321.311731
-93.853851,8,321.321486
-152.68735,8,321.333089
-45.23664,8,321.344098
-50.556986,8,321.353364
-25.227767,8,321.368547
-37.783757,8,321.376547
-51.152667,8,321.386032
-1.184438,8,321.397458
9.495499,8,321.399178
-13.696856,8,321.42961
-25.329337,8,321.436056
7.080696,8,321.450782
-43.28522,8,321.461619
-4.913833,8,321.468458
-42.636199,8,321.482515
-78.274862,8,321.494844
-86.865926,8,321.501538
-122.6583,8,321.524145
-16.19509,8,321.535019
3.823712,8,321.553293
-10.956554,8,321.568507
-66.732224,8,321.568507
-64.441009,8,321.585063
-2.747824,8,321.600402
-6.577827,8,321.603046
-81.891452,8,321.835364
-24.108428,8,321.847414
-16.705367,8,321.858083
-14.960995,8,321.873778
-10.692278,8,321.888959
-21.156163,8,321.901151
-51.697279,8,321.911771
-13.228378,8,321.923712
-4.24188,8,321.934168
-1.461942,8,321.944168
-10.506761,8,321.955343
-111.983928,8,321.966001
3.501405,8,321.975979
-22.021261,8,321.99243
-14.907741,8,322.002978
-74.248019,8,322.015753
5.081859,8,322.033697
-66.527513,8,322.045704
-80.243457,8,322.058871
-106.955668,8,322.071808
-18.181581,8,322.088107
-24.175812,8,322.101204
-25.883778,8,322.114879
-135.412929,8,322.126431
-38.314279,8,322.135325
-57.443512,8,322.144945
-15.878692,8,322.156769
-20.917779,8,322.171687
-34.566486,8,322.18113
2.239652,8,322.210653
-111.677142,8,322.223413
10.571618,8,322.234635
-7.23986,8,322.464234
-141.818241,8,322.475993
-88.299817,8,322.486183
-54.590878,8,322.495968
-92.637466,8,322.509072
-42.340465,8,322.520344
-112.661354,8,322.531587
-2.198068,8,322.546603
-65.892271,8,322.558109
-26.397997,8,322.574395
-0.558729,8,322.585266
-9.880618,8,322.594265
-2.327564,8,322.603969
-67.915503,8,322.614053
3.183573,8,322.627034
0.865873,8,322.639646
-72.271354,8,322.65553
-101.143467,8,322.668665
-51.334201,8,322.682546
-130.370443,8,322.691958
-5.684905,8,322.701769
-14.838231,8,322.709755
1.712241,8,322.726971
-5.163039,8,322.739102
2.816636,8,322.750571
-32.893828,8,322.764949
-45.733228,8,322.775946
-95.746074,8,322.785341
-9.65234,8,322.792339
-13.591976,8,322.800171
-86.071529,8,322.807173
-15.990175,8,322.814605
12.028636,8,323.057688
-9.061885,8,323.06685
-61.387413,8,323.083562
-45.88749,8,323.091561
3.043806,8,323.104342
-19.233225,8,323.113804
-41.041503,8,323.121804
4.454238,8,323.133088
-155.564789,8,323.148019
-1.986493,8,323.165815
-18.234502,8,323.174822
-23.539918,8,323.184906
-89.148531,8,323.19794
-46.182428,8,323.209045
3.824911,8,323.222857
-91.326193,8,323.239949
-9.780673,8,323.254874
-16.548306,8,323.273053
-15.275548,8,323.289319
2.346033,8,323.30415
-0.655147,8,323.315724
-39.882163,8,323.323726
-57.836254,8,323.348053
-13.768857,8,323.36312
-18.939114,8,323.373112
-18.516439,8,323.383659
-27.397149,8,323.397118
-28.547827,8,323.418128
-1.576006,8,323.435274
-120.75616,8,323.456409
-61.290102,8,323.472402
-44.219271,8,323.487128
-140.944696,8,323.752625
-15.611126,8,323.765021
-53.12402,8,323.781419
-56.039414,8,323.791813
-32.94433,8,323.801646
-57.171153,8,323.809645
4.639055,8,323.819723
-4.403304,8,323.829396
-160.948243,8,323.845895
-5.547736,8,323.857239
-151.283302,8,323.866639
-50.957031,8,323.879251
-155.236029,8,323.897259
-190.49764,8,323.918464
-5.902887,8,323.932813
-18.353735,8,323.939939
0.833233,8,323.95471
-13.389226,8,323.966644
-19.909108,8,323.979397
-7.908101,8,323.988389
-62.864423,8,324.010033
-67.784771,8,324.023052
-93.519812,8,324.032812
-87.03531,8,324.042816
-5.536432,8,324.055645
-106.31961,8,324.067561
-8.172574,8,324.078925
-23.346667,8,324.085956
-70.339628,8,324.093959
-24.092076,8,324.104398
-65.69789,8,324.120091
6.190556,8,324.130738
-66.226028,8,324.324615
-32.247425,8,324.340188
-112.783759,8,324.351899
-0.601138,8,324.360422
-34.977399,8,324.369493
-100.343323,8,324.376493
-59.308264,8,324.38579
-14.898022,8,324.395525
-20.623473,8,324.402715
-60.894961,8,324.409714
-14.86761,8,324.420366
-12.324756,8,324.429033
-36.62094,8,324.439227
-16.745196,8,324.456188
7.774817,8,324.470214
-14.459762,8,324.479187
-16.855975,8,324.487288
-51.713122,8,324.494288
-135.028789,8,324.502747
-115.683894,8,324.509747
-7.145649,8,324.518216
-64.783002,8,324.525217
-105.623109,8,324.535764
3.08672,8,324.546896
-21.547358,8,324.557486
-163.228943,8,324.56875
-23.031719,8,324.587358
-3.299701,8,324.596773
-29.616039,8,324.60678
3.717088,8,324.621767
-39.581995,8,324.631772
-4.28973,8,324.641887
-0.543766,8,324.865488
-16.405383,8,324.873488
-38.339033,8,324.882211
-52.668327,8,324.891674
-70.779088,8,324.90303
11.27779,8,324.913182
-20.75388,8,324.937666
-21.687174,8,324.95604
-77.208825,8,324.97347
-2.457037,8,324.988419
-36.800567,8,325.00233
-142.20546,8,325.01585
4.97141,8,325.032897
2.152323,8,325.05976
-16.397085,8,325.07865
2.45292,8,325.09519
-11.353773,8,325.10431
-37.197798,8,325.116904
-55.902725,8,325.130386
-21.390082,8,325.163756
2.56611,8,325.173755
-14.245615,8,325.186754
4.014162,8,325.200438
-26.654942,8,325.210438
-34.270177,8,325.226505
-15.551785,8,325.238424
-19.304807,8,325.257626
9.383835,8,325.286534
2.718286,8,325.303592
-15.24297,8,325.320773
-223.766505,8,325.336075
-76.165928,8,325.358679
-44.595897,8,325.743442
-27.961631,8,325.758248
-203.731638,8,325.781277
-24.713399,8,325.80739
0.153424,8,325.834443
-68.287989,8,325.850933
-12.385144,8,325.876709
-52.33232,8,325.90249
-83.965062,8,325.929634
-14.133097,8,325.947558
-12.693004,8,325.967432
-6.270045,8,325.987514
-10.687493,8,326.016799
-29.421513,8,326.033981
-75.120484,8,326.074692
-13.678445,8,326.089628
-115.042565,8,326.108267
-2.628311,8,326.119032
-20.531519,8,326.138961
-6.025786,8,326.157745
-37.222083,8,326.179952
-84.044756,8,326.193098
-123.647499,8,326.209209
-83.738892,8,326.224976
-143.17941,8,326.252959
1.991637,8,326.271302
-63.776222,8,326.292618
-87.197787,8,326.337968
-43.426313,8,326.370753
-173.320117,8,326.473282
-4.795034,8,326.506143
-51.097329,8,326.53769
-132.70605,8,326.892655
-98.829993,8,326.905961
-94.201764,8,326.920274
-30.647054,8,326.929223
-2.630599,8,326.939637
-107.386648,8,326.954693
-70.726228,8,326.966961
-17.640012,8,326.981307
3.713907,8,326.992155
-129.127198,8,327.001771
-136.46973,8,327.012358
0.613061,8,327.022375
4.973491,8,327.032121
-2.929709,8,327.043677
5.096426,8,327.05522
-44.782411,8,327.063725
-44.16468,8,327.076888
-9.10812,8,327.098318
-110.153897,8,327.110449
-124.329648,8,327.123059
-21.600742,8,327.134789
-8.308716,8,327.152139
-9.132087,8,327.165525
-102.47141,8,327.176893
-106.024465,8,327.187709
-3.109321,8,327.207331
-103.412874,8,327.22098
-67.932556,8,327.242194
-47.101193,8,327.256176
-34.150851,8,327.273375
6.274431,8,327.287475
-11.87933,8,327.299009
-20.109594,8,327.732933
-193.657107,8,327.742931
5.528611,8,327.753741
2.11047,8,327.764344
-0.999517,8,327.772343
-127.052182,8,327.784934
-73.534097,8,327.793946
-46.470862,8,327.804856
-39.26268,8,327.81635
-53.803427,8,327.82435
-15.88046,8,327.841041
-41.498942,8,327.851703
-26.296671,8,327.861283
-66.336884,8,327.871671
-1.343633,8,327.883228
-85.269382,8,327.892229
-56.440557,8,327.904828
-81.249305,8,327.913644
4.374113,8,327.92567
-38.598122,8,327.934582
-38.650279,8,327.941586
-28.176352,8,327.950732
-3.431395,8,327.962248
-57.388306,8,327.978456
-3.444687,8,327.990506
-5.461283,8,328.000409
-92.516064,8,328.01042
-56.679978,8,328.022252
-63.510691,8,328.030328
-0.118424,8,328.040338
7.732456,8,328.051914
-81.492161,8,328.061608
-97.598635,8,328.273873
-2.253363,8,328.284915
-29.896835,8,328.295713
-16.230683,8,328.312984
-12.196291,8,328.324731
-113.624407,8,328.338755
-29.04714,8,328.348484
-127.547536,8,328.358995
-50.142953,8,328.368354
-18.730776,8,328.378114
0.06526,8,328.390147
-82.966532,8,328.398052
-24.754437,8,328.40935
-19.151545,8,328.41891
5.777083,8,328.430442
-81.859148,8,328.441442
-29.951157,8,328.461992
1.607802,8,328.470999
5.474217,8,328.479298
-116.137324,8,328.487803
-164.770555,8,328.495701
-110.881744,8,328.50297
1.987696,8,328.510977
-155.073143,8,328.520433
-37.14807,8,328.532284
3.215347,8,328.542278
-73.684686,8,328.553647
0.568631,8,328.568916
-115.857448,8,328.584216
-39.41851,8,328.595121
-43.433454,8,328.60884
-38.485296,8,328.620626
13.311799,8,328.886899
-46.761848,8,328.910416
-6.746184,8,328.928712
-16.618402,8,328.944397
-12.511014,8,328.956869
-17.618121,8,328.973641
-1.953613,8,328.987878
-46.467832,8,329.004531
-14.254335,8,329.025653
-26.945879,8,329.046158
-10.56623,8,329.062767
-148.578299,8,329.074001
7.151182,8,329.085667
-8.860475,8,329.095958
-18.724748,8,329.095958
-46.078897,8,329.112831
-78.085807,8,329.13649
-22.054296,8,329.145504
-0.307497,8,329.156528
-139.292801,8,329.168672
-82.563253,8,329.179584
-50.502379,8,329.198614
-23.721546,8,329.209909
2.206646,8,329.22104
-167.76697,8,329.243349
-36.898447,8,329.253926
8.708286,8,329.269386
-40.498086,8,329.28632
-8.697016,8,329.301572
-25.348914,8,329.313948
-11.406843,8,329.325287
-41.154509,8,329.335355
-6.218313,8,329.551508
-22.636746,8,329.568586
-14.387676,8,329.589819
-91.325395,8,329.600164
-12.76518,8,329.613996
-0.028675,8,329.625781
-7.259407,8,329.640823
5.195963,8,329.655782
-53.64389,8,329.665381
-79.377924,8,329.684263
-0.701282,8,329.705654
-21.226267,8,329.715879
-100.833463,8,329.766029
-63.098466,8,329.76849
-21.635095,8,329.785233
-52.487635,8,329.808258
-90.172561,8,329.821067
-18.847404,8,329.830752
-13.197948,8,329.83777
-48.816092,8,329.84683
-43.92364,8,329.853848
-81.729592,8,329.862469
2.0126,8,329.872654
-195.827061,8,329.882251
-42.049648,8,329.889248
1.26035,8,329.89703
-10.999292,8,329.907032
0.76442,8,329.920936
-69.586513,8,329.933333
-1.747352,8,329.943342
-19.042366,8,329.9539
-3.303695,8,329.962419
-16.970358,8,330.163219
-17.881076,8,330.17198
-77.212554,8,330.181495
-246.54218,8,330.189495
-103.313987,8,330.199027
-38.534478,8,330.207032
-18.984247,8,330.216902
-5.17543,8,330.232677
-45.696348,8,330.242057
-33.329169,8,330.253698
-30.869665,8,330.261893
-34.952664,8,330.277052
-76.544816,8,330.287093
-31.462117,8,330.298457
-5.14437,8,330.307024
1.062794,8,330.317139
-3.98397,8,330.326138
-17.084408,8,330.334493
-37.447152,8,330.342403
-83.284076,8,330.351075
-79.312465,8,330.368026
-4.316594,8,330.374987
-17.510493,8,330.38693
-98.863043,8,330.394932
-111.630182,8,330.406248
-37.354251,8,330.416884
-73.132588,8,330.423886
-3.928525,8,330.433057
-4.931477,8,330.443035
-60.81393,8,330.454805
-20.219443,8,330.465492
-119.082572,8,330.471506
-65.289631,8,330.73361
-116.739835,8,330.750327
-144.294544,8,330.766237
-81.958429,8,330.779666
-66.34473,8,330.800268
-3.71476,8,330.817138
-77.582128,8,330.841923
-91.039334,8,330.858982
-3.083463,8,330.87273
-59.909455,8,330.891573
-89.32842,8,330.90282
-12.330971,8,330.913776
-105.149211,8,330.922572
-32.009533,8,330.947225
-94.9416,8,330.955243
4.147371,8,330.971887
-98.480775,8,330.984769
-92.533174,8,331.000768
-8.857649,8,331.01177
-14.248004,8,331.027822
3.047913,8,331.051204
0.339866,8,331.06905
3.559315,8,331.085593
-2.191617,8,331.101221
-43.8734,8,331.1129
-60.601619,8,331.128667
5.276872,8,331.146363
-69.69886,8,331.165647
-7.20616,8,331.176645
-3.256375,8,331.197326
6.653324,8,331.215901
-97.495432,8,331.232628
-75.263439,8,331.556386
5.037795,8,331.570018
7.590476,8,331.587075
-74.80128,8,331.609056
-84.089993,8,331.621093
-13.528077,8,331.632619
-0.730539,8,331.654447
-93.443045,8,331.672701
-124.831828,8,331.688088
-16.303854,8,331.701088
-60.152307,8,331.719287
-18.469636,8,331.728299
-36.558575,8,331.738304
-65.302322,8,331.748333
-2.245387,8,331.763905
-29.027248,8,331.77627
-27.149226,8,331.799791
-14.711313,8,331.818226
-21.522664,8,331.852434
-42.468456,8,331.871285
-80.909336,8,331.888696
-33.614588,8,331.905287
-16.778662,8,331.920354
2.294536,8,331.934741
-6.285957,8,331.962045
12.166458,8,331.980427
-70.821495,8,332.001106
-5.790107,8,332.010745
-120.780178,8,332.022385
-26.728969,8,332.034076
-1.156213,8,332.045354
-21.078114,8,332.070705
-35.093544,8,332.516644
-54.258884,8,332.533345
-60.500843,8,332.546288
-1.289082,8,332.563496
-30.096847,8,332.574015
-149.297572,8,332.585339
-16.022455,8,332.594338
-52.680875,8,332.60446
-24.905832,8,332.615257
-44.46239,8,332.630445
-38.260649,8,332.65018
-19.287627,8,332.666707
-13.672764,8,332.675704
-11.930959,8,332.687239
-68.421058,8,332.69995
-141.502235,8,332.709959
1.301015,8,332.720786
-27.676963,8,332.730399
-63.000487,8,332.739391
0.536372,8,332.751322
1.906378,8,332.771
-14.883608,8,332.781758
-66.073313,8,332.793763
-57.028076,8,332.808587
-17.245574,8,332.837954
-87.096838,8,332.859972
-85.920053,8,332.863934
8.974344,8,332.905395
-84.405289,8,332.922616
0.984038,8,332.940534
-126.233577,8,332.955971
7.091067,8,332.969363
-161.822388,8,333.422454
10.765143,8,333.434736
-2.287394,8,333.4485
-84.708381,8,333.466117
-42.219234,8,333.483165
-19.307055,8,333.49316
-10.064737,8,333.507035
-14.955583,8,333.523027
-64.970554,8,333.535026
-78.211817,8,333.545026
-175.063571,8,333.556501
-53.817856,8,333.571257
-49.397805,8,333.582875
-25.13898,8,333.597391
1.344056,8,333.61456
-103.619719,8,333.632729
1.18295,8,333.651306
-39.264637,8,333.684307
10.476424,8,333.708056
-8.78435,8,333.721144
-32.756422,8,333.739227
-55.550227,8,333.756506
-8.38041,8,333.773531
-7.08099,8,333.793063
-45.271022,8,333.816012
-53.114236,8,333.838326
1.464194,8,333.854426
-22.122429,8,333.873662
-11.705313,8,333.894296
-26.781697,8,333.932719
-17.033165,8,333.95226
-19.910114,8,333.968125
6.267086,8,334.31291
-20.505326,8,334.330002
-27.665252,8,334.343805
-98.726848,8,334.354382
-22.032527,8,334.366349
-32.150063,8,334.375349
-1.301661,8,334.396788
3.364852,8,334.409302
6.271853,8,334.420016
-49.092297,8,334.431578
-2.92788,8,334.453235
-0.421447,8,334.471035
-58.185962,8,334.482032
3.208004,8,334.501243
-22.305966,8,334.515037
-107.482964,8,334.529574
-40.173989,8,334.544747
-40.760598,8,334.554348
-77.362929,8,334.566934
2.167071,8,334.576952
-0.547618,8,334.584881
-83.247909,8,334.597285
-70.089947,8,334.61918
0.375224,8,334.63216
-107.56073,8,334.644187
-45.253189,8,334.657746
-81.455247,8,334.671929
-135.355619,8,334.687637
-20.40049,8,334.70064
-43.503711,8,334.71958
-0.329646,8,334.732829
-2.330401,8,334.734632
-68.904048,8,335.189071
-64.177379,8,335.201337
-94.575153,8,335.216162
-2.211057,8,335.236735
-4.363383,8,335.251394
-28.889408,8,335.261818
-79.196704,8,335.273789
-37.948033,8,335.289649
-10.316859,8,335.302129
-1.827997,8,335.315206
2.978069,8,335.328688
-2.409956,8,335.339812
6.053688,8,335.350896
-1.266109,8,335.364149
-17.326929,8,335.377321
-39.596329,8,335.39132
-11.560155,8,335.403401
-48.910727,8,335.411397
-3.746565,8,335.424267
-55.064519,8,335.434597
6.450821,8,335.441601
3.206358,8,335.452461
3.431157,8,335.464787
-23.57085,8,335.475788
-44.463722,8,335.487535
-21.240034,8,335.498791
-176.674612,8,335.509792
-31.692041,8,335.519442
-83.281932,8,335.535337
-7.997476,8,335.5532
-4.634493,8,335.564772
8.292387,8,335.582299
1.203433,8,335.88986
3.577659,8,335.903648
-3.733483,8,335.920169
-77.587453,8,335.934822
-108.208576,8,335.946478
-37.952688,8,335.956477
-48.566773,8,335.969158
1.424512,8,335.983824
-16.197125,8,336.00355
-29.142799,8,336.019385
-60.227235,8,336.031485
-55.042373,8,336.044182
-32.167504,8,336.05674
-36.055962,8,336.069211
2.547673,8,336.081961
-33.46806,8,336.099083
-37.878818,8,336.110725
2.737414,8,336.123689
-60.806263,8,336.136444
-117.187656,8,336.149105
-6.660912,8,336.163992
4.311324,8,336.179073
-62.636071,8,336.189327
-29.72382,8,336.197921
-11.352621,8,336.210924
-25.272643,8,336.223794
-70.032278,8,336.236136
-4.550292,8,336.248967
3.740941,8,336.259967
-19.861471,8,336.272276
-2.932929,8,336.285278
-3.141805,8,336.298939
-0.469622,8,336.603992
-60.274869,8,336.624846
-42.582893,8,336.637238
-21.296834,8,336.648957
-20.157947,8,336.658957
-66.890489,8,336.673809
-15.414428,8,336.690979
-22.779506,8,336.701977
-23.624455,8,336.712586
-29.123053,8,336.724788
-8.614026,8,336.737283
-21.58273,8,336.748813
-16.25684,8,336.762421
-4.580075,8,336.774663
-28.188777,8,336.791393
-37.202904,8,336.81001
-132.87976,8,336.818563
-21.53727,8,336.826526
-76.947935,8,336.838158
-64.542555,8,336.851039
-133.838428,8,336.861039
-82.075872,8,336.870682
-57.607671,8,336.877674
-142.540626,8,336.885364
-2.139702,8,336.892378
4.721881,8,336.899794
14.215197,8,336.92178
4.976849,8,336.933435
-3.291352,8,336.943426
-137.67672,8,336.953588
-67.33457,8,336.96358
-103.43678,8,336.974586
-70.627116,8,337.230221
4.623089,8,337.23722
-60.898317,8,337.249951
-34.23539,8,337.258978
7.352321,8,337.268767
-22.486385,8,337.279165
1.686439,8,337.291337
-50.007687,8,337.312093
-98.597272,8,337.325744
-175.286648,8,337.341531
2.376283,8,337.356032
-72.04146,8,337.372942
-43.567758,8,337.384869
0.308435,8,337.404564
-107.357512,8,337.416673
-0.408422,8,337.433072
-225.98516,8,337.448377
-8.953017,8,337.464301
-20.645715,8,337.476286
4.30329,8,337.498492
-65.478046,8,337.50747
-67.562849,8,337.519318
-65.870328,8,337.528813
-8.908852,8,337.541674
-17.791759,8,337.552668
-44.211996,8,337.559667
0.46361,8,337.570042
-22.514321,8,337.582042
4.956942,8,337.593042
-95.24701,8,337.605347
-37.843036,8,337.61401
-13.806787,8,337.624025
-4.376756,8,337.866353
-5.553171,8,337.883662
-24.232418,8,337.908748
-18.825773,8,337.933785
-89.063563,8,337.949525
-6.034979,8,337.967755
-92.977036,8,337.988298
-9.624921,8,338.004303
-43.332911,8,338.01983
-134.375488,8,338.033281
-125.671289,8,338.05323
-1.911212,8,338.069037
-221.884761,8,338.08906
-61.992414,8,338.104262
-135.629021,8,338.119266
-62.303386,8,338.13378
-5.878826,8,338.169458
-63.712351,8,338.18673
-124.724312,8,338.202072
-19.169996,8,338.216532
-38.761046,8,338.246448
-4.583644,8,338.289053
-45.880948,8,338.306036
3.916875,8,338.325655
-115.117343,8,338.340987
-0.278767,8,338.360973
-19.673062,8,338.374946
5.224504,8,338.386849
0.28705,8,338.400577
-97.749597,8,338.409575
-2.04966,8,338.424185
-61.650785,8,338.442331
-98.303971,8,338.815238
-11.185567,8,338.833414
-7.531342,8,338.843415
-99.745718,8,338.86866
-6.206131,8,338.882753
2.358877,8,338.90363
-24.24557,8,338.91627
6.321151,8,338.940837
-6.81264,8,338.97877
-45.728851,8,338.999646
-21.198135,8,339.024104
-30.433025,8,339.04974
-116.886804,8,339.066568
-44.166276,8,339.092647
-38.658747,8,339.113031
-37.606484,8,339.125308
-88.485539,8,339.137176
-89.200917,8,339.150434
-52.502768,8,339.174401
-38.518827,8,339.197587
-4.65458,8,339.214808
-37.580896,8,339.225799
-18.510354,8,339.242707
-134.525499,8,339.260833
-92.274393,8,339.27989
-29.10824,8,339.293886
-149.840007,8,339.316255
3.589731,8,339.334338
-101.275921,8,339.353492
-2.20487,8,339.374491
-8.337559,8,339.400359
-16.389367,8,339.417368
-2.537378,8,339.721897
-136.188452,8,339.739208
-32.011645,8,339.753605
-60.891681,8,339.770553
0.851136,8,339.785177
-115.857544,8,339.80167
3.705412,8,339.817348
-92.930887,8,339.826344
-8.720543,8,339.836911
-2.19974,8,339.848611
-78.432274,8,339.858616
-117.681235,8,339.884871
1.518483,8,339.89287
-91.601389,8,339.905432
-66.504451,8,339.916246
-4.997434,8,339.925246
-129.813584,8,339.934446
-43.357495,8,339.951882
-124.479306,8,339.965095
2.165571,8,339.977094
-110.143302,8,339.986094
-49.593406,8,340.001134
7.867983,8,340.013162
-22.402638,8,340.033564
-45.389285,8,340.046416
-100.204486,8,340.059604
4.965151,8,340.070418
-2.31467,8,340.079823
-20.326444,8,340.090386
-16.699097,8,340.101232
-42.348065,8,340.119494
-148.316879,8,340.134927
0.302791,8,340.402795
-50.062589,8,340.415642
-38.764485,8,340.424643
-16.169921,8,340.434273
5.131378,8,340.451348
-22.544899,8,340.468072
-44.260101,8,340.47705
7.49135,8,340.487744
-3.182676,8,340.498655
-0.610113,8,340.508646
-73.910794,8,340.536915
-11.691767,8,340.551119
-89.940847,8,340.565324
-59.680009,8,340.576373
1.417369,8,340.597006
-110.852783,8,340.611155
-1.136983,8,340.631059
12.109328,8,340.645072
-34.297284,8,340.65934
-12.695468,8,340.672804
-30.649817,8,340.684106
-3.501023,8,340.691103
-114.634249,8,340.704938
-91.937384,8,340.71593
1.163996,8,340.726934
-89.010105,8,340.739711
-131.080843,8,340.749798
-28.95844,8,340.757784
-38.282927,8,340.768022
-40.826838,8,340.786895
-22.280223,8,340.797127
-109.276892,8,340.806672
-16.606121,8,340.992055
0.262558,8,341.001765
-41.028557,8,341.00926
-69.574246,8,341.020691
-43.114325,8,341.031718
-116.146559,8,341.04482
-67.517453,8,341.053891
-91.97116,8,341.064373
-0.734875,8,341.074124
-2.769348,8,341.091091
-105.963833,8,341.10095
-58.80876,8,341.110363
-69.605701,8,341.121207
-27.989545,8,341.131753
-75.334069,8,341.158212
-58.764929,8,341.169485
-78.891272,8,341.178911
-14.018875,8,341.190678
-61.072757,8,341.202355
-125.184988,8,341.215184
-114.349758,8,341.22877
-64.91364,8,341.239897
8.891214,8,341.25666
-120.332051,8,341.274627
-82.683225,8,341.290007
0.366332,8,341.301855
-12.836609,8,341.315856
-96.713657,8,341.326745
-7.170329,8,341.342199
-28.356494,8,341.360708
-112.353168,8,341.372664
-1.475121,8,341.391737
-136.734593,8,341.714323
-24.656767,8,341.730322
-16.268839,8,341.750321
-62.730814,8,341.766335
-18.40921,8,341.777326
-141.203365,8,341.789559
-26.743908,8,341.806107
-34.471496,8,341.82574
-42.247463,8,341.841956
-16.817053,8,341.853951
-4.535229,8,341.865536
-12.682851,8,341.880498
-55.634272,8,341.893883
-44.994016,8,341.910793
-17.357604,8,341.929873
-19.018713,8,341.955069
-42.590167,8,341.97207
-68.377796,8,341.986535
-11.815959,8,342.000533
-0.209933,8,342.016239
-14.200832,8,342.024266
-191.678332,8,342.039195
-101.170929,8,342.048767
-16.570472,8,342.061751
-53.045098,8,342.068595
-167.384058,8,342.079349
-105.650285,8,342.101035
-54.450888,8,342.11768
-36.972542,8,342.132862
-23.865154,8,342.147572
2.637166,8,342.168158
-18.953633,8,342.182227
-8.405616,8,342.474229
-155.611602,8,342.492309
-0.838969,8,342.503305
-29.166336,8,342.514298
-10.047129,8,342.525668
-77.625631,8,342.540056
0.465633,8,342.552418
-107.414118,8,342.561811
-0.486318,8,342.578815
9.728676,8,342.588814
-18.677877,8,342.606097
-42.408158,8,342.622257
8.134679,8,342.635003
-97.165014,8,342.646515
-36.743552,8,342.656504
-51.426599,8,342.669333
0.299767,8,342.686302
-11.841244,8,342.698546
3.352106,8,342.710545
-17.442668,8,342.724564
-91.975356,8,342.744181
11.345504,8,342.760507
-69.586249,8,342.772514
-44.161777,8,342.782525
-0.983884,8,342.797513
-18.533798,8,342.810791
-40.543171,8,342.82373
-58.619758,8,342.840956
-24.797229,8,342.851939
4.34997,8,342.862747
-13.141815,8,342.873931
7.009958,8,342.883016
-75.502033,8,343.320648
-83.448527,8,343.340003
-17.643955,8,343.35213
1.199681,8,343.361137
-26.984877,8,343.371164
-4.611755,8,343.382157
-62.106634,8,343.390133
-115.886732,8,343.403142
-21.16758,8,343.414772
-7.434318,8,343.426771
-5.292485,8,343.435924
-7.062343,8,343.442914
-86.218693,8,343.453134
-54.715786,8,343.467894
-93.575999,8,343.475906
-56.679086,8,343.485786
-14.11282,8,343.493786
-27.994166,8,343.502789
-74.310752,8,343.521817
-50.570854,8,343.53581
0.519121,8,343.548271
-15.755781,8,343.56221
3.453681,8,343.57131
-11.57768,8,343.586035
-37.032268,8,343.598731
8.091733,8,343.611734
-22.141534,8,343.63189
-105.85894,8,343.639878
-14.060589,8,343.647486
2.914827,8,343.658478
-101.734186,8,343.669621
-30.79124,8,343.681025
4.904797,8,343.914244
6.536463,8,343.926245
3.351092,8,343.936538
2.582038,8,343.950476
-67.385208,8,343.959475
-91.870765,8,343.972852
-4.15485,8,343.989445
0.062105,8,344.007817
0.444947,8,344.021825
-45.793768,8,344.039411
-5.049376,8,344.052097
-86.3256,8,344.065301
-31.753705,8,344.094188
-127.146482,8,344.107969
-35.167803,8,344.120315
-9.178895,8,344.13332
0.867575,8,344.146589
-12.615076,8,344.164274
-143.383095,8,344.181288
-16.491846,8,344.205567
-89.843509,8,344.223457
-34.679929,8,344.242359
-72.283221,8,344.257419
-83.724874,8,344.276814
-41.190113,8,344.290911
-3.106456,8,344.307876
-1.688413,8,344.318035
1.436077,8,344.345109
-54.029877,8,344.35514
-36.332248,8,344.364337
-3.736885,8,344.376315
3.15135,8,344.394312
-17.838709,8,344.69752
-19.229411,8,344.707556
1.080912,8,344.720701
4.713223,8,344.73362
-189.102268,8,344.743578
-199.905744,8,344.753608
-38.907944,8,344.770014
-10.831786,8,344.783157
-63.858651,8,344.794029
-100.54893,8,344.805177
-4.911639,8,344.817178
-14.783112,8,344.826642
-72.710562,8,344.841143
-20.573973,8,344.853144
-40.56943,8,344.868497
-157.898198,8,344.877541
-11.419411,8,344.88909
6.414379,8,344.900494
-49.141075,8,344.912467
-68.388477,8,344.920857
-50.825589,8,344.928495
-3.360118,8,344.936519
-135.991293,8,344.943516
0.183111,8,344.956217
-83.416246,8,344.978888
-17.372122,8,344.992924
-26.581483,8,345.005115
-1.434695,8,345.019656
2.924142,8,345.030844
-91.835834,8,345.046452
-4.903783,8,345.056458
-45.258961,8,345.069945
-54.881041,8,345.333957
-66.001332,8,345.348374
2.229171,8,345.365322
-9.173841,8,345.381025
-81.602128,8,345.39653
-55.718127,8,345.419489
-78.311832,8,345.429224
8.318098,8,345.429224
3.65103,8,345.454813
-78.142226,8,345.465811
-81.28355,8,345.47535
-86.029032,8,345.487932
-78.959243,8,345.499516
-100.54887,8,345.515216
-81.302135,8,345.532962
-23.785984,8,345.545743
1.575662,8,345.546664
-34.240387,8,345.568256
-10.3816,8,345.588936
-67.380166,8,345.60759
-57.169441,8,345.623349
-53.8854,8,345.648834
-39.383192,8,345.670445
-11.396545,8,345.68918
-41.57053,8,345.708542
-66.113589,8,345.722833
-43.804487,8,345.736845
-21.922591,8,345.756523
-22.648703,8,345.769213
8.578305,8,345.783622
-52.53777,8,345.814152
-18.302403,8,345.832121
-85.307593,8,346.108988
1.925669,8,346.123094
-30.092541,8,346.134537
-118.993976,8,346.144543
-26.979183,8,346.154633
-169.895002,8,346.166058
-100.615254,8,346.174055
9.924792,8,346.184852
-3.968322,8,346.199934
-42.426042,8,346.208934
-2.08758,8,346.22432
0.64386,8,346.239825
2.251257,8,346.257584
-94.732961,8,346.275669
-23.730639,8,346.287958
-99.495907,8,346.307048
-6.30812,8,346.338988
-28.670846,8,346.35455
-35.973709,8,346.374268
-117.108951,8,346.388706
5.110544,8,346.402384
-25.533885,8,346.41913
-9.469973,8,346.443382
-93.36442,8,346.464178
-57.611659,8,346.48284
-22.633326,8,346.504234
-47.027925,8,346.521455
-13.679552,8,346.552725
-8.297185,8,346.570689
-94.060207,8,346.585073
-82.025089,8,346.599754
-154.632119,8,346.610283
-55.394214,8,346.934285
-60.211241,8,346.9508
-15.33635,8,346.960818
-13.608026,8,346.988279
-8.984804,8,347.005179
-139.312709,8,347.020686
4.980102,8,347.033868
-60.616483,8,347.047612
-55.081669,8,347.057212
-201.085431,8,347.069356
-17.614352,8,347.082857
7.440208,8,347.099991
-0.580361,8,347.113213
-105.378585,8,347.123569
-159.21511,8,347.137894
-12.499455,8,347.151823
-57.807868,8,347.17756
1.476659,8,347.195524
-0.900183,8,347.220021
-9.780658,8,347.239345
-75.982394,8,347.252864
-14.868194,8,347.269866
9.200988,8,347.287398
4.327223,8,347.304747
-142.401822,8,347.320188
-60.547359,8,347.338085
-61.316138,8,347.354113
-57.302345,8,347.369803
-2.421894,8,347.396588
-4.682621,8,347.412136
-47.761077,8,347.425513
-79.595719,8,347.442508
-63.593666,8,347.85755
-43.348135,8,347.871919
-171.90925,8,347.884034
-14.594321,8,347.895015
-30.497031,8,347.906014
-25.571133,8,347.924018
-126.781115,8,347.941674
-67.950246,8,347.953262
-18.174166,8,347.965068
4.316506,8,347.98156
-104.026221,8,347.994528
-49.190251,8,348.003495
-48.704082,8,348.018469
-85.005548,8,348.026468
-78.943035,8,348.038462
-24.616729,8,348.048157
-109.033229,8,348.057154
-62.739498,8,348.066821
6.250558,8,348.076805
-42.02055,8,348.087654
-80.369671,8,348.100636
-5.084721,8,348.119635
-60.459372,8,348.137197
-62.724719,8,348.149145
8.593437,8,348.160936
-95.920477,8,348.174179
-134.897263,8,348.187492
-1.249055,8,348.196466
-36.717156,8,348.213395
-18.310672,8,348.223407
-80.180293,8,348.230822
-61.080631,8,348.230822
-99.644221,8,348.491273
-69.812015,8,348.503417
-82.406101,8,348.527083
-15.383881,8,348.537935
-17.956824,8,348.551244
-20.081189,8,348.559228
-78.537549,8,348.569936
-169.785436,8,348.581369
-5.823946,8,348.599371
-89.260109,8,348.611369
-37.657521,8,348.622891
-25.134792,8,348.632888
-137.992011,8,348.643889
-50.409773,8,348.652125
-69.581508,8,348.665834
-37.607566,8,348.673859
3.071034,8,348.686511
-10.954406,8,348.699076
-6.151345,8,348.710075
-98.368103,8,348.72579
0.368206,8,348.735195
-33.556584,8,348.746753
-2.73773,8,348.758664
-41.584006,8,348.7692
-47.065297,8,348.7782
3.652102,8,348.789437
-129.042314,8,348.799549
-4.4362,8,348.81854
-35.160564,8,348.837883
-77.504478,8,348.85508
-4.594646,8,348.875983
-64.471936,8,348.89295
-0.261921,8,349.204373
-1.758125,8,349.217602
-27.679558,8,349.226599
-0.721407,8,349.242649
0.330048,8,349.258538
-8.448309,8,349.269823
1.882841,8,349.286093
-28.6268,8,349.306388
-15.769798,8,349.331473
-9.989499,8,349.349216
8.629051,8,349.363243
-12.360954,8,349.363243
-1.08752,8,349.391103
-39.762442,8,349.413142
-135.208349,8,349.434098
-17.331946,8,349.451567
0.105505,8,349.466519
-42.933729,8,349.484864
-93.253403,8,349.498513
-5.225966,8,349.521108
-24.322607,8,349.541983
1.200159,8,349.553543
-1.786559,8,349.568865
-147.404492,8,349.587894
-33.985982,8,349.601208
-3.434211,8,349.609194
2.624391,8,349.617061
-12.127311,8,349.630336
-72.125495,8,349.64712
-88.055396,8,349.64712
11.496765,8,349.663965
-82.842601,8,349.68072
-46.994786,8,350.022249
-131.459438,8,350.038101
-61.762571,8,350.050599
2.369347,8,350.061927
4.926802,8,350.0712
-46.053985,8,350.08204
8.69301,8,350.098622
-32.750407,8,350.109623
-2.114312,8,350.121333
-13.783921,8,350.132168
-47.041449,8,350.144719
-8.374275,8,350.160336
-28.544248,8,350.177372
10.95564,8,350.200217
-92.443007,8,350.22893
1.456695,8,350.252977
-49.807873,8,350.308335
-8.339724,8,350.371108
-105.021169,8,350.402154
-151.082548,8,350.418391
-88.911931,8,350.436248
-30.799732,8,350.451896
-119.577969,8,350.467955
4.985579,8,350.485552
-116.537162,8,350.510119
-23.992459,8,350.534476
-5.382273,8,350.551923
-107.545117,8,350.568012
4.007508,8,350.582982
8.055864,8,350.590509
-89.188467,8,350.602249
-30.494351,8,350.607361
2.724332,8,350.897855
-5.406506,8,350.908855
-49.55133,8,350.921297
1.319621,8,350.935964
-95.018343,8,350.946976
0.456701,8,350.96191
-5.208403,8,350.990856
-22.282485,8,351.023768
-137.854886,8,351.048946
-2.181894,8,351.066183
-90.994925,8,351.076182
0.622021,8,351.091914
5.320263,8,351.104563
3.232453,8,351.123767
-60.383871,8,351.136911
-5.346544,8,351.151739
-47.154365,8,351.165215
-27.424371,8,351.179902
5.103701,8,351.200299
-44.282938,8,351.21451
-37.599664,8,351.219452
4.294016,8,351.250676
-63.402893,8,351.26323
-120.098327,8,351.274225
-27.494006,8,351.285863
-11.208439,8,351.296589
-18.592963,8,351.31529
-2.528645,8,351.331919
-21.92457,8,351.347689
-56.909476,8,351.359668
-3.95756,8,351.368299
-44.215884,8,351.384017
-65.822496,8,352.043341
-25.268556,8,352.065315
-120.56781,8,352.083027
1.443121,8,352.102872
1.474214,8,352.120394
-42.565077,8,352.14944
-63.800949,8,352.168734
4.016221,8,352.191849
-38.928692,8,352.219285
-71.867924,8,352.239014
-92.129294,8,352.262315
-48.668101,8,352.283602
-77.484403,8,352.304782
6.624247,8,352.327069
-2.212058,8,352.367492
-81.082039,8,352.396993
-5.221917,8,352.416347
-112.717194,8,352.427353
-75.687348,8,352.443488
2.668517,8,352.460714
-48.720948,8,352.483997
-21.934557,8,352.505664
-5.79588,8,352.53639
-70.887923,8,352.567438
-58.699853,8,352.60505
-24.498008,8,352.623151
-1.988237,8,352.642709
-68.028264,8,352.665324
-83.692311,8,352.687325
1.504566,8,352.708571
-71.732346,8,352.726326
-94.236908,8,352.740965
-13.41355,8,353.120211
-41.966432,8,353.142604
9.537221,8,353.157749
8.182284,8,353.172221
-53.434649,8,353.192369
6.622569,8,353.208358
-53.195904,8,353.224113
-17.067556,8,353.236096
-2.607653,8,353.252549
-67.029098,8,353.260578
-12.140488,8,353.272035
-66.808985,8,353.281798
-71.120442,8,353.294678
5.781695,8,353.305674
-79.019761,8,353.316049
-16.716246,8,353.324041
-27.081116,8,353.330354
-95.422806,8,353.347631
-3.239298,8,353.363278
-73.60976,8,353.363709
-18.005584,8,353.382628
-2.074398,8,353.397101
-59.933218,8,353.417429
-56.515955,8,353.430201
6.957004,8,353.430201
-1.227688,8,353.454117
-58.799943,8,353.463558
8.596195,8,353.463558
-52.571385,8,353.480217
-32.252852,8,353.501378
3.972205,8,353.507412
-14.167425,8,353.513836
-1.228264,8,353.741227
2.096265,8,353.752777
-17.70275,8,353.764996
-20.479433,8,353.775871
-90.457313,8,353.78624
-4.626859,8,353.793435
5.474007,8,353.803809
-70.210699,8,353.812164
-43.042223,8,353.822355
6.561339,8,353.83704
1.428062,8,353.854015
-11.04186,8,353.861293
-49.852401,8,353.871334
-76.499065,8,353.878884
-98.878371,8,353.887839
-21.804237,8,353.898366
-2.381253,8,353.906927
8.176665,8,353.918631
-13.267004,8,353.926486
4.400196,8,353.938209
-73.672386,8,353.955459
-43.564243,8,353.967566
-65.139286,8,353.984982
-19.288799,8,353.992719
-55.962162,8,354.003987
2.492035,8,354.01599
-159.964892,8,354.024452
-64.199959,8,354.035274
-76.160836,8,354.04836
2.903677,8,354.059823
-24.413453,8,354.076821
-4.228289,8,354.089282
-50.634791,8,354.341824
-123.105163,8,354.355935
-61.050188,8,354.368061
-46.032077,8,354.386465
7.172434,8,354.396576
-54.042713,8,354.407869
-9.891012,8,354.420616
-34.125597,8,354.432604
-41.851365,8,354.443282
2.972817,8,354.455432
-2.037858,8,354.466622
-14.276456,8,354.476652
-115.3795,8,354.492785
1.165415,8,354.506584
-161.541051,8,354.519517
-38.919812,8,354.540043
-48.345262,8,354.55549
-26.721577,8,354.56943
-83.569127,8,354.582305
1.989666,8,354.595189
-18.577789,8,354.606122
-11.328541,8,354.61971
-74.787582,8,354.634298
-57.46555,8,354.652116
-13.586834,8,354.66913
-64.128631,8,354.682679
8.338901,8,354.701161
-176.236745,8,354.716726
-47.639371,8,354.741205
-64.425747,8,354.763987
-70.76672,8,354.77836
-3.045266,8,354.79905
-24.219771,8,355.174741
-0.337219,8,355.19299
-19.082033,8,355.216872
-34.451395,8,355.232085
-37.809599,8,355.262025
-2.005699,8,355.277728
-32.753182,8,355.288713
-19.481988,8,355.305636
-8.294909,8,355.334185
-31.424572,8,355.361241
0.898971,8,355.376534
-15.22023,8,355.387605
-165.996048,8,355.404808
-29.390782,8,355.419012
3.335035,8,355.448882
-45.821211,8,355.460888
-1.626707,8,355.47638
-18.308733,8,355.492039
-7.218697,8,355.505283
-94.764548,8,355.520225
-38.549535,8,355.534712
-0.869482,8,355.565743
-29.71901,8,355.586014
-52.07285,8,355.60205
-131.021348,8,355.616798
-19.612431,8,355.633244
-1.156506,8,355.643156
-10.088791,8,355.657033
-3.910602,8,355.674252
1.016261,8,355.688299
-137.854227,8,355.70204
-59.902057,8,355.711697
-53.609655,8,355.964736
3.184592,8,355.981882
-27.379166,8,355.99188
-5.514592,8,356.00181
4.078476,8,356.014802
-4.868768,8,356.024811
-39.859059,8,356.036952
-86.200872,8,356.048947
-46.246906,8,356.062338
-3.145699,8,356.075462
-64.121003,8,356.086187
-23.234087,8,356.10085
-19.967347,8,356.114307
-15.534699,8,356.133309
-44.458269,8,356.153938
-58.112284,8,356.171758
-5.254736,8,356.180812
-40.237896,8,356.194785
0.917838,8,356.207351
6.821414,8,356.22162
-59.015247,8,356.236764
-67.080803,8,356.245913
-78.574657,8,356.257915
-13.798141,8,356.272231
-3.463949,8,356.286201
8.396586,8,356.300201
-15.098645,8,356.31923
6.111217,8,356.327207
-25.468648,8,356.346361
-7.639435,8,356.359579
-63.34738,8,356.369292
-26.696681,8,356.380613
-6.903199,8,356.639462
-20.153293,8,356.648593
-77.929923,8,356.6566
-82.435191,8,356.664593
-13.921398,8,356.678593
-21.820248,8,356.686593
4.092687,8,356.696551
-71.434935,8,356.715927
-55.104129,8,356.725934
-160.331742,8,356.739293
-16.36116,8,356.749921
-27.280093,8,356.75892
-8.778871,8,356.769905
6.700885,8,356.783542
-65.941306,8,356.791541
-32.192265,8,356.800365
-2.925305,8,356.807364
-79.375698,8,356.816
-29.053333,8,356.827
-70.113743,8,356.84263
-82.380123,8,356.856213
-32.222417,8,356.86498
-99.216532,8,356.871973
-115.237131,8,356.879386
-5.486272,8,356.886527
-5.045255,8,356.894528
-106.790284,8,356.909199
-17.513053,8,356.917073
-1.745135,8,356.924067
-24.147268,8,356.93293
-59.067125,8,356.942924
-56.274097,8,356.95323
-77.583264,8,357.192572
-86.899643,8,357.20495
-23.326768,8,357.214947
-88.189089,8,357.232484
-1.684329,8,357.252609
-7.718317,8,357.265646
-46.541732,8,357.282995
5.554879,8,357.295884
-97.579013,8,357.312862
-1.251494,8,357.331495
-29.676881,8,357.346713
4.728821,8,357.363009
-57.944379,8,357.391745
-67.285006,8,357.405056
-34.758838,8,357.415034
-69.017834,8,357.423034
-20.311758,8,357.434596
2.095127,8,357.445572
-21.87149,8,357.454591
-24.55274,8,357.465572
5.961017,8,357.478566
-18.516335,8,357.48866
-59.025339,8,357.49731
-62.348706,8,357.504313
-64.186755,8,357.512902
-3.179103,8,357.532821
-110.638504,8,357.54651
-30.764365,8,357.559336
-96.332877,8,357.57259
-8.505131,8,357.592032
-12.783831,8,357.608273
-79.850064,8,357.623722
-24.532615,8,357.964361
1.380097,8,357.973366
-6.223889,8,357.983817
-73.661642,8,357.990817
-97.825707,8,357.999421
7.237555,8,358.01593
-14.264184,8,358.023927
-41.375123,8,358.03417
-181.366704,8,358.042168
-14.243578,8,358.055294
4.993641,8,358.064073
5.052785,8,358.074257
-45.084625,8,358.085198
3.351772,8,358.092198
-59.814579,8,358.10243
0.992317,8,358.114025
-112.494363,8,358.121025
-37.089451,8,358.129604
-67.455465,8,358.148432
-61.95065,8,358.156457
-41.46594,8,358.173924
0.322721,8,358.18405
-81.903591,8,358.195752
-2.885024,8,358.203532
-95.794762,8,358.210561
-39.253726,8,358.22019
-125.037958,8,358.229423
-149.619198,8,358.239751
-14.749016,8,358.250521
7.219007,8,358.263496
-52.55399,8,358.286914
-17.821125,8,358.306233
-35.89365,8,358.564551
-61.322701,8,358.574551
-113.454548,8,358.586215
-74.268125,8,358.597284
-58.517794,8,358.609296
-100.403253,8,358.624713
-31.490432,8,358.635911
6.009785,8,358.644893
-20.945359,8,358.653314
-122.651997,8,358.66281
1.915862,8,358.674016
-40.153453,8,358.688737
2.217788,8,358.697373
-33.102688,8,358.706376
-30.06085,8,358.716058
-198.897657,8,358.732792
-95.217395,8,358.742227
-21.529948,8,358.751367
-2.196641,8,358.758396
-24.104994,8,358.765998
-46.882818,8,358.773015
-76.274958,8,358.780473
-24.55743,8,358.78649
-18.339403,8,358.799757
-20.542364,8,358.806759
-22.281012,8,358.815186
-19.923055,8,358.822181
-25.691423,8,358.82818
-23.904832,8,358.842617
-59.65336,8,358.852416
-37.69872,8,358.86142
3.03042,8,358.871147
-97.345939,8,359.068451
8.938087,8,359.078208
-157.640135,8,359.088365
1.131561,8,359.096362
-93.122512,8,359.110898
-0.683528,8,359.121391
-67.772981,8,359.135571
-5.33384,8,359.148838
-22.102142,8,359.156311
-35.310513,8,359.173008
-12.610365,8,359.180062
-9.871235,8,359.189542
-30.082702,8,359.197573
-16.755103,8,359.206156
-9.428273,8,359.214195
-82.877978,8,359.225582
-1.311473,8,359.243031
-17.558155,8,359.252476
-22.761451,8,359.264151
-23.173106,8,359.275151
-71.332686,8,359.289152
-86.000201,8,359.30227
-9.771289,8,359.313477
-53.235056,8,359.323525
-25.02568,8,359.330519
-3.576002,8,359.337525
5.707703,8,359.345539
6.945645,8,359.35179
-141.284499,8,359.360694
-58.314762,8,359.37274
-6.558974,8,359.379666
-31.697772,8,359.390977
-109.201987,8,359.592786
2.050558,8,359.602396
-87.127429,8,359.609396
-18.854443,8,359.620929
-5.721591,8,359.636628
-69.808028,8,359.647274
-26.901965,8,359.656272
-86.335794,8,359.668179
-19.819898,8,359.68263
-62.651413,8,359.70168
-24.249422,8,359.716805
-67.582253,8,359.726804
-127.783549,8,359.745737
-8.448844,8,359.759014
-41.733114,8,359.770992
-20.341017,8,359.783505
-26.479736,8,359.798804
-62.845546,8,359.815479
-91.726664,8,359.830906
-117.221218,8,359.852839
-1.936438,8,359.869986
-8.422504,8,359.886417
2.13231,8,359.91047
-39.332633,8,359.921486
-68.502642,8,359.93347
-22.042115,8,359.949469
-78.554462,8,359.966465
-99.769921,8,359.983463
-22.524276,8,359.993463
-11.503633,8,360.004112
-46.232947,8,360.017696
5.012538,8,360.030478
-36.884451,8,360.276596
-77.889094,8,360.287366
-21.007021,8,360.312402
-34.425052,8,360.330794
-110.227238,8,360.341793
-14.378148,8,360.357512
-5.02604,8,360.370113
-31.473796,8,360.384238
-30.961335,8,360.394238
-5.276467,8,360.404397
-76.530912,8,360.417977
-42.342879,8,360.425977
-1.377346,8,360.437651
-25.265156,8,360.446234
-16.141724,8,360.458412
-15.200636,8,360.476108
4.234145,8,360.486012
0.895162,8,360.492983
-4.097473,8,360.504144
-5.067864,8,360.514982
-56.988656,8,360.521986
-0.945204,8,360.536752
-32.362505,8,360.548567
-101.624656,8,360.55857
-59.311518,8,360.567126
-6.652346,8,360.573115
-105.70423,8,360.580821
3.826002,8,360.595731
-63.964279,8,360.606469
-84.16472,8,360.617205
-28.957945,8,360.628452
-17.024316,8,360.631499
3.181321,8,360.871134
-13.889055,8,360.881118
-23.82771,8,360.891113
-71.976493,8,360.902114
-66.504043,8,360.912542
-14.146132,8,360.924965
-9.17974,8,360.936001
-29.401454,8,360.945798
-14.429168,8,360.962458
0.001723,8,360.972
3.063272,8,360.987187
2.18928,8,360.997843
-141.207244,8,361.011778
-11.830791,8,361.026939
-34.502883,8,361.039143
0.058465,8,361.053055
-91.275488,8,361.063185
-14.469381,8,361.06918
-17.826837,8,361.083168
-94.153341,8,361.09707
-1.264319,8,361.11683
-1.425351,8,361.129157
0.296224,8,361.135741
-6.500254,8,361.1524
-21.202373,8,361.162516
-39.470565,8,361.168945
-97.747546,8,361.168945
-44.912176,8,361.185642
-63.497999,8,361.202118
-61.365827,8,361.213532
-53.755799,8,361.223705
-64.662566,8,361.236138
-0.607592,8,361.452171
-0.033584,8,361.467133
-56.526143,8,361.475593
-17.06566,8,361.484902
-39.318089,8,361.492938
-100.177158,8,361.505094
-4.910897,8,361.515779
-50.30977,8,361.525179
-84.792781,8,361.539445
-22.596945,8,361.548397
-22.105157,8,361.557396
-20.79415,8,361.566425
1.271376,8,361.572425
-108.251296,8,361.586028
9.686649,8,361.594025
-6.069213,8,361.603302
-93.027344,8,361.610303
-17.587165,8,361.619041
-112.630514,8,361.62804
-110.193544,8,361.635608
-44.804761,8,361.64263
-29.456425,8,361.65622
-75.776862,8,361.667404
6.628305,8,361.678409
-104.548335,8,361.689622
-41.342939,8,361.699214
-78.292991,8,361.71632
-4.954494,8,361.726309
-26.55562,8,361.73701
-15.497255,8,361.746368
-29.243518,8,361.753434
-2.197654,8,361.765083
-9.426968,8,362.065906
-66.683707,8,362.07908
-5.2091,8,362.104759
-36.645369,8,362.125463
-67.923789,8,362.14901
-20.837262,8,362.168262
-9.81463,8,362.227975
8.063425,8,362.25162
-25.755386,8,362.276718
-12.542017,8,362.291716
0.904786,8,362.315947
-14.781922,8,362.342876
-45.286505,8,362.36077
-87.047201,8,362.377275
-68.057605,8,362.40236
-53.555735,8,362.441152
-65.900213,8,362.476388
-16.147695,8,362.516487
7.098303,8,362.53749
-19.921987,8,362.574519
-2.94887,8,362.592943
-1.357306,8,362.61094
-22.182058,8,362.624183
-96.246136,8,362.634183
10.087432,8,362.645192
-79.70113,8,362.655587
-7.11121,8,362.671316
-129.947932,8,362.689921
1.722784,8,362.706639
-41.085748,8,362.723269
-21.071165,8,362.736954
3.571973,8,362.764167
-6.792494,8,363.038078
8.540226,8,363.049326
-2.88218,8,363.060158
0.23182,8,363.071131
-2.365552,8,363.080397
-130.960994,8,363.0896
-43.871992,8,363.097625
-125.286872,8,363.106645
1.278797,8,363.11714
-28.722448,8,363.13441
-26.197246,8,363.141412
-156.652284,8,363.150314
-12.875415,8,363.166207
-9.668328,8,363.176239
2.840084,8,363.188823
-117.637946,8,363.198554
-69.133358,8,363.210553
-5.976546,8,363.220048
-24.755488,8,363.229055
-89.719633,8,363.237066
-34.441459,8,363.244059
-17.061221,8,363.2583
-9.170265,8,363.267413
-11.570562,8,363.275409
-47.137568,8,363.286842
-17.445669,8,363.294737
9.141046,8,363.306452
-11.788967,8,363.317013
-12.876709,8,363.32701
-72.868969,8,363.336808
-8.66723,8,363.346356
-7.585407,8,363.357508
-5.517929,8,363.552372
-44.32915,8,363.559371
-43.859386,8,363.572694
-157.962555,8,363.585257
-26.084647,8,363.601873
-30.888441,8,363.622697
-58.164693,8,363.635375
-22.333158,8,363.651479
-15.247428,8,363.67091
-54.632534,8,363.682321
-23.101402,8,363.703178
-109.609352,8,363.720655
-2.096179,8,363.72926
-1.071219,8,363.73731
-18.608202,8,363.748953
-153.516777,8,363.764964
-30.320944,8,363.78423
-12.37606,8,363.837448
-60.578571,8,363.854192
5.758877,8,363.868711
-53.211908,8,363.881715
-66.159892,8,363.897225
-69.072996,8,363.897225
-39.496067,8,363.918593
-18.914016,8,363.92659
0.9198,8,363.94487
-17.936465,8,363.964488
-17.244228,8,363.981923
-113.618139,8,363.989918
-20.083228,8,363.998902
7.513065,8,364.019968
-62.499747,8,364.03088
-125.587666,8,364.315715
-44.599102,8,364.330346
-25.009381,8,364.332355
-4.58282,8,364.354987
-9.797508,8,364.362554
-16.566444,8,364.374257
-19.52718,8,364.39119
-16.185689,8,364.403888
-7.543765,8,364.419499
-3.230622,8,364.437953
-131.883088,8,364.456732
-4.280413,8,364.469513
-17.480985,8,364.487703
-11.215357,8,364.510112
-16.669463,8,364.526539
3.75017,8,364.543196
-107.950938,8,364.558368
-4.859542,8,364.570622
-10.001488,8,364.590611
-59.914744,8,364.631088
-20.966902,8,364.652241
-11.426917,8,364.670033
1.56745,8,364.682197
2.968121,8,364.698176
4.502639,8,364.707489
-85.648078,8,364.715811
-14.28076,8,364.723814
3.179146,8,364.736832
0.189642,8,364.74482
1.672481,8,364.754999
-28.039171,8,364.764362
-7.056841,8,364.775232
-4.082736,8,365.090758
-121.34885,8,365.102955
2.620416,8,365.115324
-7.464901,8,365.136238
-53.697349,8,365.150877
-26.501157,8,365.168255
-67.286579,8,365.190808
-0.205638,8,365.209852
-8.441376,8,365.254704
-13.064159,8,365.280242
7.040576,8,365.307684
-50.19856,8,365.326423
-42.45183,8,365.346141
-59.187233,8,365.36427
-10.563506,8,365.386374
-27.900836,8,365.40553
-26.002937,8,365.447994
4.015167,8,365.469182
-0.680631,8,365.484696
-97.586682,8,365.497458
-69.792745,8,365.512667
-69.690728,8,365.526564
-201.410189,8,365.547944
-27.651303,8,365.562119
-123.52701,8,365.564748
-53.409001,8,365.580763
-41.276782,8,365.59595
-146.824542,8,365.597234
-27.431018,8,365.614053
-83.795388,8,365.6381
-21.934438,8,365.654363
-29.526236,8,365.664572
-86.490893,8,365.926542
-25.937043,8,365.945985
-21.475599,8,365.961103
6.442701,8,365.990218
0.965963,8,366.029108
6.857492,8,366.053131
-16.866641,8,366.076567
8.875572,8,366.109728
-86.748864,8,366.137292
4.943787,8,366.167487
1.195461,8,366.182626
-6.936409,8,366.206942
-20.918821,8,366.241457
4.498662,8,366.266308
-55.952972,8,366.284233
-74.62736,8,366.310404
-106.335044,8,366.331545
-2.557807,8,366.341566
3.764348,8,366.356014
-1.50238,8,366.368139
-5.05273,8,366.382986
-133.292941,8,366.410666
-6.559265,8,366.43423
-12.906662,8,366.465682
-24.698389,8,366.481131
-25.024365,8,366.497884
-75.26442,8,366.516645
-69.024805,8,366.535578
-7.40688,8,366.571611
-3.836687,8,366.59393
-20.105361,8,366.617707
1.850657,8,366.637893
-47.826127,8,367.106135
-32.687539,8,367.121405
0.533959,8,367.163134
2.036751,8,367.180214
0.32154,8,367.193371
-12.784879,8,367.207595
-125.285047,8,367.224403
-3.612719,8,367.241943
-9.260632,8,367.264724
7.694651,8,367.276367
-36.848762,8,367.288437
-49.073544,8,367.299157
-159.0611,8,367.314858
-80.664769,8,367.334228
-18.205706,8,367.36855
-68.775523,8,367.38042
-107.912309,8,367.392875
-16.898436,8,367.405767
2.701242,8,367.417591
-6.638628,8,367.430645
-75.678664,8,367.454654
-22.728343,8,367.468778
-117.368877,8,367.49692
-154.899097,8,367.520193
-46.229214,8,367.535959
-54.446092,8,367.554165
-43.190829,8,367.572678
-3.14254,8,367.609287
-20.605121,8,367.628144
-5.093602,8,367.643064
-85.896568,8,367.659625
-8.01392,8,367.674397
-2.489725,8,368.166289
8.885104,8,368.208724
0.029708,8,368.345512
0.731069,8,368.360978
-158.19443,8,368.382329
-44.500132,8,368.400931
-37.756014,8,368.419683
-61.404077,8,368.437679
-122.046818,8,368.451598
-50.021284,8,368.464602
-66.792672,8,368.474854
-64.163718,8,368.487758
-50.434135,8,368.499862
-7.648609,8,368.51685
-0.127168,8,368.530752
-33.919608,8,368.54276
-94.319631,8,368.552871
-93.106146,8,368.56448
-35.089402,8,368.57935
-80.419324,8,368.58962
-66.830704,8,368.607706
-6.42242,8,368.621227
-9.388514,8,368.639707
5.341611,8,368.652979
-72.308458,8,368.66568
-3.506935,8,368.676171
-96.937654,8,368.688657
-19.160997,8,368.702098
-4.78155,8,368.715676
-1.308815,8,368.728107
-116.608071,8,368.739447
-21.498446,8,368.751976
-102.678574,8,369.010942
-22.12971,8,369.02194
-37.462676,8,369.033943
-10.510375,8,369.04394
-14.150317,8,369.05194
-2.01947,8,369.060944
-14.411553,8,369.072386
-18.76718,8,369.087677
-16.767709,8,369.094678
-50.55147,8,369.106721
-16.330631,8,369.119217
-70.879526,8,369.13085
4.984781,8,369.139846
-29.328797,8,369.15573
-57.113799,8,369.165257
4.504301,8,369.174257
-191.769194,8,369.182982
-97.005289,8,369.189982
4.985687,8,369.204472
-86.245847,8,369.218768
-34.618758,8,369.229758
-72.031924,8,369.240772
-64.836985,8,369.248889
0.953155,8,369.255912
-17.564957,8,369.264912
-39.167555,8,369.281909
-60.788526,8,369.292919
-72.870184,8,369.299903
2.604519,8,369.305897
-98.75633,8,369.318798
-40.459777,8,369.326888
0.188384,8,369.336896
-121.506361,8,369.564759
-50.725408,8,369.578241
-100.037898,8,369.592509
-4.033461,8,369.60896
-54.696149,8,369.62253
-116.973785,8,369.640385
-40.986194,8,369.656735
-0.253906,8,369.668053
-59.051757,8,369.680486
-26.061064,8,369.691484
8.302846,8,369.702194
-15.213776,8,369.71569
-31.422429,8,369.727689
-58.279014,8,369.749534
-188.001673,8,369.763245
-5.907853,8,369.775239
-118.241384,8,369.785245
-54.832241,8,369.796213
-13.579499,8,369.814221
-74.914796,8,369.825321
-118.249875,8,369.836309
-154.599332,8,369.848319
4.92603,8,369.861218
7.974734,8,369.869214
-18.930223,8,369.875214
-32.176732,8,369.884696
-4.925583,8,369.894713
-48.571992,8,369.901605
-5.461248,8,369.908619
1.65698,8,369.915288
-130.188234,8,369.923304
-6.273616,8,369.936314
-6.794148,8,370.144286
-27.266959,8,370.152473
-16.449394,8,370.160473
-35.397978,8,370.1692
-131.765838,8,370.177205
-19.211227,8,370.187773
-46.921436,8,370.20151
-36.679151,8,370.210544
-118.239552,8,370.218282
-41.554119,8,370.225285
-12.257137,8,370.233926
-2.934668,8,370.250611
-121.668506,8,370.259613
-6.110342,8,370.270258
-37.388207,8,370.280897
-36.522225,8,370.289896
1.267608,8,370.301564
-53.577777,8,370.317337
-43.253328,8,370.325339
-90.145886,8,370.336025
-4.096213,8,370.349706
-85.948643,8,370.363174
2.022278,8,370.378336
5.233534,8,370.393816
-4.669532,8,370.410023
-45.630856,8,370.429745
-9.790184,8,370.442996
-86.501464,8,370.454662
-75.889086,8,370.466183
-0.201402,8,370.476188
7.292752,8,370.489047
-14.757908,8,370.500761
-150.681079,8,370.768687
-124.720723,8,370.778709
-10.189349,8,370.792968
-28.72514,8,370.805836
-21.929148,8,370.818841
-129.883252,8,370.839035
-32.900232,8,370.852276
-89.777885,8,370.867159
-45.000292,8,370.885636
-20.929173,8,370.904041
-19.626962,8,370.916942
-84.501428,8,370.932863
-62.734849,8,370.94926
-3.780705,8,370.96979
-28.345721,8,370.987939
-12.095538,8,370.999918
-23.97238,8,371.008918
-88.894351,8,371.023849
-3.452004,8,371.037534
-52.289855,8,371.050044
6.636681,8,371.062046
6.143067,8,371.074781
-37.446862,8,371.095471
0.785132,8,371.112925
-198.024349,8,371.129266
-52.89936,8,371.14739
5.984319,8,371.164464
-59.080896,8,371.183036
-80.471123,8,371.214912
-47.998293,8,371.243919
-152.141072,8,371.271068
-32.056439,8,371.285645
-21.135922,8,371.618883
-113.613722,8,371.622978
-77.567818,8,371.637679
-20.227692,8,371.649516
4.918189,8,371.658699
3.30383,8,371.672282
-136.987798,8,371.683728
-1.735916,8,371.69273
-52.146846,8,371.703072
-93.196184,8,371.716171
5.859465,8,371.737079
-24.717968,8,371.750107
4.602573,8,371.76451
-98.594541,8,371.776879
-112.036882,8,371.789079
-14.354894,8,371.797645
-116.678869,8,371.805642
-43.241413,8,371.815804
-101.24213,8,371.822813
-2.290535,8,371.831882
-12.178763,8,371.839892
-76.586005,8,371.847775
-23.872758,8,371.859787
-6.358293,8,371.867345
-26.590475,8,371.875347
-48.932981,8,371.887114
-33.36813,8,371.902753
-63.118522,8,371.913208
-59.333148,8,371.923439
-101.944733,8,371.933107
-152.613677,8,371.943109
-103.710949,8,371.952535
-9.775868,8,372.154791
-30.293562,8,372.161013
4.442383,8,372.172949
-71.8493,8,372.187364
-122.805144,8,372.200954
7.827194,8,372.212482
-67.958149,8,372.224739
-21.753676,8,372.234065
-12.563339,8,372.249927
-34.003678,8,372.2612
5.770027,8,372.271801
-1.090683,8,372.281284
3.131485,8,372.293899
-8.838956,8,372.308372
-133.744177,8,372.316372
-81.875646,8,372.333376
-97.978363,8,372.346513
-105.076408,8,372.365048
-156.058234,8,372.378047
-30.748155,8,372.389049
7.191632,8,372.398471
-0.837655,8,372.408471
-29.59104,8,372.419471
-13.851083,8,372.429951
0.360878,8,372.440209
-1.386972,8,372.451595
-35.563922,8,372.465321
-62.38337,8,372.476293
-33.371643,8,372.488315
3.155361,8,372.495328
-68.561361,8,372.505574
-81.829942,8,372.515974
-50.965752,8,372.756474
7.23149,8,372.770892
-129.211762,8,372.792608
-27.881883,8,372.827094
-6.411039,8,372.848104
-36.929412,8,372.872527
-54.568949,8,372.896358
0.468997,8,372.910455
-48.982394,8,372.945684
-96.460648,8,372.968213
-15.745708,8,372.990008
-152.535071,8,373.011372
-8.517065,8,373.039747
-25.289297,8,373.066375
-48.301657,8,373.123385
-8.798691,8,373.148698
-40.77216,8,373.186591
2.38727,8,373.205821
-114.204084,8,373.224704
-29.28564,8,373.256732
-63.25637,8,373.304288
-48.98366,8,373.32746
-15.98057,8,373.341826
-10.505549,8,373.35583
-59.774371,8,373.372824
-19.643148,8,373.390217
-73.158452,8,373.414271
-52.487183,8,373.425265
-55.640787,8,373.440267
-54.644785,8,373.454266
-34.788388,8,373.46729
-100.421113,8,373.477265
-8.964522,8,373.758494
-101.447437,8,373.776505
-1.149074,8,373.79051
5.662993,8,373.802781
-100.00774,8,373.813962
-2.749268,8,373.822979
-19.188512,8,373.833806
-2.280724,8,373.843193
-48.969132,8,373.859555
-93.751826,8,373.871339
-24.476086,8,373.879737
-150.079404,8,373.893982
-128.755027,8,373.908542
-14.168042,8,373.92259
5.892402,8,373.9393
-2.530175,8,373.952235
-6.145323,8,373.971257
-64.27375,8,373.98423
-114.045684,8,373.998255
-14.363913,8,374.006252
-2.642579,8,374.018752
-8.812165,8,374.031423
-38.644399,8,374.058398
-4.382363,8,374.080395
-62.421154,8,374.088394
-48.010298,8,374.098399
2.005513,8,374.116753
-13.834537,8,374.131411
-35.662213,8,374.146412
-19.229531,8,374.155441
-46.787973,8,374.166498
-76.486078,8,374.175517
1.810627,8,374.396095
-61.266279,8,374.415106
10.002841,8,374.427103
4.225509,8,374.438103
-106.748767,8,374.453103
3.294826,8,374.467104
-27.606372,8,374.485231
-22.051159,8,374.505669
-37.528657,8,374.518935
-85.679941,8,374.533293
-72.1565,8,374.544293
-19.862297,8,374.555219
1.406081,8,374.569302
0.219234,8,374.581272
-149.079854,8,374.59028
-38.015611,8,374.60131
-135.809822,8,374.615951
-41.760389,8,374.623952
-51.37505,8,374.640926
-44.675425,8,374.663753
-3.045858,8,374.675762
-213.024108,8,374.68672
2.10595,8,374.70079
-41.311222,8,374.711777
-56.666995,8,374.72485
-64.556696,8,374.733758
-20.681657,8,374.741755
-16.039515,8,374.758224
-107.801324,8,374.781354
-17.035683,8,374.789356
-72.039012,8,374.798613
-7.635905,8,374.804694
-13.086921,8,375.013713
-36.328719,8,375.022877
-50.039983,8,375.032499
-9.768469,8,375.040498
-8.946548,8,375.050101
-88.65634,8,375.059195
0.449046,8,375.070115
-21.430272,8,375.078891
-13.837529,8,375.092102
-34.646549,8,375.101242
-7.666259,8,375.109024
-47.825698,8,375.11991
-24.868606,8,375.13686
-101.632442,8,375.147199
-127.615142,8,375.160059
-40.147784,8,375.17016
-47.425631,8,375.18395
3.84044,8,375.191937
-16.712796,8,375.208151
3.211461,8,375.218953
5.179239,8,375.230253
-10.151696,8,375.240169
-53.811849,8,375.248025
-22.317191,8,375.257043
-25.096413,8,375.26859
-6.318062,8,375.285063
-94.748929,8,375.295226
-1.904917,8,375.309208
-112.395976,8,375.322313
-15.42496,8,375.331251
-0.868659,8,375.341633
-45.065757,8,375.350052
4.330351,8,375.705965
-1.383485,8,375.720267
-26.378948,8,375.732267
-57.814698,8,375.748266
4.670646,8,375.765269
-113.922258,8,375.787595
-18.592101,8,375.806545
-22.074368,8,375.82264
0.854116,8,375.836538
-24.10445,8,375.850533
-81.290303,8,375.86553
-113.896648,8,375.887045
-5.498866,8,375.906143
-51.947759,8,375.928173
-18.805888,8,375.954083
4.313512,8,375.973852
-13.058848,8,376.007596
-22.167069,8,376.029315
-18.372514,8,376.046517
-172.449604,8,376.06713
2.684963,8,376.080563
1.770012,8,376.09643
-0.064431,8,376.123189
-37.222271,8,376.140495
-114.096227,8,376.154131
-34.400167,8,376.169059
-3.97663,8,376.183956
0.937227,8,376.196065
-111.322452,8,376.211076
-66.982818,8,376.234593
-55.894394,8,376.253095
-1.159942,8,376.266759
-5.73361,8,376.755283
-52.51926,8,376.764919
-82.895329,8,376.775921
-7.739,8,376.789625
-82.028649,8,376.813293
-34.266914,8,376.825472
-83.915307,8,376.843242
-107.037381,8,376.861305
-10.488953,8,376.878034
-67.929926,8,376.89623
-73.625806,8,376.918745
-52.12358,8,376.945252
-34.937746,8,376.971951
1.631302,8,376.995467
-10.281882,8,377.023951
2.277657,8,377.044416
-25.791946,8,377.061338
-49.247448,8,377.075994
-10.81106,8,377.087006
5.039615,8,377.098983
-36.254911,8,377.122634
-4.00785,8,377.143602
-128.485942,8,377.164709
-29.100941,8,377.183047
1.73868,8,377.199624
-134.385597,8,377.224929
-22.100741,8,377.249374
1.221485,8,377.268009
-19.117107,8,377.289632
1.355514,8,377.304804
0.999208,8,377.317843
-120.901048,8,377.331002
-0.383499,8,377.703132
-19.709893,8,377.719943
-32.247165,8,377.73765
-140.146367,8,377.760395
-9.48675,8,377.782109
-42.524704,8,377.801634
-9.711082,8,377.819482
-41.083316,8,377.834878
6.866605,8,377.853178
-28.243445,8,377.865743
-17.081593,8,377.881568
-57.976391,8,377.904621
-57.829487,8,377.922839
-80.235489,8,377.942986
4.446738,8,377.960413
1.713709,8,377.973065
-47.727343,8,377.989891
10.02349,8,378.010482
-11.932181,8,378.025223
-20.108912,8,378.039349
-15.381288,8,378.05423
-68.66803,8,378.06685
-21.09841,8,378.077152
-58.044992,8,378.092146
-126.654901,8,378.107152
-39.888609,8,378.125929
7.323465,8,378.135583
-13.892273,8,378.1436
-18.79806,8,378.153067
7.489508,8,378.174667
-36.949636,8,378.189373
-108.60418,8,378.203276
-63.157566,8,378.538474
1.315219,8,378.548351
-63.613712,8,378.56092
3.233871,8,378.580342
-15.947924,8,378.59234
-33.363271,8,378.603341
-12.247246,8,378.611349
-0.870491,8,378.623364
-12.710753,8,378.633339
-39.700587,8,378.651996
-45.870116,8,378.661995
3.805308,8,378.671469
-18.5986,8,378.684144
-106.771321,8,378.696568
-10.923244,8,378.705782
-0.559167,8,378.715392
-6.504555,8,378.726753
-7.450222,8,378.738239
6.5306,8,378.748801
-64.903173,8,378.759813
-87.161253,8,378.770814
-70.20068,8,378.783827
3.50305,8,378.808148
-71.21673,8,378.817137
2.714247,8,378.825137
-32.855601,8,378.833772
-45.367063,8,378.840773
-23.551007,8,378.853758
-29.906489,8,378.863226
-3.224671,8,378.887499
-47.207314,8,378.901565
7.773561,8,378.908561
-10.244265,8,379.185012
-9.765384,8,379.194003
-21.932387,8,379.207395
-55.146608,8,379.220754
-75.913092,8,379.233449
-42.141256,8,379.24245
-27.134223,8,379.257366
-26.529208,8,379.269523
-28.215902,8,379.278543
-6.292673,8,379.293017
-66.807636,8,379.307237
-117.775602,8,379.322632
-49.703074,8,379.34024
-20.868024,8,379.354639
-19.649165,8,379.378451
-81.408505,8,379.399817
-40.425185,8,379.416165
-106.301119,8,379.43162
-62.236122,8,379.444293
-68.038064,8,379.457495
-48.354988,8,379.471586
-11.140153,8,379.491701
-116.26078,8,379.506734
-112.636074,8,379.529404
-21.218333,8,379.543377
-40.995295,8,379.559537
-1.258726,8,379.571866
-36.393057,8,379.593815
-76.120823,8,379.60293
6.651848,8,379.621025
-159.11899,8,379.63624
-2.796671,8,379.644301
-15.097245,8,379.922867
-16.989155,8,379.935867
-100.865848,8,379.946212
5.119963,8,379.957309
-23.593719,8,379.97542
-15.289483,8,379.993756
-73.245301,8,380.003749
-77.07919,8,380.018492
-84.094952,8,380.040169
-178.373754,8,380.052618
-169.312872,8,380.062855
-1.111904,8,380.07286
-101.998685,8,380.085635
0.894963,8,380.093667
3.1805,8,380.098309
-49.673818,8,380.114616
-52.239129,8,380.114616
-18.523638,8,380.127891
8.453172,8,380.127891
-116.601432,8,380.155695
-71.822774,8,380.171973
1.351669,8,380.178961
-16.472353,8,380.183107
4.531659,8,380.183107
-59.399334,8,380.196811
-68.328956,8,380.21726
-3.963592,8,380.23056
-157.99592,8,380.241801
-32.898148,8,380.252192
5.015729,8,380.264561
-38.314873,8,380.275906
-62.342369,8,380.281786
-88.38133,8,380.521879
-7.360496,8,380.538269
-64.106436,8,380.550707
-18.092416,8,380.55874
-23.402314,8,380.563278
2.501934,8,380.578497
-126.936854,8,380.593636
-44.447924,8,380.608597
-54.651901,8,380.622551
-15.983702,8,380.63519
-13.018935,8,380.648599
-2.346008,8,380.648599
-72.267534,8,380.675579
5.490762,8,380.696156
-39.195144,8,380.707981
-24.61657,8,380.722478
-117.422354,8,380.738064
-27.768304,8,380.754736
-14.788866,8,380.773606
-19.5777,8,380.78825
2.71792,8,380.801
-51.893833,8,380.809005
-58.172632,8,380.818152
6.573211,8,380.826191
-10.983777,8,380.829937
-16.375462,8,380.853385
3.913675,8,380.87366
-6.007258,8,380.879957
-10.401689,8,380.910071
-38.957044,8,380.925038
-9.850101,8,380.939522
-38.596168,8,380.958426
6.133092,8,381.199841
-12.064824,8,381.206676
-2.197777,8,381.217391
-3.142776,8,381.225759
-45.401899,8,381.235898
-50.145315,8,381.24431
-46.041516,8,381.258582
-11.87846,8,381.269174
-5.133009,8,381.27886
-4.234093,8,381.288049
-1.734418,8,381.300982
-63.744496,8,381.311661
-21.757434,8,381.321626
-0.622913,8,381.329906
-43.299112,8,381.337805
-76.837678,8,381.345058
-15.734242,8,381.355258
-97.657251,8,381.365575
3.416765,8,381.373993
-31.085674,8,381.389336
-13.177705,8,381.399818
-14.385249,8,381.411411
-76.617568,8,381.427165
-42.168383,8,381.439564
-9.870492,8,381.450893
-96.016239,8,381.46398
-4.349801,8,381.479468
-74.485721,8,381.493556
-22.82346,8,381.504474
-80.481444,8,381.511421
3.191947,8,381.527943
-107.047088,8,381.544566
-21.585356,8,381.789176
5.6315,8,381.798631
-101.673819,8,381.807257
3.137825,8,381.816536
-67.540909,8,381.827507
-82.214441,8,381.835514
-24.214362,8,381.844513
-21.133852,8,381.85341
9.58567,8,381.866994
-21.81337,8,381.879559
-114.406164,8,381.892716
-25.62328,8,381.903854
3.664978,8,381.91998
-43.039092,8,381.929581
-46.626957,8,381.939221
4.322916,8,381.951713
-49.181004,8,381.959704
-17.168597,8,381.972978
-0.399886,8,381.990145
-14.994181,8,382.002144
-16.025915,8,382.013639
-144.833397,8,382.024677
-47.114648,8,382.031683
-29.769942,8,382.039737
4.067519,8,382.055643
9.608215,8,382.067759
-37.985612,8,382.078753
-57.638367,8,382.086496
-4.949715,8,382.092495
-2.561379,8,382.107038
-40.912211,8,382.118564
-0.961277,8,382.128467
-14.321985,8,382.315147
-121.393462,8,382.327234
-29.780887,8,382.338135
-8.951163,8,382.348674
-16.22849,8,382.358235
-108.058458,8,382.370042
2.471145,8,382.384196
-33.918448,8,382.394
-47.545541,8,382.40326
-186.082783,8,382.410508
-0.212716,8,382.42005
-35.078084,8,382.430774
-37.992166,8,382.444362
-138.638402,8,382.452787
-63.472384,8,382.467623
-7.380378,8,382.476082
-51.087567,8,382.485674
-116.242657,8,382.500389
-52.553618,8,382.507389
-12.019701,8,382.516446
3.62966,8,382.527412
2.524685,8,382.539418
-147.694048,8,382.555474
-141.161567,8,382.567785
-78.886563,8,382.578776
-5.163508,8,382.586385
5.213645,8,382.592377
8.620059,8,382.599805
-36.137107,8,382.605806
-55.966786,8,382.611805
-64.181268,8,382.625346
-22.264539,8,382.636209
-31.821049,8,382.826174
-50.319724,8,382.835042
-72.289211,8,382.844041
-73.420709,8,382.852639
5.175151,8,382.859639
-81.7058,8,382.870779
-52.098149,8,382.882074
-85.489227,8,382.890089
9.803957,8,382.904323
-182.378129,8,382.913271
-5.063913,8,382.924444
-111.787588,8,382.934558
-45.641424,8,382.941556
-0.928233,8,382.94999
-23.083296,8,382.956993
-43.507295,8,382.965465
-19.09667,8,382.977464
-21.15673,8,382.988163
-59.672636,8,382.998687
-9.681526,8,383.006688
-92.041897,8,383.022554
-0.837905,8,383.033976
6.004671,8,383.04498
4.315116,8,383.059924
-113.262273,8,383.073633
-182.62014,8,383.088306
-42.022596,8,383.099858
-12.311749,8,383.107869
11.070733,8,383.117603
-4.637244,8,383.125603
-18.44181,8,383.141224
-16.439769,8,383.153882
-22.447424,8,383.407654
-3.787632,8,383.418104
-5.448156,8,383.428098
-3.417281,8,383.449743
0.824904,8,383.460744
-9.482482,8,383.481625
-17.164425,8,383.494066
-79.830243,8,383.510065
-55.011482,8,383.523707
-41.784493,8,383.532605
-30.176788,8,383.543605
-26.641828,8,383.555051
-57.369488,8,383.566531
-44.597507,8,383.575051
-107.226813,8,383.599379
-135.013115,8,383.611412
0.252031,8,383.629519
-42.955692,8,383.645231
8.650168,8,383.658318
6.325889,8,383.670929
-3.107193,8,383.682285
3.742871,8,383.691106
-28.598259,8,383.707152
-0.620321,8,383.719133
-45.831264,8,383.731889
1.783127,8,383.748199
-19.319833,8,383.760884
-1.244285,8,383.769124
-136.100273,8,383.783689
-28.869985,8,383.795121
-63.795709,8,383.802588
-57.616463,8,383.817358
-32.804092,8,384.025787
-6.285939,8,384.039037
-36.527701,8,384.047109
-19.897696,8,384.060818
2.224965,8,384.072359
-22.236818,8,384.082142
-109.81707,8,384.090211
-4.404294,8,384.099258
-108.917072,8,384.110982
-61.472715,8,384.127571
-84.730612,8,384.135556
-75.545997,8,384.152765
-13.185491,8,384.164914
-123.066119,8,384.172162
-40.087088,8,384.182532
0.020403,8,384.192427
9.024283,8,384.204064
-31.813865,8,384.216429
-14.43791,8,384.22787
-23.432282,8,384.23634
0.850018,8,384.252671
5.967307,8,384.274269
-6.03904,8,384.287242
-62.811709,8,384.300311
7.905651,8,384.302881
-101.002887,8,384.319089
-24.607601,8,384.329618
1.054906,8,384.336236
-32.586663,8,384.350354
-3.273781,8,384.352859
-67.17176,8,384.365041
-99.534799,8,384.369572
8.691235,8,384.596931
-4.183942,8,384.611249
-75.246583,8,384.633281
3.997403,8,384.64528
-98.824463,8,384.654811
-169.049244,8,384.662464
-6.527031,8,384.673742
-14.670601,8,384.68467
-105.428174,8,384.694046
-27.383336,8,384.703825
-1.324897,8,384.717574
-51.640061,8,384.726088
-23.521872,8,384.742574
-76.439173,8,384.754249
-149.700142,8,384.773534
2.24232,8,384.787272
-13.80302,8,384.799587
-25.127458,8,384.808514
-33.377315,8,384.81897
-1.760349,8,384.830173
-17.324054,8,384.841784
-77.401641,8,384.857503
7.217216,8,384.86722
-90.587118,8,384.878301
-16.372062,8,384.889387
-13.89822,8,384.90161
-110.022806,8,384.909096
-103.036091,8,384.924378
-5.878617,8,384.935644
-28.332236,8,384.942119
-20.747617,8,384.951098
-29.131801,8,384.962166
-149.027639,8,385.217467
-46.956976,8,385.228271
-117.972143,8,385.239265
6.619961,8,385.249262
3.105367,8,385.261768
-7.95191,8,385.271228
-11.634919,8,385.284724
-68.719134,8,385.311009
-11.668552,8,385.320697
-32.809981,8,385.333588
2.826891,8,385.34513
-97.727802,8,385.355201
-22.559532,8,385.36744
-72.152334,8,385.377437
-5.624867,8,385.387117
-44.675091,8,385.399224
-89.210063,8,385.413143
-14.558932,8,385.423847
-0.442967,8,385.43224
-4.749961,8,385.445186
-29.633306,8,385.467463
-138.531246,8,385.482242
-94.407521,8,385.490464
-53.550688,8,385.501439
-6.774475,8,385.508813
-75.188437,8,385.521531
3.199287,8,385.532134
2.845408,8,385.542352
-20.921211,8,385.553234
-19.043731,8,385.568944
-18.556629,8,385.583354
-114.120151,8,385.59394
-47.764392,8,385.932256
-39.841852,8,385.946249
-26.869142,8,385.970723
-5.169852,8,385.985807
-0.784003,8,386.003263
-17.738734,8,386.015042
-19.40167,8,386.028789
-163.478229,8,386.045191
-13.71688,8,386.059548
-89.801663,8,386.070864
8.407344,8,386.084328
-6.972042,8,386.094825
-22.180714,8,386.112455
-32.999338,8,386.132917
-1.099402,8,386.146912
-2.174735,8,386.159126
-18.732945,8,386.170227
4.298278,8,386.178222
7.606639,8,386.20939
-56.146348,8,386.272274
-6.068206,8,386.363085
-24.192984,8,386.375085
-30.207935,8,386.401106
-24.494245,8,386.418924
-54.654803,8,386.431901
-28.346982,8,386.456239
-45.000079,8,386.475609
-15.329385,8,386.48682
-16.047781,8,386.494833
-52.152195,8,386.50697
1.802241,8,386.538276
-48.265602,8,386.549421
5.3283,8,386.787654
-29.360973,8,386.798092
-1.610023,8,386.808636
-86.676734,8,386.824021
-29.715975,8,386.834857
-19.105482,8,386.844332
1.787036,8,386.860795
-60.07945,8,386.872152
-8.526576,8,386.883716
-40.359764,8,386.895816
-93.167605,8,386.906501
6.438179,8,386.916815
0.298422,8,386.924815
-35.039858,8,386.94199
-14.206628,8,386.951623
-146.792503,8,386.960321
-32.511864,8,386.968767
-163.087,8,386.976354
-82.934045,8,386.996937
-2.960517,8,387.00967
-1.712168,8,387.021559
-98.955282,8,387.035273
-12.281482,8,387.051124
-69.756431,8,387.058124
-33.358057,8,387.068645
-18.922372,8,387.081285
-2.318314,8,387.092286
-26.443033,8,387.102044
-42.350726,8,387.108047
-76.961163,8,387.118706
-17.29051,8,387.127652
-1.985233,8,387.139312
-0.182536,8,387.518453
-77.703743,8,387.536617
-51.148004,8,387.554312
-7.151988,8,387.573128
0.790841,8,387.589854
-12.665454,8,387.604084
-62.222412,8,387.632791
-33.776857,8,387.655359
-8.751411,8,387.674778
-60.00469,8,387.694332
-58.864567,8,387.713601
-25.394217,8,387.757928
-63.238107,8,387.786467
-32.706782,8,387.808622
-83.175348,8,387.826144
-86.171588,8,387.852944
-44.025878,8,387.869292
-30.156442,8,387.885394
-38.395252,8,387.897375
-80.778208,8,387.91137
-83.762213,8,387.933455
-18.376198,8,387.957451
-72.280056,8,387.989725
-8.132479,8,388.012006
-41.878516,8,388.040549
-17.524099,8,388.067423
-2.594967,8,388.08612
-3.294644,8,388.109617
-46.95124,8,388.129205
-60.470204,8,388.154205
-27.865629,8,388.184268
-69.649741,8,388.202647
-8.224313,8,388.529067
3.706574,8,388.54477
-9.534859,8,388.563514
-0.470353,8,388.563851
7.957599,8,388.598998
-57.82757,8,388.627767
-19.002048,8,388.652285
-46.864577,8,388.67052
-39.770634,8,388.69041
-1.236623,8,388.709137
-28.678273,8,388.728566
-8.432356,8,388.752626
-91.166958,8,388.764132
-1.273787,8,388.783581
-14.684219,8,388.799613
-26.355761,8,388.813411
-19.21453,8,388.823126
-8.298679,8,388.841427
-3.684381,8,388.858396
-2.617149,8,388.86952
-73.058222,8,388.878523
-16.546831,8,388.895074
-21.921301,8,388.907429
-55.402369,8,388.921457
-23.415633,8,388.933655
-11.687216,8,388.947761
-2.95905,8,388.98197
-66.7873,8,389.003627
-46.202288,8,389.020773
-89.873206,8,389.044768
-4.335265,8,389.058983
-20.456969,8,389.080559
-83.344105,8,389.538488
-5.724226,8,389.565432
-100.937352,8,389.577432
-62.675822,8,389.593974
2.537216,8,389.607972
-16.511158,8,389.622842
-8.259626,8,389.636699
-8.981522,8,389.651697
-95.22674,8,389.671533
-108.673746,8,389.688358
-25.452484,8,389.70791
-186.815959,8,389.722434
-1.237675,8,389.734948
-3.361668,8,389.747945
-27.940633,8,389.765272
-175.602252,8,389.778274
-33.834698,8,389.802874
-127.79211,8,389.824199
-130.309733,8,389.852731
-46.492968,8,389.875353
-33.933583,8,389.890859
-62.687343,8,389.909317
-20.293595,8,389.938557
-1.779281,8,389.95472
-82.89833,8,389.968882
-5.320539,8,389.985459
-76.557872,8,390.001983
-1.504301,8,390.023494
-3.134525,8,390.042657
-26.010424,8,390.059568
-6.294797,8,390.077471
-162.219192,8,390.085743
-2.729099,8,390.419495
-68.391589,8,390.433283
-45.485985,8,390.450664
-15.585014,8,390.470904
-33.247796,8,390.495276
4.621005,8,390.516596
-46.171472,8,390.538545
10.345918,8,390.556395
-13.621716,8,390.57578
-62.4642,8,390.59324
-61.472113,8,390.614313
-51.78141,8,390.641487
5.85494,8,390.667567
-83.449038,8,390.687988
-15.602373,8,390.724779
-19.284347,8,390.754666
-69.905924,8,390.778602
-68.279649,8,390.802115
-17.90749,8,390.824481
-1.26323,8,390.844143
-58.92452,8,390.868401
-6.319016,8,390.887979
2.99641,8,390.907706
-84.492123,8,390.927792
-11.138041,8,390.944863
-49.545834,8,390.973215
-21.303967,8,390.998954
-27.357861,8,391.021766
2.062649,8,391.053287
4.351797,8,391.078546
-9.99312,8,391.094244
-94.355805,8,391.115799
-42.127499,8,391.677885
-32.70977,8,391.70411
-63.846141,8,391.742125
-60.261072,8,391.77664
-54.99958,8,391.794984
-0.385517,8,391.813227
-28.064639,8,391.836981
-52.440773,8,391.858097
-87.819514,8,391.903859
-28.814604,8,391.922838
-31.232925,8,391.941207
-52.249514,8,391.962263
-21.951237,8,391.987095
-104.916267,8,392.019265
2.008821,8,392.041717
-35.369652,8,392.060378
2.259078,8,392.080829
-25.093187,8,392.102614
-99.853759,8,392.13257
-104.500095,8,392.150906
-2.651016,8,392.170156
3.727451,8,392.201087
-6.753455,8,392.221254
-165.016645,8,392.249382
-30.494175,8,392.269413
-8.298204,8,392.290389
-20.176621,8,392.308455
-6.41912,8,392.326896
4.736057,8,392.354465
-55.043742,8,392.373731
-34.86903,8,392.389901
-4.638776,8,392.409195
-92.391154,8,392.919271
-52.932162,8,392.945808
-91.894934,8,392.964283
-62.167761,8,392.981545
-80.454474,8,393.000755
-25.824824,8,393.017867
-81.88996,8,393.049228
-81.620586,8,393.067583
-63.123199,8,393.091756
-150.509998,8,393.111273
-87.734929,8,393.132604
-48.605262,8,393.160676
-2.543899,8,393.191187
-7.989126,8,393.213166
7.694022,8,393.242343
-174.006157,8,393.257487
-0.795522,8,393.27129
-12.652282,8,393.28346
-10.890473,8,393.302753
-20.730437,8,393.31801
-22.29109,8,393.331621
1.018465,8,393.339852
0.264473,8,393.352108
-19.517398,8,393.3581
3.755287,8,393.38028
-12.139398,8,393.395323
-97.346111,8,393.418996
-78.842692,8,393.433778
-20.713255,8,393.449758
-15.758107,8,393.466969
-61.340311,8,393.477166
-0.197124,8,393.498398
-1.425501,8,393.96349
-74.820504,8,394.005036
-70.651527,8,394.029338
-21.970105,8,394.05072
-121.263897,8,394.07863
-20.689658,8,394.114324
-45.664936,8,394.133063
-57.067632,8,394.161001
-1.756069,8,394.182798
3.334883,8,394.203893
-128.876896,8,394.22687
-37.555815,8,394.245928
-3.856448,8,394.25792
-104.957743,8,394.271464
-26.158763,8,394.283368
-7.560166,8,394.294391
-41.964416,8,394.315242
-1.471577,8,394.329774
-58.842374,8,394.344016
-85.506159,8,394.366997
-17.331631,8,394.377001
-98.860516,8,394.391423
-64.71122,8,394.4074
5.896586,8,394.428805
-61.024865,8,394.444669
0.943772,8,394.460224
5.494338,8,394.475504
0.74761,8,394.490497
-78.48094,8,394.504151
-9.377931,8,394.518508
-32.735689,8,394.544433
-20.798969,8,394.560436
-102.488926,8,395.019361
-1.94432,8,395.034448
-0.584488,8,395.052937
-16.310793,8,395.071716
-3.473336,8,395.091688
-14.246359,8,395.121905
-126.198139,8,395.142285
-75.48692,8,395.161515
3.07483,8,395.185613
1.953761,8,395.211103
-3.202368,8,395.239679
-199.510034,8,395.256651
-19.289595,8,395.307963
-32.784556,8,395.341399
-112.017223,8,395.361665
-79.680503,8,395.381551
-99.880817,8,395.400124
-17.393631,8,395.416348
-92.022248,8,395.433826
-112.108418,8,395.458257
-31.962357,8,395.477076
-15.225833,8,395.494429
-7.995077,8,395.512485
-34.756334,8,395.530544
-58.690183,8,395.550134
-47.596493,8,395.5845
-120.137136,8,395.60433
-55.120345,8,395.622425
5.217317,8,395.639555
-68.615373,8,395.653708
-2.486941,8,395.666922
-52.565527,8,395.685695
-54.769325,8,396.087353
-18.517807,8,396.10327
5.415117,8,396.12254
-51.786753,8,396.147182
-1.223613,8,396.161647
-3.9138,8,396.187054
-77.600698,8,396.20412
-20.201842,8,396.217246
-2.014914,8,396.227233
-52.971421,8,396.243247
-80.336895,8,396.269207
-13.817916,8,396.284704
-101.065613,8,396.30281
-0.010821,8,396.321973
-20.212397,8,396.338511
4.061638,8,396.353163
2.506248,8,396.372894
5.640246,8,396.390527
3.917894,8,396.410645
-99.462763,8,396.423455
-106.814366,8,396.438872
4.439242,8,396.451205
-103.041873,8,396.463546
-57.742193,8,396.475723
-1.773645,8,396.494315
-13.707237,8,396.509398
0.757634,8,396.523692
-82.50679,8,396.544041
-6.049815,8,396.563038
-180.541082,8,396.589765
-13.151527,8,396.625366
-68.911332,8,396.648109
-51.0742,8,397.129997
-2.300924,8,397.150733
-35.85078,8,397.169384
-34.078789,8,397.201728
-32.304318,8,397.217332
1.501904,8,397.234014
-87.304655,8,397.249723
-2.955212,8,397.269339
-29.460185,8,397.285575
-95.749527,8,397.309703
-81.853147,8,397.331955
-4.204385,8,397.360909
-20.027906,8,397.381135
-160.546588,8,397.39488
6.387508,8,397.410996
-141.012588,8,397.434463
1.935031,8,397.445468
-3.966369,8,397.456997
-11.729416,8,397.468554
1.86066,8,397.476558
-44.062436,8,397.492213
-67.487242,8,397.5102
-39.384925,8,397.539337
2.84586,8,397.56563
-0.290392,8,397.584557
5.4784,8,397.603964
-55.416025,8,397.623969
-47.013527,8,397.644152
-5.102309,8,397.675711
-3.771485,8,397.867565
-44.733499,8,397.891658
-47.826433,8,397.912182
-102.422343,8,398.501274
-43.839426,8,398.523273
1.017496,8,398.575445
-68.64097,8,398.593815
-125.768879,8,398.622148
-11.018067,8,398.639146
-46.633014,8,398.678627
0.381668,8,398.701916
-62.624646,8,398.721687
-69.150038,8,398.74904
-14.184982,8,398.771214
-19.13686,8,398.791724
-36.318422,8,398.81417
0.515876,8,398.832195
-21.362137,8,398.852514
-92.03373,8,398.871584
-18.661188,8,398.904682
-117.271096,8,398.918657
-82.349184,8,398.938665
-99.462198,8,398.960812
-88.292288,8,398.983908
10.600786,8,399.015864
4.198773,8,399.032727
-92.646996,8,399.043717
-3.185674,8,399.061502
7.337165,8,399.073801
-40.265717,8,399.088609
-55.632455,8,399.106495
-56.090467,8,399.126895
0.032921,8,399.144676
6.608964,8,399.163148
-152.04162,8,399.178147
-94.199931,8,399.543106
-22.551922,8,399.556108
-30.516655,8,399.571555
-0.28794,8,399.591546
-95.511311,8,399.603679
2.975689,8,399.619238
-5.911011,8,399.630237
-64.554892,8,399.642236
-71.84612,8,399.654237
-30.074774,8,399.674238
-77.381746,8,399.694239
-41.696368,8,399.709236
-5.107006,8,399.723376
-121.738876,8,399.73673
-2.550684,8,399.745729
7.647782,8,399.758723
-22.191829,8,399.769996
-20.672709,8,399.777977
-24.239148,8,399.791286
-20.72566,8,399.804266
0.594652,8,399.81627
-34.18001,8,399.826281
-49.755895,8,399.847714
-7.25286,8,399.858738
-135.839549,8,399.87317
-80.33954,8,399.886697
-7.468281,8,399.899443
-40.114616,8,399.920054
2.918889,8,399.937889
-22.756732,8,399.949633
-217.49776,8,399.965514
-24.821049,8,399.988785
-5.060452,8,400.448239
-5.976102,8,400.466015
-83.487728,8,400.497319
-34.059421,8,400.513521
-164.533442,8,400.528514
-91.132796,8,400.543637
-140.276054,8,400.558937
-82.271009,8,400.576295
0.311878,8,400.600257
-41.689402,8,400.613307
-74.465671,8,400.627634
-8.670164,8,400.642645
-40.173165,8,400.66
6.614252,8,400.680057
-1.773482,8,400.694175
3.108478,8,400.721324
-138.937285,8,400.738166
-18.492005,8,400.752682
-93.757193,8,400.768277
-152.682818,8,400.785618
-41.222387,8,400.803622
2.625291,8,400.811626
-1.257593,8,400.823962
-5.617886,8,400.833589
-122.797713,8,400.843559
1.920593,8,400.856271
-68.021711,8,400.87268
-22.335788,8,400.886859
-139.140871,8,400.893859
-4.598391,8,400.904453
-6.746682,8,400.911452
1.283271,8,400.922431
1.615866,8,401.116415
-95.898161,8,401.125419
-53.519261,8,401.135322
-24.581715,8,401.144328
-112.281924,8,401.154605
-1.953413,8,401.168519
-57.727841,8,401.177535
-18.014406,8,401.188048
-5.783208,8,401.202872
-0.480966,8,401.211872
-0.828176,8,401.22273
-41.770936,8,401.232577
-48.606939,8,401.241653
-75.236105,8,401.250456
-75.624967,8,401.258459
3.574099,8,401.267669
-102.335512,8,401.275767
-13.413193,8,401.288465
-72.837541,8,401.297615
5.458652,8,401.306794
-21.086802,8,401.319088
-71.54578,8,401.327076
-84.968696,8,401.338945
-14.561663,8,401.345996
0.77234,8,401.354553
-84.705526,8,401.361042
-15.10057,8,401.37034
-4.803161,8,401.376352
-125.517482,8,401.383282
-149.224921,8,401.390345
-21.740936,8,401.396265
-0.124928,8,401.406276
-17.613893,8,401.581268
-104.702765,8,401.602528
-237.044501,8,401.615762
-44.828708,8,401.623755
-9.074218,8,401.644102
-83.712205,8,401.656903
-5.210455,8,401.668893
-13.793598,8,401.684279
-16.243217,8,401.696278
-108.349085,8,401.706628
-0.936654,8,401.721257
1.887165,8,401.735259
-36.784666,8,401.75426
0.285789,8,401.771388
-76.627916,8,401.7865
-7.203252,8,401.8015
-2.961848,8,401.81648
4.002228,8,401.834514
-9.408316,8,401.847723
-14.064144,8,401.861468
-20.815569,8,401.879854
-31.20018,8,401.890193
-119.619336,8,401.899343
-36.994996,8,401.912695
-48.631784,8,401.92603
-121.297998,8,401.940681
-1.678342,8,401.96088
-18.77596,8,401.97628
-18.30716,8,401.990176
5.216498,8,401.999675
-61.102897,8,402.008679
6.025639,8,402.019792
-5.644376,8,402.300161
-15.593962,8,402.308169
-8.120757,8,402.324428
-4.385599,8,402.336132
1.756838,8,402.348273
-79.774359,8,402.358283
-6.19593,8,402.373081
-5.904028,8,402.383437
-101.768419,8,402.391478
-40.720887,8,402.400697
-45.317973,8,402.410686
-25.353369,8,402.430011
-21.991317,8,402.440009
3.578948,8,402.459609
-87.836185,8,402.483627
-89.94245,8,402.500739
3.130815,8,402.517315
1.281542,8,402.538636
-87.585383,8,402.554662
-29.2441,8,402.575492
-37.923102,8,402.590595
-22.131733,8,402.605877
-76.827312,8,402.614912
-44.369657,8,402.622898
-18.395456,8,402.633644
-96.331989,8,402.641665
0.16949,8,402.655279
-24.860555,8,402.663663
0.434341,8,402.67182
-22.849408,8,402.678818
-35.852273,8,402.687601
-8.56908,8,402.700353
-26.992232,8,402.910984
-6.481289,8,402.920908
-4.65976,8,402.929901
-20.062396,8,402.939538
-5.264836,8,402.950551
-2.613217,8,402.958573
-4.581659,8,402.968541
-42.686403,8,402.976541
-43.52923,8,402.986017
-18.800676,8,403.000211
-56.657486,8,403.010231
-54.711369,8,403.017786
-21.940844,8,403.030797
-18.051518,8,403.03981
-0.587524,8,403.048158
-102.501805,8,403.056163
-75.303872,8,403.06516
9.574752,8,403.072157
5.784674,8,403.080158
-21.25859,8,403.089378
-34.0168,8,403.099689
-22.558311,8,403.112782
-45.124696,8,403.122891
-0.973881,8,403.134887
0.228369,8,403.152897
-1.901937,8,403.1637
-78.576703,8,403.175994
-19.761354,8,403.187547
-1.685887,8,403.198603
-5.20796,8,403.208665
-11.696191,8,403.224742
5.216483,8,403.236236
-83.579497,8,403.454043
-63.693073,8,403.463052
5.309119,8,403.471318
-22.478285,8,403.480225
-119.734473,8,403.488399
-11.980173,8,403.502589
-55.848042,8,403.511584
1.36091,8,403.520952
-22.397037,8,403.528856
1.578457,8,403.537264
5.362586,8,403.545264
-19.128769,8,403.554506
-25.847834,8,403.566406
-108.349073,8,403.573405
-27.876244,8,403.581507
-16.943491,8,403.588506
-11.23993,8,403.595498
-63.349894,8,403.606179
1.325065,8,403.614873
-16.518512,8,403.623967
-37.365621,8,403.632748
-80.417654,8,403.638746
-24.271746,8,403.645742
-1.161158,8,403.654314
-96.119095,8,403.660348
-14.356968,8,403.685827
-26.273851,8,403.692816
-14.997829,8,403.700273
-8.671325,8,403.707288
1.575814,8,403.713757
-36.460123,8,403.725918
-116.846021,8,403.732482
-17.568547,8,403.978516
-21.150025,8,403.989538
-108.256871,8,403.999718
-141.752972,8,404.008717
-11.242653,8,404.023711
-93.65189,8,404.037322
-49.190569,8,404.054782
-100.909595,8,404.071479
-25.536814,8,404.085362
-18.230013,8,404.099364
4.245281,8,404.119827
4.290697,8,404.140003
-72.944216,8,404.15714
-14.000073,8,404.172785
-60.779443,8,404.185176
-134.385653,8,404.195175
-76.919162,8,404.206003
2.430547,8,404.216774
-126.817473,8,404.234752
-64.504334,8,404.250386
-37.870509,8,404.268386
-69.722529,8,404.284587
-3.336982,8,404.336705
-4.718131,8,404.389323
1.010999,8,404.423464
-16.414696,8,404.460891
-48.455689,8,404.509577
4.739102,8,404.539334
9.737364,8,404.570141
-14.09731,8,404.609925
-50.281031,8,404.658419
-3.681271,8,404.705921
-74.619548,8,405.618313
-63.748051,8,405.636969
-16.080902,8,405.673461
-186.795029,8,405.707914
-5.861332,8,405.728985
-7.560922,8,405.759523
-95.330584,8,405.801583
-253.853541,8,405.825161
-2.822772,8,405.851839
5.710406,8,405.888071
-23.674929,8,405.921386
-17.814417,8,405.943507
0.967444,8,405.972507
-149.496288,8,405.997506
-85.56632,8,406.014505
-94.678955,8,406.036517
-3.875544,8,406.061531
-34.548453,8,406.077508
2.677469,8,406.096504
-60.890167,8,406.111518
-51.440886,8,406.127537
-74.556403,8,406.143506
5.60693,8,406.155516
-36.922749,8,406.169505
-29.759275,8,406.18251
3.504561,8,406.194514
-38.62135,8,406.214622
-22.833652,8,406.23696
-121.533675,8,406.284439
-37.457826,8,406.319844
-4.762146,8,406.341046
-72.663053,8,406.367683
-2.854515,8,406.91984
-37.908022,8,406.940085
-92.900385,8,406.961734
-3.181849,8,406.985656
0.76004,8,407.005564
-53.646894,8,407.023565
-46.162576,8,407.044213
-3.030722,8,407.060223
-25.64416,8,407.079712
-28.252742,8,407.115602
-4.746145,8,407.136597
6.004812,8,407.1586
0.231998,8,407.184843
-111.631279,8,407.215754
4.503729,8,407.246914
-123.79231,8,407.268747
-67.13831,8,407.290746
-149.002131,8,407.32958
-15.308996,8,407.362991
-6.773653,8,407.385168
-96.850733,8,407.407925
0.152682,8,407.438787
-21.379249,8,407.474948
0.195109,8,407.501893
5.659476,8,407.526306
-128.968441,8,407.557065
-52.416381,8,407.609384
-96.897708,8,407.641921
-234.746616,8,407.666245
-51.489918,8,407.686029
-27.715032,8,407.722175
-30.577526,8,407.764676
-126.921534,8,408.794478
-49.549517,8,408.833334
-0.376836,8,408.878195
-3.380557,8,408.898923
5.846552,8,408.931329
-73.612551,8,408.965492
-7.862622,8,408.986957
-177.83771,8,409.009337
-65.775675,8,409.053431
-80.780868,8,409.081243
-201.692769,8,409.104318
4.801518,8,409.123158
-153.75693,8,409.158942
-50.921352,8,409.181579
4.100452,8,409.211703
5.382993,8,409.233389
-54.14235,8,409.245384
-172.743142,8,409.281441
1.248927,8,409.302829
-1.497227,8,409.323831
-91.497343,8,409.339441
-32.093958,8,409.356439
-45.746004,8,409.380429
-23.088632,8,409.398046
-7.02386,8,409.419132
4.70817,8,409.43625
-76.498507,8,409.457043
-64.355666,8,409.495048
-31.123565,8,409.516099
-7.349284,8,409.534173
-23.080193,8,409.549454
6.487602,8,409.568395
3.121406,8,410.072252
0.062447,8,410.090113
3.415071,8,410.111879
-8.331949,8,410.133485
-20.413926,8,410.177147
-64.865589,8,410.201309
1.016792,8,410.222405
-89.277032,8,410.256239
-19.404591,8,410.28737
-246.105394,8,410.308585
-25.682388,8,410.334415
-110.319497,8,410.356478
-40.225955,8,410.379756
-51.856381,8,410.408732
2.033252,8,410.430957
-32.680957,8,410.448842
-4.868744,8,410.471219
7.517234,8,410.504098
-15.347851,8,410.526467
-77.207869,8,410.542811
-88.240477,8,410.57559
-33.164313,8,410.594442
-177.824555,8,410.623496
-17.81776,8,410.651983
-63.112425,8,410.674558
0.278745,8,410.69893
5.283379,8,410.724752
-112.784428,8,410.753258
-14.197702,8,410.775378
-7.93985,8,410.811049
-104.13656,8,410.847093
-26.95906,8,410.885943
-17.09333,8,411.337266
3.433452,8,411.355657
-67.446705,8,411.371652
-14.724344,8,411.385143
-17.640954,8,411.400112
-98.393566,8,411.42019
-2.027241,8,411.43422
-0.165462,8,411.451291
-17.821896,8,411.465175
-10.535048,8,411.476552
-148.283023,8,411.489702
-144.097159,8,411.503155
-84.925862,8,411.523932
-112.505277,8,411.548082
-22.522826,8,411.568351
-102.010496,8,411.58435
-80.78575,8,411.59783
4.48308,8,411.610823
-120.756059,8,411.620559
-25.089134,8,411.636125
-47.99389,8,411.648126
-24.416856,8,411.65713
-26.729603,8,411.666582
-50.021838,8,411.681649
-60.88487,8,411.695647
-27.354593,8,411.715889
-30.542303,8,411.73193
-58.574277,8,411.74958
-37.695235,8,411.758587
-76.270051,8,411.772771
-20.921787,8,411.784852
9.719816,8,411.796747
-28.309364,8,412.085225
-24.292236,8,412.093216
0.84651,8,412.113341
-61.120767,8,412.130198
-15.02751,8,412.144205
-50.762842,8,412.157904
-86.967046,8,412.178563
-46.794041,8,412.1914
-20.930806,8,412.206501
-55.029633,8,412.228128
-159.555152,8,412.241787
-96.332958,8,412.259539
-20.619939,8,412.27953
-15.906212,8,412.294325
-20.238891,8,412.310396
-2.08306,8,412.319081
-63.334227,8,412.339293
-134.479727,8,412.353345
-1.144905,8,412.371213
-6.277478,8,412.385988
4.830989,8,412.385988
-6.499534,8,412.408202
-38.256918,8,412.419066
-22.788485,8,412.437778
-10.124031,8,412.457658
-3.431689,8,412.469225
-37.545241,8,412.480737
3.933985,8,412.492863
-44.866734,8,412.50399
-2.789696,8,412.516221
-17.887492,8,412.519449
-74.696389,8,412.545014
-12.252164,8,412.810963
-33.714249,8,412.822963
-50.733284,8,412.833962
-51.86135,8,412.843964
-48.796234,8,412.855467
-19.162005,8,412.866798
-15.60896,8,412.877789
-21.238785,8,412.931365
-139.456473,8,412.958427
3.516936,8,412.969509
-43.446675,8,412.982509
1.417108,8,413.008632
-52.571771,8,413.023737
-34.883087,8,413.044296
-177.772879,8,413.061344
-97.918712,8,413.082687
-56.557908,8,413.094471
-3.205362,8,413.110563
1.123636,8,413.124805
-193.926936,8,413.138795
-9.542633,8,413.171653
6.332357,8,413.19138
-102.862303,8,413.211552
-4.751897,8,413.23536
-103.022206,8,413.267826
-32.511261,8,413.285359
-108.850081,8,413.302371
-117.464821,8,413.320207
-29.580325,8,413.334515
-49.433829,8,413.351061
-82.885294,8,413.368158
-190.787633,8,413.388354
9.374769,8,413.849318
-0.005997,8,413.866547
-46.462977,8,413.878542
-43.658597,8,413.890256
-7.037144,8,413.91012
-50.33117,8,413.924439
-65.343061,8,413.936269
-1.174126,8,413.951675
1.717469,8,413.966585
-3.491965,8,413.980151
-99.341656,8,413.992396
-35.379783,8,414.004825
-39.806335,8,414.018798
2.452935,8,414.026797
-23.206293,8,414.036585
-11.203585,8,414.044584
-4.126813,8,414.054027
3.561816,8,414.068312
-22.309348,8,414.092058
0.787924,8,414.107623
-74.084727,8,414.123852
-21.322764,8,414.132453
-19.537444,8,414.139985
-145.468651,8,414.150857
-33.313998,8,414.161858
-39.790631,8,414.168876
-38.689748,8,414.187835
7.070035,8,414.201643
-15.945924,8,414.21555
-12.501714,8,414.230185
-41.469979,8,414.241464
-23.129256,8,414.251976
-60.852084,8,414.948972
-32.654142,8,414.965788
-1.57369,8,414.987358
-7.00624,8,414.998671
-35.736543,8,415.011087
-33.624374,8,415.04077
5.662815,8,415.069686
-13.032615,8,415.099396
-56.500284,8,415.12131
-1.57316,8,415.140162
-146.570714,8,415.160927
1.390919,8,415.174938
-124.347489,8,415.19019
-55.934538,8,415.209532
6.485015,8,415.222685
-4.947054,8,415.235248
-126.369815,8,415.252
-50.228891,8,415.261148
-3.01677,8,415.277596
3.065858,8,415.295033
-65.499922,8,415.326067
-43.48796,8,415.344724
4.541942,8,415.358572
-112.21732,8,415.380375
-28.476514,8,415.391098
-111.936179,8,415.397542
-20.967849,8,415.419598
-8.777081,8,415.434177
-85.895796,8,415.447964
-5.213835,8,415.463552
-61.824422,8,415.475995
-21.988654,8,415.485274
-83.174814,8,415.786418
0.026311,8,415.801496
-0.178994,8,415.815562
-2.875743,8,415.83845
-14.073116,8,415.855095
2.610905,8,415.8715
-5.094561,8,415.89414
-88.835666,8,415.909109
-91.493785,8,415.925504
-14.023225,8,415.937322
-82.494856,8,415.949812
3.448817,8,415.962898
-38.867212,8,415.975563
-11.32524,8,415.986301
-55.975831,8,416.010875
-61.860016,8,416.035092
1.137716,8,416.052088
-40.877853,8,416.07159
-24.049604,8,416.088164
-12.010503,8,416.10356
-7.090435,8,416.125446
-39.659344,8,416.141107
-13.206451,8,416.164235
-40.161636,8,416.182686
-12.110344,8,416.208382
-58.008094,8,416.231294
1.902368,8,416.24988
-21.977891,8,416.264671
14.162373,8,416.290303
-41.830887,8,416.32356
-196.297829,8,416.337462
-7.365082,8,416.346857
-29.423868,8,416.712178
-26.341643,8,416.726972
-67.862388,8,416.741817
-120.245136,8,416.757178
-70.327058,8,416.768883
-6.588027,8,416.788183
-36.603065,8,416.802025
-52.408779,8,416.813376
-112.115202,8,416.833321
5.967099,8,416.850057
-10.909135,8,416.864789
-4.424934,8,416.875795
-8.850003,8,416.887115
-14.283185,8,416.90244
-68.315565,8,416.912779
10.876731,8,416.925542
7.413539,8,416.936312
-5.645285,8,416.955005
-30.441118,8,416.970546
-22.326746,8,416.982505
-152.725128,8,416.999913
-40.941767,8,417.031327
-13.344073,8,417.052559
5.574852,8,417.060569
-129.265187,8,417.071839
-89.69238,8,417.083907
-39.572099,8,417.08478
-14.077064,8,417.105932
-98.32091,8,417.115682
-113.632024,8,417.135478
-120.76561,8,417.150935
3.239261,8,417.158938
-49.993762,8,417.503244
-18.452849,8,417.518156
-56.78312,8,417.535431
5.641106,8,417.54797
-66.118243,8,417.574466
0.440933,8,417.587816
-32.973462,8,417.602441
-15.029355,8,417.612462
-5.033387,8,417.623203
8.854813,8,417.631322
-46.703186,8,417.640786
-1.347108,8,417.648106
-27.814777,8,417.664977
-54.257131,8,417.665853
-66.978417,8,417.694921
-59.236356,8,417.705952
-10.20989,8,417.71457
-40.45691,8,417.71457
-10.406762,8,417.731364
-7.786622,8,417.731364
0.229154,8,417.748359
-13.876263,8,417.748359
-39.235939,8,417.766705
-63.894603,8,417.786559
-40.902086,8,417.802318
-41.512773,8,417.815019
-56.788613,8,417.831426
-50.16507,8,417.850123
-48.648748,8,417.870995
-119.548942,8,417.889492
-23.320047,8,417.898893
1.411094,8,417.920714
-58.952554,8,418.296935
-22.423347,8,418.30928
-148.759245,8,418.321726
-76.316858,8,418.33245
4.966543,8,418.340449
-113.923005,8,418.358158
4.89263,8,418.370752
-140.704243,8,418.398134
0.967139,8,418.419724
-119.61786,8,418.434677
-5.140812,8,418.470578
-45.071078,8,418.50851
-13.44316,8,418.532579
-4.535366,8,418.550106
4.090275,8,418.571738
2.131716,8,418.59439
-24.586317,8,418.623724
-2.465822,8,418.655924
-11.92218,8,418.679323
6.324671,8,418.708036
-2.480816,8,418.744521
-43.766761,8,418.769368
-12.069163,8,418.788476
2.17326,8,418.808069
-70.562236,8,418.827887
-17.149221,8,418.852705
-6.362779,8,418.869775
-74.017229,8,418.881457
1.327504,8,418.900919
6.486458,8,418.920758
-41.585374,8,418.940897
-59.396256,8,418.959159
1.257581,8,419.38256
-0.642168,8,419.398103
5.081075,8,419.421416
3.676851,8,419.441275
-11.022162,8,419.460267
0.680657,8,419.482601
-25.56204,8,419.503313
-54.757639,8,419.521032
-14.856446,8,419.548034
-111.907664,8,419.566332
-32.913872,8,419.571115
-32.552893,8,419.589635
-40.511241,8,419.610174
-29.729107,8,419.622525
-30.844651,8,419.637038
-1.578902,8,419.654147
-69.205169,8,419.667664
-20.934226,8,419.683855
-6.793497,8,419.698138
-18.613892,8,419.709154
-73.041826,8,419.726358
-2.130735,8,419.731046
-61.014289,8,419.748435
-136.890434,8,419.782236
-38.896163,8,419.799489
-20.259331,8,419.821147
-66.108094,8,419.83414
-52.411722,8,419.848205
-69.050011,8,419.860046
-53.617626,8,419.880132
-25.448249,8,419.894755
-31.470881,8,419.912122
-3.890481,8,420.191189
-52.791429,8,420.205415
-56.470647,8,420.222502
0.523253,8,420.234369
5.257194,8,420.248005
-174.716289,8,420.271737
-20.355522,8,420.287229
-52.367517,8,420.303147
-39.985891,8,420.319125
-99.125209,8,420.329127
-33.998339,8,420.340128
2.575166,8,420.349999
-108.008716,8,420.360021
-84.294471,8,420.369004
-18.756909,8,420.377996
-69.470767,8,420.390008
1.478099,8,420.400186
-37.197147,8,420.408174
-4.564247,8,420.42354
-26.784135,8,420.435615
-67.298281,8,420.442615
-35.887641,8,420.450605
-192.997283,8,420.456609
-44.608122,8,420.466082
-87.755403,8,420.476094
-26.941642,8,420.483328
-221.933241,8,420.489347
-2.8015,8,420.497046
0.685492,8,420.503603
-40.876911,8,420.5106
-89.871984,8,420.521256
2.295438,8,420.533465
-5.019682,8,420.75788
0.775523,8,420.771033
-78.106665,8,420.779016
4.432405,8,420.788533
-59.445472,8,420.797515
-91.533248,8,420.806067
5.899936,8,420.816353
-0.331062,8,420.834143
12.164395,8,420.852958
-66.418803,8,420.866185
-59.948707,8,420.879464
-3.428297,8,420.885478
-5.073799,8,420.899523
-126.007837,8,420.909496
-22.094444,8,420.922971
-41.844574,8,420.935353
-94.04837,8,420.944352
-138.196562,8,420.955662
-0.822434,8,420.962674
-10.301872,8,420.971678
-37.179518,8,420.978674
-51.623257,8,420.988923
-59.7906,8,420.996954
-107.7628,8,421.00464
-70.412938,8,421.010791
-8.955634,8,421.026543
-69.03705,8,421.039493
-3.557973,8,421.042508
-123.347515,8,421.05819
-55.078825,8,421.07232
-23.377364,8,421.084305
-4.48978,8,421.104246
7.647467,8,421.358768
-5.5857,8,421.390046
-52.844905,8,421.411175
2.531871,8,421.429592
-97.024578,8,421.474668
5.307673,8,421.492033
0.164634,8,421.510338
-13.751596,8,421.532068
-40.617933,8,421.554114
-63.880915,8,421.589895
-3.316783,8,421.617453
1.773155,8,421.640723
-67.235805,8,421.67974
-41.34499,8,421.721655
-24.194367,8,421.742212
-169.816117,8,421.768252
-52.989253,8,421.78646
-10.605868,8,421.812068
-117.17384,8,421.840299
-65.136664,8,421.870532
-74.179397,8,421.960557
-54.085727,8,421.994117
-61.597581,8,422.019815
-86.683731,8,422.058905
-0.490967,8,422.082851
-54.388291,8,422.138431
-84.316962,8,422.165881
-110.994021,8,422.183613
-9.174817,8,422.204831
-78.787917,8,422.242956
0.470739,8,422.256332
-75.129487,8,422.285086
2.583654,8,423.103098
-7.076619,8,423.155489
-102.931429,8,423.176001
-5.176724,8,423.199109
-93.648024,8,423.217516
-2.279593,8,423.286615
2.558152,8,423.31005
3.620908,8,423.363759
-140.98575,8,423.393073
8.099385,8,423.469613
-20.826205,8,423.490247
-3.057744,8,423.531563
-8.008406,8,423.55396
-147.338485,8,423.585055
2.694572,8,423.616559
-59.99732,8,423.646016
-38.204537,8,423.668979
-178.456457,8,423.690614
-24.913086,8,423.718264
-127.79292,8,423.740157
-38.168036,8,423.780407
-24.241248,8,423.953027
-60.945139,8,424.06874
-18.030669,8,424.109623
-33.205933,8,424.182689
-104.65427,8,424.206208
-141.076847,8,424.232077
-9.225143,8,424.254009
1.225883,8,424.300227
-92.806983,8,424.334675
-17.420767,8,424.362412
-81.685504,8,424.39915
6.537181,8,424.824946
-36.739193,8,424.84014
-17.827396,8,424.866706
-70.930717,8,424.888732
-21.317484,8,424.903371
-42.447829,8,424.923118
6.882623,8,424.948262
5.358982,8,424.96816
-22.321008,8,424.985512
-199.949071,8,425.004568
-112.154683,8,425.020883
-24.153948,8,425.038889
-30.902085,8,425.05803
-4.692024,8,425.068111
-94.263889,8,425.08372
-23.597799,8,425.115141
-86.859991,8,425.125303
-35.766544,8,425.127315
5.714203,8,425.159992
4.486603,8,425.180026
-77.906664,8,425.196165
3.004841,8,425.212162
-2.555298,8,425.224018
-33.83078,8,425.235634
-58.825889,8,425.252808
-21.698481,8,425.26657
-63.356269,8,425.286701
-34.587634,8,425.305498
-24.189703,8,425.320042
-141.71794,8,425.331009
-16.923221,8,425.341118
-41.458362,8,425.350713
-31.654797,8,425.694471
-0.538059,8,425.710307
-41.42475,8,425.730161
1.264846,8,425.75188
7.804996,8,425.771973
-134.982523,8,425.786929
-8.582389,8,425.802478
5.802258,8,425.816889
-49.306665,8,425.835534
-36.084548,8,425.853551
-8.41661,8,425.866551
-88.060417,8,425.880552
-26.927282,8,425.892173
-127.650731,8,425.902894
-123.473752,8,425.911497
-5.492407,8,425.91989
1.571644,8,425.928334
-18.686599,8,425.938629
-98.063888,8,425.958042
-13.59103,8,425.977321
-42.385724,8,426.020247
-1.747421,8,426.079049
-83.758089,8,426.10761
-40.741799,8,426.127364
-95.688627,8,426.144345
-2.276161,8,426.166891
-8.730718,8,426.198193
-2.008302,8,426.220767
-92.650581,8,426.243413
-48.823782,8,426.265114
-22.368022,8,426.28547
-21.190668,8,426.311204
-30.784451,8,426.580097
4.227697,8,426.633133
-124.592802,8,426.64906
-15.229569,8,426.651068
-6.57255,8,426.6689
-17.665235,8,426.67691
-36.897495,8,426.690418
-33.464615,8,426.696177
-99.650783,8,426.709802
-75.504179,8,426.711811
-72.765921,8,426.738081
-7.40435,8,426.751627
-19.347066,8,426.764806
-27.062134,8,426.775363
-0.084862,8,426.802146
-20.531497,8,426.807092
-139.892961,8,426.807092
-17.458134,8,426.831036
-95.49728,8,426.846497
-53.962764,8,426.855713
-22.509447,8,426.869446
0.630597,8,426.886668
7.816454,8,426.905521
-4.078513,8,426.920193
-18.419987,8,426.933674
-43.950603,8,426.947887
4.8005,8,426.982809
0.035038,8,427.000272
-107.039413,8,427.018113
-8.22289,8,427.037815
-32.497968,8,427.059428
-103.306565,8,427.0824
-34.510992,8,427.414893
-53.94579,8,427.427839
-45.736363,8,427.439184
-1.750831,8,427.45406
-48.825837,8,427.467338
-19.616562,8,427.479164
-80.866473,8,427.498315
-28.91722,8,427.510687
2.446815,8,427.529746
-55.049245,8,427.545171
0.292406,8,427.553512
-74.286249,8,427.563011
-96.845865,8,427.575647
-83.647765,8,427.586113
-66.52144,8,427.595573
-91.617661,8,427.609376
-5.049673,8,427.62185
-0.775935,8,427.640777
-22.601794,8,427.652547
-0.699497,8,427.666167
-69.187231,8,427.674
-44.146075,8,427.680232
-110.827819,8,427.689909
5.545519,8,427.697126
4.135076,8,427.70702
-3.441623,8,427.714356
-3.51184,8,427.724445
-20.869683,8,427.740599
1.569286,8,427.753783
-57.994828,8,427.760234
-17.635001,8,427.77215
-43.246602,8,427.790441
-5.498885,8,427.99468
0.458161,8,428.015338
-59.114564,8,428.025383
-16.749564,8,428.033913
-45.035128,8,428.04781
-5.591939,8,428.062731
-12.232032,8,428.094446
3.970355,8,428.116884
-20.779817,8,428.139602
-126.291738,8,428.163341
-64.5726,8,428.193473
-128.380631,8,428.216166
-23.977251,8,428.241932
8.383042,8,428.261074
-16.737421,8,428.288738
-70.705884,8,428.317982
-72.156545,8,428.331348
-0.269493,8,428.345742
-3.852914,8,428.36167
-104.50298,8,428.377554
-6.202636,8,428.389671
-85.684025,8,428.403303
-55.278719,8,428.419691
-99.41685,8,428.429048
-28.095744,8,428.438966
-22.763654,8,428.460984
-141.47787,8,428.460984
-95.435554,8,428.476809
-17.282291,8,428.492917
-1.65248,8,428.492917
0.81425,8,428.508891
-23.880401,8,428.508891
-33.612105,8,428.812425
-19.793187,8,428.824141
-47.769067,8,428.834522
-18.561425,8,428.84393
-2.217059,8,428.86274
-20.778948,8,428.883616
-26.413201,8,428.89513
-79.566209,8,428.905022
-16.1017,8,428.91481
-25.926827,8,428.925678
-107.308533,8,428.936009
-20.666253,8,428.945893
-4.26246,8,428.960338
-110.788753,8,428.976104
-32.524987,8,428.986798
-21.791671,8,428.99666
-13.035583,8,429.011958
-26.360397,8,429.03359
-35.880067,8,429.049167
-91.162457,8,429.063065
-15.050027,8,429.085064
-4.529751,8,429.093438
-40.878857,8,429.103132
-37.378381,8,429.114766
-0.207114,8,429.126762
-67.047373,8,429.139601
-74.740785,8,429.151259
7.763851,8,429.157531
-90.546224,8,429.171397
-113.807134,8,429.180565
-67.346517,8,429.206166
2.769377,8,429.214675
-7.124036,8,429.417411
-66.059049,8,429.427379
-17.303009,8,429.440387
-20.288532,8,429.448655
-11.377248,8,429.45866
-27.407179,8,429.468177
-3.8231,8,429.477831
-3.716938,8,429.487349
-16.64957,8,429.496038
-20.297917,8,429.505617
-22.870478,8,429.525581
-26.963817,8,429.536244
-5.974644,8,429.5459
-29.463906,8,429.560279
-22.072747,8,429.570702
-11.346683,8,429.584186
-22.954218,8,429.59663
-5.754095,8,429.610641
-66.535944,8,429.626408
-0.818006,8,429.644981
7.936687,8,429.658949
-16.848446,8,429.675953
-22.976288,8,429.699864
-28.527237,8,429.72122
-116.12281,8,429.735255
-67.988031,8,429.753749
0.049779,8,429.771642
2.999789,8,429.783227
-12.476537,8,429.783227
-16.646465,8,429.799119
-13.373809,8,429.814961
-85.833392,8,429.83107
0.188789,8,430.19275
-146.571127,8,430.221683
-43.233537,8,430.24715
-25.726527,8,430.271126
-25.054452,8,430.28413
6.299923,8,430.301621
-21.181223,8,430.323025
-65.190448,8,430.335175
-134.518217,8,430.345187
-106.384572,8,430.347708
-70.848034,8,430.368551
-160.781417,8,430.38116
-82.820484,8,430.392292
5.216576,8,430.398862
-198.497665,8,430.408424
2.469247,8,430.432153
-18.934774,8,430.439865
-5.910044,8,430.455884
0.601724,8,430.471823
-95.849466,8,430.471823
-3.773833,8,430.49386
-76.543715,8,430.515779
-0.612949,8,430.530781
-18.930264,8,430.55909
-43.574279,8,430.576899
-6.237422,8,430.595897
-24.270935,8,430.612935
-20.696409,8,430.623794
-45.283951,8,430.643641
3.208693,8,430.671851
-13.45581,8,430.699367
-2.205242,8,430.718926
-18.391794,8,431.058332
-7.338047,8,431.075267
-11.156991,8,431.085395
-122.983072,8,431.100513
4.213244,8,431.108766
-68.155667,8,431.145928
-66.432242,8,431.159765
-19.524979,8,431.173618
-43.303034,8,431.185726
-277.510631,8,431.204923
-17.643393,8,431.217557
-24.467055,8,431.233853
-72.549211,8,431.24404
-6.839404,8,431.258702
-73.649894,8,431.258702
-1.518916,8,431.278289
-65.187992,8,431.288379
-10.159207,8,431.298066
-101.311402,8,431.313379
2.20888,8,431.325363
-32.639028,8,431.336339
0.77486,8,431.35781
14.19264,8,431.368388
-73.369331,8,431.377366
-57.067304,8,431.387371
0.224764,8,431.398384
-105.819591,8,431.40866
-116.651028,8,431.418657
-17.296443,8,431.431742
2.425503,8,431.448231
-139.471049,8,431.45722
-40.339857,8,431.475523
-91.814605,8,431.747333
0.842764,8,431.758707
5.408254,8,431.776145
-23.055242,8,431.793705
-51.394849,8,431.814829
13.86416,8,431.83182
-53.343867,8,431.851333
-0.011692,8,431.876091
-6.205678,8,431.901726
-12.457611,8,431.93472
-18.990261,8,431.958771
-186.491693,8,431.979769
-7.685623,8,432.001385
1.510607,8,432.022594
-9.027546,8,432.068478
-19.717266,8,432.090876
-112.205166,8,432.123375
-15.647517,8,432.143816
4.493588,8,432.188102
-17.285747,8,432.248071
-11.570635,8,432.287818
-65.681644,8,432.320541
-7.396441,8,432.346618
-75.147092,8,432.393415
-53.051653,8,432.438415
7.684673,8,432.46295
-74.724546,8,432.490031
-48.845146,8,432.532566
-17.678842,8,432.554922
-36.443361,8,432.592362
-26.860468,8,432.620146
-20.137458,8,432.656823
-4.417111,8,433.087573
3.642305,8,433.112734
-29.294909,8,433.129866
7.845838,8,433.147106
-17.112111,8,433.162343
-36.158317,8,433.178855
2.209077,8,433.195062
-14.364317,8,433.227946
3.356325,8,433.244845
-4.463643,8,433.261848
-14.124199,8,433.278028
-28.797464,8,433.299044
-28.603891,8,433.319136
-54.029157,8,433.344118
-127.890559,8,433.365116
-21.618041,8,433.385168
-36.861202,8,433.403151
-45.678997,8,433.421916
-22.974752,8,433.435926
-21.435926,8,433.454886
-118.432579,8,433.481737
-246.564821,8,433.500945
2.863382,8,433.520183
-18.478893,8,433.530187
-58.147748,8,433.544191
-30.395874,8,433.566153
-9.226478,8,433.58517
-125.000128,8,433.602441
-67.440866,8,433.619438
-49.91832,8,433.638428
-44.80763,8,433.655895
-140.477369,8,433.668686
-59.945545,8,434.024714
-1.212864,8,434.038827
-23.271534,8,434.052574
-11.595981,8,434.064967
3.472096,8,434.074414
4.640589,8,434.083905
0.915818,8,434.091928
-76.430084,8,434.098759
0.448781,8,434.098759
-51.233748,8,434.119945
-47.310719,8,434.136479
7.535055,8,434.148479
-121.257146,8,434.158477
-40.382951,8,434.176909
-0.316467,8,434.192125
-30.55638,8,434.207896
-1.446964,8,434.226904
-0.007672,8,434.239683
2.812331,8,434.274986
-83.997031,8,434.288032
-17.747603,8,434.302351
-13.87467,8,434.313924
-79.777149,8,434.324201
2.830372,8,434.335288
-32.926265,8,434.344263
-54.838213,8,434.364493
-61.708666,8,434.374542
-66.817033,8,434.386699
-20.923574,8,434.393698
-6.309212,8,434.402382
-69.552684,8,434.410382
-24.912555,8,434.418385
-84.194548,8,434.626609
-23.905655,8,434.639169
8.995288,8,434.658796
-60.799686,8,434.675004
-15.541157,8,434.690576
-96.158703,8,434.702488
-16.011287,8,434.718262
-91.744536,8,434.731981
-111.879259,8,434.740969
1.396794,8,434.751289
-14.866948,8,434.760288
-49.480685,8,434.77022
-15.227987,8,434.77922
-87.673083,8,434.787654
-21.73147,8,434.797192
-49.767716,8,434.803201
-43.725385,8,434.810951
1.672991,8,434.820067
-50.489659,8,434.836385
-86.007836,8,434.844384
-21.299773,8,434.853392
-7.568752,8,434.862392
-84.398864,8,434.871033
-56.757827,8,434.8791
-36.803548,8,434.88877
-72.345066,8,434.897357
-19.563443,8,434.897357
7.505193,8,434.912686
-103.332526,8,434.912686
-53.449734,8,434.929456
-82.702231,8,434.941832
-70.094198,8,434.947316
-43.732675,8,435.190229
-4.735519,8,435.204352
-3.674465,8,435.216937
-54.133052,8,435.225942
-6.559219,8,435.230586
-110.804006,8,435.230586
-68.580377,8,435.25464
-93.984724,8,435.264236
-0.158907,8,435.274344
-86.313113,8,435.284681
-49.277145,8,435.293679
-56.983577,8,435.309951
-39.553099,8,435.323361
-73.68503,8,435.332684
-51.937535,8,435.340688
-48.945345,8,435.347312
-20.485583,8,435.356309
-0.526493,8,435.365311
0.581724,8,435.368339
-26.056949,8,435.381931
-18.995083,8,435.388923
-52.347285,8,435.397226
-56.321822,8,435.403367
-73.72644,8,435.410369
-67.504637,8,435.418055
-7.376353,8,435.433003
-70.158506,8,435.440032
-3.094139,8,435.447005
-147.577534,8,435.453086
-8.292815,8,435.459097
-30.727281,8,435.466089
-156.626843,8,435.473097
-48.272114,8,435.655059
-72.42707,8,435.661958
-109.926982,8,435.671376
-99.564147,8,435.679377
-51.415059,8,435.691729
-6.616599,8,435.697971
-6.570323,8,435.707165
-48.433215,8,435.717141
-72.869994,8,435.723141
-10.613977,8,435.730225
4.765752,8,435.737666
-21.71737,8,435.743666
5.406104,8,435.751504
-85.001842,8,435.751504
-81.454092,8,435.767756
-63.862994,8,435.776754
0.694628,8,435.78575
1.031516,8,435.795649
-82.232097,8,435.79735
-35.161983,8,435.79735
-50.899429,8,435.812702
-17.517713,8,435.812702
-54.735514,8,435.833488
-111.399103,8,435.841504
-19.829845,8,435.850242
-53.762196,8,435.85624
-7.005034,8,435.863475
-49.788363,8,435.869926
3.512067,8,435.879292
-69.026393,8,435.889197
-59.201974,8,435.896209
-37.190425,8,435.904645
-2.31228,8,436.08794
-19.43719,8,436.104307
-39.999754,8,436.115232
-20.548888,8,436.123245
4.716543,8,436.131005
1.801029,8,436.131005
-40.584319,8,436.145587
-35.882452,8,436.153508
-60.642686,8,436.16381
-1.980589,8,436.172904
-57.230141,8,436.182531
-7.226654,8,436.182531
-5.28293,8,436.205148
-7.804434,8,436.221035
-18.910582,8,436.229034
-67.839564,8,436.238042
-49.081089,8,436.247497
-105.355558,8,436.256508
6.920319,8,436.266294
-20.105998,8,436.276627
-33.231357,8,436.286779
-0.493208,8,436.293786
-19.438882,8,436.313028
-43.955898,8,436.322686
-101.711929,8,436.33431
-12.943617,8,436.34131
7.950716,8,436.34937
0.63753,8,436.356369
-16.157608,8,436.366369
-19.004948,8,436.36837
-1.540527,8,436.36837
-6.561763,8,436.388021
-4.289606,8,436.631228
-80.381461,8,436.640248
-2.898416,8,436.650235
-63.134908,8,436.662257
-13.400383,8,436.663982
-9.208052,8,436.679046
-112.980796,8,436.694837
-40.395446,8,436.702514
-62.293309,8,436.712948
-8.161432,8,436.721637
-10.486284,8,436.73266
-20.092179,8,436.740658
-20.016543,8,436.74722
-54.046393,8,436.74722
5.543773,8,436.768304
-20.533067,8,436.781729
-53.847276,8,436.790761
-91.890197,8,436.797259
-7.666582,8,436.811395
2.02553,8,436.822024
-3.74065,8,436.828688
-38.366604,8,436.836908
-35.687905,8,436.8438
-229.868739,8,436.858335
-48.150445,8,436.870188
-64.91611,8,436.878922
-53.992995,8,436.892733
-65.57282,8,436.90482
-37.593665,8,436.926284
-142.187707,8,436.933284
-42.209421,8,436.940001
-17.494681,8,436.947296
-38.580766,8,437.144037
-13.077617,8,437.153191
-149.800116,8,437.159178
1.367071,8,437.164777
-137.263842,8,437.164777
-74.136626,8,437.180005
-79.448077,8,437.180005
-97.152217,8,437.180005
-29.875245,8,437.206675
-26.819157,8,437.21456
-2.626868,8,437.235927
-124.915063,8,437.25367
-22.349829,8,437.262668
-16.108517,8,437.27559
-9.906085,8,437.28788
-113.113839,8,437.298449
0.165396,8,437.311891
-174.537282,8,437.327969
-20.892709,8,437.344173
0.830206,8,437.364297
6.457268,8,437.377327
-126.24344,8,437.396289
-31.232938,8,437.402436
-99.367405,8,437.426414
-74.712427,8,437.442396
-100.279132,8,437.459199
-26.728508,8,437.476203
-31.149326,8,437.484335
-21.85519,8,437.501039
5.904339,8,437.517124
-3.016,8,437.531118
-30.904134,8,437.552448
3.05778,8,437.980233
-40.433169,8,438.003673
-115.87864,8,438.015777
-2.29857,8,438.030093
-72.744847,8,438.051452
-6.58297,8,438.063215
3.792535,8,438.078445
-28.601059,8,438.097348
-22.517283,8,438.114455
-56.004077,8,438.127103
-75.538346,8,438.141406
-3.256378,8,438.161811
-7.274063,8,438.173783
-58.107758,8,438.187311
-19.00908,8,438.211411
-116.806653,8,438.231122
10.320898,8,438.245142
-58.400921,8,438.262876
-50.075964,8,438.282902
-3.37794,8,438.298415
-107.792632,8,438.323468
3.923285,8,438.344095
3.322585,8,438.373881
-47.73707,8,438.38879
-11.716862,8,438.39876
-5.809704,8,438.407407
-17.150493,8,438.423608
7.035863,8,438.432044
0.781089,8,438.440048
2.494339,8,438.449049
-20.932249,8,438.456047
-19.945547,8,438.464075
-6.084809,8,438.668113
-41.839397,8,438.677223
2.198122,8,438.680774
-26.566203,8,438.680774
12.579978,8,438.696148
-60.899842,8,438.696148
-73.541206,8,438.721025
-3.028226,8,438.732291
-108.411398,8,438.744638
-159.724407,8,438.746644
3.559566,8,438.746644
-28.439269,8,438.760019
2.935658,8,438.760019
-7.220422,8,438.781105
3.899075,8,438.781105
-198.546184,8,438.80041
-148.739924,8,438.80817
-5.223168,8,438.819168
-51.75278,8,438.832289
-79.825004,8,438.847608
-45.368011,8,438.855125
-14.626608,8,438.862385
-52.016037,8,438.868994
-8.380225,8,438.876723
-19.145248,8,438.884029
-13.243029,8,438.890391
-42.849164,8,438.897129
-36.880346,8,438.904576
3.687361,8,438.911161
-25.975308,8,438.920013
-5.391018,8,438.930609
-10.032576,8,438.943616
1.988435,8,439.212572
-10.739067,8,439.222501
-25.226746,8,439.234008
-92.683859,8,439.247226
-41.788648,8,439.258744
-12.550214,8,439.278223
-20.210598,8,439.290805
-116.77964,8,439.303983
-8.165806,8,439.315077
-0.424362,8,439.325075
-139.602615,8,439.336825
8.527155,8,439.349683
-111.062695,8,439.369665
-43.297981,8,439.386786
6.725235,8,439.3974
-1.970485,8,439.407451
3.533543,8,439.416121
-50.443113,8,439.424127
2.300446,8,439.432897
-115.822144,8,439.440898
-18.537576,8,439.449347
-23.276796,8,439.456426
-65.477252,8,439.464405
-23.464465,8,439.472421
-31.062782,8,439.484807
-91.774678,8,439.572256
-64.517906,8,439.585991
2.263479,8,439.605164
1.999218,8,439.616303
0.572466,8,439.625324
-15.487552,8,439.634784
-20.11743,8,439.642779
-67.753178,8,439.889897
-80.702188,8,439.903613
-57.780428,8,439.917436
5.598364,8,439.926792
-62.825233,8,439.936407
2.778328,8,439.950914
-25.028735,8,439.960439
-20.97859,8,439.971262
-41.437937,8,439.980119
1.254581,8,439.989435
-56.861547,8,440.004554
-105.917391,8,440.014969
-20.722815,8,440.024695
-3.114545,8,440.034243
-83.486671,8,440.043541
-39.124765,8,440.052113
-59.812065,8,440.061406
-69.186636,8,440.072015
-15.401667,8,440.088634
-4.115098,8,440.09608
-152.123181,8,440.100094
-24.5287,8,440.100094
-35.738155,8,440.116849
-31.459669,8,440.131976
-4.909721,8,440.131976
-30.353979,8,440.153455
-38.352691,8,440.167754
-64.541398,8,440.177096
-32.37211,8,440.190901
-85.708629,8,440.204267
-23.120862,8,440.221511
-104.215329,8,440.237924
3.920957,8,440.475023
-134.477105,8,440.482015
-3.688192,8,440.492805
-73.90674,8,440.504992
-88.643398,8,440.512993
-41.267792,8,440.522925
-124.041004,8,440.53366
3.889998,8,440.543663
-66.405547,8,440.554942
-35.792806,8,440.568974
-21.184365,8,440.575977
-24.019996,8,440.588209
-36.721805,8,440.595209
-29.08723,8,440.604305
-33.005791,8,440.61335
-74.501037,8,440.623595
-48.790083,8,440.638519
-3.413738,8,440.649425
-29.04672,8,440.658422
3.966857,8,440.67166
-21.16593,8,440.678665
3.639633,8,440.689833
3.409725,8,440.701617
-140.075847,8,440.722594
1.601724,8,440.744789
-6.596503,8,440.767059
3.0618,8,440.791642
8.270584,8,440.807431
-55.06563,8,440.819975
-66.892909,8,440.829962
3.856852,8,440.841746
4.838472,8,440.858877
-51.600631,8,441.128932
-50.265388,8,441.145046
-66.732927,8,441.158923
-66.913593,8,441.172083
1.100476,8,441.191173
-60.031916,8,441.206641
-103.168779,8,441.223202
-28.051849,8,441.235642
-135.182884,8,441.252464
-60.820526,8,441.26631
-104.85686,8,441.280326
-17.104559,8,441.295346
-6.957299,8,441.313337
-28.835528,8,441.330975
9.254994,8,441.343964
4.665077,8,441.362867
-54.232543,8,441.381941
-7.692443,8,441.40147
-18.021786,8,441.415879
-20.981958,8,441.423875
-86.608628,8,441.434881
-96.690533,8,441.448366
-18.742214,8,441.466136
-27.125774,8,441.482404
-58.154418,8,441.498415
-43.721422,8,441.516163
3.047975,8,441.535502
-61.890655,8,441.54618
-79.422757,8,441.559773
-18.890504,8,441.580994
-0.998249,8,441.591797
-10.358054,8,441.60159
-128.237319,8,441.823195
-116.670286,8,441.831445
-24.837837,8,441.840114
-15.154428,8,441.853756
-2.301428,8,441.867222
-30.645656,8,441.880818
5.185907,8,441.894868
-22.990054,8,441.916088
-36.526001,8,441.92612
-57.820629,8,441.941919
-3.842462,8,441.954463
-7.06165,8,441.968069
8.218858,8,441.973435
3.274283,8,441.989874
2.423225,8,442.001869
-15.06475,8,442.025984
0.131914,8,442.038731
-12.388586,8,442.07226
4.642079,8,442.086858
-21.391187,8,442.118438
-51.449534,8,442.141288
-32.936383,8,442.148525
-103.169554,8,442.179219
-76.779124,8,442.192707
-14.459586,8,442.203454
-25.206222,8,442.219075
-0.431579,8,442.220622
3.793738,8,442.247403
-13.040296,8,442.26024
-98.00193,8,442.272526
-127.86683,8,442.30161
0.934635,8,442.319195
-42.925246,8,442.616511
-11.703111,8,442.632185
-8.927691,8,442.656835
-54.544702,8,442.667428
-76.887756,8,442.682428
4.708212,8,442.703355
-43.521056,8,442.718762
-25.225918,8,442.731643
3.254187,8,442.748752
-56.855617,8,442.763153
4.781682,8,442.783011
-3.556507,8,442.812089
-22.726652,8,442.831733
1.95677,8,442.850284
-148.953763,8,442.867283
-14.393421,8,442.888733
-35.494992,8,442.903194
-120.604271,8,442.918655
-4.6041,8,442.930588
-25.604815,8,442.942803
-168.288037,8,442.95558
-22.932336,8,442.968985
-82.915809,8,442.982969
-45.162595,8,442.995329
-26.268745,8,443.015351
-41.896956,8,443.028635
-8.570784,8,443.04258
-24.055299,8,443.059956
1.247025,8,443.071826
-15.038595,8,443.080711
-130.741904,8,443.080711
-69.029393,8,443.105531
-23.371051,8,443.353607
4.045787,8,443.365865
-43.954915,8,443.377725
-93.955359,8,443.393212
5.186202,8,443.405485
-0.727818,8,443.421489
2.435999,8,443.432451
-78.272511,8,443.443648
-143.69184,8,443.467197
-156.00244,8,443.478136
-54.354473,8,443.492424
0.502167,8,443.502743
10.850491,8,443.511726
-50.838807,8,443.521978
-57.184135,8,443.533554
-44.802661,8,443.543566
-43.476653,8,443.551864
-34.209353,8,443.562277
-171.287652,8,443.575639
-22.143018,8,443.583459
-56.864871,8,443.594455
3.47872,8,443.603688
-39.394094,8,443.61069
-170.389934,8,443.620955
-73.809764,8,443.626957
-23.277313,8,443.634259
-12.806196,8,443.641259
-3.179968,8,443.648567
-56.710599,8,443.654833
-45.026515,8,443.662542
-3.25221,8,443.669034
-25.185159,8,443.680957
-14.81979,8,443.877377
-48.286177,8,443.895756
-40.418951,8,443.903759
-15.451057,8,443.911762
-107.166554,8,443.920436
8.293765,8,443.929439
-38.78356,8,443.937684
5.231084,8,443.945879
-48.482044,8,443.955485
-59.455112,8,443.966582
0.618964,8,443.976583
-86.926852,8,443.983842
-14.597463,8,443.992254
-26.035156,8,444.010075
-42.234342,8,444.020346
-25.683785,8,444.029374
-112.027613,8,444.038402
-4.051193,8,444.046392
-106.074816,8,444.056841
-49.052476,8,444.066064
-81.672804,8,444.0759
1.153202,8,444.084877
-24.274849,8,444.092798
-91.736209,8,444.102246
-105.375765,8,444.108229
-25.856566,8,444.119159
-47.143079,8,444.129162
-4.317098,8,444.139075
-120.814165,8,444.145141
1.320672,8,444.154475
-94.06035,8,444.160469
-45.113859,8,444.16854
-2.555446,8,444.377215
-0.221721,8,444.38545
5.389753,8,444.392342
3.010113,8,444.400438
-78.601009,8,444.407555
1.992087,8,444.415477
5.96323,8,444.42778
-103.191435,8,444.440634
-3.615402,8,444.454411
-104.726115,8,444.463336
1.336895,8,444.473073
-83.346249,8,444.48208
-20.747744,8,444.489206
-80.624634,8,444.496217
3.069436,8,444.505664
-52.393313,8,444.51456
-14.023714,8,444.522672
-46.808344,8,444.531574
-30.774808,8,444.542216
-20.711504,8,444.565193
5.700499,8,444.576289
-147.588336,8,444.584188
7.693509,8,444.591188
-40.548295,8,444.598191
5.187581,8,444.605538
2.107932,8,444.612533
-45.145324,8,444.62069
-67.982929,8,444.630294
-42.579003,8,444.639006
-43.559792,8,444.645319
-44.428171,8,444.653416
-40.556867,8,444.669415
-59.004258,8,444.907026
-55.851526,8,444.922305
-74.158277,8,444.937971
-40.044054,8,444.95827
-152.213622,8,444.970854
6.414532,8,444.979853
-216.695109,8,444.988859
-24.007992,8,444.996627
-15.696973,8,445.010858
-31.707058,8,445.029416
-20.627676,8,445.045052
-5.797799,8,445.056214
-24.219752,8,445.074127
-83.576124,8,445.086399
-59.647294,8,445.099752
4.899929,8,445.11504
-16.209968,8,445.118218
-56.443975,8,445.137809
4.411029,8,445.150823
5.252061,8,445.162797
-19.613253,8,445.164111
-14.112501,8,445.179526
-147.265021,8,445.195032
-26.976351,8,445.207071
-14.711662,8,445.224797
-80.32586,8,445.237693
-145.010183,8,445.246705
-1.519652,8,445.255926
-66.791847,8,445.264921
-15.509778,8,445.273342
-57.626715,8,445.281341
-5.26746,8,445.291706
-74.889887,8,445.558198
-92.890523,8,445.56816
-48.32798,8,445.579069
-37.73653,8,445.589913
-16.602768,8,445.599478
8.412893,8,445.613427
-44.503363,8,445.625008
1.9128,8,445.63757
2.693871,8,445.646818
-41.942057,8,445.662363
-89.950327,8,445.674303
-16.397955,8,445.684872
-163.277668,8,445.693321
7.426331,8,445.704908
-19.854959,8,445.712339
-90.562377,8,445.722089
-59.313564,8,445.729629
-17.265581,8,445.74611
-58.080985,8,445.755648
-1.561367,8,445.762736
-20.106382,8,445.775282
-59.965677,8,445.782561
-98.173934,8,445.790967
1.24048,8,445.801219
-43.36501,8,445.807269
-29.56366,8,445.815178
-190.77753,8,445.822184
9.725231,8,445.830267
-45.502014,8,445.838014
-151.885517,8,445.845978
-32.384263,8,445.859364
-7.615652,8,445.867562
-0.417802,8,446.05873
-88.729755,8,446.068705
-19.112657,8,446.077681
-98.724772,8,446.085027
0.931812,8,446.09124
2.104895,8,446.099221
-42.694501,8,446.111587
-37.838893,8,446.12282
-46.358369,8,446.130157
-79.088221,8,446.138152
-102.97211,8,446.15223
-24.559549,8,446.160225
-55.697922,8,446.169816
-21.281708,8,446.176816
2.287955,8,446.184481
-15.458204,8,446.192403
-70.949802,8,446.202472
-2.19479,8,446.220545
-2.246732,8,446.234048
-160.950727,8,446.244707
-5.210524,8,446.261221
-19.123221,8,446.277356
-38.55314,8,446.298477
-10.038569,8,446.328951
-52.571317,8,446.342951
-28.706611,8,446.360372
3.201377,8,446.373183
-28.485526,8,446.383642
-81.17792,8,446.392639
-44.792645,8,446.403515
-43.303689,8,446.41052
7.504402,8,446.421426
1.957193,8,446.664254
1.453639,8,446.675797
-92.595991,8,446.684173
-7.548243,8,446.696986
-79.983945,8,446.706058
-35.859936,8,446.713187
-10.385123,8,446.723704
-153.207481,8,446.733901
-2.712425,8,446.744456
-63.756244,8,446.753045
-52.391118,8,446.764406
-22.214201,8,446.777855
-5.166484,8,446.779861
-29.749565,8,446.779861
-10.393236,8,446.80486
-114.096279,8,446.8114
4.925732,8,446.833734
-16.830318,8,446.843859
-21.418909,8,446.859496
-3.708413,8,446.875582
-10.51486,8,446.881574
-58.997404,8,446.897434
-36.112689,8,446.904501
-2.13208,8,446.924569
-69.784172,8,446.936857
-5.718041,8,446.943851
-12.30475,8,446.954395
6.551554,8,446.962398
-18.940286,8,446.977077
-3.662293,8,446.994905
-10.652896,8,446.999143
-95.346694,8,447.015696
1.727947,8,447.234369
-13.838386,8,447.24238
-7.94411,8,447.252277
-118.32245,8,447.259788
-5.528846,8,447.269445
-4.176725,8,447.275454
-38.027847,8,447.281844
0.520836,8,447.29823
0.101474,8,447.304252
-44.697555,8,447.322984
-9.710963,8,447.335145
-4.504715,8,447.412772
-22.344248,8,447.475099
-50.760778,8,447.499217
-187.437261,8,447.512085
-60.818686,8,447.526934
-12.126611,8,447.54224
-81.167596,8,447.563
-23.418786,8,447.578591
-4.51541,8,447.593271
7.293458,8,447.609361
-95.64145,8,447.631851
-116.411066,8,447.647433
-18.870712,8,447.674403
-122.068819,8,447.690917
-3.175383,8,447.706611
-10.274226,8,447.720865
-14.023157,8,447.735869
-125.724061,8,447.748851
-0.749588,8,447.762195
5.483739,8,447.776318
-36.893899,8,447.789911
-54.157871,8,448.029549
-51.159312,8,448.038774
2.127502,8,448.055549
-39.385572,8,448.070727
-33.58866,8,448.080719
-20.5073,8,448.091348
-3.701938,8,448.100477
-45.463934,8,448.107477
-63.693787,8,448.122859
-23.345961,8,448.13186
1.760182,8,448.142094
1.85025,8,448.151875
-69.480845,8,448.160231
5.70205,8,448.170228
-2.168824,8,448.183945
-12.12478,8,448.193152
-23.142636,8,448.201757
0.929562,8,448.210547
3.100237,8,448.224065
-69.355629,8,448.231324
-92.296521,8,448.238865
-24.198396,8,448.245433
-47.440126,8,448.252913
-27.000953,8,448.259207
-84.612057,8,448.26711
-24.488889,8,448.274062
-7.289581,8,448.281341
-51.807543,8,448.293869
-8.25418,8,448.306959
-23.146684,8,448.322147
-14.32274,8,448.338977
-3.804237,8,448.357565
-2.394793,8,448.628011
-59.847067,8,448.63798
-73.758354,8,448.646954
-16.333621,8,448.663
-4.342837,8,448.672963
-5.256869,8,448.683488
-12.102402,8,448.694464
-72.883949,8,448.71015
-103.561906,8,448.721374
-78.990525,8,448.731383
-25.404521,8,448.741123
-33.156992,8,448.749125
-2.288903,8,448.759279
-63.5202,8,448.772123
-6.497781,8,448.782934
-26.720543,8,448.798705
-4.14336,8,448.806711
-37.707807,8,448.815144
3.106221,8,448.82416
-35.103501,8,448.832173
1.882055,8,448.846743
-65.576281,8,448.864188
5.426672,8,448.890001
1.353259,8,448.904667
-90.985014,8,448.914289
-0.646198,8,448.914289
-60.458967,8,448.929534
4.335733,8,448.949823
-45.388915,8,448.958829
-63.829496,8,448.967895
-78.637997,8,448.974905
-65.677977,8,448.98565
-13.056724,8,449.2864
-199.472223,8,449.294426
-11.53631,8,449.30601
-48.058825,8,449.315532
-17.354805,8,449.320659
6.251582,8,449.342005
4.918239,8,449.351032
-85.27223,8,449.359032
2.254798,8,449.368123
-1.851609,8,449.378152
-4.456144,8,449.386209
-80.251153,8,449.394225
4.74798,8,449.40551
-27.853848,8,449.42117
2.521926,8,449.434988
4.089121,8,449.442985
-2.117252,8,449.457016
-3.660926,8,449.463904
-10.731004,8,449.47638
-26.037441,8,449.487048
-98.813581,8,449.494049
-54.099046,8,449.504038
-109.092942,8,449.512038
-96.049764,8,449.519974
-38.399448,8,449.526972
-127.134996,8,449.540341
-73.194912,8,449.550129
-100.29182,8,449.558265
-1.011001,8,449.569871
-109.467108,8,449.57687
5.360753,8,449.585136
1.847608,8,449.592152
-25.103641,8,449.766567
-152.163536,8,449.772075
-86.250263,8,449.780099
-111.897413,8,449.793843
-15.075087,8,449.802565
-40.90853,8,449.810565
-48.159959,8,449.823178
-126.584604,8,449.832079
-147.555172,8,449.840188
-113.945936,8,449.848621
-29.312582,8,449.858217
-20.804281,8,449.866019
-37.613492,8,449.875734
-0.541826,8,449.883613
-42.956956,8,449.893395
-8.128283,8,449.906533
-17.420599,8,449.916802
-97.136649,8,449.916802
-41.494223,8,449.937808
-156.036328,8,449.945333
-16.013456,8,449.945333
-125.735002,8,449.964832
-62.37025,8,449.972189
-63.301189,8,449.980193
-31.787831,8,449.992449
-7.71853,8,450.009835
-7.646284,8,450.021144
-116.215517,8,450.028144
-6.297176,8,450.039588
-11.144067,8,450.052822
-10.919962,8,450.067227
5.924167,8,450.084538
-2.662242,8,450.590283
-39.208756,8,450.60647
-9.802635,8,450.620841
-11.083893,8,450.631886
-0.895868,8,450.642885
-11.825203,8,450.655809
7.292751,8,450.670178
-162.098162,8,450.702577
4.469797,8,450.753899
-53.708157,8,450.777538
-76.117663,8,450.779544
-27.693068,8,450.826189
-53.760766,8,450.841919
-33.19733,8,450.866138
-14.463716,8,450.892017
-45.318894,8,450.91029
-35.423681,8,450.922724
-5.726504,8,450.932978
-68.755006,8,450.947897
-0.139415,8,450.960893
-108.34817,8,450.973712
-80.826851,8,450.980949
-51.910319,8,450.990986
-69.864142,8,450.998955
-49.977654,8,451.023143
3.431477,8,451.035512
-177.502407,8,451.046499
-39.311437,8,451.059448
2.212306,8,451.069688
3.472293,8,451.077701
0.929408,8,451.088748
-85.41022,8,451.10061
-130.39291,8,451.360562
-43.646705,8,451.370173
-44.024511,8,451.379062
3.89087,8,451.391325
-100.744403,8,451.406886
-12.171966,8,451.419721
-0.208238,8,451.428188
-103.279533,8,451.440707
-41.027181,8,451.452515
-57.189053,8,451.461929
-29.693892,8,451.478201
0.73184,8,451.49099
-87.177161,8,451.502566
-76.600977,8,451.515325
-103.156362,8,451.527448
-32.357652,8,451.540874
-7.893177,8,451.556751
-17.491666,8,451.588135
-48.270531,8,451.608176
-8.81221,8,451.63337
1.599387,8,451.658831
-75.276677,8,451.683262
1.234118,8,451.718769
-106.641196,8,451.753538
-64.92009,8,451.783378
-27.656774,8,451.805053
-59.549058,8,451.830959
-27.814733,8,451.845573
4.799738,8,451.851742
-14.281494,8,451.879604
-80.603723,8,451.898883
-14.321299,8,451.913183
-8.844836,8,452.21227
-211.659839,8,452.222211
-121.659647,8,452.230969
-21.712785,8,452.241126
-19.493977,8,452.250294
-9.517195,8,452.258897
4.977972,8,452.273723
-67.30415,8,452.283976
2.679226,8,452.292304
-18.960426,8,452.303794
-8.940622,8,452.317595
-40.611576,8,452.325847
-76.232091,8,452.334827
-2.288453,8,452.342968
-115.374468,8,452.34841
-70.620745,8,452.364301
-14.747547,8,452.371814
-120.798672,8,452.379565
-147.435136,8,452.392299
-51.666188,8,452.401954
-74.627903,8,452.401954
-31.711675,8,452.414687
-43.843639,8,452.423236
-11.517606,8,452.430378
6.488023,8,452.430378
2.748118,8,452.451878
4.078304,8,452.457896
-52.380099,8,452.46191
-25.668834,8,452.46191
-59.342837,8,452.478009
-78.56532,8,452.482207
-1.384608,8,452.49278
3.777701,8,452.851631
-38.200219,8,452.866615
1.913505,8,452.889493
-100.067687,8,452.9222
2.834251,8,452.943523
-151.02192,8,452.959993
-34.409472,8,452.978123
-74.680487,8,452.997423
-84.32225,8,453.014123
-128.905409,8,453.027242
-122.024788,8,453.031972
-87.341503,8,453.062433
-13.545533,8,453.078166
-71.378135,8,453.093924
-16.422476,8,453.100614
12.828951,8,453.11188
-255.933274,8,453.125899
3.029099,8,453.141617
-7.752581,8,453.141617
-2.412134,8,453.162946
-68.639873,8,453.173539
-17.345535,8,453.173539
-184.617248,8,453.18932
8.502045,8,453.18932
7.427912,8,453.205531
-11.395587,8,453.218767
-19.941097,8,453.220773
-11.476138,8,453.241408
-76.222798,8,453.249882
-41.347947,8,453.265726
-72.729577,8,453.281262
-30.966845,8,453.281262
-38.126603,8,453.472081
-91.571997,8,453.479017
-130.238502,8,453.486685
-25.293763,8,453.498034
-2.56795,8,453.507345
-58.712485,8,453.515159
2.217224,8,453.524346
-105.940386,8,453.531759
0.234608,8,453.54465
-67.537763,8,453.553779
-1.051566,8,453.557817
-187.04153,8,453.569164
-85.466311,8,453.577166
-53.91288,8,453.585036
-61.364646,8,453.593037
-47.759063,8,453.605607
5.149867,8,453.61497
-25.420026,8,453.623246
-40.109248,8,453.630833
-27.139831,8,453.642703
12.772929,8,453.654746
-94.118329,8,453.671199
-43.449803,8,453.682749
-18.868705,8,453.694586
4.982687,8,453.706959
-25.440015,8,453.721814
-104.497493,8,453.728491
-45.294404,8,453.742226
-2.241816,8,453.755713
3.192329,8,453.767678
-21.117852,8,453.779873
-43.494043,8,453.792433
-1.710359,8,454.023156
-70.278533,8,454.036006
-70.375826,8,454.044984
-35.086683,8,454.053565
1.147571,8,454.062365
-38.755886,8,454.074861
-77.232049,8,454.082599
-35.006956,8,454.089945
4.111649,8,454.096176
-46.160931,8,454.105505
-27.265557,8,454.11413
-111.791125,8,454.123994
-77.110876,8,454.13316
-17.060533,8,454.140598
-37.460185,8,454.154721
-34.662617,8,454.162073
3.177942,8,454.171237
5.692302,8,454.17845
-68.691956,8,454.190798
-46.855439,8,454.20023
-31.025524,8,454.208532
-55.529898,8,454.218725
-20.611856,8,454.225575
-101.914418,8,454.232302
-37.783502,8,454.238834
-42.280251,8,454.245254
-4.276867,8,454.262028
-100.193415,8,454.272679
-105.899847,8,454.27914
-98.318147,8,454.288172
-14.798576,8,454.294163
-38.11595,8,454.310583
-98.602814,8,454.486872
-25.011889,8,454.493172
-149.011932,8,454.500838
-28.182806,8,454.509124
-69.404183,8,454.521335
-43.789807,8,454.529656
-61.582706,8,454.537744
-26.04852,8,454.551322
-13.679425,8,454.558884
-12.079074,8,454.567644
-29.806069,8,454.57625
-20.547251,8,454.583466
-141.121123,8,454.591164
-3.988375,8,454.598415
-26.929412,8,454.604838
-18.209644,8,454.611345
2.766471,8,454.61894
2.581957,8,454.626279
-97.187435,8,454.632361
-87.780079,8,454.64987
-23.846245,8,454.64987
-30.227177,8,454.666196
-122.737788,8,454.67496
-90.515264,8,454.681588
-55.49896,8,454.681588
-66.513284,8,454.681588
-61.681368,8,454.697757
-18.310513,8,454.697757
-45.64728,8,454.713938
-73.381405,8,454.721519
-49.813951,8,454.72754
-87.694342,8,454.731557
0.015797,8,454.899976
0.009725,8,454.899976
-19.654438,8,454.921547
-34.272499,8,454.929571
-49.463724,8,454.937136
-99.693127,8,454.945161
-10.377648,8,454.949214
-44.956571,8,454.949214
-114.890938,8,454.965968
0.834038,8,454.965968
-11.971861,8,454.98174
-3.355283,8,454.98174
-6.510379,8,455.004492
-59.360029,8,455.012502
-4.003477,8,455.020427
-28.533967,8,455.028178
-15.734274,8,455.036801
-32.022824,8,455.04282
-68.496454,8,455.049004
-44.335689,8,455.049004
-28.652073,8,455.068702
1.001639,8,455.074709
-15.213202,8,455.080458
-49.598633,8,455.080458
-44.249751,8,455.09657
-19.604127,8,455.09657
0.814484,8,455.112579
-3.887452,8,455.112579
-24.490931,8,455.128536
-2.394263,8,455.128536
-52.305668,8,455.144238
-65.556822,8,455.144238
-4.0091,8,455.377597
1.147094,8,455.380608
-53.079642,8,455.380608
-21.798084,8,455.398334
-63.174774,8,455.412472
-6.360924,8,455.432428
-1.253886,8,455.432428
-137.074079,8,455.445042
-62.753555,8,455.462142
-33.2683,8,455.472958
-93.86828,8,455.483523
5.997199,8,455.492087
-23.806728,8,455.492087
-87.570258,8,455.507944
-16.371784,8,455.520813
-71.18748,8,455.531849
-17.001672,8,455.539618
-14.258437,8,455.555549
-1.474267,8,455.57129
6.080702,8,455.57129
-23.615845,8,455.587286
-3.182797,8,455.587286
-6.398213,8,455.603145
2.299002,8,455.603145
-20.79364,8,455.618808
-11.570257,8,455.618808
-25.526978,8,455.618808
-74.090017,8,455.634833
-10.125037,8,455.634833
-118.183179,8,455.65084
5.577731,8,455.66658
-25.935119,8,455.674715
-61.151232,8,455.846678
-22.771288,8,455.857344
-4.304664,8,455.864016
-6.862087,8,455.872041
-45.049624,8,455.882718
-7.541967,8,455.888735
2.751699,8,455.898416
7.889946,8,455.908038
-55.872022,8,455.916049
3.21546,8,455.923718
6.239827,8,455.931729
4.242195,8,455.943754
-43.366527,8,455.951539
-84.298961,8,455.951539
-68.8017,8,455.967711
-3.947911,8,455.967711
-32.069898,8,455.985503
-20.388795,8,455.985503
-78.793233,8,456.003148
-2.599757,8,456.009161
0.414984,8,456.01492
-11.096265,8,456.01492
-9.085491,8,456.032764
-109.380668,8,456.032764
-79.028762,8,456.046787
-147.233357,8,456.046787
-20.267182,8,456.063035
-6.316438,8,456.063035
-0.276129,8,456.078971
0.126588,8,456.078971
-77.351695,8,456.078971
2.464236,8,456.094905
-75.716323,8,456.27029
-6.893429,8,456.277474
-10.290339,8,456.28148
-18.076108,8,456.292508
-47.937505,8,456.305816
-10.466782,8,456.315684
-37.757557,8,456.317691
-149.830047,8,456.335005
-1.554169,8,456.342766
-92.947448,8,456.356567
-43.478302,8,456.36864
-3.733825,8,456.380599
-49.463584,8,456.393143
-67.366671,8,456.406422
-31.749063,8,456.418452
-147.168757,8,456.436066
-1.199543,8,456.453355
0.900624,8,456.46521
-8.847861,8,456.477279
-87.869327,8,456.487353
-35.759687,8,456.49718
-240.595715,8,456.508801
-109.722955,8,456.518866
-24.215173,8,456.530693
-130.01783,8,456.548844
1.924038,8,456.559663
-94.029653,8,456.570453
-69.580668,8,456.58052
-195.296159,8,456.590647
2.892726,8,456.608877
-73.538469,8,456.62109
0.582664,8,456.631178
2.381211,8,456.909953
-16.804301,8,456.915365
-3.760774,8,456.915365
-56.946794,8,456.932385
5.061284,8,456.932385
-6.595802,8,456.952462
-1.21811,8,456.956631
-128.646052,8,456.969782
-111.783712,8,456.97977
-2.132508,8,457.003053
0.481873,8,457.014363
-29.32372,8,457.035505
-126.948939,8,457.049987
-20.435332,8,457.063551
-45.935848,8,457.07759
-11.810589,8,457.105627
-4.47072,8,457.119611
-2.088509,8,457.136104
-16.191223,8,457.147689
-122.325166,8,457.156657
-20.813974,8,457.164205
4.91998,8,457.175258
-105.311639,8,457.191448
-0.393282,8,457.20461
9.037062,8,457.218229
-20.254968,8,457.226245
-74.710176,8,457.234577
-55.155403,8,457.241567
0.054594,8,457.247483
-63.3599,8,457.247483
-36.522929,8,457.262247
-102.026878,8,457.262247
-152.341383,8,457.480776
-148.380952,8,457.480776
-17.176625,8,457.494753
-82.527025,8,457.514622
-50.699702,8,457.523625
-4.197038,8,457.53265
-40.794396,8,457.540674
-13.924446,8,457.546914
-17.865311,8,457.566907
2.185951,8,457.574466
-25.628888,8,457.585268
-48.987425,8,457.594958
-15.361023,8,457.605213
7.793393,8,457.613441
-104.355254,8,457.624182
1.724757,8,457.63984
-90.803445,8,457.652966
-39.161939,8,457.661991
-21.378779,8,457.672392
-2.763864,8,457.682819
-67.779192,8,457.694894
-1.475467,8,457.708215
-41.463621,8,457.721196
-12.618645,8,457.732236
-17.143549,8,457.743685
1.456983,8,457.761411
-21.721148,8,457.775987
-82.20897,8,457.792142
-3.861539,8,457.806353
4.609994,8,457.819249
-35.308553,8,457.826328
-83.054419,8,457.838655
7.257711,8,458.268444
-178.466575,8,458.284794
3.813928,8,458.305097
-18.072681,8,458.316334
-36.482264,8,458.325334
-2.801117,8,458.343861
-0.324946,8,458.360132
-96.788104,8,458.375008
-30.312569,8,458.395544
-118.311036,8,458.417412
-45.016346,8,458.429267
2.083367,8,458.448706
8.013074,8,458.459102
-2.483029,8,458.468443
-125.877363,8,458.477247
-39.128226,8,458.487229
-17.048485,8,458.498695
-39.028041,8,458.506295
-118.226481,8,458.535153
-39.798216,8,458.548748
-21.986542,8,458.566011
-49.82407,8,458.566011
-14.944342,8,458.581805
-88.902148,8,458.598261
1.889139,8,458.662857
-68.75394,8,458.715086
4.252714,8,458.733864
3.010096,8,458.753899
-99.951699,8,458.761908
-45.786551,8,458.770792
-86.445856,8,458.783619
-43.229873,8,458.791796
-19.430451,8,459.040789
-2.28564,8,459.056609
-52.536233,8,459.066829
-13.050093,8,459.075853
-48.591307,8,459.085496
1.665348,8,459.094743
-131.057071,8,459.10346
-162.529192,8,459.11281
-7.423774,8,459.12531
-112.67255,8,459.13587
-129.805529,8,459.149582
-212.650996,8,459.15806
-5.231851,8,459.173423
-14.06224,8,459.1888
-78.648841,8,459.199704
-0.787424,8,459.210701
-69.085812,8,459.225078
-73.218716,8,459.243743
-3.464964,8,459.25526
-72.486589,8,459.267497
-19.794141,8,459.281198
-36.63239,8,459.294666
-133.462343,8,459.311523
-27.44714,8,459.32101
-48.189262,8,459.336848
-15.843923,8,459.35173
2.885723,8,459.365976
-4.463597,8,459.37396
-125.992378,8,459.381938
-54.513616,8,459.388957
-3.918613,8,459.395961
-9.301492,8,459.403954
-64.228067,8,459.62513
4.325294,8,459.635339
-92.591269,8,459.645362
-24.532289,8,459.657694
-22.260794,8,459.674939
1.778456,8,459.690387
-39.696497,8,459.708069
-0.530956,8,459.721064
-41.473881,8,459.734131
-5.107151,8,459.744583
-96.060759,8,459.757901
-111.74597,8,459.772003
-0.637924,8,459.791534
-1.049133,8,459.803785
-47.543109,8,459.818364
-6.006529,8,459.820865
-21.190021,8,459.833744
-16.103007,8,459.854937
-85.048649,8,459.871016
-198.379404,8,459.89981
-25.862088,8,459.913395
6.308626,8,459.920956
-3.654354,8,459.934112
-136.498642,8,459.93783
-21.349815,8,459.958645
-0.350769,8,459.968471
-88.236361,8,459.971017
-35.653826,8,459.986034
-2.033573,8,460.004675
-14.542405,8,460.014391
-81.410686,8,460.022429
-130.876606,8,460.036919
8.682606,8,460.351512
-18.925533,8,460.365238
-7.42249,8,460.381056
7.148683,8,460.39831
-53.69327,8,460.410187
-18.654953,8,460.425424
-127.695413,8,460.442446
-59.418602,8,460.460577
-2.317336,8,460.473756
-21.019882,8,460.488116
-122.832385,8,460.506636
-83.261535,8,460.521182
1.34274,8,460.541161
-182.753912,8,460.55616
4.01908,8,460.575105
-20.733029,8,460.586967
-62.013833,8,460.596976
-146.641324,8,460.605153
-58.269354,8,460.616493
-1.76907,8,460.620493
-132.279736,8,460.638992
-32.553965,8,460.651922
-13.092008,8,460.669791
-56.241543,8,460.681137
-23.101919,8,460.700825
-18.98235,8,460.704321
-18.778562,8,460.723448
2.874792,8,460.732048
-47.064088,8,460.74004
-24.149708,8,460.750682
-8.481268,8,460.760141
-27.658007,8,460.769132
-133.664975,8,460.97262
-3.964334,8,460.978367
2.343926,8,460.987928
-110.320332,8,460.998345
-64.400863,8,460.998345
-24.334269,8,461.015879
-19.828553,8,461.024177
-30.790863,8,461.035763
5.283073,8,461.041781
-3.426851,8,461.051471
-21.92417,8,461.057477
1.929019,8,461.064821
-79.704454,8,461.072837
-19.542996,8,461.080859
-14.28019,8,461.090082
2.413034,8,461.096084
2.727366,8,461.104033
-2.264487,8,461.118019
-0.773697,8,461.124311
-23.610651,8,461.131994
-82.453419,8,461.146151
-77.500333,8,461.152158
-39.088061,8,461.162243
-42.946298,8,461.170674
-29.915292,8,461.176357
-39.127203,8,461.18661
-23.253396,8,461.18661
-65.01148,8,461.204469
-50.865571,8,461.218387
-9.985358,8,461.219767
-20.613012,8,461.240515
-49.444628,8,461.24881
-0.51988,8,461.476583
-3.146845,8,461.49113
-27.99319,8,461.500875
-57.736145,8,461.511448
-49.938033,8,461.520152
-32.509637,8,461.533042
4.657491,8,461.544037
-65.122102,8,461.557691
-20.722294,8,461.570274
-51.708961,8,461.579795
-17.663371,8,461.601247
-3.84582,8,461.601247
-22.258796,8,461.622151
-41.563004,8,461.633552
2.923317,8,461.642682
-139.26648,8,461.652827
1.15016,8,461.661826
-51.225021,8,461.666495
-5.524771,8,461.679644
-7.274975,8,461.679644
-53.680222,8,461.695654
1.927352,8,461.695654
-4.417198,8,461.695654
2.399375,8,461.711743
-159.713094,8,461.727738
-1.284402,8,461.727738
1.956326,8,461.74376
-20.816393,8,461.74376
-25.382053,8,461.759989
-11.390452,8,461.759989
-66.246817,8,461.759989
-88.098828,8,461.781535
-205.853401,8,461.940633
-48.232539,8,461.956631
-76.797667,8,461.959944
-11.901751,8,461.975981
-20.76882,8,461.984014
0.502204,8,462.008304
-84.241583,8,462.014327
2.096773,8,462.019581
-47.84014,8,462.03564
-76.051081,8,462.03564
2.047823,8,462.03564
1.505726,8,462.051653
4.530798,8,462.068789
-4.044496,8,462.068789
-60.168405,8,462.08588
-83.456309,8,462.09389
-9.587931,8,462.107674
8.660696,8,462.115443
-42.42928,8,462.115443
-15.671677,8,462.131192
-37.717173,8,462.139804
-20.322353,8,462.145892
-54.785321,8,462.153149
-195.983741,8,462.15912
-23.612454,8,462.170786
-94.100209,8,462.182237
-30.5303,8,462.189726
-5.680277,8,462.196682
-17.334755,8,462.208683
-24.732767,8,462.214585
-28.213681,8,462.224071
-105.562403,8,462.230657
-75.724128,8,462.417515
6.925364,8,462.424481
-34.151842,8,462.433297
-64.504896,8,462.440631
2.955139,8,462.447934
4.246416,8,462.4556
-21.477025,8,462.463805
-168.686454,8,462.471427
-9.012803,8,462.478657
-130.472624,8,462.491375
-44.692755,8,462.503317
4.500899,8,462.510519
-12.640083,8,462.517769
-8.439236,8,462.527297
-0.317223,8,462.535752
-18.101384,8,462.544824
-21.047969,8,462.554299
-32.027131,8,462.560299
1.949299,8,462.567326
-34.894827,8,462.574327
5.163523,8,462.582154
-21.947218,8,462.593148
-65.465884,8,462.601556
-35.779811,8,462.612136
-69.554628,8,462.634179
-0.97037,8,462.641177
-20.690972,8,462.649249
4.060705,8,462.655549
-10.21883,8,462.662667
9.132666,8,462.670343
-28.542343,8,462.676564
-30.397158,8,462.683813
-27.276382,8,462.895145
2.290863,8,462.906552
-17.377508,8,462.923339
-1.857702,8,462.932945
6.546021,8,462.946522
-69.445562,8,462.957319
-23.387383,8,462.966317
3.972727,8,462.975316
-62.498562,8,462.985947
-75.845564,8,462.994379
-25.301961,8,463.002608
-71.404906,8,463.011881
-5.158704,8,463.021688
-46.047175,8,463.030874
-29.789263,8,463.046881
-108.584358,8,463.061712
-19.388177,8,463.07426
-7.311403,8,463.085512
-21.126272,8,463.094647
-17.278938,8,463.106664
-4.858067,8,463.118142
-65.836616,8,463.125362
-55.618607,8,463.134106
-3.73631,8,463.141103
-64.085967,8,463.148084
-13.558471,8,463.156034
-29.248153,8,463.162045
-98.314655,8,463.17803
-39.503949,8,463.186377
-9.018008,8,463.192731
-86.943514,8,463.200061
-156.892266,8,463.208028
-55.919416,8,463.372995
-26.873815,8,463.372995
-22.680666,8,463.396269
0.09399,8,463.405025
-24.5935,8,463.413569
-39.587658,8,463.421092
-26.082764,8,463.429111
5.287318,8,463.442455
4.501943,8,463.446468
-9.125282,8,463.459478
-32.36434,8,463.467501
-60.019105,8,463.474521
2.901543,8,463.48254
7.697178,8,463.48994
-23.483877,8,463.49596
-1.876097,8,463.506489
-142.645998,8,463.51608
2.885057,8,463.523604
-4.807299,8,463.531092
-97.511736,8,463.532124
-15.221166,8,463.549189
-6.6398,8,463.549189
-128.441228,8,463.564046
2.557801,8,463.564046
-22.30831,8,463.579803
-132.980826,8,463.579803
-2.818262,8,463.579803
-145.977492,8,463.595474
-57.340398,8,463.595474
-4.009803,8,463.611365
-45.456289,8,463.611365
-21.597657,8,463.632581
-84.381613,8,463.80506
-157.631056,8,463.811067
-1.012857,8,463.817158
0.09359,8,463.817158
-24.969066,8,463.817158
-7.608609,8,463.841879
2.971828,8,463.850644
-11.166076,8,463.850644
-41.150749,8,463.866819
-1.459424,8,463.870828
4.394928,8,463.880691
-98.447343,8,463.880691
-28.883842,8,463.896799
-3.551304,8,463.91116
5.633464,8,463.919806
-11.413018,8,463.925821
-102.402273,8,463.93442
-22.965677,8,463.942439
-37.899382,8,463.944444
-19.361866,8,463.960388
-0.440842,8,463.963929
-1.413828,8,463.963929
-101.82766,8,463.980506
-13.983861,8,463.988517
-116.017417,8,463.992262
-103.625954,8,463.992262
6.350127,8,464.008159
-98.987739,8,464.015902
0.320067,8,464.02424
-37.668367,8,464.02424
-1.036392,8,464.02424
-2.937131,8,464.040354
-99.423214,8,464.227081
-73.919968,8,464.235287
-3.930953,8,464.243632
-52.71737,8,464.252366
-0.719569,8,464.260381
-8.772125,8,464.272582
-34.982442,8,464.287311
-24.062218,8,464.295824
-6.283986,8,464.306276
0.525754,8,464.313778
-18.250785,8,464.321872
-59.950029,8,464.329874
-5.636548,8,464.337278
-84.303494,8,464.344279
-24.033928,8,464.353747
2.779136,8,464.361836
2.484474,8,464.374562
-18.60495,8,464.383789
4.80371,8,464.396133
-4.368154,8,464.405401
-10.630765,8,464.413834
5.647514,8,464.421223
-3.829146,8,464.428006
0.75231,8,464.435975
-54.733455,8,464.443002
-21.831094,8,464.449496
-36.742862,8,464.456564
-8.252172,8,464.462825
-17.823039,8,464.470176
-36.278132,8,464.480003
-82.578674,8,464.487602
-2.828021,8,464.500618
-157.438855,8,464.690893
8.299043,8,464.699004
-9.831979,8,464.707007
-110.62179,8,464.713864
-34.187031,8,464.7242
-97.827224,8,464.732208
-23.047165,8,464.745584
-67.0126,8,464.755591
-71.217941,8,464.762614
-66.216713,8,464.773079
-0.616908,8,464.78083
-83.856531,8,464.794257
2.092204,8,464.807756
-21.954335,8,464.815422
-44.9347,8,464.825006
-19.457102,8,464.835018
-65.328664,8,464.842537
-14.777,8,464.854968
-33.297554,8,464.862001
5.788224,8,464.867287
8.680958,8,464.867287
-102.107033,8,464.886521
-16.888433,8,464.886521
-27.228451,8,464.905748
-5.181845,8,464.921755
-140.070883,8,464.92875
1.01228,8,464.936607
-113.390741,8,464.942681
-32.75775,8,464.949346
-69.165268,8,464.956429
-67.647109,8,464.962442
-47.387033,8,464.968719
-70.304485,8,465.160855
-127.857289,8,465.173776
-183.320449,8,465.18606
-4.839699,8,465.196754
-12.222099,8,465.217071
-106.93643,8,465.226932
-76.903708,8,465.240998
-2.756074,8,465.254051
-15.034771,8,465.267704
-56.265764,8,465.279109
-137.55881,8,465.292218
-0.054729,8,465.303115
-19.341011,8,465.318093
-28.494153,8,465.330114
-105.341049,8,465.345977
-67.623423,8,465.355933
-137.803475,8,465.365821
-32.488962,8,465.386226
-72.127453,8,465.399101
2.914506,8,465.410036
-57.281254,8,465.423027
-96.282448,8,465.435485
-27.950375,8,465.44207
-95.708051,8,465.458043
-45.168525,8,465.468676
-12.542758,8,465.477699
-22.325739,8,465.489953
0.387908,8,465.502932
0.244703,8,465.511846
-41.113314,8,465.528563
-0.466925,8,465.541556
8.405943,8,465.56187
-5.680654,8,465.902293
-51.397673,8,465.927147
-73.434598,8,465.940148
-211.011055,8,465.956149
-188.855171,8,465.968154
-56.698845,8,465.977708
-4.527394,8,465.987633
-125.317928,8,465.997875
-84.739072,8,466.00816
-47.55226,8,466.01942
-43.810691,8,466.044491
-24.932515,8,466.054085
7.85308,8,466.063791
-47.148277,8,466.074788
-203.97823,8,466.086245
-79.513954,8,466.096234
-23.344669,8,466.106255
7.694605,8,466.113255
-160.060894,8,466.123073
-47.628544,8,466.130072
-5.78382,8,466.138356
0.864776,8,466.149798
-5.563172,8,466.160569
-56.117214,8,466.170964
4.508106,8,466.178262
-4.785242,8,466.187996
-2.52016,8,466.194812
-7.713576,8,466.203343
-60.069359,8,466.20978
-47.239245,8,466.218728
-152.923408,8,466.225168
8.770206,8,466.231724
-154.617958,8,466.417431
-0.737325,8,466.424626
-17.990619,8,466.433329
-42.157168,8,466.445948
-47.003416,8,466.455802
-19.301925,8,466.463757
3.167125,8,466.4818
10.943698,8,466.495501
3.429713,8,466.508113
-7.130066,8,466.521075
-134.841984,8,466.529764
-84.695842,8,466.543392
-27.981149,8,466.555869
-78.006421,8,466.564885
-54.07183,8,466.591138
-0.633579,8,466.608792
-28.094435,8,466.627946
-67.23829,8,466.634706
-81.795322,8,466.654841
-18.853083,8,466.666518
-10.632057,8,466.674522
-158.774037,8,466.681
-81.683442,8,466.681
-0.023072,8,466.696226
1.520648,8,466.711957
5.775762,8,466.711957
-7.186305,8,466.727654
4.564931,8,466.727654
7.173315,8,466.756927
-0.647564,8,466.758932
-65.32943,8,466.774723
5.991263,8,466.774723
-53.635286,8,467.148562
-153.391175,8,467.160078
-6.618674,8,467.176027
-7.989868,8,467.180475
9.25323,8,467.19405
-81.087177,8,467.20229
-3.22883,8,467.212058
2.000387,8,467.222099
-36.396645,8,467.23726
-22.669527,8,467.247434
0.006387,8,467.260935
-45.959756,8,467.270964
-5.342934,8,467.278588
1.650285,8,467.286889
-61.557845,8,467.295243
0.741027,8,467.302996
-36.001295,8,467.306528
-28.588164,8,467.320818
3.29852,8,467.328305
0.451136,8,467.334078
-73.572073,8,467.334078
-35.087093,8,467.350168
-53.141413,8,467.350168
-101.907103,8,467.366003
5.457556,8,467.381894
-29.288791,8,467.389654
-40.710826,8,467.395674
-197.114278,8,467.39768
2.57041,8,467.39768
-16.812134,8,467.413758
-28.770912,8,467.413758
3.028812,8,467.429522
-12.425534,8,467.780436
12.043623,8,467.834471
-4.589821,8,467.862123
-40.267113,8,467.886414
-24.759944,8,467.901845
-26.008723,8,467.917618
-28.374978,8,467.933285
-9.970723,8,467.956419
-82.86768,8,467.972535
-19.187004,8,467.996268
-51.205803,8,468.019352
-14.894647,8,468.035591
-54.665313,8,468.048788
-11.986074,8,468.073056
-29.6982,8,468.112117
-24.84619,8,468.159077
-87.245768,8,468.195419
-25.492951,8,468.234569
-175.438053,8,468.309832
-18.511894,8,468.374237
-160.175997,8,468.411333
-79.269921,8,468.445914
-46.369603,8,468.470782
-0.025603,8,468.503332
6.16102,8,468.524332
-64.790285,8,468.555709
-11.910156,8,468.760685
-6.806137,8,468.804244
2.547567,8,468.843968
1.420673,8,468.868317
-87.383799,8,468.887319
-8.307378,8,468.915822
-148.555591,8,469.341445
-68.501983,8,469.363011
-43.263413,8,469.393291
0.989173,8,469.413119
-51.102546,8,469.435451
-52.367051,8,469.46061
-65.348401,8,469.490287
-63.736067,8,469.546405
-13.385488,8,469.575309
-1.034651,8,469.612488
-77.324456,8,469.646792
-6.786031,8,469.672122
-7.662937,8,469.692377
-119.263747,8,469.711355
5.553306,8,469.735071
-56.996174,8,469.757334
-37.188723,8,469.778244
-11.13867,8,469.804829
-50.833519,8,469.824551
-69.385393,8,469.872447
-13.088071,8,469.892572
-26.065419,8,469.922226
-23.380807,8,469.949994
-25.202546,8,469.972137
-19.384593,8,469.986522
-49.464528,8,470.002686
5.483675,8,470.022226
-138.467567,8,470.034286
3.872161,8,470.052159
3.498739,8,470.070787
-157.255419,8,470.086061
-110.447881,8,470.099922
-20.79931,8,470.412883
-0.636814,8,470.435385
3.085823,8,470.454129
-16.227867,8,470.468375
-72.533955,8,470.479889
-83.322647,8,470.494465
-25.820255,8,470.519484
-9.429793,8,470.542922
-6.691246,8,470.575281
-1.202988,8,470.605562
-5.27956,8,470.644353
3.141241,8,470.665951
-29.237587,8,470.697392
1.442991,8,470.715896
-123.222901,8,470.727517
-55.376133,8,470.742936
-2.395695,8,470.755625
-59.028369,8,470.775942
-0.426239,8,470.810543
-59.813083,8,470.826617
-82.902757,8,470.842465
-73.254693,8,470.86043
-103.436298,8,470.887845
-2.199109,8,470.929119
-75.518603,8,470.954237
-260.404061,8,470.990753
-2.987135,8,471.024533
-184.569398,8,471.067114
5.088163,8,471.085225
4.391321,8,471.104732
-3.429369,8,471.120278
4.5599,8,471.137034
-12.118284,8,471.493602
-0.502271,8,471.507493
5.70899,8,471.518884
-19.581314,8,471.528609
2.711233,8,471.534621
-214.982267,8,471.552502
4.639627,8,471.572459
-4.894226,8,471.585284
7.707052,8,471.594364
-56.132701,8,471.602544
-102.871867,8,471.619923
-9.229455,8,471.629329
-20.823183,8,471.639419
-22.462388,8,471.646998
-9.139015,8,471.657765
-12.427243,8,471.667299
-4.174334,8,471.676227
-21.551459,8,471.688879
-13.714811,8,471.702385
-20.071461,8,471.71253
-66.907817,8,471.722486
4.393916,8,471.732725
-9.00341,8,471.7422
-32.055621,8,471.752228
-23.37405,8,471.759255
-1.981721,8,471.768413
-54.506458,8,471.776356
-46.669405,8,471.785251
-94.770677,8,471.792344
-18.560045,8,471.801366
-33.70806,8,471.817832
-8.200267,8,471.832691
6.342735,8,472.112851
-104.516525,8,472.124365
0.775833,8,472.135441
-0.322268,8,472.144949
-0.380257,8,472.154411
-34.047694,8,472.164577
-64.239091,8,472.17856
-54.99583,8,472.184722
-6.309555,8,472.200411
-8.839463,8,472.210849
2.378161,8,472.220384
-12.426473,8,472.234219
-138.762543,8,472.242168
2.136776,8,472.257136
-55.964893,8,472.265666
0.110411,8,472.275179
-11.555328,8,472.289382
2.128384,8,472.299917
-46.774707,8,472.303907
-2.659378,8,472.318729
-0.955567,8,472.322327
-54.535452,8,472.333862
-38.229936,8,472.342217
3.773099,8,472.352473
-30.270004,8,472.352473
-91.761572,8,472.367012
2.479912,8,472.379115
-65.641298,8,472.386737
-42.737389,8,472.397146
1.6094,8,472.404956
-4.033941,8,472.405929
-49.655474,8,472.417031
2.073213,8,472.607259
5.03563,8,472.617074
-3.323634,8,472.622488
-40.054496,8,472.637048
11.237793,8,472.648472
-177.581579,8,472.659604
-6.164883,8,472.672195
-43.068841,8,472.683485
2.977397,8,472.694677
-51.154527,8,472.702604
-102.949946,8,472.718832
-5.873258,8,472.728345
-35.419043,8,472.745273
-10.442227,8,472.758006
-92.873132,8,472.77052
-9.109858,8,472.782674
-80.573743,8,472.801206
5.680492,8,472.8133
-19.725697,8,472.822849
8.882413,8,472.829869
-13.297957,8,472.839144
-62.719878,8,472.857627
9.087053,8,472.871166
-57.798083,8,472.878761
-44.256172,8,472.890158
-26.839346,8,472.899962
3.574145,8,472.907683
-91.638837,8,472.914714
-11.815491,8,472.922525
-82.962604,8,472.940312
-73.868231,8,472.952688
-98.116478,8,472.959948
-70.710824,8,473.156396
-20.104542,8,473.170735
2.241295,8,473.180283
-91.370176,8,473.202328
1.999341,8,473.214902
-56.894201,8,473.224119
2.417768,8,473.235991
-33.639267,8,473.249097
-0.037829,8,473.269529
-87.793667,8,473.310701
-103.630202,8,473.333566
-6.534326,8,473.359369
-40.132489,8,473.374689
-101.266179,8,473.383567
-14.872857,8,473.398986
-5.267326,8,473.417113
-47.081924,8,473.429656
-8.997856,8,473.440699
-32.84557,8,473.455616
-20.335367,8,473.472181
5.592174,8,473.488799
-17.138839,8,473.496683
-163.483609,8,473.522474
-24.178433,8,473.536903
-48.120707,8,473.547473
2.439757,8,473.563158
-72.103383,8,473.576499
-3.458989,8,473.592649
6.658654,8,473.607037
-105.504783,8,473.622037
-122.96004,8,473.6394
-57.765508,8,473.653374
-171.286736,8,473.946521
-12.082954,8,473.956589
-6.115728,8,473.977932
-12.69142,8,473.994922
-4.585819,8,474.007061
-268.439482,8,474.018067
-10.653673,8,474.029071
-5.405653,8,474.041612
-4.345289,8,474.053613
-40.881403,8,474.062587
2.438795,8,474.078866
2.71754,8,474.092469
-81.818219,8,474.106027
-125.78392,8,474.11939
-49.320527,8,474.131213
-11.143192,8,474.155132
-17.427635,8,474.168324
4.611736,8,474.180335
-37.082603,8,474.195694
-55.297359,8,474.208055
-69.766016,8,474.218055
1.137343,8,474.227081
-17.284724,8,474.23582
-86.1574,8,474.23582
-2.766256,8,474.252295
-25.243296,8,474.252295
7.255895,8,474.275383
-73.507846,8,474.291545
-1.288586,8,474.307549
-126.175268,8,474.321083
-120.137223,8,474.321083
-17.822062,8,474.335735
-48.663529,8,474.573324
6.422532,8,474.580323
-69.287711,8,474.590324
5.33281,8,474.59851
-60.227827,8,474.606229
-29.808469,8,474.621409
-49.785309,8,474.631348
-33.7261,8,474.641296
-38.153443,8,474.661298
-75.674188,8,474.674319
-37.678701,8,474.684299
-1.427205,8,474.693302
-21.390304,8,474.703321
-35.498251,8,474.703321
-66.37485,8,474.723248
-8.015745,8,474.734649
-60.153517,8,474.740593
0.773378,8,474.751235
-86.563266,8,474.761257
-23.561026,8,474.773266
-16.62619,8,474.787688
-5.311351,8,474.795768
-111.850939,8,474.806893
-2.138954,8,474.815901
-3.421211,8,474.826993
-17.167303,8,474.836513
-52.813611,8,474.84352
0.148613,8,474.853954
-24.613318,8,474.863977
-31.172689,8,474.876032
-26.839449,8,474.890117
-4.787271,8,474.904113
5.596552,8,475.129359
-9.989661,8,475.147287
4.533378,8,475.160482
-0.984504,8,475.1727
-76.74443,8,475.182701
-4.612142,8,475.194729
-36.585067,8,475.205698
-62.007203,8,475.218711
-194.356678,8,475.227728
-1.625097,8,475.238734
-72.085158,8,475.247947
-75.884625,8,475.248958
7.007551,8,475.265635
-28.990764,8,475.279659
-14.800897,8,475.290097
-146.771989,8,475.299408
-65.449537,8,475.312403
-43.642407,8,475.324596
-142.1405,8,475.337139
-14.424442,8,475.344695
-38.596781,8,475.348801
0.948135,8,475.348801
-43.693336,8,475.370097
3.374127,8,475.376106
-48.047829,8,475.385078
-27.350889,8,475.392077
-19.815279,8,475.406617
-0.642666,8,475.413627
-5.112229,8,475.422558
-7.035697,8,475.429557
-15.277051,8,475.441394
-14.811516,8,475.447396
-39.102059,8,475.629308
-51.917505,8,475.638209
-94.078927,8,475.647201
-18.994807,8,475.657201
-58.253307,8,475.666607
2.885936,8,475.682409
-56.96333,8,475.682409
-121.611008,8,475.703026
-6.096917,8,475.712018
-8.159182,8,475.723025
-195.365785,8,475.733611
-66.310138,8,475.740123
-9.250382,8,475.748125
-67.306381,8,475.757154
-18.25802,8,475.765126
-29.173313,8,475.773286
-0.29122,8,475.787254
1.191342,8,475.796254
3.981855,8,475.809254
-91.230681,8,475.825509
0.656733,8,475.835819
-127.294761,8,475.846379
-2.096601,8,475.859499
-25.445506,8,475.873499
-12.038805,8,475.882155
-60.52815,8,475.899651
-67.17352,8,475.91544
-61.515415,8,475.91544
-16.279109,8,475.942106
-52.852473,8,475.954114
-59.437361,8,475.967412
3.205144,8,475.983281
5.213804,8,476.229543
-21.71931,8,476.241039
-4.781882,8,476.251048
-104.44953,8,476.259043
-61.25782,8,476.270065
-24.016136,8,476.280061
-4.196519,8,476.291038
-10.721943,8,476.301046
-30.688889,8,476.312087
-78.578742,8,476.327734
-85.348086,8,476.339305
-63.238212,8,476.347305
-31.264121,8,476.362729
-4.507867,8,476.372694
-8.177863,8,476.381702
-72.975261,8,476.389694
-27.675956,8,476.396695
-47.799522,8,476.407694
-86.438841,8,476.415698
7.54498,8,476.422698
-15.405952,8,476.432113
-78.73034,8,476.438703
-2.604576,8,476.454829
-11.556374,8,476.462008
-2.333427,8,476.475136
4.180101,8,476.483135
-42.732292,8,476.490146
-30.164792,8,476.497146
-27.170962,8,476.504145
-9.816747,8,476.504145
-28.35584,8,476.517194
-295.659444,8,476.517194
-0.792836,8,476.789547
-2.338275,8,476.802474
-8.502923,8,476.813474
-8.669797,8,476.824667
-104.867166,8,476.835535
-65.808382,8,476.850783
-2.232229,8,476.862544
-45.74125,8,476.874353
-3.299548,8,476.887213
-79.484343,8,476.910574
-3.671748,8,476.933374
5.616033,8,476.949258
-98.053182,8,476.959002
-0.290239,8,476.974517
-54.814204,8,476.982117
-55.51684,8,476.993568
-31.483472,8,477.002964
-55.357742,8,477.028061
-6.781649,8,477.040102
-0.807703,8,477.048755
-31.726372,8,477.053621
-113.422039,8,477.067406
-22.956309,8,477.077073
9.71621,8,477.088717
-32.51844,8,477.09974
-132.158858,8,477.100619
-123.503343,8,477.117257
3.700244,8,477.117257
-25.751789,8,477.136318
-2.039279,8,477.139789
-40.647749,8,477.157288
-16.775504,8,477.1642
4.711323,8,477.408979
-12.657911,8,477.416875
-25.098727,8,477.424875
-77.127482,8,477.434359
-83.923298,8,477.442637
-83.698735,8,477.456017
-5.408228,8,477.466022
-25.937512,8,477.476205
1.097021,8,477.486106
-54.08764,8,477.494099
-50.187379,8,477.506218
5.999505,8,477.514679
-64.320211,8,477.527025
3.570216,8,477.537883
-62.88605,8,477.54508
-14.500592,8,477.559066
-12.614408,8,477.568869
-89.041355,8,477.577062
-39.956804,8,477.586466
-84.999318,8,477.594802
-21.415161,8,477.605694
-69.336812,8,477.614693
-28.387069,8,477.622682
-31.667136,8,477.635715
-188.518278,8,477.642231
-71.014031,8,477.650363
-110.298394,8,477.657357
2.837623,8,477.663357
-1.01378,8,477.664354
-153.868728,8,477.68034
-89.318459,8,477.682786
-24.933741,8,477.682786
2.073367,8,477.955714
-119.67603,8,477.968037
-84.685349,8,477.975975
-3.75793,8,477.994516
-49.452904,8,478.004707
-21.467491,8,478.031908
-20.576739,8,478.045894
-6.332645,8,478.05825
-121.218252,8,478.069145
-47.806956,8,478.096855
8.334366,8,478.108215
-2.821742,8,478.119385
-63.327913,8,478.136102
-70.50203,8,478.145886
-119.535575,8,478.162308
-28.83157,8,478.175421
-16.280609,8,478.195423
6.113269,8,478.212426
-217.833903,8,478.227427
-74.804147,8,478.259417
-46.655593,8,478.287893
-8.019723,8,478.318733
-43.649865,8,478.342979
-82.896473,8,478.374166
0.977956,8,478.390331
-0.895618,8,478.410522
-82.573256,8,478.432531
-43.6792,8,478.461165
-112.479824,8,478.489516
-49.17221,8,478.513819
-2.955511,8,478.52723
-21.979322,8,478.542503
-39.289848,8,478.937691
-68.285627,8,478.958658
-4.733854,8,478.972518
-41.809763,8,478.973773
0.138022,8,478.995088
-5.555544,8,479.009532
0.784817,8,479.021071
-74.342262,8,479.044319
-0.780725,8,479.058337
-3.432361,8,479.075176
-76.067271,8,479.088737
-53.045534,8,479.100405
-142.316224,8,479.11316
-161.209594,8,479.124449
-1.935894,8,479.135449
-194.736856,8,479.150225
1.211897,8,479.152822
2.694781,8,479.171832
-16.441639,8,479.181433
-23.789149,8,479.188202
8.063931,8,479.209153
-92.316147,8,479.229935
-17.648371,8,479.243774
-13.013746,8,479.263298
-30.685523,8,479.277372
-94.597053,8,479.290291
-44.463633,8,479.304207
-7.687006,8,479.314839
-91.829115,8,479.328066
-34.017505,8,479.338155
0.744862,8,479.346741
1.648226,8,479.357766
-5.194072,8,479.643173
-0.779673,8,479.659797
-192.47057,8,479.680235
-67.1074,8,479.702959
-41.081166,8,479.72196
-53.187968,8,479.736969
-140.281099,8,479.757769
-24.152294,8,479.771998
-46.813156,8,479.783253
-6.884732,8,479.796755
-16.284733,8,479.838757
-4.313163,8,479.855847
-81.829188,8,479.871116
-54.737494,8,479.882545
7.832589,8,479.897048
-2.162538,8,479.907331
-5.634383,8,479.921634
-15.384445,8,479.929584
-3.76937,8,479.939583
1.840499,8,479.948362
-28.844271,8,479.957502
4.245308,8,479.966899
-50.589161,8,479.974999
2.297434,8,479.985171
1.377062,8,479.993183
-103.003439,8,480.003406
5.701781,8,480.010375
-64.476827,8,480.025797
-49.792208,8,480.038905
-1.240413,8,480.046777
-21.142416,8,480.055859
-5.6211,8,480.063314
3.196266,8,480.284449
-4.2173,8,480.294482
-31.056279,8,480.303456
-55.574802,8,480.316131
-15.750152,8,480.326338
-19.458267,8,480.335334
-53.309795,8,480.342333
8.639618,8,480.361392
8.541979,8,480.373405
4.191156,8,480.384401
-27.617009,8,480.395398
-77.043599,8,480.408388
4.485728,8,480.420389
5.018279,8,480.432401
-39.495414,8,480.443396
-19.240451,8,480.453903
-33.881123,8,480.461904
-18.971745,8,480.475927
-49.633094,8,480.48593
-28.168115,8,480.49391
-145.146368,8,480.508034
-25.211052,8,480.515025
-91.01126,8,480.526053
4.022868,8,480.53405
-0.343835,8,480.542083
-115.383132,8,480.550708
-8.189318,8,480.557725
-23.070684,8,480.565918
-33.721833,8,480.574
-66.870355,8,480.586186
-17.792664,8,480.593184
-10.623975,8,480.603099
-12.230019,8,480.830734
3.72563,8,480.841737
-15.129294,8,480.852252
-33.149559,8,480.862409
-11.986987,8,480.870409
0.743745,8,480.879409
3.21775,8,480.889812
-43.532357,8,480.910827
-24.246017,8,480.919842
-19.46123,8,480.928824
-40.42637,8,480.937836
-67.940218,8,480.947345
-88.354574,8,480.957457
-67.570053,8,480.974611
-22.308519,8,480.987612
-16.122707,8,480.996611
-46.324999,8,481.009729
-23.338643,8,481.028247
-106.277645,8,481.04337
-36.558412,8,481.05491
-111.549407,8,481.062989
1.706763,8,481.076988
-97.184595,8,481.090408
0.748376,8,481.103524
-40.245026,8,481.114528
7.980593,8,481.139865
2.863984,8,481.151241
10.416454,8,481.160339
-2.542027,8,481.170679
-124.582638,8,481.17868
-44.302087,8,481.189678
6.584067,8,481.201655
-37.435058,8,481.454868
7.588237,8,481.468024
-21.048727,8,481.477029
-13.979066,8,481.488434
-3.959248,8,481.4964
0.97705,8,481.506563
-2.932173,8,481.520561
-46.571671,8,481.529684
-68.733811,8,481.538687
2.594705,8,481.547194
-2.85508,8,481.55578
-100.376979,8,481.562887
-10.592582,8,481.57311
-16.844235,8,481.586524
-86.196785,8,481.594534
-45.159661,8,481.603796
-27.907817,8,481.612789
-1.642319,8,481.621799
1.262385,8,481.6361
-23.014189,8,481.645628
-13.557624,8,481.654636
-1.691983,8,481.661637
-1.057399,8,481.669636
7.286743,8,481.676635
-1.597797,8,481.689361
1.286729,8,481.695353
-56.675408,8,481.704436
-76.61984,8,481.711444
-15.136965,8,481.719449
6.187393,8,481.725435
-1.346034,8,481.734462
-20.09014,8,481.74488
-53.671689,8,482.006291
0.443997,8,482.022254
-48.119058,8,482.033781
-56.910366,8,482.042807
-26.20683,8,482.052348
-134.534086,8,482.062381
-77.384353,8,482.072356
-72.045802,8,482.080348
-16.697881,8,482.090718
-53.911848,8,482.098691
-65.247292,8,482.107718
-88.024305,8,482.121792
-2.539955,8,482.134074
-51.211788,8,482.14241
-0.954873,8,482.150441
-2.969956,8,482.159671
8.797676,8,482.168407
-80.382133,8,482.17741
-66.075508,8,482.18774
-27.720627,8,482.19473
4.240723,8,482.205932
-76.244449,8,482.212928
-43.422642,8,482.221929
-54.057637,8,482.229048
-151.179939,8,482.244562
-46.369842,8,482.253247
7.301675,8,482.26128
-84.387809,8,482.270167
-66.626761,8,482.277257
-70.168421,8,482.285798
-1.826412,8,482.294193
-3.628296,8,482.307294
-79.245153,8,482.539235
-34.028774,8,482.548885
-17.574058,8,482.55689
-204.482076,8,482.570192
2.591991,8,482.585194
-4.91943,8,482.592191
-82.865672,8,482.601198
-65.053234,8,482.608454
-10.436367,8,482.618443
-6.471359,8,482.625553
5.332688,8,482.635557
-48.500291,8,482.642555
-68.052215,8,482.651071
-0.473235,8,482.660096
-103.292429,8,482.669397
-13.460615,8,482.679396
0.182316,8,482.688521
-100.854124,8,482.704529
-70.706205,8,482.713521
-12.625812,8,482.724681
3.040559,8,482.733691
-28.581875,8,482.7417
-5.201312,8,482.750571
-42.613744,8,482.757564
-4.683678,8,482.764642
-93.951089,8,482.772676
-151.246675,8,482.779671
-68.412884,8,482.790669
-74.144416,8,482.796643
-1.919886,8,482.810845
-86.896202,8,482.820851
-65.462177,8,482.827055
-24.272946,8,483.018539
-12.075748,8,483.025911
-39.498752,8,483.034606
-143.516597,8,483.04169
-0.285832,8,483.050465
-4.248223,8,483.057514
-11.437917,8,483.06483
-56.278566,8,483.072835
4.795578,8,483.079828
3.341708,8,483.087835
-3.610713,8,483.101837
4.354632,8,483.11299
4.028449,8,483.121393
-73.256071,8,483.130707
-1.944699,8,483.139723
2.719976,8,483.147311
-18.360908,8,483.156717
-64.403596,8,483.163049
-18.523613,8,483.172147
-98.566953,8,483.180155
-98.007719,8,483.188549
-7.889618,8,483.194551
-142.066376,8,483.208549
-13.064495,8,483.218545
-56.406725,8,483.229762
-4.633904,8,483.237769
-5.138433,8,483.246043
-57.315525,8,483.254603
-171.883913,8,483.261685
4.712407,8,483.270945
-16.359563,8,483.277047
-17.132732,8,483.287174
-127.05606,8,483.484482
-37.556462,8,483.493477
-89.532866,8,483.503691
-44.946361,8,483.519688
-112.854147,8,483.531864
10.333215,8,483.54221
-46.959317,8,483.554776
-111.573192,8,483.57178
-59.574109,8,483.580785
-23.837576,8,483.591785
-22.861222,8,483.603909
-100.907929,8,483.612908
9.044105,8,483.623187
-88.459724,8,483.632168
-66.787811,8,483.643337
-20.288553,8,483.660862
-14.816813,8,483.676953
-2.288179,8,483.687401
-19.161203,8,483.700375
-89.8174,8,483.7094
-110.496995,8,483.719376
3.090807,8,483.732701
-133.882609,8,483.745859
-10.449516,8,483.760487
-17.990388,8,483.77249
-28.025767,8,483.785398
-14.826428,8,483.797502
-53.994517,8,483.811668
-130.074002,8,483.831064
-52.034315,8,483.843368
-10.239905,8,483.854043
7.341539,8,483.86252
-19.19654,8,484.078717
-41.641587,8,484.087755
-10.929541,8,484.09676
-37.315301,8,484.106153
1.402417,8,484.119504
-87.514322,8,484.127589
-0.303912,8,484.136599
-72.577825,8,484.145975
-180.201503,8,484.159502
-1.272566,8,484.170708
-1.295621,8,484.178708
-42.488921,8,484.188705
3.774916,8,484.196705
-39.258607,8,484.205859
-58.492209,8,484.211858
-3.902347,8,484.226186
-31.650009,8,484.236165
-132.010247,8,484.243341
-7.568323,8,484.25184
-26.538814,8,484.259845
-62.813531,8,484.269968
-60.502391,8,484.282983
-22.454241,8,484.291989
-36.021489,8,484.29897
-36.599244,8,484.306985
-28.421833,8,484.315974
-31.541639,8,484.32841
-11.07656,8,484.336419
-7.857199,8,484.343579
-123.283474,8,484.353126
-7.311651,8,484.360211
-74.077102,8,484.368571
-26.672569,8,484.546794
-63.517202,8,484.561318
-4.785607,8,484.57375
-91.892141,8,484.583738
-42.686815,8,484.592846
9.456631,8,484.60328
-133.977719,8,484.612173
-29.721836,8,484.622448
-101.735105,8,484.630448
-42.6531,8,484.640456
5.449088,8,484.654353
-104.956736,8,484.662352
-68.345951,8,484.672494
-57.948655,8,484.68049
-108.120726,8,484.693473
-39.320745,8,484.701874
-62.061058,8,484.707999
-7.70972,8,484.71798
-113.77492,8,484.72611
-149.86712,8,484.735212
-67.715202,8,484.741571
-153.963979,8,484.749374
-28.211291,8,484.756466
-113.30495,8,484.767449
-146.670163,8,484.774469
-14.02528,8,484.78138
-65.657148,8,484.79146
-134.015143,8,484.801374
3.00526,8,484.808658
-15.510897,8,484.815575
-53.07581,8,484.822792
-4.802282,8,484.829788
-111.709025,8,485.026427
-50.4822,8,485.036432
-54.604064,8,485.042431
10.51963,8,485.051074
2.443241,8,485.060073
-38.832373,8,485.070465
-29.291232,8,485.079462
-38.698816,8,485.096457
4.290333,8,485.106576
-2.019958,8,485.113572
-70.06925,8,485.121577
-9.864062,8,485.128126
-15.329544,8,485.137339
-62.362331,8,485.143479
-39.088984,8,485.152985
-78.298472,8,485.159985
-28.126835,8,485.168335
-51.145338,8,485.175361
-10.652397,8,485.183331
-169.512853,8,485.203331
1.850111,8,485.211331
3.847755,8,485.222384
-17.774451,8,485.228558
-44.50544,8,485.236542
-35.21315,8,485.244714
-10.635285,8,485.253114
-79.404362,8,485.260113
-19.834633,8,485.266656
-34.685602,8,485.275033
-3.244313,8,485.283021
-67.580841,8,485.291026
-37.19347,8,485.297043
-67.34609,8,485.489194
-10.527268,8,485.497191
-87.970636,8,485.506293
-71.644111,8,485.513258
-13.585561,8,485.525739
-62.813683,8,485.534749
-31.356026,8,485.542958
-0.787934,8,485.551287
4.966583,8,485.560286
2.673136,8,485.570308
-98.141286,8,485.577318
-40.575108,8,485.587548
-113.001327,8,485.601545
-56.047467,8,485.609659
-11.733818,8,485.62064
-3.864775,8,485.628066
-22.516231,8,485.640079
-130.513048,8,485.648219
-80.79526,8,485.656731
-76.807988,8,485.666258
-12.745275,8,485.675273
-23.682521,8,485.685448
-209.739056,8,485.691449
-0.794814,8,485.698447
-31.226344,8,485.706596
-3.713645,8,485.719597
3.880585,8,485.726982
3.613663,8,485.73499
-143.801795,8,485.745136
0.895661,8,485.753649
-19.840081,8,485.759675
-8.638128,8,485.768034
-113.520066,8,485.962706
-20.68153,8,485.973701
-112.035275,8,485.984702
-29.539437,8,485.993709
-23.342539,8,486.004068
-3.46465,8,486.020086
-35.206195,8,486.027183
-53.474961,8,486.038191
3.382035,8,486.051051
-33.746362,8,486.061052
-17.999267,8,486.075202
-34.643658,8,486.089278
-25.06804,8,486.099258
-49.444872,8,486.107253
-13.606401,8,486.118257
-177.419052,8,486.127402
-32.006331,8,486.1384
-140.304007,8,486.146971
-38.612367,8,486.162732
-4.934544,8,486.177738
-10.683703,8,486.187739
-24.203094,8,486.201726
-95.456956,8,486.216735
-30.298045,8,486.228066
2.678817,8,486.237053
3.018358,8,486.247299
0.169163,8,486.257768
-100.354135,8,486.265847
-91.178091,8,486.278848
-4.825538,8,486.293582
-43.955261,8,486.308777
-99.810208,8,486.323152
-33.634621,8,486.554564
-0.220003,8,486.563981
-40.863374,8,486.572977
-112.477503,8,486.582184
-63.561133,8,486.591198
0.553945,8,486.602915
-181.029297,8,486.620157
-75.909322,8,486.636647
-112.114069,8,486.648022
-42.951979,8,486.660537
3.037671,8,486.672689
-89.519716,8,486.687979
-199.166115,8,486.696979
-108.096557,8,486.707432
-84.323279,8,486.721439
5.793754,8,486.731589
-74.788982,8,486.740621
0.355763,8,486.75232
-59.203974,8,486.765522
-95.164998,8,486.778609
-69.495634,8,486.792944
-96.523302,8,486.806134
-88.31797,8,486.819134
-85.571034,8,486.8375
1.169649,8,486.851234
-1.978364,8,486.862677
-8.413768,8,486.875689
-13.483022,8,486.888844
-5.182002,8,486.896842
-166.715305,8,486.909157
-1.836348,8,486.922595
-13.644038,8,486.940605
10.144486,8,487.140288
-40.773665,8,487.146288
-7.694845,8,487.15931
-13.785097,8,487.168067
4.546624,8,487.180064
-46.60632,8,487.190213
-26.088776,8,487.198178
-7.236506,8,487.208208
-53.475614,8,487.217179
-2.393773,8,487.224374
0.753723,8,487.232383
-31.786097,8,487.239408
-41.745455,8,487.245658
-6.688149,8,487.253632
-98.974205,8,487.260631
-54.578903,8,487.274924
-21.615244,8,487.287153
1.670008,8,487.295154
-19.688482,8,487.30528
-80.735069,8,487.315286
-6.533164,8,487.324435
-3.5417,8,487.333421
-23.571357,8,487.340421
-20.518752,8,487.346845
-5.848725,8,487.355846
2.983204,8,487.362084
-35.551165,8,487.369084
-24.945672,8,487.379101
1.174577,8,487.388097
-10.028752,8,487.397108
-93.207606,8,487.406103
-88.003634,8,487.413115
-21.763407,8,487.587444
-23.101118,8,487.598446
-21.012685,8,487.606686
-110.238242,8,487.615591
0.205382,8,487.625904
-108.069121,8,487.633907
-53.406779,8,487.643013
-107.899466,8,487.652981
2.70594,8,487.660981
-39.722227,8,487.675371
3.578519,8,487.686408
-149.280991,8,487.694367
4.661219,8,487.707504
-0.366242,8,487.714505
2.204145,8,487.723834
-31.656127,8,487.729834
-76.822446,8,487.738846
-73.455606,8,487.746941
-10.083316,8,487.75794
-57.905869,8,487.767169
-63.573267,8,487.775199
-98.653929,8,487.782326
2.572347,8,487.793329
-78.710717,8,487.801713
-77.49174,8,487.808836
3.710074,8,487.81983
-16.214071,8,487.827014
-0.234404,8,487.835104
-37.705968,8,487.842289
-26.34052,8,487.852363
-0.355246,8,487.859357
-11.941847,8,487.866579
-24.817634,8,488.072624
-16.765246,8,488.081599
6.836861,8,488.095622
-83.369068,8,488.104798
-15.944472,8,488.113822
-7.163113,8,488.121829
-92.509198,8,488.129883
-146.878463,8,488.138595
-20.451164,8,488.145914
-14.754877,8,488.158885
-174.622805,8,488.1661
-145.748141,8,488.173203
-16.593868,8,488.180211
-19.098936,8,488.188863
-3.98964,8,488.196885
-9.423282,8,488.21186
-1.106433,8,488.222248
-73.000132,8,488.230267
-113.986523,8,488.24029
-10.617748,8,488.250424
-92.693227,8,488.259416
-39.034933,8,488.27388
-73.037022,8,488.28277
-30.01517,8,488.290864
1.850479,8,488.29687
-2.986258,8,488.306864
2.785382,8,488.317873
-107.784956,8,488.332148
-29.179359,8,488.341239
-71.021105,8,488.347451
-99.394965,8,488.356437
-11.514146,8,488.362857
-60.690232,8,488.635097
-67.10993,8,488.649498
-64.282146,8,488.659501
-2.561979,8,488.670597
-116.452116,8,488.680598
-0.359756,8,488.702275
-0.610058,8,488.722776
-101.454777,8,488.73779
-81.924258,8,488.761499
-56.095488,8,488.774684
-68.300291,8,488.784696
-69.175789,8,488.794707
-12.143951,8,488.805919
-0.730715,8,488.816896
-54.173288,8,488.837461
-25.377065,8,488.848599
-65.656345,8,488.857871
-10.83649,8,488.869015
-168.419327,8,488.884152
-81.88903,8,488.893151
-37.772037,8,488.908171
-11.959623,8,488.916149
-5.242503,8,488.924464
-10.947015,8,488.936459
-22.006877,8,488.9436
-78.451624,8,488.953583
8.45419,8,488.960581
-172.161147,8,488.969078
0.698269,8,488.976072
5.576321,8,488.984427
-98.837787,8,488.991526
-120.682228,8,488.999426
-48.154977,8,489.207379
-68.244793,8,489.221073
-109.201491,8,489.231207
-11.463462,8,489.239176
4.297431,8,489.24755
-1.414578,8,489.256549
-53.539879,8,489.268519
-72.96488,8,489.27655
4.515219,8,489.286214
-26.979492,8,489.29425
-26.755409,8,489.304594
-51.56757,8,489.312208
-110.679641,8,489.321114
-38.474852,8,489.33723
-37.094491,8,489.345583
-253.61865,8,489.356673
2.433072,8,489.36368
-57.825424,8,489.37568
-98.943941,8,489.383577
-76.781773,8,489.391678
-55.292638,8,489.39769
-65.821918,8,489.405962
-1.257032,8,489.412957
-16.164844,8,489.421858
-22.195971,8,489.429111
0.365536,8,489.437121
-20.938132,8,489.448455
-59.65495,8,489.456468
-83.281142,8,489.46366
1.228319,8,489.47201
-131.674818,8,489.483445
-42.162354,8,489.490531
-21.3649,8,489.676124
-42.528599,8,489.688125
-108.127128,8,489.703134
-108.708645,8,489.714124
-74.647421,8,489.723202
-66.391652,8,489.735201
-55.473769,8,489.752403
-34.098429,8,489.76381
-0.272619,8,489.772724
1.280075,8,489.781764
2.985498,8,489.790748
-73.096471,8,489.799716
-54.725998,8,489.812743
-77.318822,8,489.824828
-93.190148,8,489.834835
-58.162982,8,489.844106
-23.006099,8,489.854196
-53.750194,8,489.860204
6.358029,8,489.871577
-109.585409,8,489.8887
-102.862749,8,489.895709
-0.446513,8,489.904964
-108.385962,8,489.911969
8.205848,8,489.923159
-0.431659,8,489.930157
-19.96378,8,489.937147
-13.929399,8,489.944598
-0.088243,8,489.952536
-33.427341,8,489.959627
-34.533098,8,489.967948
-150.835879,8,489.974967
-14.46948,8,489.986337
-108.754326,8,490.176642
-8.720035,8,490.186669
-24.653373,8,490.19467
-114.544521,8,490.204081
-38.855661,8,490.21107
-3.674649,8,490.222096
-82.600472,8,490.230073
-49.615126,8,490.239072
-33.046363,8,490.252395
-26.106054,8,490.260306
-37.895167,8,490.26973
-4.074053,8,490.276731
-66.252556,8,490.292757
-27.706104,8,490.301728
-13.719171,8,490.310729
-61.583316,8,490.319761
-32.36419,8,490.328061
-143.899895,8,490.337052
-121.96638,8,490.346164
-74.497324,8,490.359257
-17.148914,8,490.3665
-79.611821,8,490.374523
-65.956528,8,490.380527
-81.671038,8,490.388606
5.236625,8,490.401501
-63.658064,8,490.408586
-25.884225,8,490.414593
-70.916004,8,490.422868
-8.345318,8,490.428851
-23.533419,8,490.436847
-51.199123,8,490.443022
-73.218464,8,490.450935
2.527153,8,490.63121
-24.278925,8,490.639315
-96.229678,8,490.645642
2.048955,8,490.654639
-52.032433,8,490.662636
-1.824148,8,490.676746
-118.096442,8,490.690145
-2.48519,8,490.69906
-129.837903,8,490.824469
-59.73339,8,490.835559
-0.74611,8,490.841572
-69.456574,8,490.848651
-56.743428,8,490.858643
-31.066348,8,490.865809
-20.773717,8,490.873806
2.376303,8,490.879806
-33.568155,8,490.888808
-6.948075,8,490.9059
-59.203411,8,490.917821
-107.291604,8,490.930284
-4.702624,8,490.94348
-12.410999,8,490.95648
-61.521471,8,490.969109
7.514804,8,490.98011
-74.028056,8,490.992294
-2.983019,8,491.003284
-21.972609,8,491.016196
-20.317681,8,491.025432
-40.74783,8,491.035421
-124.908764,8,491.041523
-27.490777,8,491.057773
-13.643393,8,491.06998
-58.058939,8,491.306175
-140.367499,8,491.318108
-4.101137,8,491.326267
-17.161005,8,491.339229
-6.541115,8,491.347651
-6.045433,8,491.357645
2.396354,8,491.364749
-0.088402,8,491.373748
0.141923,8,491.380755
2.782276,8,491.389754
-87.09441,8,491.403857
-27.319411,8,491.413853
-1.963254,8,491.425474
2.257631,8,491.435473
-8.673414,8,491.447684
-119.164346,8,491.456684
3.336426,8,491.464947
-127.82835,8,491.473954
3.271323,8,491.483301
-2.306275,8,491.492301
-51.638443,8,491.501301
-31.246929,8,491.508474
-4.47749,8,491.515468
-23.633196,8,491.526468
-30.9535,8,491.535439
-79.37612,8,491.542461
-27.723365,8,491.54945
-0.85201,8,491.560537
2.054242,8,491.568895
-110.646876,8,491.574904
-32.553817,8,491.580891
-124.344994,8,491.589148
-43.414302,8,491.777132
-0.060105,8,491.787343
1.675628,8,491.795338
-24.527582,8,491.808552
-17.591525,8,491.815552
-13.518907,8,491.825096
-27.412583,8,491.834081
-25.406965,8,491.841073
8.58731,8,491.850887
-13.704408,8,491.857884
3.873514,8,491.866092
-2.100317,8,491.874192
6.359367,8,491.88809
7.806474,8,491.897097
-1.652322,8,491.906375
-15.417155,8,491.913382
-4.447823,8,491.927358
-11.153853,8,491.937377
-10.142881,8,491.945734
-37.48532,8,491.955731
-0.407597,8,491.9648
-9.826445,8,492.016803
-20.952308,8,492.039803
-10.773965,8,492.059813
-10.047752,8,492.075905
-1.508848,8,492.089917
-109.089628,8,492.097915
-76.763471,8,492.106906
-41.924205,8,492.130347
2.942455,8,492.141064
-27.069108,8,492.15019
-34.848784,8,492.157212
-143.49933,8,492.361278
-87.620887,8,492.370644
-13.28822,8,492.379646
-106.079177,8,492.387645
-194.93862,8,492.395656
-11.184271,8,492.40403
-143.824295,8,492.41203
-54.306785,8,492.421032
-66.830252,8,492.43014
-60.531754,8,492.444435
-1.477727,8,492.457435
-24.530336,8,492.46755
5.542084,8,492.475644
-76.688171,8,492.485548
-4.197428,8,492.492647
-7.206569,8,492.501526
-92.65737,8,492.510526
-174.254657,8,492.519525
-28.274481,8,492.527523
-11.896955,8,492.537523
-1.916537,8,492.546836
-48.993002,8,492.560836
-17.4138,8,492.572106
-83.058002,8,492.579123
-114.262555,8,492.586533
0.889053,8,492.593544
-5.339545,8,492.601514
-19.346785,8,492.607657
-108.097992,8,492.614657
-27.994704,8,492.6228
1.221139,8,492.628801
2.49562,8,492.6378
-45.932448,8,492.821758
3.239617,8,492.828728
-19.587189,8,492.841756
3.10555,8,492.855066
-53.440832,8,492.865385
-56.940909,8,492.876384
4.809697,8,492.888659
-28.492579,8,492.905777
0.809749,8,492.914767
-22.21391,8,492.925
-10.584614,8,492.935012
-43.792392,8,492.942185
-90.982531,8,492.950173
-111.817559,8,492.957176
0.495977,8,492.970514
-37.276217,8,492.978519
-2.66601,8,492.987514
-14.279217,8,492.995518
-9.057261,8,493.00849
-93.50848,8,493.018603
-1.338586,8,493.02559
2.131438,8,493.032549
-86.419718,8,493.040494
-171.678357,8,493.050693
-92.628256,8,493.058785
-4.783543,8,493.06709
-21.310475,8,493.074147
-114.782048,8,493.088326
0.187261,8,493.095327
-75.192499,8,493.104413
-99.641281,8,493.113438
-72.040996,8,493.120415
-5.61224,8,493.301306
-157.401997,8,493.309311
5.828259,8,493.318325
-44.257154,8,493.331515
-32.8256,8,493.343864
-51.151871,8,493.355859
-27.154136,8,493.367008
-0.379883,8,493.38275
-26.315322,8,493.393747
-4.399256,8,493.404863
-25.588667,8,493.413863
-71.788822,8,493.425141
-89.200321,8,493.440116
-107.347086,8,493.451286
-62.027741,8,493.45929
-105.168932,8,493.468374
-2.291712,8,493.477372
4.517226,8,493.487655
-4.854829,8,493.496666
-80.417204,8,493.509667
-50.373113,8,493.526656
-36.000545,8,493.537636
-8.83864,8,493.552172
-63.575683,8,493.565549
-1.653417,8,493.575639
-121.882443,8,493.585635
-6.015456,8,493.59365
-3.33398,8,493.603776
-81.394667,8,493.610775
-9.022566,8,493.619774
-2.117617,8,493.628067
-92.380881,8,493.638069
-33.722808,8,493.865608
1.36015,8,493.878633
-86.311362,8,493.887632
3.074006,8,493.896638
-13.304053,8,493.906133
-77.354854,8,493.915114
-142.936342,8,493.924222
-5.748769,8,493.933217
-36.718544,8,493.941661
-58.268622,8,493.951758
-29.545238,8,493.959761
-36.514179,8,493.968899
-40.395175,8,493.974898
-10.880051,8,493.990898
-52.516522,8,493.997899
-72.897967,8,494.006983
-7.212796,8,494.016988
-0.081858,8,494.025385
-133.258926,8,494.036399
-10.380142,8,494.045386
-85.804341,8,494.054398
-24.994336,8,494.061397
-127.089796,8,494.071544
-89.991802,8,494.078544
-10.357903,8,494.087193
-3.796353,8,494.101191
-47.2634,8,494.10828
2.757871,8,494.114276
-17.287109,8,494.123643
4.888187,8,494.129643
-3.129089,8,494.137643
-9.709132,8,494.143929
0.095222,8,494.347842
-70.442232,8,494.357606
0.84088,8,494.363851
4.360108,8,494.373847
-9.30734,8,494.382822
-115.361268,8,494.391854
4.70566,8,494.406387
-9.188802,8,494.414388
-96.93171,8,494.426588
-186.460753,8,494.434487
4.967323,8,494.441479
-56.532165,8,494.452783
-37.317321,8,494.460886
-34.433262,8,494.471002
-61.21897,8,494.478002
-58.648878,8,494.488595
-4.27203,8,494.496597
-16.204252,8,494.506875
-145.831606,8,494.522022
-41.148237,8,494.53501
6.812739,8,494.542694
-40.87604,8,494.54961
-1.408265,8,494.556702
-60.44718,8,494.563918
-25.54017,8,494.571921
-46.536183,8,494.577926
-22.337186,8,494.58632
-31.00202,8,494.592336
-105.001752,8,494.599259
-28.695702,8,494.609356
-27.29901,8,494.617351
0.398396,8,494.628636
-45.72768,8,494.813871
-37.760513,8,494.823127
2.161655,8,494.83113
1.551595,8,494.841191
-9.629912,8,494.849298
-60.748895,8,494.860299
-23.134862,8,494.870597
-34.06997,8,494.878596
5.232902,8,494.888848
-65.780322,8,494.896859
-167.840801,8,494.907044
-32.747552,8,494.921333
-27.456193,8,494.929593
6.21749,8,494.940594
-55.297683,8,494.951594
-106.373752,8,494.96788
-3.149267,8,494.978884
-97.387966,8,494.989878
-5.729168,8,494.998885
-219.010635,8,495.008228
-20.835432,8,495.016232
-95.250893,8,495.024379
-63.802045,8,495.03139
-47.880452,8,495.040353
0.157402,8,495.053648
-42.087176,8,495.06065
-37.822559,8,495.073225
-42.101067,8,495.080234
-16.276107,8,495.088623
-175.486868,8,495.094622
-39.405842,8,495.102944
6.295794,8,495.109943
-92.794647,8,495.307549
-86.917689,8,495.317505
-56.533047,8,495.325897
2.410433,8,495.33482
-26.635775,8,495.345086
8.930418,8,495.355055
-5.102999,8,495.363071
1.921541,8,495.372056
-13.14777,8,495.380976
-183.154724,8,495.389961
-143.014244,8,495.402378
-0.64769,8,495.410488
-69.05506,8,495.419469
-38.894108,8,495.426755
-10.671579,8,495.436746
-85.360796,8,495.444072
-119.882611,8,495.452984
-49.738146,8,495.466971
-62.41634,8,495.474968
-45.956966,8,495.483976
-52.262912,8,495.492969
8.76401,8,495.50097
-20.0255,8,495.511103
-101.648803,8,495.519103
3.996059,8,495.526586
1.203225,8,495.533487
-30.235386,8,495.540486
-6.893622,8,495.546819
-96.999702,8,495.554824
-0.481826,8,495.56673
3.827964,8,495.573814
-10.882481,8,495.579818
-11.269581,8,495.790687
-1.551401,8,495.801691
-50.442201,8,495.809118
-109.743433,8,495.818115
3.502883,8,495.827242
-115.520339,8,495.841677
-119.877791,8,495.852442
3.649643,8,495.861476
1.203755,8,495.871446
-17.48691,8,495.878445
4.181884,8,495.897738
-6.203999,8,495.908816
-17.08817,8,495.918818
-6.400657,8,495.928938
0.636033,8,495.94231
-21.801186,8,495.957913
-11.047528,8,495.969188
-73.267873,8,495.979182
-127.919685,8,495.992495
-7.390655,8,496.002622
-33.415763,8,496.016635
-82.652005,8,496.026939
7.463974,8,496.042099
-60.170617,8,496.061091
-121.025816,8,496.075263
-63.152143,8,496.089262
-6.30088,8,496.102404
-68.075671,8,496.112397
-171.729564,8,496.123832
-77.111432,8,496.131826
-61.793517,8,496.142002
-21.433067,8,496.151
-71.518127,8,496.354432
-103.611291,8,496.361871
-25.216124,8,496.37113
-65.586855,8,496.388419
0.915753,8,496.397385
-35.60428,8,496.406719
-103.996065,8,496.414727
6.297106,8,496.424771
-132.155988,8,496.432772
-133.440427,8,496.439771
-20.460663,8,496.448216
-81.112198,8,496.456211
-24.608909,8,496.464211
-32.144961,8,496.473537
3.836889,8,496.479536
-45.437723,8,496.496973
-34.96498,8,496.508136
-38.840053,8,496.519114
-4.857224,8,496.527245
4.583514,8,496.537214
-26.860376,8,496.545527
-47.404585,8,496.55358
-19.830208,8,496.559586
-5.127881,8,496.56777
-58.450603,8,496.574764
-9.914577,8,496.584862
-11.711642,8,496.590873
-9.573939,8,496.601852
-48.641935,8,496.61207
-41.456261,8,496.621295
-22.567176,8,496.628399
0.91985,8,496.635389
-19.31969,8,496.825884
-41.38813,8,496.834877
-15.919009,8,496.840886
2.343863,8,496.849794
-47.817327,8,496.858799
-86.850559,8,496.870332
-60.032626,8,496.881332
8.828477,8,496.891466
3.927601,8,496.908751
-58.604312,8,496.917767
-7.524494,8,496.929859
-50.197767,8,496.943372
-20.43499,8,496.952372
-96.113519,8,496.96141
-41.681995,8,496.971691
-89.64788,8,496.980679
-45.041443,8,496.991663
-89.691239,8,497.001668
-8.249819,8,497.010828
-60.14659,8,497.023348
-107.722893,8,497.041347
-26.006325,8,497.066346
-63.893243,8,497.089461
3.520033,8,497.10677
-57.905889,8,497.12077
0.817751,8,497.13577
-49.346031,8,497.155132
-2.477838,8,497.170842
-83.616839,8,497.186842
-1.694122,8,497.202545
-13.720274,8,497.212541
-49.341779,8,497.222325
-21.565249,8,497.534379
-16.37966,8,497.551706
1.132243,8,497.565958
-8.566554,8,497.569212
-6.484795,8,497.590246
-26.031267,8,497.601164
-96.400746,8,497.619668
8.195795,8,497.630014
-30.894137,8,497.641727
-14.519859,8,497.653474
-2.472412,8,497.66411
-34.128112,8,497.675978
-39.706758,8,497.687814
-15.552923,8,497.697814
-24.217362,8,497.719568
-48.764618,8,497.729152
-92.067882,8,497.738444
-51.653854,8,497.746429
-9.271043,8,497.756006
-201.519009,8,497.763999
-109.925041,8,497.773329
-32.302378,8,497.781335
-32.065961,8,497.791475
1.847338,8,497.799394
-59.13212,8,497.807455
-34.804025,8,497.822281
-9.136145,8,497.836226
-19.690321,8,497.836226
-40.359921,8,497.853095
-13.625359,8,497.861767
-141.482698,8,497.87666
-20.311187,8,497.889882
-174.172431,8,498.119284
-7.028754,8,498.129208
-14.537582,8,498.138114
-58.62223,8,498.161454
-46.171807,8,498.172889
-35.228532,8,498.185397
-213.160988,8,498.2024
-36.71436,8,498.221765
-13.380479,8,498.240657
1.061665,8,498.256954
-70.087924,8,498.28387
-131.399284,8,498.304665
-40.861341,8,498.421485
-4.467401,8,498.43918
-1.579411,8,498.44995
-22.547684,8,498.469224
-6.715442,8,498.513964
-68.186725,8,498.544659
-21.362451,8,498.563753
-54.216872,8,498.606299
-28.704271,8,498.621791
-99.905394,8,498.643054
-26.824794,8,498.658051
-55.834346,8,498.673316
-0.337846,8,498.687908
-44.337856,8,498.707549
-141.238183,8,498.72424
2.904681,8,498.73992
-154.258012,8,498.760742
-120.531007,8,498.776313
-80.312393,8,498.792014
-51.064688,8,498.808589
-44.519631,8,499.234815
-32.47642,8,499.251433
-77.417921,8,499.270147
-101.174143,8,499.279724
-2.17859,8,499.293798
-24.39259,8,499.309642
-24.768095,8,499.327557
-1.594804,8,499.34179
-0.806969,8,499.357507
-146.389326,8,499.378213
-65.167267,8,499.392077
-62.46397,8,499.407525
-22.639387,8,499.427914
-54.095836,8,499.442726
-42.345938,8,499.454547
-18.434027,8,499.464003
-7.013924,8,499.475136
-75.140824,8,499.492521
-95.247516,8,499.505505
-164.109828,8,499.519473
1.580543,8,499.529489
-11.661438,8,499.543379
-13.114953,8,499.555794
-50.316039,8,499.566308
-12.695179,8,499.566308
-2.58009,8,499.595324
-3.014275,8,499.608433
-73.070343,8,499.618192
-19.188914,8,499.625514
-18.564535,8,499.637949
-37.550984,8,499.648519
3.259835,8,499.659862
-81.277999,8,499.970618
9.285267,8,499.993593
-117.288687,8,500.008942
-68.083712,8,500.024582
-0.623237,8,500.042765
-44.483514,8,500.073796
-121.016874,8,500.096399
-48.938534,8,500.109358
-57.726671,8,500.123352
-40.6767,8,500.137973
-25.944307,8,500.155042
4.831216,8,500.177884
-40.123052,8,500.194522
-34.922174,8,500.225326
0.717113,8,500.248529
-75.290882,8,500.288354
-65.842207,8,500.306707
-25.456051,8,500.325547
0.350791,8,500.343156
-89.357616,8,500.356205
-35.728658,8,500.372708
-14.834266,8,500.386964
-97.859557,8,500.396966
2.562569,8,500.408281
0.323517,8,500.423707
-21.306322,8,500.443112
-42.304795,8,500.458464
-51.080575,8,500.474841
-2.33852,8,500.493835
1.373001,8,500.508874
3.431514,8,500.526121
-130.440478,8,500.542459
-108.96861,8,500.793172
-10.10749,8,500.804334
6.644929,8,500.813334
-162.27774,8,500.827676
-102.383179,8,500.84215
-19.210528,8,500.861622
-24.118446,8,500.886412
-135.703748,8,500.895405
-62.742594,8,500.906422
-27.19788,8,500.914397
-37.850152,8,500.925218
-31.79946,8,500.940848
-26.397158,8,500.949824
-66.717093,8,500.961819
3.338438,8,500.971825
-16.501742,8,500.980947
-147.534811,8,500.998341
-57.872137,8,501.012341
-25.108888,8,501.026498
-15.483427,8,501.039657
-24.51431,8,501.048637
-12.519095,8,501.062021
-110.90441,8,501.074372
-0.810717,8,501.088603
-3.024819,8,501.102762
-20.756876,8,501.11075
-77.267607,8,501.120788
-41.157806,8,501.130808
-40.135963,8,501.145109
-7.962312,8,501.157112
-16.685462,8,501.177236
-96.734293,8,501.192246
3.132821,8,501.511473
-88.365832,8,501.522767
-16.319381,8,501.533762
-86.989379,8,501.553408
-87.334692,8,501.57065
-6.612143,8,501.580668
-66.003778,8,501.59565
9.16212,8,501.608162
-130.836706,8,501.620688
-0.046085,8,501.630692
-8.578202,8,501.642688
-35.440979,8,501.658687
-7.262991,8,501.672164
-190.890206,8,501.68359
5.105895,8,501.694587
-41.493227,8,501.709738
7.855672,8,501.728709
-74.335074,8,501.740727
5.089397,8,501.748718
-35.839779,8,501.757731
-3.432603,8,501.771998
-54.776584,8,501.780998
-79.596527,8,501.788997
-18.400486,8,501.798453
-47.632168,8,501.806464
1.088959,8,501.813464
1.972155,8,501.823476
-31.748034,8,501.831481
-192.174713,8,501.841514
9.661571,8,501.855535
5.798431,8,501.863709
0.143987,8,501.877709
-22.459276,8,502.077011
-36.239532,8,502.09964
-53.044852,8,502.108637
-77.641804,8,502.118228
-72.25624,8,502.127214
-57.903988,8,502.137883
7.013585,8,502.147882
-72.848328,8,502.155897
-1.63474,8,502.164884
-1.00843,8,502.179888
-92.701583,8,502.189883
-26.454127,8,502.198884
-27.198955,8,502.212803
-26.740228,8,502.219444
-31.051983,8,502.232497
-20.152438,8,502.240813
-9.60746,8,502.255188
-129.726337,8,502.27015
-17.203129,8,502.283808
-0.738093,8,502.291978
4.644242,8,502.307444
2.610119,8,502.318011
-0.85949,8,502.344285
-103.760764,8,502.357489
3.969093,8,502.367889
-161.754334,8,502.382659
-7.680271,8,502.382659
-33.551181,8,502.401633
-48.495327,8,502.401633
-37.424035,8,502.427992
-74.285627,8,502.453562
-3.204629,8,502.481801
-33.959025,8,502.800987
2.585545,8,502.811863
-6.132724,8,502.828567
-21.055192,8,502.836377
-18.918487,8,502.858171
-27.858631,8,502.878658
-42.632777,8,502.890701
-35.109068,8,502.899352
-83.676275,8,502.908416
-103.474069,8,502.917107
-28.081895,8,502.927133
-95.906283,8,502.933119
-14.915574,8,502.949002
-29.470378,8,502.958068
2.946209,8,502.970793
-2.94375,8,502.989794
-78.393858,8,502.999853
-94.455335,8,503.006858
-65.107053,8,503.01385
0.500937,8,503.015851
-82.442595,8,503.015851
-72.911395,8,503.03168
-5.507906,8,503.03168
9.884707,8,503.0475
13.367817,8,503.0475
-23.726927,8,503.063503
-1.070526,8,503.063503
-1.56461,8,503.079166
-141.78736,8,503.079166
-8.313082,8,503.096992
-56.39333,8,503.111123
0.250697,8,503.111123
-75.673509,8,503.351053
-20.674701,8,503.360454
-71.655752,8,503.370485
-0.800623,8,503.376245
2.363954,8,503.387428
-51.248055,8,503.389436
3.055308,8,503.409087
-19.675429,8,503.417105
4.412645,8,503.440808
2.317897,8,503.449821
-43.740995,8,503.457853
0.144412,8,503.470778
-20.676259,8,503.479985
-13.777099,8,503.489905
0.213998,8,503.500086
-60.66427,8,503.509358
-24.359782,8,503.519947
-14.101542,8,503.532542
-69.120146,8,503.544547
-19.112849,8,503.561616
3.582432,8,503.578998
-37.076241,8,503.593505
-79.810984,8,503.606447
-112.53136,8,503.618297
-14.024661,8,503.626002
-126.048021,8,503.634416
-14.206705,8,503.643086
-83.501705,8,503.651373
1.024634,8,503.664553
-40.42111,8,503.67721
3.44312,8,503.689709
4.899121,8,503.7013
-62.044601,8,503.931098
-5.241742,8,503.946656
-25.626144,8,503.952672
-95.471099,8,503.952672
-95.939207,8,503.970397
-35.688854,8,503.980172
-10.896383,8,503.980172
-20.01935,8,503.980172
-0.354782,8,504.008253
5.03636,8,504.016476
1.884198,8,504.024918
-88.988863,8,504.033145
1.981983,8,504.039543
-90.1578,8,504.05203
-20.820841,8,504.06071
-56.874115,8,504.068943
-39.130009,8,504.078321
-19.164809,8,504.08551
-9.144858,8,504.094016
5.610393,8,504.102509
-202.226177,8,504.113993
-30.046927,8,504.121282
-38.782687,8,504.128972
-30.985693,8,504.136281
0.95645,8,504.143603
-28.673923,8,504.150258
-6.043957,8,504.161184
-16.458513,8,504.167491
-24.217542,8,504.174918
4.458057,8,504.181221
-5.246747,8,504.188807
-30.898209,8,504.195041
6.38835,8,504.392757
-8.266099,8,504.401235
-32.734159,8,504.410554
-133.404302,8,504.420583
-93.380845,8,504.430368
-14.580336,8,504.440132
-32.131519,8,504.458623
-7.952584,8,504.470482
-80.405191,8,504.480014
-7.525598,8,504.487779
-17.208324,8,504.495805
-23.995854,8,504.503579
-6.520312,8,504.511604
6.268643,8,504.521376
-152.977855,8,504.529402
-81.455864,8,504.537181
-136.996138,8,504.545209
4.626933,8,504.55356
-3.535014,8,504.55356
-27.166001,8,504.575479
-4.86024,8,504.582501
-14.438019,8,504.582501
-80.166058,8,504.582501
-23.994061,8,504.598334
-103.035688,8,504.598334
-80.541744,8,504.61408
-4.586117,8,504.61408
-63.713751,8,504.61408
-0.687156,8,504.6302
7.121046,8,504.6302
-75.810401,8,504.646334
-30.817157,8,504.656368
-40.893907,8,504.82502
-173.370011,8,504.832787
-88.066087,8,504.838804
-0.253447,8,504.848575
-1.094359,8,504.8566
3.670444,8,504.864364
-11.536098,8,504.86637
3.129803,8,504.880445
-29.766775,8,504.880445
-100.143715,8,504.898129
-3.643162,8,504.90414
-19.243904,8,504.910528
-53.435851,8,504.910528
-11.417397,8,504.925664
-36.625531,8,504.935664
12.045487,8,504.943836
-33.281079,8,504.943836
-9.105632,8,504.961659
-31.366091,8,504.961659
-78.483289,8,504.973737
-28.880646,8,504.973737
-116.998976,8,504.994976
-45.425767,8,505.002727
-47.379634,8,505.011576
-34.019969,8,505.023453
-62.116653,8,505.030705
-90.402576,8,505.038005
-27.521713,8,505.043423
6.686384,8,505.04991
-51.377541,8,505.057513
-11.953947,8,505.063859
-0.911477,8,505.070155
-42.326204,8,505.239961
-201.72492,8,505.248372
-41.147549,8,505.255636
-3.709461,8,505.26195
-4.262301,8,505.270009
-6.689355,8,505.281738
-24.228962,8,505.289094
3.681486,8,505.296436
-16.992715,8,505.303742
-36.82436,8,505.310857
-9.16207,8,505.317355
-40.57708,8,505.328094
-69.71665,8,505.336257
-14.425133,8,505.344048
-57.575676,8,505.3506
-66.585057,8,505.358932
-103.544557,8,505.365571
9.896058,8,505.382649
-28.195945,8,505.393945
-124.557389,8,505.402631
-91.711612,8,505.410908
-3.767128,8,505.420537
-20.3163,8,505.427824
-30.384648,8,505.427824
-5.321048,8,505.427824
-0.997185,8,505.443515
-27.05766,8,505.443515
-47.636575,8,505.459272
-3.068612,8,505.459272
-15.797495,8,505.477238
-138.536292,8,505.477238
-63.734909,8,505.490914
2.987112,8,505.685605
-25.520089,8,505.69363
1.075614,8,505.701389
-61.42988,8,505.709405
-35.97901,8,505.717175
2.104572,8,505.723194
-115.858659,8,505.730604
-138.888196,8,505.738626
-4.742468,8,505.74665
2.940479,8,505.754673
-100.099844,8,505.766454
-19.435451,8,505.776227
-100.475414,8,505.784033
-56.664094,8,505.790056
10.056654,8,505.799729
-18.0801,8,505.80788
0.067549,8,505.815902
-87.182336,8,505.823663
-38.014782,8,505.827674
-0.170249,8,505.827674
-13.239475,8,505.844563
-94.943609,8,505.848576
0.971689,8,505.853724
-116.391419,8,505.869504
4.555492,8,505.874093
-67.5303,8,505.885274
-121.93753,8,505.885274
-8.2978,8,505.901101
-62.542319,8,505.901101
-9.101567,8,505.901101
-20.686426,8,505.917204
-20.59476,8,505.917204
-68.549232,8,506.129734
-3.20453,8,506.137935
-66.599897,8,506.14635
-105.849733,8,506.162135
-64.593877,8,506.172918
-1.992131,8,506.183287
3.492858,8,506.191033
-23.583756,8,506.199333
2.555557,8,506.208931
-86.067389,8,506.223672
-22.81175,8,506.234196
8.40713,8,506.242946
-165.016029,8,506.252234
-36.246621,8,506.262817
-28.779427,8,506.271528
0.32404,8,506.279831
-94.029495,8,506.294703
-0.020773,8,506.305193
-21.277811,8,506.314024
-99.049885,8,506.330814
2.579028,8,506.34249
-35.005015,8,506.354071
6.28769,8,506.361352
-19.080182,8,506.367731
3.69799,8,506.374917
-23.133125,8,506.382062
-11.414655,8,506.389986
6.768341,8,506.397806
-1.028978,8,506.408701
-82.271079,8,506.415469
0.776725,8,506.421998
-40.997908,8,506.431374
-39.579331,8,506.589628
-22.760543,8,506.589628
-12.049895,8,506.607399
-25.530603,8,506.615153
-70.310738,8,506.623163
-29.799543,8,506.623163
-111.850861,8,506.637685
-22.978636,8,506.645695
0.948846,8,506.656714
-0.25119,8,506.668048
-11.565015,8,506.668048
-24.955608,8,506.684037
-33.369844,8,506.686042
-34.960535,8,506.700086
-1.768096,8,506.700086
-34.902854,8,506.700086
-112.232437,8,506.723612
-62.084964,8,506.731639
7.487218,8,506.740379
3.953583,8,506.747406
-48.929821,8,506.755431
-4.318591,8,506.771211
-88.285457,8,506.777225
-14.230664,8,506.77897
-7.388941,8,506.77897
-21.932225,8,506.794744
7.014638,8,506.794744
-35.163082,8,506.810626
-4.596676,8,506.817509
1.273572,8,506.82353
-89.155293,8,506.83056
-39.155085,8,506.83658
4.725134,8,507.004584
-34.50452,8,507.010596
-57.501659,8,507.023678
-18.505477,8,507.029915
-5.638596,8,507.039415
-15.417584,8,507.046642
-53.913468,8,507.056034
-130.35247,8,507.064452
3.711605,8,507.071803
-79.319932,8,507.081121
-145.608262,8,507.091688
-10.74288,8,507.104278
-75.362663,8,507.11139
-264.390755,8,507.119963
-21.033716,8,507.132297
-11.878696,8,507.140084
-89.269376,8,507.147243
-88.640952,8,507.154537
-162.98261,8,507.160966
-166.216192,8,507.168293
-3.231798,8,507.176539
-21.904024,8,507.18276
-1.05475,8,507.191478
-44.078418,8,507.198632
-56.328317,8,507.208371
-6.662622,8,507.214826
-28.273143,8,507.221075
-9.117233,8,507.230683
-16.524652,8,507.238628
-93.799294,8,507.247169
-16.327404,8,507.254728
-26.95219,8,507.260201
2.87085,8,507.422688
-93.956623,8,507.44252
0.462665,8,507.451159
-26.857619,8,507.460186
-35.012188,8,507.470204
-29.324816,8,507.479963
-77.246444,8,507.489999
-84.72822,8,507.503683
-21.390381,8,507.511721
3.532949,8,507.519486
-8.373552,8,507.519486
-2.972713,8,507.535345
-205.394571,8,507.539357
-37.919551,8,507.553438
2.545588,8,507.561188
-22.105074,8,507.569089
-31.67901,8,507.571094
-17.492711,8,507.582682
-47.0971,8,507.590703
-58.098551,8,507.598464
-124.943086,8,507.609884
1.768821,8,507.612433
-108.673293,8,507.612433
-37.825949,8,507.628179
-24.020226,8,507.628179
-61.13921,8,507.628179
-35.874072,8,507.644204
-6.178759,8,507.644204
-8.795405,8,507.660069
-147.06346,8,507.660069
-22.314846,8,507.675799
-104.770008,8,507.675799
-57.961351,8,507.845487
-0.362434,8,507.857427
-30.210283,8,507.864995
-47.240986,8,507.864995
-43.677635,8,507.864995
-111.958615,8,507.889624
-0.383821,8,507.898651
-20.283643,8,507.904668
-11.057829,8,507.91243
-35.429118,8,507.918447
-0.626389,8,507.924464
-22.635915,8,507.932227
-35.654444,8,507.932227
-33.988117,8,507.944275
-4.253152,8,507.944275
-39.530946,8,507.964243
-75.483839,8,507.972266
-6.772519,8,507.980031
2.600311,8,507.988055
-74.581086,8,507.999458
-42.661516,8,508.006034
-32.463667,8,508.013798
-18.356556,8,508.02182
-60.484581,8,508.029155
-67.849295,8,508.036526
-110.924231,8,508.047998
-124.492523,8,508.054341
-100.621251,8,508.060705
-6.012834,8,508.067259
-56.153081,8,508.074515
-24.929683,8,508.080786
-104.298236,8,508.087034
-28.15496,8,508.260199
1.49306,8,508.267874
-16.084451,8,508.2763
-26.822651,8,508.283588
-0.951217,8,508.290914
-15.910326,8,508.298443
-23.506842,8,508.311144
-64.312,8,508.318509
-64.195204,8,508.331141
-51.647127,8,508.338487
-166.53374,8,508.346086
-22.677276,8,508.353476
-57.767898,8,508.360988
-5.483272,8,508.368647
-15.922941,8,508.37997
-93.632878,8,508.387115
-32.315956,8,508.394475
-12.77743,8,508.402576
-29.5993,8,508.417178
-71.241459,8,508.426658
-21.140743,8,508.4386
-22.893047,8,508.445319
3.049952,8,508.450922
-40.137158,8,508.465174
-58.13581,8,508.476959
-40.915819,8,508.488569
-18.808359,8,508.49258
-48.841002,8,508.49258
-55.383876,8,508.508301
-18.169981,8,508.508301
-20.938082,8,508.523953
4.648153,8,508.54171
3.5116,8,508.770958
-38.709449,8,508.776708
0.224792,8,508.78568
-93.2018,8,508.794696
-12.439716,8,508.802715
-167.868655,8,508.810467
1.412882,8,508.818477
-2.321507,8,508.824225
-63.395528,8,508.824225
-106.150315,8,508.845203
-64.655851,8,508.85995
-13.149052,8,508.868042
-15.647131,8,508.887176
-26.519886,8,508.896173
-92.829984,8,508.904095
-50.764094,8,508.912121
1.905035,8,508.919499
-0.939207,8,508.925514
-24.638113,8,508.933534
-46.883259,8,508.941554
-19.688761,8,508.949319
-16.641592,8,508.957344
-25.775216,8,508.965118
-3.724988,8,508.965118
-52.489663,8,508.98279
-98.082138,8,508.98279
-2.856728,8,508.994878
-25.563672,8,508.994878
-142.681633,8,509.010631
-37.597811,8,509.010631
-15.088365,8,509.026654
0.14331,8,509.033576
-82.654719,8,509.210705
-35.104058,8,509.234242
2.327609,8,509.24289
3.946686,8,509.251575
3.410333,8,509.264258
-42.80227,8,509.273728
-27.502827,8,509.282243
3.474761,8,509.289501
3.985994,8,509.297958
-83.570449,8,509.306709
-62.086855,8,509.318209
-34.13608,8,509.325525
-69.06302,8,509.332903
-4.431552,8,509.341455
-109.868485,8,509.34882
-60.968087,8,509.356524
-26.082841,8,509.363935
-39.750319,8,509.375978
-66.00701,8,509.383303
-52.006142,8,509.391819
-66.662888,8,509.398528
-7.498434,8,509.405971
4.453607,8,509.412397
-0.034885,8,509.417769
-30.457757,8,509.427541
-80.713441,8,509.434879
-150.745385,8,509.434879
4.839446,8,509.434879
-84.399481,8,509.450836
-25.587582,8,509.450836
-85.213206,8,509.466969
6.201782,8,509.466969
-72.59893,8,509.659295
-44.051308,8,509.66732
-23.697592,8,509.675043
9.857985,8,509.681058
-15.557992,8,509.68882
-92.393666,8,509.696837
-3.49915,8,509.7046
-89.910428,8,509.710615
2.166871,8,509.719689
-49.528561,8,509.725689
5.121649,8,509.729678
-61.843232,8,509.747498
-37.806133,8,509.755525
-67.727645,8,509.763369
-80.9391,8,509.763369
-119.607318,8,509.77806
-49.188605,8,509.77806
-30.175933,8,509.79332
-17.853598,8,509.79332
-42.362944,8,509.809123
2.743546,8,509.817786
4.587795,8,509.825143
-21.203105,8,509.841034
-12.204354,8,509.849047
2.807149,8,509.861719
-38.493662,8,509.867742
-35.838694,8,509.874769
-26.670903,8,509.88079
-5.745725,8,509.886811
-38.051442,8,509.892576
-4.580842,8,509.898594
-26.016832,8,509.90636
-3.78641,8,510.097221
-3.579669,8,510.104537
3.597471,8,510.110849
-70.831593,8,510.12291
-146.557481,8,510.131115
-6.886472,8,510.1394
-23.254503,8,510.147612
-74.154541,8,510.156169
-160.042783,8,510.163342
-62.362546,8,510.171589
-2.650932,8,510.179939
-104.062657,8,510.190445
-90.984162,8,510.198627
-19.000234,8,510.206135
-15.942551,8,510.214597
8.359749,8,510.22747
-12.555956,8,510.236853
4.513986,8,510.245537
-37.860551,8,510.251734
-67.956929,8,510.259017
-7.18037,8,510.265627
-0.400486,8,510.273875
-40.260539,8,510.281189
-25.69977,8,510.287743
-89.208322,8,510.29406
-65.974112,8,510.305918
-29.74471,8,510.312336
3.874607,8,510.319759
2.327015,8,510.329489
-114.731103,8,510.34041
-24.592288,8,510.345829
-21.792568,8,510.35225
-29.344105,8,510.503182
7.556119,8,510.517299
-18.338569,8,510.533002
-59.851556,8,510.533002
-32.723629,8,510.533002
-51.005974,8,510.551203
6.741952,8,510.551203
-96.877475,8,510.566983
-44.754341,8,510.5811
-9.834349,8,510.5811
-45.028179,8,510.598851
-2.628755,8,510.604859
-133.15497,8,510.612346
-192.473999,8,510.618356
-29.184577,8,510.623578
-2.373586,8,510.635626
-80.346229,8,510.641639
3.367434,8,510.649652
4.426698,8,510.65741
5.922472,8,510.659416
0.635392,8,510.659416
-16.44245,8,510.684198
-45.953406,8,510.69122
-15.11005,8,510.699242
-35.825353,8,510.707004
-2.924014,8,510.707004
-31.49791,8,510.707004
6.178684,8,510.722968
1.483991,8,510.722968
-68.778901,8,510.722968
-38.267945,8,510.738646
1.220249,8,510.738646
-7.172482,8,510.93683
0.310949,8,510.953718
-79.162029,8,510.964366
-4.622114,8,510.97327
-8.653161,8,510.982539
-44.368467,8,510.990561
-67.565014,8,510.998585
2.221517,8,511.006348
-7.099737,8,511.016373
-37.274002,8,511.02213
-5.723507,8,511.033689
-24.167735,8,511.04327
-5.907595,8,511.051711
-36.95054,8,511.060128
6.165773,8,511.079869
-10.144312,8,511.09167
-90.242771,8,511.100768
1.182268,8,511.110201
-46.555034,8,511.119549
-1.708268,8,511.127968
-6.027186,8,511.136268
6.779737,8,511.144977
-37.116524,8,511.154637
-0.7453,8,511.161089
-124.479882,8,511.168398
-0.323325,8,511.174827
-32.006897,8,511.189064
-175.514794,8,511.196774
-50.131313,8,511.204255
-10.600031,8,511.210626
-10.749851,8,511.217212
-37.77252,8,511.223603
-45.511054,8,511.391889
6.796684,8,511.397545
-105.081731,8,511.408972
-44.200185,8,511.415698
-24.373404,8,511.424011
-18.911852,8,511.431355
5.55759,8,511.439598
-18.773346,8,511.44574
-34.335501,8,511.44574
-0.110276,8,511.467142
-34.747435,8,511.475164
-171.684928,8,511.48293
-28.747157,8,511.490953
2.932967,8,511.498973
-1.601779,8,511.50499
-102.318895,8,511.517061
-116.293261,8,511.524616
-86.815721,8,511.532371
-97.028889,8,511.540119
-179.897692,8,511.549995
-25.50361,8,511.560398
-28.155755,8,511.56842
-80.006672,8,511.577951
-56.212503,8,511.587759
-110.749268,8,511.587759
-66.318503,8,511.607859
4.165376,8,511.617893
-27.164306,8,511.630644
-101.452549,8,511.639685
-3.324721,8,511.645706
1.473046,8,511.653477
-177.105555,8,511.659498
-11.389438,8,511.837769
-45.00861,8,511.851539
-17.225911,8,511.859293
1.708894,8,511.867322
-197.451782,8,511.873079
-18.486415,8,511.881103
9.55467,8,511.88887
-53.284382,8,511.896899
-84.592102,8,511.904663
-123.329812,8,511.910679
-21.967372,8,511.918701
-35.701917,8,511.926463
1.561051,8,511.938231
-3.887199,8,511.946248
2.801847,8,511.957941
9.996067,8,511.963688
-104.316998,8,511.969846
-19.653798,8,511.975852
-158.523172,8,511.983103
-23.069552,8,511.990854
-19.813721,8,511.998604
-56.309248,8,512.006614
0.263148,8,512.014364
-13.920492,8,512.020377
5.99202,8,512.028128
-144.038438,8,512.04067
-14.520984,8,512.047263
-8.620127,8,512.053602
2.997176,8,512.059947
-81.115041,8,512.068589
5.855956,8,512.074833
0.439442,8,512.082036
3.231657,8,512.236235
-44.153134,8,512.244554
-90.236265,8,512.250816
3.772314,8,512.257506
-20.960827,8,512.26397
-10.91636,8,512.275516
-24.284048,8,512.287986
6.447113,8,512.295125
-80.923295,8,512.305577
-112.021164,8,512.312987
-15.136107,8,512.321296
-75.510664,8,512.328348
1.936517,8,512.335891
-99.414199,8,512.344013
1.045303,8,512.351663
-150.943398,8,512.358994
-32.46117,8,512.366536
-194.648227,8,512.373888
-38.557017,8,512.386859
-102.136525,8,512.396175
-5.801009,8,512.402874
-15.857688,8,512.410212
-12.028762,8,512.417622
3.764207,8,512.424021
-1.647054,8,512.430467
-63.473951,8,512.436855
-9.844565,8,512.443637
-15.935612,8,512.449975
-64.756992,8,512.45298
-30.470758,8,512.45298
-24.415709,8,512.469025
-55.263235,8,512.469025
-45.114794,8,512.646401
-24.388919,8,512.652407
-100.300605,8,512.658887
-30.13832,8,512.666638
-118.587936,8,512.674148
-104.25271,8,512.680156
-13.316896,8,512.680156
-21.250126,8,512.69414
3.627764,8,512.703622
-91.711944,8,512.705627
-77.745796,8,512.705627
-20.598424,8,512.721414
-95.007198,8,512.741553
-128.635353,8,512.749567
-67.940598,8,512.75363
-115.443934,8,512.75363
0.71403,8,512.769592
-30.637228,8,512.769592
-173.45303,8,512.789711
-80.722416,8,512.797721
-78.426956,8,512.809856
-10.391735,8,512.817614
-82.352087,8,512.817614
-50.839836,8,512.837595
-5.509194,8,512.850205
-103.631139,8,512.868339
-0.759343,8,512.869338
0.135892,8,512.884805
-8.494321,8,512.891077
-14.450894,8,512.902667
-160.245533,8,512.909672
3.904549,8,512.918711
-70.452921,8,513.120902
-24.870652,8,513.128222
-83.765532,8,513.136827
-34.517056,8,513.144465
-30.122654,8,513.158415
-69.370728,8,513.166583
5.877441,8,513.182348
0.203689,8,513.193883
-7.589198,8,513.204417
-156.088057,8,513.21292
-29.229316,8,513.221517
-5.17366,8,513.22979
-22.379166,8,513.238353
5.589916,8,513.24572
-44.958044,8,513.253489
-61.606924,8,513.260809
1.70571,8,513.2769
5.316684,8,513.28951
-4.666736,8,513.29917
-25.734319,8,513.309465
-25.57625,8,513.321224
-56.392449,8,513.334749
-87.547574,8,513.345084
-49.503338,8,513.353609
-13.556365,8,513.363321
4.374289,8,513.37066
-2.036113,8,513.378372
-61.648463,8,513.385854
8.125642,8,513.399674
-52.472801,8,513.416436
-157.637164,8,513.426324
-37.539904,8,513.435672
-30.298997,8,513.633563
-70.309957,8,513.643316
-132.966482,8,513.65147
-87.00253,8,513.66153
-235.607327,8,513.673577
-31.936545,8,513.684619
0.003323,8,513.69455
-12.797256,8,513.704586
-40.939828,8,513.714366
-46.92998,8,513.726201
-79.520122,8,513.741724
-28.337685,8,513.750377
-0.299323,8,513.7554
-0.125265,8,513.7554
-110.861832,8,513.771358
-74.363434,8,513.771358
-17.817245,8,513.787131
4.478345,8,513.787131
-88.853047,8,513.805245
-12.668023,8,513.805245
-32.794797,8,513.820949
1.11572,8,513.820949
-112.028383,8,513.836823
3.116323,8,513.851223
0.261769,8,513.860795
1.507578,8,513.86856
-70.445471,8,513.882433
5.728246,8,513.882433
1.638838,8,513.882433
-15.602183,8,513.898276
-22.095563,8,513.898276
-86.287091,8,513.898276
-44.167525,8,514.081241
-12.89816,8,514.088474
2.500397,8,514.100049
-29.294955,8,514.108457
-0.731313,8,514.117012
-71.535602,8,514.124233
-99.716525,8,514.131456
0.971537,8,514.13891
6.25859,8,514.146114
-111.441776,8,514.153683
4.038129,8,514.161026
0.563729,8,514.172544
-40.760185,8,514.179835
-43.57136,8,514.187132
-2.524831,8,514.195757
-7.626005,8,514.207303
-82.82465,8,514.215667
-70.247264,8,514.223196
-141.162516,8,514.230458
-7.15477,8,514.238016
-12.52685,8,514.245359
4.814037,8,514.252684
2.87881,8,514.259362
-45.965709,8,514.266496
-12.812203,8,514.274656
1.17784,8,514.285693
-77.005944,8,514.293468
-94.611779,8,514.302004
-7.492098,8,514.310318
-22.55538,8,514.317989
9.553335,8,514.325337
-10.041349,8,514.332036
-74.003019,8,514.502163
8.173066,8,514.502163
-76.254788,8,514.518016
-37.131084,8,514.520022
-5.939562,8,514.530067
-29.720854,8,514.538089
-8.954972,8,514.546529
-88.756444,8,514.546529
-81.983841,8,514.563719
-94.309268,8,514.571744
-56.925151,8,514.57951
0.208322,8,514.58753
-19.673381,8,514.595294
-57.811248,8,514.603313
-3.969844,8,514.61179
-121.439424,8,514.62133
-27.880044,8,514.627089
-21.672252,8,514.635109
-13.783073,8,514.640865
-24.692739,8,514.648881
-88.843611,8,514.659663
-136.817421,8,514.659663
1.506252,8,514.67474
-4.941375,8,514.67474
-62.176347,8,514.688749
-10.122142,8,514.688749
-88.110654,8,514.688749
-51.764337,8,514.709324
-48.556308,8,514.715343
-0.661172,8,514.724976
5.054455,8,514.730992
-78.851218,8,514.738301
4.586125,8,514.897879
-33.209896,8,514.909658
3.347666,8,514.917682
3.293646,8,514.91943
-96.157916,8,514.91943
1.211303,8,514.94068
-41.536813,8,514.948706
-19.183144,8,514.954726
-15.208157,8,514.962749
-40.55672,8,514.968506
-1.177985,8,514.976531
-25.918608,8,514.984304
-176.918186,8,514.992327
-7.163006,8,515.006006
-115.154296,8,515.012014
3.74985,8,515.021511
8.10438,8,515.027924
-65.070413,8,515.03569
-29.868338,8,515.04372
1.018057,8,515.054299
-4.909064,8,515.063321
-30.325475,8,515.069335
11.730748,8,515.078846
-40.362469,8,515.08609
-34.691601,8,515.093311
2.082899,8,515.099967
-1.781506,8,515.110592
-17.79652,8,515.116947
-98.072802,8,515.123301
-54.682669,8,515.129666
-0.95446,8,515.134984
-98.98819,8,515.141347
-2.949462,8,515.312062
4.715275,8,515.320048
-83.347827,8,515.327302
-151.417763,8,515.334919
-71.53607,8,515.342263
-112.933332,8,515.349476
-16.38742,8,515.36217
-21.575067,8,515.37047
-26.440996,8,515.378209
-19.700743,8,515.388613
-27.231816,8,515.396798
4.833687,8,515.404336
4.283128,8,515.411683
-69.01635,8,515.419019
-10.273777,8,515.426667
-55.855927,8,515.433909
-86.416324,8,515.44212
-58.993083,8,515.448573
2.814604,8,515.456263
-14.86167,8,515.467937
-153.23889,8,515.475255
-43.348984,8,515.481528
1.841258,8,515.492049
-69.75174,8,515.500521
-26.871567,8,515.508088
-42.287199,8,515.508088
-89.339673,8,515.508088
-96.540236,8,515.524253
-78.120363,8,515.524253
-5.177899,8,515.540087
-16.482877,8,515.540087
-40.326747,8,515.555798
-178.374762,8,515.745214
-14.153875,8,515.760858
-16.92122,8,515.771798
-24.374365,8,515.780895
-83.929341,8,515.780895
-16.575127,8,515.798935
-2.66231,8,515.814686
-55.845702,8,515.82721
-45.715791,8,515.840636
-47.849034,8,515.853384
3.019021,8,515.85639
-54.243766,8,515.867987
-41.645313,8,515.883533
-104.067455,8,515.888648
-8.845072,8,515.904422
-16.146889,8,515.920346
-20.298325,8,515.936365
-59.689842,8,515.952532
-38.475549,8,515.968461
-25.105228,8,515.968461
-111.479074,8,515.98532
-3.035054,8,515.98532
-3.292736,8,516.000439
-4.97858,8,516.000439
-30.924193,8,516.020795
7.198934,8,516.03223
-4.040645,8,516.034237
6.448687,8,516.034237
-3.366278,8,516.048201
-120.440495,8,516.048201
1.713246,8,516.064282
-41.066594,8,516.064282
-62.377557,8,516.232907
-14.07892,8,516.240594
2.705478,8,516.248943
-26.06324,8,516.256245
-90.671154,8,516.262502
4.032942,8,516.279637
10.082711,8,516.28791
-21.787452,8,516.295556
-19.460981,8,516.303803
-46.052216,8,516.312647
-17.506762,8,516.319758
-27.871046,8,516.328311
-5.326992,8,516.335529
-4.889689,8,516.343226
3.678961,8,516.35053
-20.56148,8,516.357711
-63.822848,8,516.363914
-86.71505,8,516.375523
-0.841958,8,516.386347
-40.378564,8,516.394718
-0.580839,8,516.402419
-40.466203,8,516.40773
-111.174601,8,516.414024
-10.207471,8,516.420325
5.062333,8,516.426534
-27.023244,8,516.433681
-38.091327,8,516.440184
-13.913668,8,516.444182
-11.409971,8,516.452292
-27.177665,8,516.458699
-18.561757,8,516.468539
-2.049089,8,516.476067
-0.20898,8,516.631948
-39.805597,8,516.648131
-64.499575,8,516.648131
1.735039,8,516.664054
-19.255406,8,516.664054
-33.48847,8,516.680243
4.792685,8,516.680243
-93.777685,8,516.696128
-36.372826,8,516.696128
-32.87278,8,516.714304
-51.183456,8,516.728447
5.662445,8,516.728447
-75.616621,8,516.744346
-24.108513,8,516.752432
-129.911875,8,516.760192
-54.566155,8,516.760192
-85.869796,8,516.760192
-6.922444,8,516.776067
-12.378469,8,516.776067
-17.248544,8,516.791883
-79.703188,8,516.799419
-37.732283,8,516.807647
-19.527687,8,516.807647
-2.863896,8,516.823218
-17.217013,8,516.823218
-54.297574,8,516.838981
6.29908,8,516.838981
-5.928204,8,516.85473
-59.704929,8,516.85473
-177.125343,8,516.85473
-1.540297,8,516.870479
-1.462224,8,516.870479
-88.772452,8,517.033912
-88.018743,8,517.053467
-11.485496,8,517.059499
5.621524,8,517.071172
-21.792646,8,517.075181
-19.789836,8,517.075181
-2.260623,8,517.094919
3.836785,8,517.10208
-29.468615,8,517.108457
-1.221373,8,517.115962
-87.067517,8,517.123349
-14.269283,8,517.129898
-10.839227,8,517.135118
-132.450899,8,517.142422
-90.590195,8,517.149788
-67.075502,8,517.159433
-6.720523,8,517.171874
-26.928675,8,517.178108
-46.549794,8,517.184697
-30.048134,8,517.192214
3.938716,8,517.199488
-43.895131,8,517.207269
-26.577782,8,517.214681
0.624132,8,517.222198
-12.110284,8,517.229586
6.864563,8,517.236006
-41.648587,8,517.242361
6.720155,8,517.247682
-138.467814,8,517.257429
-29.116406,8,517.267322
6.737373,8,517.273787
-25.925731,8,517.279202
9.837835,8,517.438357
-21.316785,8,517.446141
-113.674115,8,517.454336
-48.477755,8,517.460746
-0.868615,8,517.468327
-20.306855,8,517.475682
-59.257783,8,517.487519
7.534283,8,517.494981
-23.527162,8,517.502307
-18.098981,8,517.505448
-27.470587,8,517.519389
-30.01298,8,517.519389
-78.830907,8,517.535558
-70.764103,8,517.543575
-161.485736,8,517.551333
6.416841,8,517.551333
-25.732266,8,517.567228
-53.174223,8,517.573666
-55.933321,8,517.580894
-8.592273,8,517.582899
7.446148,8,517.582899
-150.728116,8,517.604057
-26.212987,8,517.614268
-26.581106,8,517.62574
4.870491,8,517.629752
-100.651407,8,517.629752
-2.357221,8,517.645798
-25.000576,8,517.645798
-3.101159,8,517.645798
-15.096201,8,517.66157
2.561918,8,517.66157
-110.174857,8,517.677624
-2.909455,8,517.847245
-150.857945,8,517.852994
-5.725883,8,517.868981
-145.403476,8,517.868981
-4.724695,8,517.885123
-69.613954,8,517.885123
-29.967384,8,517.901272
-4.449858,8,517.901272
6.430928,8,517.917322
-102.911923,8,517.925075
-44.064186,8,517.930559
5.914284,8,517.942139
1.928943,8,517.948627
-45.980782,8,517.948627
-7.366253,8,517.969683
10.713418,8,517.97771
-15.504939,8,517.985724
9.114837,8,517.993734
3.258308,8,517.997481
-119.464814,8,518.00888
-53.795309,8,518.01593
-16.629732,8,518.02395
-97.266176,8,518.032091
-59.576018,8,518.042129
1.14023,8,518.042129
5.192919,8,518.057841
-69.406932,8,518.057841
-17.831229,8,518.073572
-5.522912,8,518.097143
-18.240604,8,518.103162
-24.777277,8,518.110712
-154.385918,8,518.118325
-82.082412,8,518.310614
2.112304,8,518.320555
1.822175,8,518.328799
-26.72304,8,518.337278
-61.638057,8,518.345859
-0.04406,8,518.354062
-14.252955,8,518.361361
-14.194845,8,518.380559
3.041041,8,518.390197
-83.386653,8,518.398554
-26.331487,8,518.408231
-17.351716,8,518.416473
-11.483246,8,518.424081
-26.553521,8,518.432791
-8.765607,8,518.440113
12.552257,8,518.448529
-21.130242,8,518.456945
-73.914719,8,518.465182
-35.217598,8,518.472538
-59.799842,8,518.484807
-19.963866,8,518.49627
-38.310153,8,518.50572
-3.302899,8,518.512903
-2.819777,8,518.512903
-39.912824,8,518.512903
-19.147612,8,518.528824
-56.182369,8,518.528824
-6.694039,8,518.544607
0.896555,8,518.544607
-83.856543,8,518.544607
-4.315484,8,518.560584
-6.922612,8,518.571263
-25.826752,8,518.743716
-75.329154,8,518.75174
-28.110672,8,518.759763
7.789586,8,518.76753
-14.881295,8,518.774945
-4.62783,8,518.783437
6.958164,8,518.791009
5.461397,8,518.799018
-14.05591,8,518.806578
1.887542,8,518.812597
3.124673,8,518.824402
-8.427055,8,518.83015
1.6949,8,518.838281
-69.366542,8,518.8529
-42.004998,8,518.858917
-0.433122,8,518.86293
-27.420531,8,518.86293
-40.60702,8,518.880632
-6.678638,8,518.880632
-65.350857,8,518.892331
-4.619722,8,518.892331
-218.416786,8,518.908359
-30.780138,8,518.908359
-74.849339,8,518.93038
9.319458,8,518.93038
-6.664956,8,518.940475
-35.816924,8,518.940475
3.926969,8,518.956576
-21.993873,8,518.956576
-0.597395,8,518.956576
-74.870396,8,518.974381
2.271285,8,518.974381
-33.655578,8,519.153425
-97.854138,8,519.161993
-23.889129,8,519.170592
-3.920826,8,519.178806
-17.233736,8,519.18638
-67.321335,8,519.193707
5.9296,8,519.205168
0.039945,8,519.213733
-19.122595,8,519.220991
-14.53142,8,519.228261
-28.894029,8,519.235763
4.487969,8,519.243101
-46.293583,8,519.250524
-9.117464,8,519.262118
6.753867,8,519.27058
-124.071898,8,519.277418
-43.836222,8,519.2848
-13.070071,8,519.292429
-68.718197,8,519.304337
-57.405928,8,519.312818
-40.4741,8,519.319091
-85.834892,8,519.326781
-62.935961,8,519.335154
-195.642775,8,519.341828
-64.14004,8,519.348143
-19.790984,8,519.353514
-76.136804,8,519.359934
-70.837955,8,519.365254
-18.264369,8,519.375067
-12.84166,8,519.38049
-63.174185,8,519.386911
6.577871,8,519.396959
-181.80202,8,519.559436
-23.69015,8,519.567456
-35.427008,8,519.575219
-40.706124,8,519.583241
-93.807894,8,519.592018
-99.927329,8,519.59977
-21.936456,8,519.606329
-113.589157,8,519.614339
-33.983621,8,519.62009
-19.248343,8,519.626098
-38.378147,8,519.632105
-25.597771,8,519.633849
-43.312788,8,519.65179
-42.311116,8,519.659799
3.459694,8,519.665548
-42.15061,8,519.665548
-48.231996,8,519.681329
-252.871417,8,519.681329
-60.954405,8,519.681329
-65.983245,8,519.706894
-131.448251,8,519.712907
-24.716137,8,519.712907
-56.694055,8,519.729129
-53.543102,8,519.729129
3.031894,8,519.747192
-45.363454,8,519.750364
-66.574615,8,519.76246
4.574597,8,519.76745
2.475852,8,519.771472
5.784043,8,519.771472
-15.056023,8,519.771472
-1.787969,8,519.787328
-0.50588,8,519.963461
-17.161333,8,519.963461
-84.76347,8,519.979291
-22.032493,8,519.979291
2.706324,8,520.004122
-58.242286,8,520.013062
-37.54604,8,520.02417
-12.209786,8,520.037823
-26.28102,8,520.046961
-26.665845,8,520.050972
0.787986,8,520.064584
-1.059991,8,520.074509
-4.354092,8,520.083859
-22.193751,8,520.0942
-13.017675,8,520.102221
-45.192211,8,520.109983
-0.951273,8,520.118006
7.629521,8,520.130771
0.652762,8,520.143164
-4.405626,8,520.151662
-62.427679,8,520.158815
-65.854242,8,520.166341
-157.536705,8,520.175931
-12.350179,8,520.1832
-79.17353,8,520.190614
-18.656308,8,520.195913
-227.074239,8,520.202447
3.872517,8,520.208662
-32.118971,8,520.214917
0.137603,8,520.225576
5.950158,8,520.232956
-3.82839,8,520.239724
-12.79629,8,520.40394
-1.067219,8,520.412437
8.010396,8,520.420608
4.232797,8,520.428246
-40.066505,8,520.435437
-29.340866,8,520.442661
-58.668232,8,520.451391
-23.138802,8,520.458792
-8.490918,8,520.465303
8.255581,8,520.481997
-9.3939,8,520.49366
-123.071641,8,520.504178
-62.107915,8,520.511576
-1.154867,8,520.521186
-29.72196,8,520.527545
-4.92397,8,520.539873
3.055754,8,520.54363
-39.474896,8,520.557168
-155.669274,8,520.5689
-15.296006,8,520.584685
0.179913,8,520.590693
-121.361509,8,520.600646
-17.96282,8,520.606405
-202.111776,8,520.606405
-43.176197,8,520.62447
-0.149349,8,520.62447
-7.677265,8,520.638431
2.325208,8,520.638431
-24.561089,8,520.654398
5.452499,8,520.670137
-49.959533,8,520.670137
-39.264675,8,520.685796
-4.672861,8,520.932232
-12.355415,8,520.947466
-43.944793,8,520.95548
-37.08993,8,520.963132
-184.869598,8,520.963132
-1.183582,8,520.98316
8.379098,8,520.991171
2.652194,8,520.99692
-82.646178,8,520.99692
-134.072356,8,521.01103
-2.302421,8,521.01103
6.365101,8,521.026794
-53.836208,8,521.042644
-1.164849,8,521.042644
-7.445683,8,521.058447
7.200356,8,521.069802
-26.637878,8,521.073819
-46.148712,8,521.087945
5.371184,8,521.095697
-74.259194,8,521.103448
2.968111,8,521.105357
-5.406098,8,521.121413
-67.644099,8,521.121413
-95.3999,8,521.121413
2.005156,8,521.146389
-132.904962,8,521.152903
-77.180385,8,521.159602
1.28334,8,521.166099
2.292223,8,521.177801
-1.068147,8,521.186219
-149.432982,8,521.192735
2.346956,8,521.199145
4.175751,8,521.377042
1.68242,8,521.385551
5.963396,8,521.392822
-69.148291,8,521.400133
-18.111566,8,521.408721
-18.673756,8,521.413954
-122.434935,8,521.421191
0.535042,8,521.428793
-27.697877,8,521.440357
3.032646,8,521.448982
9.840516,8,521.456427
-15.094696,8,521.464772
-5.894877,8,521.474426
-35.389618,8,521.482208
-2.578288,8,521.489451
-157.769874,8,521.496824
-170.479219,8,521.504447
-2.67088,8,521.511673
-17.01413,8,521.519084
-93.169905,8,521.526644
3.446508,8,521.534871
-10.735607,8,521.546686
-137.891682,8,521.552911
-105.927135,8,521.561101
-10.450002,8,521.56886
-14.895829,8,521.574826
-30.379522,8,521.582853
-75.43104,8,521.5846
-92.233161,8,521.602664
-45.74258,8,521.603673
-191.159875,8,521.617597
-6.534241,8,521.619599
-31.646443,8,521.813099
-93.875208,8,521.828996
-5.045367,8,521.838542
-156.964689,8,521.846542
-67.725766,8,521.849544
10.565662,8,521.849544
6.856466,8,521.870264
-99.622672,8,521.870264
3.524331,8,521.881349
-143.064983,8,521.881349
-96.63225,8,521.901136
-25.555595,8,521.901136
-9.356956,8,521.917257
3.146224,8,521.917257
-55.046286,8,521.934916
-19.67657,8,521.948853
2.726803,8,521.953285
-66.659902,8,521.964785
9.754993,8,521.976269
0.57713,8,521.986738
-30.289592,8,521.992387
-32.757858,8,521.992387
-185.887336,8,522.008543
-41.659703,8,522.008543
-25.701048,8,522.024516
-137.995314,8,522.024516
-64.727225,8,522.040213
-8.315382,8,522.040213
-47.278791,8,522.056224
-40.800644,8,522.056224
8.77916,8,522.072054
-58.9454,8,522.072054
-16.813833,8,522.250803
-82.728916,8,522.259184
-72.127094,8,522.269821
-11.875298,8,522.276659
-42.44214,8,522.283939
-71.101554,8,522.291299
4.22539,8,522.298744
-20.304424,8,522.312255
0.555592,8,522.321176
-42.609248,8,522.328532
-48.555988,8,522.336497
-10.722779,8,522.343624
-99.147663,8,522.351386
-69.806164,8,522.358833
0.237991,8,522.366138
-70.088284,8,522.376707
-8.185084,8,522.385319
-10.272899,8,522.392422
-136.813106,8,522.399014
-12.297702,8,522.411641
-0.843575,8,522.42048
-92.53743,8,522.427653
-72.993757,8,522.435018
3.130526,8,522.443613
-80.098237,8,522.450956
-49.946402,8,522.458066
-7.836397,8,522.463846
-33.716293,8,522.472253
-4.003346,8,522.478763
1.380889,8,522.490343
2.018775,8,522.497828
-58.591188,8,522.50584
-0.204168,8,522.698844
-2.076246,8,522.702494
-97.843247,8,522.718688
-144.612395,8,522.718688
-13.841116,8,522.741484
-9.597765,8,522.75734
-139.016059,8,522.770406
-1.503446,8,522.784278
2.925615,8,522.800949
-71.446213,8,522.822627
3.213805,8,522.838522
-23.586999,8,522.853028
-41.933949,8,522.872653
-0.772042,8,522.881665
-3.50428,8,522.890375
-94.668577,8,522.899409
-38.906847,8,522.907438
-64.411932,8,522.918569
1.611259,8,522.93222
-25.557176,8,522.94745
-89.222958,8,522.963317
-30.663609,8,522.981513
6.682318,8,522.992189
4.650963,8,523.001256
-1.031935,8,523.011294
-84.408525,8,523.035047
-98.433387,8,523.058075
-15.490712,8,523.072887
-27.535982,8,523.089259
6.112964,8,523.103673
-4.706169,8,523.118723
-46.306023,8,523.132661
-100.454379,8,523.388357
2.616925,8,523.39745
-78.949398,8,523.406865
-14.691521,8,523.416322
-38.251492,8,523.425613
-140.182259,8,523.439362
-99.829214,8,523.447712
-2.54948,8,523.457433
-30.197708,8,523.465356
-11.747774,8,523.474437
-67.303805,8,523.483343
-38.746417,8,523.496614
-18.6395,8,523.50474
-54.213678,8,523.512534
5.296917,8,523.521598
-100.582465,8,523.528591
-207.125364,8,523.536318
1.691063,8,523.544508
1.826525,8,523.55772
-31.987014,8,523.566064
8.210981,8,523.574757
-29.078436,8,523.580858
-43.33673,8,523.58854
-75.444149,8,523.595541
-71.730954,8,523.606816
-88.613878,8,523.613698
-3.377964,8,523.621424
1.224669,8,523.627616
-100.050947,8,523.635371
-24.125466,8,523.643006
-29.971582,8,523.653595
-40.686645,8,523.659696
-29.90302,8,523.843947
-73.702441,8,523.855105
-4.288428,8,523.865488
-86.887608,8,523.876525
-50.330766,8,523.886852
-22.852206,8,523.895485
-54.0956,8,523.904478
-7.081985,8,523.913088
-27.633097,8,523.922436
-13.453515,8,523.931722
-134.347277,8,523.943262
-73.665897,8,523.962413
-34.623122,8,523.972992
-110.47771,8,523.982381
-33.573326,8,523.991065
-41.516171,8,524.002066
-53.135991,8,524.009066
-53.087893,8,524.019064
-47.83443,8,524.032548
-3.030722,8,524.042611
3.15367,8,524.051026
-30.286125,8,524.063053
5.450382,8,524.065652
-73.715338,8,524.087382
-10.291135,8,524.093385
-6.495893,8,524.101315
-10.691066,8,524.10731
-53.57489,8,524.11432
-2.704663,8,524.12092
4.505926,8,524.127926
-7.959715,8,524.132344
-1.771315,8,524.132344
-20.142813,8,524.339963
-119.978622,8,524.351241
-79.261439,8,524.359895
-25.300686,8,524.36993
-20.225655,8,524.384436
-4.707881,8,524.394001
3.115594,8,524.40729
-54.064917,8,524.417312
-97.985963,8,524.42724
5.566278,8,524.440259
-12.234994,8,524.450787
1.841349,8,524.459879
-14.883572,8,524.468653
-12.921249,8,524.4767
3.167326,8,524.484369
-3.624341,8,524.492374
1.076767,8,524.505012
8.076186,8,524.520994
-39.663031,8,524.53214
4.535598,8,524.541781
-80.880687,8,524.552081
-24.129143,8,524.561587
-68.864589,8,524.570626
-16.201836,8,524.579554
-105.259686,8,524.588551
-1.849104,8,524.596607
-16.589759,8,524.606747
-14.502187,8,524.616353
-7.187084,8,524.629758
-144.800405,8,524.643645
-79.189126,8,524.653093
-37.631422,8,524.661033
-88.14588,8,524.869617
-42.03916,8,524.878784
-35.277238,8,524.888643
-16.228249,8,524.896363
-5.122864,8,524.904533
0.717753,8,524.912591
-10.662817,8,524.920409
-1.294526,8,524.928503
-57.887333,8,524.940579
-49.503536,8,524.952897
1.41113,8,524.952897
8.259052,8,524.972615
-102.42519,8,524.978624
-56.888261,8,524.98524
-43.762506,8,524.98524
-6.663014,8,525.001982
-9.73691,8,525.009981
-57.490258,8,525.019995
-26.913329,8,525.027981
-2.555939,8,525.036428
-112.884224,8,525.047675
1.140673,8,525.067475
-8.191242,8,525.088297
-64.699704,8,525.099296
3.372521,8,525.112301
-2.254638,8,525.122617
-103.861693,8,525.140252
-45.708851,8,525.186762
-2.638268,8,525.201524
-18.539792,8,525.201524
-2.284582,8,525.225415
-39.619309,8,525.232917
-9.455323,8,525.576599
-20.164058,8,525.591241
-24.96859,8,525.62141
-126.418204,8,525.629421
-78.576933,8,525.644217
-42.07878,8,525.662687
-2.686636,8,525.684107
-88.277257,8,525.712116
3.618183,8,525.751689
-11.59402,8,525.808058
-28.412448,8,525.872627
-26.672036,8,525.895367
6.229261,8,525.912605
-0.354327,8,525.916766
-58.297464,8,525.932626
-52.0181,8,525.959308
-23.122831,8,525.985908
3.631638,8,526.003915
-2.202929,8,526.017899
-19.25399,8,526.033433
-41.571299,8,526.033433
-8.974738,8,526.057953
-1.281715,8,526.065624
-1.194962,8,526.068089
-39.127548,8,526.10225
-52.466453,8,526.106078
1.836653,8,526.11725
-24.301185,8,526.134992
-35.605403,8,526.151818
-95.530148,8,526.151818
-138.59492,8,526.167373
-12.015032,8,526.167373
-112.508466,8,526.513541
-12.401031,8,526.526786
-17.733392,8,526.540811
-93.800506,8,526.552237
-23.096408,8,526.56324
-76.126942,8,526.607022
1.627201,8,526.641597
-37.422368,8,526.673815
4.656857,8,526.696427
-85.680978,8,526.701457
-1.257952,8,526.737239
-87.252799,8,526.750177
-42.00682,8,526.767882
-53.783557,8,526.780372
-9.622163,8,526.808093
-10.007682,8,526.826834
-27.837437,8,526.85113
-24.937561,8,526.905621
-54.247127,8,526.934878
-38.83204,8,526.956436
0.907439,8,527.033536
1.241208,8,527.061838
-51.827717,8,527.08832
-108.636837,8,527.114143
-7.056697,8,527.188907
-89.905012,8,527.208097
-51.916962,8,527.224851
-98.491783,8,527.248932
-46.910138,8,527.271983
-3.019672,8,527.296321
11.91228,8,527.316829
-35.260575,8,527.331924
-17.162992,8,527.805451
8.477532,8,527.836451
-38.192679,8,527.857663
-86.257505,8,527.880641
-18.278462,8,527.901298
-2.969445,8,527.91825
-32.382261,8,527.93825
-49.766127,8,527.954257
-21.83714,8,527.973254
-8.383249,8,527.98725
-21.56886,8,527.99825
-72.346321,8,528.009947
-47.948381,8,528.020926
-202.132199,8,528.039932
-90.204747,8,528.058925
-150.508071,8,528.076656
0.307645,8,528.10064
-51.177936,8,528.113637
-75.779551,8,528.132632
3.015831,8,528.152637
-22.307171,8,528.172635
-25.517109,8,528.189765
-36.326443,8,528.218607
-3.462909,8,528.244292
-20.384573,8,528.264894
-1.754942,8,528.280887
7.200806,8,528.311814
-84.027405,8,528.337138
-34.48692,8,528.360158
-141.073596,8,528.379863
-10.489801,8,528.395437
-11.381755,8,528.417892
-68.315627,8,528.737691
-50.269654,8,528.748692
-126.761913,8,528.761454
-19.28267,8,528.772986
-57.678172,8,528.789962
1.781745,8,528.798954
-1.42343,8,528.81532
-0.512968,8,528.828177
-30.833223,8,528.840305
-1.913828,8,528.852894
-96.823828,8,528.86178
5.250739,8,528.871781
-144.310922,8,528.880788
-14.657002,8,528.893917
-44.872768,8,528.903892
-19.597022,8,528.911633
3.755396,8,528.922662
-259.297417,8,528.930654
-63.645595,8,528.94066
-24.09099,8,528.955785
-44.76978,8,528.963732
-98.181828,8,528.973725
-91.816448,8,528.980744
-6.005786,8,529.001025
8.393472,8,529.008082
-64.192397,8,529.016083
-86.244089,8,529.024071
-70.718757,8,529.032073
-16.605778,8,529.040071
-40.372463,8,529.04707
-68.329787,8,529.05507
0.808207,8,529.067767
-64.637186,8,529.278645
-22.591537,8,529.287647
-20.774451,8,529.296648
-70.31712,8,529.306648
-0.288289,8,529.316649
-98.592125,8,529.328648
-1.127363,8,529.337668
-0.204128,8,529.345668
-7.780604,8,529.353669
-2.779166,8,529.361652
3.036818,8,529.369646
-79.559904,8,529.376647
-6.906505,8,529.392662
5.41309,8,529.401657
-59.961849,8,529.410672
-76.143893,8,529.41867
-37.864459,8,529.426673
-148.082328,8,529.434748
2.213979,8,529.446744
0.299004,8,529.450499
-59.167293,8,529.450499
-61.37247,8,529.472789
-14.315783,8,529.478789
-83.937464,8,529.487592
-10.573294,8,529.498592
2.849506,8,529.506775
-7.677581,8,529.519683
-77.159343,8,529.530762
-30.396062,8,529.537768
-28.718828,8,529.543794
6.30525,8,529.554692
-4.80109,8,529.561698
-83.896459,8,529.808983
9.308714,8,529.823739
-76.825091,8,529.834558
-49.42593,8,529.84599
-31.206315,8,529.857965
-43.283204,8,529.886648
-75.774859,8,529.89905
-73.29509,8,529.909935
-90.452333,8,529.915669
-24.509012,8,529.935802
-134.207273,8,529.944775
-16.760441,8,529.955769
4.893741,8,529.969715
1.004178,8,529.980711
1.9628,8,529.993471
-79.242499,8,530.010169
-18.126147,8,530.019351
-12.478549,8,530.031323
-19.817422,8,530.048359
-127.014074,8,530.058317
-16.070682,8,530.065794
9.643197,8,530.073814
-68.211759,8,530.081793
-71.316256,8,530.091823
-6.634246,8,530.10176
3.273988,8,530.120251
-46.55532,8,530.137758
-122.012054,8,530.157169
-39.56059,8,530.182576
-107.49537,8,530.201985
-77.554791,8,530.22799
-9.831774,8,530.241966
-26.389155,8,530.482754
-105.713373,8,530.498838
-42.0989,8,530.511848
-1.595586,8,530.519783
-148.972429,8,530.52779
-90.253563,8,530.532787
-21.934977,8,530.532787
-5.629578,8,530.548904
-64.996346,8,530.55692
-68.640317,8,530.562671
-4.587813,8,530.579459
-7.121008,8,530.588976
-10.350014,8,530.596883
0.685758,8,530.604766
-24.331302,8,530.612795
-99.322679,8,530.621714
-17.229174,8,530.629714
-78.230589,8,530.637469
2.321498,8,530.646469
10.229816,8,530.653602
1.599032,8,530.659609
-139.294178,8,530.66613
4.415951,8,530.674175
-12.367389,8,530.699145
-113.861437,8,530.699145
-14.1045,8,530.729448
-23.667124,8,530.743582
8.837726,8,530.761131
-20.689082,8,530.774445
-25.788476,8,530.787445
-72.589325,8,530.794451
-4.180425,8,530.809428
-15.16682,8,531.068802
-146.167678,8,531.081086
-74.164932,8,531.091976
-16.630645,8,531.108582
-0.012497,8,531.12124
-4.848781,8,531.13789
8.031711,8,531.153866
-56.087976,8,531.163984
-18.04934,8,531.172741
2.554974,8,531.1833
-4.211364,8,531.192564
3.296974,8,531.202157
-23.287707,8,531.211688
-7.082408,8,531.220704
-14.823317,8,531.22978
-9.17494,8,531.239512
-16.656412,8,531.257863
-21.189353,8,531.265752
-33.293909,8,531.273794
-101.325876,8,531.281793
-56.689395,8,531.289825
-6.440202,8,531.295821
-80.37175,8,531.305329
0.999533,8,531.312249
-21.578739,8,531.320235
-62.156544,8,531.327078
-6.333603,8,531.335319
-42.409963,8,531.342296
-13.444174,8,531.356328
-98.409617,8,531.363332
-11.406082,8,531.371676
1.771375,8,531.38004
5.929405,8,531.572335
-63.8515,8,531.586509
-96.141176,8,531.59651
-11.952638,8,531.605499
3.604861,8,531.612499
-0.968306,8,531.621718
3.878247,8,531.627726
2.346177,8,531.637399
3.671369,8,531.646425
-166.484618,8,531.659684
-89.640058,8,531.669683
2.162242,8,531.676685
-52.461861,8,531.686941
-33.326228,8,531.696802
-2.843693,8,531.705282
-34.355088,8,531.712283
-33.065001,8,531.72028
-13.458169,8,531.728277
-63.376987,8,531.737517
-32.43611,8,531.745526
-180.025685,8,531.755151
-54.708691,8,531.770177
-0.943441,8,531.777183
-0.131716,8,531.784466
-112.447698,8,531.784466
-85.27699,8,531.803256
2.506802,8,531.810234
3.960135,8,531.818215
-106.03249,8,531.824296
4.372258,8,531.832325
6.579139,8,531.83973
-36.735488,8,531.84663
-0.425757,8,532.015786
2.736916,8,532.027675
-98.188009,8,532.031179
-2.817514,8,532.050645
-50.566243,8,532.05934
-183.818364,8,532.069839
-132.258001,8,532.078878
-4.204938,8,532.084997
-22.656774,8,532.096008
-45.481395,8,532.103996
-90.570224,8,532.110996
-22.031045,8,532.11977
-49.860092,8,532.128857
-6.351341,8,532.135542
-2.582721,8,532.155925
-35.715654,8,532.16568
-19.08795,8,532.17531
-59.411521,8,532.183426
0.837847,8,532.192434
6.698582,8,532.199425
-29.518936,8,532.208452
-28.506715,8,532.216432
-61.889321,8,532.223998
-21.672882,8,532.230995
-44.740038,8,532.238996
-0.761791,8,532.245068
-8.805815,8,532.2518
-53.420433,8,532.2518
-59.473566,8,532.276366
-122.591305,8,532.283275
-14.359737,8,532.291265
-59.002468,8,532.298265
0.53502,8,532.508151
-22.313178,8,532.515841
-7.800667,8,532.515841
-30.958224,8,532.533229
0.173353,8,532.54125
-85.497686,8,532.548857
-14.124362,8,532.556938
-26.98339,8,532.567814
10.6796,8,532.567814
-76.724124,8,532.583023
-31.538919,8,532.594145
3.109395,8,532.602653
-23.210001,8,532.610652
-22.245001,8,532.619035
-99.717604,8,532.627018
-0.528312,8,532.632488
-1.327048,8,532.632488
-30.290285,8,532.654358
-22.915932,8,532.663358
-2.42547,8,532.671831
2.891554,8,532.686273
-34.348494,8,532.694283
2.231992,8,532.706063
2.4248,8,532.713064
-25.852955,8,532.720909
-31.850339,8,532.72693
-36.734827,8,532.73251
-14.218809,8,532.73251
-12.611117,8,532.73251
-45.062712,8,532.74762
-51.910014,8,532.74762
-73.051017,8,532.77134
-25.100241,8,532.970597
-47.833328,8,532.976618
-30.098326,8,532.985362
-96.560748,8,532.993385
-100.800947,8,533.001658
-99.070276,8,533.008664
2.996074,8,533.016035
-111.162724,8,533.024081
-29.882769,8,533.032398
-85.214664,8,533.040639
-3.475532,8,533.053161
-5.004814,8,533.060161
-106.44243,8,533.067736
-7.162869,8,533.077761
-13.046613,8,533.086963
-1.144428,8,533.09483
-104.499274,8,533.102151
6.573982,8,533.108576
-17.819606,8,533.115556
-42.948785,8,533.121763
-52.081322,8,533.127764
4.059609,8,533.134916
-33.926396,8,533.14297
-47.497248,8,533.155399
-101.454636,8,533.161408
-165.400105,8,533.177796
-104.115368,8,533.182496
2.736976,8,533.197775
-139.965165,8,533.197775
-12.54961,8,533.221901
-3.240036,8,533.23799
5.2889,8,533.251169
-4.612463,8,533.51214
-4.378885,8,533.521795
-12.897129,8,533.53079
-132.803221,8,533.54079
1.099252,8,533.549792
-26.602145,8,533.561176
-67.974632,8,533.578979
-35.470038,8,533.591947
-20.431327,8,533.608546
-64.978843,8,533.624869
-53.029889,8,533.63787
3.4026,8,533.65188
-100.709651,8,533.661464
6.138276,8,533.673477
-20.881462,8,533.682454
-11.931981,8,533.692753
8.790684,8,533.703626
-99.377076,8,533.703626
-5.118645,8,533.727089
-3.419118,8,533.739073
-69.444856,8,533.746085
-26.957572,8,533.754246
0.025182,8,533.763309
0.517086,8,533.767037
-4.782271,8,533.767037
-2.251536,8,533.786753
-0.475811,8,533.794735
-2.986249,8,533.804036
-0.190539,8,533.811041
-27.506025,8,533.824693
-39.970097,8,533.824693
-4.242458,8,533.843633
1.862591,8,534.051735
-88.098509,8,534.059735
-19.114739,8,534.069739
-5.602377,8,534.077739
-76.278226,8,534.082438
2.774715,8,534.082438
-27.755701,8,534.10177
-67.663246,8,534.108957
-30.833358,8,534.117718
-0.73133,8,534.127713
-109.59755,8,534.134741
-4.628077,8,534.146735
-94.205293,8,534.16027
-16.789413,8,534.170852
7.261086,8,534.178874
-84.325172,8,534.18562
1.640502,8,534.18562
-15.58144,8,534.198679
-33.683336,8,534.198679
-17.464025,8,534.21557
6.57701,8,534.21557
-135.860509,8,534.235128
-26.73508,8,534.243216
-27.422735,8,534.249129
-5.199163,8,534.249129
5.173455,8,534.272521
-56.30681,8,534.278515
-51.147774,8,534.285718
-62.12814,8,534.291731
-95.41473,8,534.299119
-63.392684,8,534.299119
-56.169175,8,534.299119
-6.447283,8,534.653333
2.451225,8,534.666727
-87.254574,8,534.677294
-19.266935,8,534.694971
-71.268017,8,534.721479
-1.341056,8,534.73388
-74.48925,8,534.745319
-8.278875,8,534.758731
-16.573346,8,534.769745
-16.854589,8,534.780261
-13.968058,8,534.791565
-24.076465,8,534.801219
-10.552218,8,534.811921
-36.496343,8,534.82885
1.182904,8,534.841299
-40.895852,8,534.852496
-17.749439,8,534.868418
-72.643785,8,534.889032
-207.454167,8,534.89826
-27.919869,8,534.910506
-13.762324,8,534.919032
-91.261698,8,534.92611
-0.197224,8,534.942367
-20.79885,8,534.95158
-14.853646,8,534.962884
-80.065721,8,534.977543
-71.749451,8,534.993809
6.647755,8,535.01282
-70.221313,8,535.030025
-7.889652,8,535.056595
-27.108158,8,535.072349
-2.294724,8,535.085917
-134.415635,8,535.35854
-8.96966,8,535.374234
6.897216,8,535.386814
-16.352556,8,535.397813
-50.647288,8,535.410417
-5.512349,8,535.4212
-76.718622,8,535.433378
-46.321967,8,535.443398
2.738765,8,535.451829
-32.069883,8,535.463685
5.112959,8,535.487736
6.47723,8,535.498331
2.478667,8,535.51051
-49.849641,8,535.523106
-11.949953,8,535.532133
4.307685,8,535.545125
-40.982557,8,535.558239
3.17626,8,535.568512
-26.051348,8,535.579133
-54.644609,8,535.596216
-23.137928,8,535.607897
-58.755849,8,535.614979
-21.690711,8,535.63164
-41.168456,8,535.647161
-23.644182,8,535.663179
-22.608365,8,535.681014
-58.997102,8,535.692143
1.940746,8,535.709044
-24.960698,8,535.722281
-1.28567,8,535.734347
-2.609277,8,535.747508
-23.757383,8,535.760676
-11.426794,8,536.066973
-72.598508,8,536.081081
-25.414192,8,536.094467
-2.403048,8,536.112469
-7.053376,8,536.130465
-84.533761,8,536.144515
-5.838877,8,536.158646
-38.050907,8,536.168643
-55.40254,8,536.176907
-14.656483,8,536.187886
-15.562741,8,536.195988
5.3377,8,536.20599
3.396038,8,536.21507
-18.482703,8,536.225501
-113.043001,8,536.234497
-6.878031,8,536.247497
-4.486318,8,536.263595
-25.312449,8,536.273961
-16.637729,8,536.280989
-1.594436,8,536.291965
-11.892554,8,536.30511
-12.485334,8,536.318672
8.866132,8,536.32867
-3.530372,8,536.340693
-42.991144,8,536.354064
4.672165,8,536.366061
-31.655496,8,536.385818
-97.398871,8,536.396819
-24.78728,8,536.416871
-2.188956,8,536.429872
-89.214091,8,536.44287
-14.042482,8,536.453888
-31.767374,8,536.700897
7.802139,8,536.710905
-5.67552,8,536.72127
-87.59255,8,536.730271
-35.008952,8,536.740262
-4.748759,8,536.748262
-87.810326,8,536.757941
-29.217948,8,536.767925
-138.358207,8,536.781157
-2.266392,8,536.793149
-6.99657,8,536.801042
-59.003198,8,536.814179
-19.960252,8,536.82521
-0.020641,8,536.834175
-22.374365,8,536.843201
1.004401,8,536.85249
-9.18794,8,536.86234
-119.984674,8,536.874804
1.841432,8,536.888806
-69.279685,8,536.899911
-58.314621,8,536.911911
-53.369475,8,536.93507
-78.875134,8,536.946077
-163.759727,8,536.95807
-10.597533,8,536.972068
2.689691,8,536.987948
5.077985,8,536.997102
-58.127202,8,537.009103
-18.825946,8,537.021403
-38.802659,8,537.030399
4.310289,8,537.042511
4.377985,8,537.051406
-1.51794,8,537.251137
-0.453031,8,537.268405
-169.256003,8,537.27853
0.898169,8,537.288529
-7.181605,8,537.2978
-154.626772,8,537.309807
2.532615,8,537.319464
-12.724852,8,537.327505
-18.208773,8,537.33542
-175.88491,8,537.343513
-14.99488,8,537.353379
-116.996156,8,537.360481
-46.671259,8,537.373989
-90.4485,8,537.382985
-30.140087,8,537.395576
-65.59094,8,537.406475
-1.67545,8,537.412475
-2.902644,8,537.421765
2.593272,8,537.429681
-1.328007,8,537.437777
-69.999745,8,537.444775
-91.807049,8,537.452763
1.714818,8,537.45921
1.605321,8,537.466131
-120.880429,8,537.473211
-38.728434,8,537.48446
-97.151473,8,537.496852
-22.51517,8,537.504833
-58.039137,8,537.511846
-53.18714,8,537.519753
4.979714,8,537.525836
-139.75306,8,537.532755
-24.668225,8,537.743687
-84.807995,8,537.755312
-11.855117,8,537.772315
-15.349621,8,537.794506
3.863553,8,537.942829
-86.221977,8,537.980177
-6.114154,8,537.990941
4.392783,8,538.006403
-150.544621,8,538.013423
-16.805368,8,538.022407
-52.454308,8,538.030406
-212.110652,8,538.038553
-16.730685,8,538.045552
-70.11062,8,538.058629
-1.158519,8,538.066958
-135.816387,8,538.07513
-3.512198,8,538.084188
-22.766341,8,538.091222
-18.801099,8,538.09913
-29.632595,8,538.112445
-19.438501,8,538.120024
-2.224734,8,538.127023
-111.404133,8,538.134783
-10.716486,8,538.143792
1.677702,8,538.152781
-21.747381,8,538.159694
8.023537,8,538.173136
-10.662769,8,538.186751
-49.892876,8,538.203846
-3.343885,8,538.218312
2.62682,8,538.228642
1.271927,8,538.234535
8.930594,8,538.511835
2.443727,8,538.527044
3.566016,8,538.541521
-28.652256,8,538.552685
6.321116,8,538.561926
-60.025404,8,538.575537
-13.243986,8,538.589538
-103.717123,8,538.609082
-21.996376,8,538.624083
-50.25755,8,538.637084
-3.103501,8,538.650322
-136.934062,8,538.659028
0.001867,8,538.681917
4.045167,8,538.699431
-35.881847,8,538.713412
-46.538546,8,538.719864
-2.566719,8,538.736488
-96.621631,8,538.751063
-23.353151,8,538.774071
-76.505908,8,538.787071
-102.087002,8,538.799729
-169.881683,8,538.810835
-118.727359,8,538.821387
4.883367,8,538.839728
-0.419831,8,538.850827
-8.116365,8,538.863958
6.87203,8,538.874661
-37.873891,8,538.881666
-98.336728,8,538.884859
-4.065786,8,538.884859
-10.923831,8,538.906376
-1.167181,8,538.914404
-61.156286,8,539.131893
9.098606,8,539.142884
-59.821769,8,539.158016
-40.553283,8,539.167214
-24.209506,8,539.176662
-66.712761,8,539.188107
0.090232,8,539.203244
-24.200531,8,539.212239
3.146598,8,539.221599
1.79549,8,539.228602
-92.916963,8,539.238219
-128.654206,8,539.24623
-162.949096,8,539.255888
-1.036791,8,539.263901
-5.445289,8,539.278894
-89.768865,8,539.289864
1.064137,8,539.297863
-36.661261,8,539.308394
-16.23985,8,539.32442
2.895356,8,539.332415
-40.093738,8,539.340435
-53.882157,8,539.347436
-40.459795,8,539.356438
1.990335,8,539.362434
-104.988841,8,539.371438
-40.534213,8,539.377438
2.993474,8,539.389053
0.0534,8,539.397048
-73.311325,8,539.40506
-2.176398,8,539.41205
2.909307,8,539.423082
-105.870329,8,539.432081
-11.508868,8,539.651998
1.422958,8,539.668118
-100.53477,8,539.66961
7.054565,8,539.685291
-20.2127,8,539.695951
-2.195919,8,539.70717
-4.063729,8,539.715188
-3.194317,8,539.728161
-24.768615,8,539.738154
-74.892264,8,539.74717
-2.204667,8,539.752087
-0.193533,8,539.768828
-59.510279,8,539.768828
-2.558977,8,539.788926
-79.671903,8,539.795926
-94.820609,8,539.805933
-8.003034,8,539.813967
-90.001391,8,539.818828
-97.75614,8,539.837219
2.70308,8,539.844675
-3.786672,8,539.857038
-155.849636,8,539.868139
-150.032476,8,539.879129
-0.840483,8,539.895267
-0.090103,8,539.902078
-165.483019,8,539.916919
-120.450209,8,539.926141
4.125579,8,539.941346
1.956622,8,539.958867
-123.622852,8,539.971894
-15.289801,8,539.983754
-134.200883,8,539.996098
7.94706,8,540.331955
-78.08314,8,540.342787
-3.390379,8,540.356254
-61.96999,8,540.365253
-17.113081,8,540.386589
-73.038187,8,540.396597
-0.741009,8,540.407272
-38.631368,8,540.416924
-13.434522,8,540.433666
-2.341042,8,540.444666
-34.27663,8,540.454117
-70.458649,8,540.464089
5.770456,8,540.475095
-57.987701,8,540.485095
-4.848608,8,540.494086
5.032831,8,540.504703
-70.640664,8,540.520021
-3.154609,8,540.528034
-5.181114,8,540.54172
-40.207028,8,540.553143
-47.334194,8,540.56215
-34.535639,8,540.572898
3.444786,8,540.580898
-11.175979,8,540.594567
-22.009342,8,540.606343
5.900434,8,540.617869
-1.422279,8,540.627868
-127.71638,8,540.638432
-16.798506,8,540.652145
2.663156,8,540.67795
-4.725466,8,540.697466
-77.242241,8,540.715909
-11.183362,8,541.072341
6.928883,8,541.092288
-32.363149,8,541.113099
-4.470596,8,541.127789
-105.738296,8,541.141161
-69.250303,8,541.155218
1.011095,8,541.166945
-2.340668,8,541.179139
-5.769867,8,541.191086
-27.076297,8,541.21135
3.440111,8,541.230135
-109.42562,8,541.243168
-50.656531,8,541.253161
-50.955119,8,541.270158
-5.827802,8,541.279158
-3.294805,8,541.290942
-19.773832,8,541.301231
-51.355978,8,541.310236
-52.499095,8,541.320001
-96.187658,8,541.329004
1.601917,8,541.342012
-23.798163,8,541.352989
-93.627015,8,541.367344
-86.908392,8,541.376372
-27.142458,8,541.385506
-36.849378,8,541.393517
7.799311,8,541.402505
-82.220809,8,541.410505
-38.665037,8,541.422938
-36.236289,8,541.433256
-42.566732,8,541.441366
-23.81113,8,541.455359
-13.440972,8,541.718913
-32.063491,8,541.729913
-18.840492,8,541.747566
-19.230334,8,541.759286
-109.935412,8,541.771015
-116.871957,8,541.781001
-46.509378,8,541.800305
-3.457972,8,541.810302
-3.700128,8,541.821784
-40.735252,8,541.83452
-27.921734,8,541.84811
-9.106497,8,541.85821
-62.943345,8,541.86893
-30.497048,8,541.884451
-21.706743,8,541.894481
-138.256473,8,541.913991
-52.666429,8,542.117177
-20.194411,8,542.146866
-5.921097,8,542.166228
-41.589849,8,542.17827
-101.787907,8,542.194674
2.616999,8,542.219139
-27.493618,8,542.220139
-11.756435,8,542.235847
0.28235,8,542.235847
-88.831603,8,542.235847
-10.582158,8,542.251828
3.850362,8,542.268797
-6.680791,8,542.282831
-6.029371,8,542.286065
-208.217598,8,542.286065
-52.59041,8,542.304499
-167.569665,8,542.507638
-65.499591,8,542.515631
7.593297,8,542.524644
-0.804252,8,542.535634
-48.780573,8,542.547243
-21.705753,8,542.556247
-120.143024,8,542.567033
-19.634608,8,542.576033
1.588574,8,542.599988
-23.122581,8,542.6114
-111.281795,8,542.620848
-122.007492,8,542.630162
2.242708,8,542.641523
-0.195491,8,542.652496
-10.175212,8,542.662806
-5.695262,8,542.672607
-1.133437,8,542.680921
1.726328,8,542.690506
1.688415,8,542.7001
4.633046,8,542.707708
2.573279,8,542.723463
-88.433796,8,542.730814
7.81242,8,542.739883
-5.719434,8,542.746119
-15.825246,8,542.7541
-24.530267,8,542.76245
-104.676994,8,542.771119
2.848312,8,542.781479
-10.003323,8,542.793116
-18.643625,8,542.804098
1.077424,8,542.817631
-136.830396,8,542.832369
-31.379813,8,543.338691
-21.134135,8,543.373992
-181.909633,8,543.401993
4.097469,8,543.419993
-42.832951,8,543.440692
-95.13182,8,543.46012
-1.26183,8,543.478075
-125.605452,8,543.495074
-132.11028,8,543.521159
-21.309497,8,543.552155
-55.603692,8,543.575028
-89.173414,8,543.601312
-47.075413,8,543.629562
-93.4087,8,543.661756
-77.260406,8,543.67975
-9.507129,8,543.701751
-38.934295,8,543.719758
-90.217777,8,543.741758
-23.964946,8,543.759752
-10.329284,8,543.781404
-35.340175,8,543.802399
6.913961,8,543.826122
-58.976707,8,543.883913
-26.716852,8,543.941007
-9.50278,8,543.973006
-202.180007,8,543.993806
-54.687467,8,544.236296
-29.64916,8,544.265007
-17.827408,8,544.296337
-23.857102,8,544.328076
0.261552,8,544.348944
-41.305445,8,544.372784
-20.71374,8,544.774703
-2.417629,8,544.791703
3.303644,8,544.808795
-1.817183,8,544.82455
-20.509809,8,544.845694
-11.786092,8,544.867673
-2.172242,8,544.906779
-63.5646,8,544.927354
-94.741613,8,544.96692
-50.859256,8,544.988185
-25.022337,8,545.009666
-204.638079,8,545.026743
-41.331008,8,545.106874
3.674091,8,545.123793
-62.957123,8,545.142773
-16.690643,8,545.155777
-2.52033,8,545.171125
-16.438256,8,545.188297
-40.173377,8,545.214295
-23.043634,8,545.241298
3.154729,8,545.259298
-18.245478,8,545.279395
11.416826,8,545.300293
8.082081,8,545.334424
-0.67641,8,545.354878
7.867463,8,545.376193
-18.466365,8,545.396672
-113.059654,8,545.421807
-5.864382,8,545.439338
6.712185,8,545.455671
-26.183828,8,545.468448
-3.104872,8,545.494552
-24.102669,8,545.923995
-2.208328,8,545.941558
-23.267666,8,545.960407
-40.259141,8,545.990799
0.237134,8,546.008672
-9.808244,8,546.024569
-115.447422,8,546.037985
-158.370968,8,546.052989
0.801913,8,546.0783
-84.551509,8,546.103281
1.708947,8,546.123791
-1.043149,8,546.142385
-14.993481,8,546.172946
-2.961241,8,546.190953
-80.299056,8,546.210367
-79.452933,8,546.226219
-41.62721,8,546.240219
-74.145691,8,546.258284
-57.505188,8,546.275303
-21.627631,8,546.285429
-13.987782,8,546.294974
-66.347195,8,546.307334
-81.293522,8,546.325338
-52.374714,8,546.340333
-12.44136,8,546.363593
-14.536825,8,546.380309
-95.439192,8,546.397916
3.712556,8,546.412622
-56.375612,8,546.429953
-23.302256,8,546.451167
-59.369835,8,546.462187
-56.920827,8,546.478633
-43.631827,8,546.877311
-114.271819,8,546.904247
-105.491169,8,546.924154
-5.087669,8,546.94159
-36.185925,8,546.965153
-12.401084,8,547.003931
-57.554802,8,547.02614
-54.753054,8,547.044958
-49.443655,8,547.061759
-39.883889,8,547.081866
-158.757644,8,547.094846
-1.280031,8,547.10587
-135.152316,8,547.121849
-42.186475,8,547.132217
-16.046772,8,547.147035
-3.358883,8,547.160729
-35.143575,8,547.17476
-3.580682,8,547.194748
-95.996248,8,547.208754
-14.915681,8,547.220815
11.000236,8,547.235729
-71.453657,8,547.246767
-27.151865,8,547.258868
-124.176402,8,547.272156
-67.713155,8,547.281442
-29.813512,8,547.293181
-120.428469,8,547.301944
-17.894671,8,547.320062
-44.210364,8,547.333996
4.401604,8,547.34809
-32.664197,8,547.36101
1.119109,8,547.371084
-1.959736,8,547.642928
-83.211284,8,547.654927
-33.190768,8,547.670456
-25.506326,8,547.682672
-43.170384,8,547.691848
-104.659114,8,547.706195
-27.299655,8,547.71422
-11.466609,8,547.728339
2.773913,8,547.740341
-66.165547,8,547.75192
-11.38301,8,547.771356
-88.999368,8,547.787494
-90.590624,8,547.796705
-129.315021,8,547.810676
-2.876019,8,547.82268
-66.467084,8,547.833247
-76.885237,8,547.838581
1.934353,8,547.854266
7.43696,8,547.870997
-48.541962,8,547.887318
6.311485,8,547.906224
-33.330987,8,547.918797
-143.147796,8,547.936873
3.512984,8,547.957607
-27.489769,8,547.96608
-13.918359,8,547.979566
-63.765328,8,547.990576
-1.064332,8,548.000473
-86.315163,8,548.001799
-45.306816,8,548.018082
-7.154639,8,548.034689
-76.807112,8,548.040591
-20.043574,8,548.388458
-58.395086,8,548.401359
-17.655487,8,548.412681
-31.131325,8,548.429425
-28.585408,8,548.441424
-30.110745,8,548.455337
-15.237085,8,548.465338
1.227363,8,548.476015
-4.26107,8,548.492622
-103.475046,8,548.501382
-41.066831,8,548.516196
7.79698,8,548.529151
4.414844,8,548.54095
-29.72153,8,548.551766
-104.106122,8,548.559769
-63.362247,8,548.570328
-44.580361,8,548.594729
-58.134401,8,548.62627
-20.053761,8,548.648547
-146.029605,8,548.671888
-13.651185,8,548.728136
3.433153,8,548.742923
-1.639986,8,548.752939
-2.788818,8,548.764903
-2.709613,8,548.777925
-8.409276,8,548.790922
3.636584,8,548.803924
-0.694906,8,548.818902
-25.241378,8,548.839995
-3.276354,8,548.855469
-183.375441,8,548.877
-42.502628,8,548.896674
-127.923701,8,549.22658
2.88122,8,549.240902
-178.724371,8,549.252467
-13.101563,8,549.270969
-41.026526,8,549.287485
3.807266,8,549.31172
-48.101305,8,549.328324
-9.963573,8,549.351511
-77.028186,8,549.37083
-109.953285,8,549.400269
-62.433738,8,549.417938
-9.536209,8,549.436979
-11.494668,8,549.456077
-89.898402,8,549.467069
0.442887,8,549.484938
1.418055,8,549.506454
-24.780966,8,549.514489
6.078264,8,549.529351
-6.756134,8,549.548256
-160.575661,8,549.562267
-7.479261,8,549.576256
-17.878927,8,549.597348
-11.369328,8,549.616136
-18.564856,8,549.616136
-1.772288,8,549.639732
-19.593858,8,549.655992
-74.940175,8,549.670524
-14.525286,8,549.686531
0.45551,8,549.693611
-85.429073,8,549.702055
-26.891721,8,549.718554
-5.235036,8,549.739834
-45.884025,8,550.030358
-51.143305,8,550.042284
-0.34525,8,550.059976
5.062513,8,550.080814
-69.812926,8,550.094418
-74.21901,8,550.107808
-89.794123,8,550.118285
2.777989,8,550.13489
-104.359383,8,550.14747
-26.827905,8,550.158537
-4.044217,8,550.172989
-19.423886,8,550.192559
-40.831801,8,550.209109
-89.734785,8,550.223611
-44.680734,8,550.241647
3.941426,8,550.252982
-23.640161,8,550.268983
-21.289401,8,550.282002
0.515731,8,550.305384
2.832016,8,550.319361
-4.283805,8,550.32694
-63.391237,8,550.339005
-29.49498,8,550.348926
-14.642615,8,550.362247
-29.257835,8,550.369445
-26.372759,8,550.385618
-55.592313,8,550.385618
-40.3658,8,550.426526
-20.768804,8,550.440005
4.545593,8,550.463495
-21.683391,8,550.478377
-0.369342,8,550.491372
-23.378473,8,550.933762
8.516974,8,550.946778
1.484732,8,550.961836
-67.109752,8,550.975225
1.363405,8,550.990034
-107.374955,8,551.009854
-32.890694,8,551.027365
-0.351645,8,551.050951
-36.953293,8,551.069423
-44.108238,8,551.071439
-37.075567,8,551.090763
-98.27029,8,551.103719
-8.914925,8,551.114502
-3.414936,8,551.135352
-24.601757,8,551.148816
5.004947,8,551.164747
3.330372,8,551.178076
-21.631912,8,551.193417
-7.785091,8,551.207526
-55.216186,8,551.22542
-3.414893,8,551.262275
-91.614881,8,551.282803
-20.075472,8,551.296689
2.875309,8,551.314814
-60.134571,8,551.331203
-18.756321,8,551.354982
6.281908,8,551.379291
-18.781102,8,551.386968
-136.118479,8,551.406149
7.568992,8,551.420676
-59.414948,8,551.425052
-24.568979,8,551.436463
-24.817937,8,551.758909
1.790645,8,551.771134
-22.221228,8,551.781646
-83.588439,8,551.796027
1.169174,8,551.812796
-50.865344,8,551.838433
-77.961984,8,551.854634
-95.887136,8,551.874584
-15.819305,8,551.887842
-83.926252,8,551.901221
1.819636,8,551.919125
-11.410799,8,551.935549
-89.111637,8,551.95347
-4.429251,8,551.977725
-73.52759,8,551.99799
-4.359492,8,552.018169
-61.491893,8,552.037214
-25.441883,8,552.056281
-70.541015,8,552.068906
-6.100954,8,552.086277
-74.202547,8,552.096855
-9.497021,8,552.1112
2.267902,8,552.125534
-4.57497,8,552.139189
-95.469165,8,552.155748
-14.884476,8,552.17911
1.668451,8,552.191621
-42.788136,8,552.203142
-20.323792,8,552.218065
-66.748344,8,552.230002
-9.220585,8,552.244634
-32.551498,8,552.259558
-0.36908,8,552.501528
-3.520552,8,552.510933
-71.754119,8,552.525212
-112.206818,8,552.536688
-112.971166,8,552.54495
-37.956826,8,552.563243
-66.73929,8,552.583841
4.344457,8,552.596809
-4.188486,8,552.607319
-2.67311,8,552.622343
-7.602742,8,552.64461
-83.279507,8,552.658579
-31.16968,8,552.671684
-117.94036,8,552.681197
-43.529661,8,552.692424
4.393786,8,552.704019
-3.90419,8,552.711566
-81.747612,8,552.722474
6.661314,8,552.746129
-145.01187,8,552.757714
-33.907681,8,552.770641
-36.415723,8,552.777345
-36.139744,8,552.78477
-33.726303,8,552.791798
7.90804,8,552.802787
-66.121243,8,552.8135
-34.621398,8,552.822153
-64.856534,8,552.828899
-22.321033,8,552.838947
-19.247556,8,552.854573
-10.116206,8,552.865687
-44.488489,8,552.886032
-4.095585,8,553.13447
1.883002,8,553.147517
-29.684345,8,553.158703
-142.524514,8,553.168773
0.212428,8,553.194786
-163.854962,8,553.212729
-78.376233,8,553.231098
-144.472224,8,553.244657
-43.389231,8,553.26726
-44.905557,8,553.287043
-56.380149,8,553.314615
-37.127414,8,553.344701
-76.468978,8,553.366941
-113.153429,8,553.383901
-2.067431,8,553.385222
-168.813811,8,553.405113
-54.027955,8,553.418124
-89.927636,8,553.42984
-152.269925,8,553.446449
-17.39277,8,553.461779
-83.933359,8,553.47754
9.962872,8,553.489714
0.5258,8,553.497755
5.633143,8,553.511551
3.675335,8,553.543274
-108.411368,8,553.561306
-180.84,8,553.574842
-83.735646,8,553.594701
1.670495,8,553.613551
-42.681914,8,553.630016
2.569223,8,553.642552
3.300244,8,553.661605
-22.708788,8,554.039757
-119.682426,8,554.057144
0.538441,8,554.072989
-0.705831,8,554.092481
6.047369,8,554.123702
-44.225355,8,554.13665
-1.419161,8,554.156581
-54.563682,8,554.17731
-21.231595,8,554.1959
-3.520973,8,554.214743
-83.436422,8,554.238729
-39.235294,8,554.266556
-51.107047,8,554.292692
-133.390634,8,554.313801
-103.743469,8,554.34561
-41.063947,8,554.372399
1.054298,8,554.395047
2.063975,8,554.424579
-95.094508,8,554.445899
2.750845,8,554.474956
-3.76599,8,554.507935
-13.427994,8,554.527946
-5.46272,8,554.551198
-38.235978,8,554.577759
-38.398776,8,554.602307
-55.645282,8,554.62622
-9.71883,8,554.645008
-101.724601,8,554.663056
-25.230538,8,554.681022
-46.71392,8,554.714818
-36.729709,8,554.73837
-75.93402,8,554.761169
-37.204007,8,555.2558
-25.585571,8,555.279348
3.673893,8,555.299678
-163.972369,8,555.315508
-81.325468,8,555.333585
-27.965901,8,555.348906
-129.829146,8,555.364944
1.425258,8,555.378773
-67.348463,8,555.411322
-13.726963,8,555.437555
-89.436625,8,555.464788
-88.371815,8,555.479411
-76.352556,8,555.489951
-23.659054,8,555.498797
4.106665,8,555.512943
3.753513,8,555.522616
-26.772932,8,555.525139
-15.351443,8,555.536793
-77.331819,8,555.562331
-91.939676,8,555.575099
10.514479,8,555.584815
-2.863844,8,555.609054
-48.68471,8,555.637415
-9.774659,8,555.649977
2.865542,8,555.66371
-13.243926,8,555.675838
-79.697554,8,555.695925
-24.031429,8,555.712621
-61.930392,8,555.742012
5.802548,8,555.758464
-1.115805,8,555.781546
-203.614341,8,555.801701
6.043493,8,556.149383
-11.208268,8,556.170466
-110.334969,8,556.18804
-32.523238,8,556.225119
-65.988277,8,556.239215
7.080101,8,556.256946
-3.742931,8,556.273581
-2.566899,8,556.290982
-17.645512,8,556.306487
2.292872,8,556.343178
5.849764,8,556.356269
-23.667513,8,556.365827
-75.286171,8,556.379015
-16.869863,8,556.396202
-71.168167,8,556.409983
-136.404141,8,556.430864
-51.570036,8,556.449749
0.351641,8,556.466131
6.482445,8,556.486389
-41.083266,8,556.497926
-100.369243,8,556.520923
-24.012085,8,556.534758
-104.761559,8,556.544779
1.366547,8,556.573462
-21.197103,8,556.649587
7.010705,8,556.679917
-75.146185,8,556.694897
6.542412,8,556.709886
-80.03462,8,556.728317
-72.94613,8,556.738492
0.561279,8,556.746504
-28.130743,8,556.755921
-1.96227,8,557.095691
3.940257,8,557.110718
-69.756813,8,557.136451
5.009834,8,557.158506
1.672375,8,557.174652
-78.24987,8,557.189804
-12.705496,8,557.207589
-45.292154,8,557.224795
-14.511506,8,557.254602
-57.438964,8,557.269603
-20.115978,8,557.279605
-75.8411,8,557.292228
5.848895,8,557.304749
-8.782195,8,557.322762
-15.258334,8,557.336294
-136.02012,8,557.357843
-99.079924,8,557.37321
-20.169043,8,557.388338
-1.702679,8,557.398119
-9.749056,8,557.40853
3.368597,8,557.419162
4.151349,8,557.439348
3.285957,8,557.465247
-54.908554,8,557.48475
-164.845459,8,557.497741
-20.160789,8,557.517248
-0.567736,8,557.536053
-13.269365,8,557.551539
-141.226272,8,557.573678
-25.095297,8,557.588788
5.028165,8,557.611753
-4.002491,8,557.632881
-84.973927,8,558.02231
-3.761682,8,558.04351
-51.92182,8,558.064023
-52.502663,8,558.079103
-71.942525,8,558.09367
-22.356723,8,558.106734
-62.852202,8,558.127968
-81.353946,8,558.141903
-7.973567,8,558.153623
-1.461983,8,558.167394
-64.10814,8,558.179312
-19.232622,8,558.191117
5.083613,8,558.206285
-5.990709,8,558.225717
1.275333,8,558.247729
-73.661726,8,558.262713
-15.360501,8,558.275429
3.825834,8,558.290427
-61.711449,8,558.306678
-19.321964,8,558.315685
-93.392613,8,558.328701
-75.753659,8,558.339019
-105.41162,8,558.354661
-90.915641,8,558.363637
-17.201403,8,558.372462
-142.433523,8,558.380691
-0.788867,8,558.398049
-87.490816,8,558.411042
-106.95439,8,558.416048
-21.67145,8,558.416048
4.922265,8,558.440719
-18.388704,8,558.448364
-50.98689,8,558.70782
-85.06767,8,558.723147
-35.182014,8,558.739249
-67.669061,8,558.752337
0.132661,8,558.762344
-189.358606,8,558.774337
-29.158487,8,558.790001
-20.804193,8,558.805707
8.846553,8,558.819355
4.843709,8,558.83227
-4.224612,8,558.850924
-21.391493,8,558.867193
-213.772673,8,558.879282
0.253881,8,558.895109
-40.412659,8,558.908734
-39.427458,8,558.919471
-19.186182,8,558.932787
-21.86961,8,558.941321
-69.39837,8,558.953329
4.525185,8,558.969171
-6.882189,8,558.979442
0.19308,8,558.990185
6.059871,8,559.002908
-14.574529,8,559.019418
8.632348,8,559.029392
-23.772078,8,559.041661
-22.591233,8,559.041661
-63.542051,8,559.056632
-23.9689,8,559.063997
-127.624166,8,559.072407
-40.65407,8,559.072407
-87.014443,8,559.089132
1.339631,8,559.392883
-68.391537,8,559.405626
-73.543998,8,559.418357
-44.748624,8,559.433372
-84.178444,8,559.453632
-30.818296,8,559.464636
-70.416187,8,559.470757
-2.081037,8,559.482508
2.144434,8,559.493225
-6.858516,8,559.498619
1.927006,8,559.510323
-92.789331,8,559.518822
-187.727482,8,559.536344
-22.836096,8,559.550287
-94.327465,8,559.565693
0.777907,8,559.579673
-46.725338,8,559.593724
8.745703,8,559.607809
-36.629266,8,559.621743
5.80337,8,559.636007
-97.448919,8,559.649335
-33.177833,8,559.667164
1.616271,8,559.679304
-15.085825,8,559.691775
-59.777075,8,559.704217
0.484979,8,559.724204
-6.299296,8,559.740033
-75.2611,8,559.758555
-9.079478,8,559.780644
7.992515,8,559.794301
-12.130432,8,559.808938
4.045982,8,559.823406
-18.145835,8,560.126114
-12.45571,8,560.135471
1.459525,8,560.143931
-8.493728,8,560.152939
-61.782034,8,560.160814
-60.818524,8,560.177679
-124.593727,8,560.187811
-4.709678,8,560.19581
-2.857889,8,560.205814
-96.77477,8,560.213823
-80.733044,8,560.273624
-3.217588,8,560.281623
-9.746013,8,560.293975
-0.82197,8,560.308125
3.887263,8,560.321212
2.943718,8,560.332454
-22.614372,8,560.350025
2.766458,8,560.361494
2.937073,8,560.379576
-54.26255,8,560.392811
0.12172,8,560.404048
-36.069715,8,560.414081
-1.359532,8,560.425524
-110.374354,8,560.439667
-37.019428,8,560.454897
-9.733422,8,560.461648
-15.599785,8,560.468574
5.968967,8,560.475922
-59.120131,8,560.48532
-108.44077,8,560.49176
2.325768,8,560.503608
-62.745711,8,560.513517
-44.994983,8,560.76544
-109.29487,8,560.778392
-0.801523,8,560.793308
-148.828093,8,560.804307
-93.338432,8,560.813308
-14.205415,8,560.823225
-3.394382,8,560.833334
-0.890222,8,560.843928
-111.172481,8,560.855908
-45.462457,8,560.868531
-15.513309,8,560.877517
4.723129,8,560.901719
3.289341,8,560.912378
-36.558207,8,560.924911
-13.809638,8,560.941022
6.314267,8,560.952447
-16.849477,8,560.960284
-114.516128,8,560.969687
0.308898,8,560.989656
-118.60329,8,561.020443
-40.089549,8,561.032133
-93.142586,8,561.041787
-45.747495,8,561.052585
-4.851625,8,561.074609
-36.878674,8,561.089211
-36.242178,8,561.101739
-1.233259,8,561.119404
-87.059429,8,561.126752
-2.336613,8,561.143445
-6.047979,8,561.1569
2.81794,8,561.173045
0.290836,8,561.181849
-2.737535,8,561.636878
-28.655574,8,561.656215
-76.821524,8,561.682366
-56.511185,8,561.721103
4.113048,8,561.753007
3.588013,8,561.777749
5.582541,8,561.808113
-51.31634,8,561.824683
-53.113252,8,561.843009
-44.40404,8,561.866394
-26.395571,8,561.886702
4.661897,8,561.90435
5.233254,8,561.913351
1.510363,8,561.936157
-10.402553,8,561.955729
-21.455453,8,561.975287
-150.547887,8,562.00082
-88.001821,8,562.017619
-10.743828,8,562.042878
-22.226508,8,562.069402
-0.107047,8,562.091099
-54.977116,8,562.110604
-3.476126,8,562.131373
6.18229,8,562.157837
-5.482926,8,562.179677
-29.169078,8,562.20313
-76.315815,8,562.224612
-3.283888,8,562.245349
2.309782,8,562.275624
5.773679,8,562.304937
-26.848001,8,562.325299
-18.813356,8,562.351577
-25.41426,8,562.875197
-9.64059,8,562.893844
-91.507563,8,562.906598
-0.790022,8,562.922288
-50.074889,8,562.948528
5.233496,8,562.967326
-67.374939,8,562.981912
-1.418334,8,562.995669
-8.565189,8,563.009494
-25.546191,8,563.026926
-0.060767,8,563.039932
5.779514,8,563.058467
-52.875194,8,563.070584
-70.190829,8,563.080592
-19.688072,8,563.092585
-24.425516,8,563.106977
4.627781,8,563.121567
-37.835599,8,563.135481
-13.461545,8,563.154945
-81.429283,8,563.174347
-78.597061,8,563.189139
-17.026925,8,563.202121
3.528194,8,563.220861
6.760345,8,563.220861
5.392012,8,563.246245
-14.606711,8,563.256234
-34.68588,8,563.274312
-5.657619,8,563.289881
0.046769,8,563.312487
-7.473594,8,563.328951
-40.777554,8,563.344094
-54.55794,8,563.358651
-68.888641,8,563.601598
0.352025,8,563.61618
1.830157,8,563.629914
4.043116,8,563.644023
1.643373,8,563.655434
-75.103647,8,563.663434
-37.893291,8,563.672626
-0.38938,8,563.681623
-30.000274,8,563.693632
-2.866942,8,563.710304
-22.420951,8,563.731425
-77.468621,8,563.744971
-103.951794,8,563.759494
-0.503556,8,563.776441
-19.085359,8,563.791237
-4.031322,8,563.820344
-93.288485,8,563.853992
7.010751,8,563.872723
-36.132283,8,563.892333
-8.273697,8,563.90815
-37.617864,8,563.922481
-3.416068,8,563.936722
-76.938478,8,563.959133
-78.51254,8,563.975674
-3.898874,8,564.003894
-26.808528,8,564.02076
-0.125818,8,564.04025
-143.576691,8,564.069843
-23.564773,8,564.091881
-101.273593,8,564.103418
-12.813098,8,564.129477
-156.775498,8,564.140436
0.641782,8,564.49002
-9.446487,8,564.505081
-23.375957,8,564.524184
-63.873662,8,564.534275
-33.981089,8,564.544276
4.071809,8,564.557356
-84.523188,8,564.569675
-24.763603,8,564.650997
-75.828121,8,564.708293
-142.224046,8,564.727929
-16.314695,8,564.747532
-8.973016,8,564.761155
-13.961873,8,564.775332
-160.478294,8,564.80265
-107.290698,8,564.815997
-37.565349,8,564.831011
-8.43718,8,564.853654
-40.322973,8,564.876854
-42.927534,8,564.895382
-23.583649,8,564.913409
-27.56942,8,564.941226
-17.189198,8,564.968774
-29.325653,8,564.993999
-64.468646,8,565.013831
-15.039338,8,565.037304
-43.043953,8,565.051819
-2.11388,8,565.06282
-68.449947,8,565.090794
-5.874449,8,565.110388
-14.342744,8,565.12334
6.195317,8,565.143479
-67.636161,8,565.191953
-79.258823,8,565.598827
2.428544,8,565.614027
-42.432923,8,565.620595
-83.195423,8,565.638889
-50.860714,8,565.657791
-14.924333,8,565.668852
-6.890924,8,565.682885
-17.529126,8,565.697627
-10.889958,8,565.712084
-54.326513,8,565.724486
4.205463,8,565.731483
-16.969277,8,565.742404
8.281206,8,565.753103
-7.393364,8,565.775086
-94.864062,8,565.78685
-58.170753,8,565.78685
-81.604244,8,565.80307
-3.976263,8,565.818696
5.112818,8,565.818696
4.269697,8,565.834597
-53.25591,8,565.851975
-35.764918,8,565.851975
-41.143151,8,565.86848
-18.002059,8,565.885911
3.956256,8,565.911828
-85.104501,8,565.926294
-6.543297,8,565.94315
-72.165957,8,565.956773
-119.204042,8,565.965755
0.264549,8,565.98039
-12.45074,8,565.992338
-141.935563,8,566.009733
4.760744,8,566.30842
-96.960909,8,566.320092
1.9167,8,566.330228
-166.594214,8,566.345691
-5.523061,8,566.363255
-13.244965,8,566.37942
-100.511117,8,566.405072
-127.728727,8,566.419295
-8.714384,8,566.432287
-98.60346,8,566.446299
-58.193881,8,566.464061
-124.900902,8,566.477453
-12.569518,8,566.489682
-17.138256,8,566.498404
-65.693555,8,566.508464
-47.903288,8,566.522115
-159.482745,8,566.533391
-5.409569,8,566.544987
-29.272501,8,566.558646
-37.234099,8,566.582844
-142.922051,8,566.597063
-87.995503,8,566.610314
-19.04443,8,566.62237
-25.630156,8,566.633618
-63.009686,8,566.643042
-0.387364,8,566.653989
-29.763241,8,566.664437
7.219979,8,566.679002
-95.305599,8,566.685071
-88.762316,8,566.691273
-11.803461,8,566.697558
-113.019447,8,566.712292
-2.701009,8,566.969376
-33.64657,8,566.982484
-5.005443,8,566.995666
4.323862,8,567.011471
-67.319071,8,567.028791
-30.601898,8,567.038264
-51.295351,8,567.046263
-1.430081,8,567.054943
-5.969927,8,567.063936
-6.148866,8,567.074084
-112.637974,8,567.084421
-80.838127,8,567.094447
-6.411367,8,567.110636
-83.317177,8,567.122777
-29.992401,8,567.132978
-15.229233,8,567.145108
-20.850761,8,567.153977
-33.46195,8,567.160516
-76.866663,8,567.171663
-53.836732,8,567.180007
-21.322155,8,567.190841
-19.137648,8,567.197246
4.470656,8,567.20575
-0.19914,8,567.216311
-42.321726,8,567.232502
-15.573556,8,567.247233
-20.36224,8,567.254472
-3.854427,8,567.261892
-21.640756,8,567.268516
-50.419436,8,567.275214
2.821487,8,567.281269
-12.22588,8,567.287942
-8.390515,8,567.508998
1.175229,8,567.520492
-107.956927,8,567.530954
1.67893,8,567.540021
-17.499867,8,567.549177
-63.32498,8,567.564022
-63.178868,8,567.578717
-22.453442,8,567.588763
-3.335168,8,567.601215
2.000901,8,567.610882
-83.506581,8,567.621598
-60.063267,8,567.630538
-40.084451,8,567.639858
-0.896358,8,567.651217
-1.91305,8,567.660581
-67.5747,8,567.670455
0.311735,8,567.686579
-16.869777,8,567.706623
-18.359617,8,567.7198
-24.791703,8,567.730488
-194.030007,8,567.746117
-22.957316,8,567.761544
-10.781631,8,567.776446
-5.604715,8,567.797242
-96.220929,8,567.81359
-42.238462,8,567.825646
4.715824,8,567.826653
-41.116179,8,567.826653
5.319848,8,567.856235
2.313842,8,567.867325
-144.432141,8,567.898654
3.192356,8,567.918044
-62.484006,8,568.242671
-0.737282,8,568.254876
3.981371,8,568.261876
-5.192654,8,568.267315
-70.880975,8,568.282556
-2.406702,8,568.293795
3.953391,8,568.301269
9.779598,8,568.311906
-88.95817,8,568.319669
-16.861275,8,568.329449
-86.961669,8,568.345498
0.612036,8,568.353617
8.81039,8,568.366982
-79.693432,8,568.382791
-24.744799,8,568.396531
-39.553503,8,568.402554
-131.332672,8,568.415919
-0.420693,8,568.424737
-121.556446,8,568.432621
-32.174845,8,568.440571
-85.512678,8,568.440571
-14.640732,8,568.458537
-46.72021,8,568.470585
-22.694814,8,568.488047
-17.487329,8,568.488047
0.062387,8,568.506125
-20.7522,8,568.520194
-35.165698,8,568.520194
-20.889698,8,568.535835
1.191099,8,568.544594
-20.558688,8,568.552363
2.717979,8,568.560395
-50.204686,8,568.856217
1.296271,8,568.867752
-39.145587,8,568.878875
-101.48408,8,568.897009
-22.308902,8,568.911965
-0.040221,8,568.926826
4.328372,8,568.93659
-29.528411,8,568.947084
-8.4238,8,568.955581
-39.111459,8,568.963887
0.028461,8,568.972622
-35.397045,8,568.980938
-39.346479,8,568.988026
1.35805,8,568.998623
-0.522031,8,569.007025
-29.760148,8,569.014467
-15.708104,8,569.032896
0.397743,8,569.04125
4.427159,8,569.049089
-123.468608,8,569.055412
-37.45576,8,569.062777
-36.559362,8,569.0695
-4.748605,8,569.078253
-0.461864,8,569.087901
-18.617737,8,569.098585
-11.061481,8,569.108769
2.484164,8,569.119402
6.440916,8,569.129995
-54.071471,8,569.149091
-25.202468,8,569.15642
-37.436122,8,569.162779
-91.355906,8,569.169508
4.560188,8,569.345606
-38.961834,8,569.353922
3.312238,8,569.365989
-79.656201,8,569.375343
12.55389,8,569.385641
-67.224658,8,569.393969
-104.083368,8,569.402631
-45.33153,8,569.410123
-134.10931,8,569.419665
-89.760189,8,569.433115
3.238339,8,569.442525
3.567276,8,569.450368
-17.659938,8,569.459664
-5.665955,8,569.468288
-62.587632,8,569.483019
1.176521,8,569.494786
-16.704418,8,569.506859
-33.612497,8,569.518485
-73.718574,8,569.529102
7.489315,8,569.540692
-6.494653,8,569.550164
-49.053062,8,569.565249
-47.006216,8,569.577713
-17.311753,8,569.593612
-3.921934,8,569.604468
-7.469024,8,569.616107
3.142462,8,569.627752
-6.955349,8,569.638295
-72.194016,8,569.648185
-68.065227,8,569.658834
11.504371,8,569.669979
-77.609747,8,569.677819
-129.298463,8,569.887029
-19.356536,8,569.895312
-51.901326,8,569.912185
-42.049347,8,569.920295
-26.873243,8,569.928673
-79.158447,8,569.937325
3.500864,8,569.947981
-51.216088,8,569.957218
-16.058714,8,569.964219
-61.528201,8,569.972115
-15.299399,8,569.978489
-1.081804,8,569.985737
-68.536822,8,569.992107
-0.691428,8,569.998775
-204.83269,8,570.013515
-5.296307,8,570.029439
2.846644,8,570.039138
6.650802,8,570.047468
7.469453,8,570.056749
8.435888,8,570.066569
-14.085201,8,570.075289
-93.494102,8,570.08267
-21.986752,8,570.088986
-35.471065,8,570.09842
-10.300811,8,570.106118
4.225215,8,570.115459
-73.566395,8,570.129459
-2.136154,8,570.146293
3.44714,8,570.16054
-54.127987,8,570.171233
-9.189322,8,570.183674
7.412118,8,570.195251
-16.518153,8,570.524825
-33.967017,8,570.538423
-17.341783,8,570.551762
3.428697,8,570.567924
-21.292911,8,570.588572
0.667599,8,570.593224
-15.06393,8,570.611749
1.215234,8,570.633472
-14.868646,8,570.649753
-21.922625,8,570.665843
-108.353653,8,570.682234
-121.702357,8,570.705841
-45.761961,8,570.715898
-50.417533,8,570.728173
-129.946149,8,570.732601
-96.030748,8,570.754928
-5.236781,8,570.76651
-33.196877,8,570.780237
-18.969417,8,570.780237
-33.520814,8,570.806756
-28.468851,8,570.827766
-20.791557,8,570.845497
-124.011161,8,570.859555
-24.996967,8,570.879523
-218.573518,8,570.893497
-75.535633,8,570.921973
-2.493701,8,570.923712
-0.589425,8,570.955646
-47.401881,8,570.971237
-3.621982,8,570.987084
1.101725,8,571.002805
-66.295667,8,571.018477
-33.975247,8,571.402968
-60.821578,8,571.420653
-64.793759,8,571.437025
4.762943,8,571.452924
-31.476388,8,571.467241
-134.934012,8,571.491059
-28.777,8,571.514616
-59.907827,8,571.540769
-15.03227,8,571.570711
-0.565734,8,571.594728
-74.066566,8,571.607954
-110.284278,8,571.656265
-30.582949,8,571.674231
-62.893218,8,571.69294
1.436884,8,571.709059
-21.451009,8,571.716606
-74.925337,8,571.735296
-41.473122,8,571.752436
-48.397801,8,571.770612
-16.097606,8,571.783423
-26.015889,8,571.800116
-23.757961,8,571.814776
-173.732094,8,571.826705
-46.256279,8,571.844415
-23.861511,8,571.860379
-50.81784,8,571.87673
-66.727965,8,571.89017
-76.736828,8,571.908131
-44.234751,8,571.922064
0.193486,8,571.922064
6.403222,8,571.937933
-3.649007,8,571.95972
0.085352,8,572.2512
-34.927276,8,572.270106
-50.596028,8,572.286786
-47.234482,8,572.302595
4.266542,8,572.317505
-132.192472,8,572.338878
-37.59606,8,572.362074
-26.927096,8,572.383585
-7.49413,8,572.39525
-42.853176,8,572.408233
-13.935874,8,572.416831
-91.884219,8,572.430309
-78.348568,8,572.43565
-37.87268,8,572.450207
-53.98883,8,572.467052
-26.824661,8,572.483677
-62.17971,8,572.483677
-0.682018,8,572.50114
-156.580087,8,572.534198
-17.308149,8,572.550965
-46.002388,8,572.558963
7.321589,8,572.566966
-32.812069,8,572.57807
-2.137213,8,572.58298
-146.812314,8,572.58298
-37.08488,8,572.600933
-181.743883,8,572.600933
-15.8172,8,572.61482
-20.020978,8,572.61482
-143.041191,8,572.630871
-0.26885,8,572.630871
1.91168,8,572.662559
-12.623704,8,572.907424
0.873221,8,572.920991
-41.186621,8,572.930381
7.310444,8,572.946155
-55.099956,8,572.95962
0.256054,8,572.972364
-51.072516,8,572.981978
-99.594708,8,572.992314
-48.39867,8,573.00493
-11.705128,8,573.019857
0.387088,8,573.032895
-37.330188,8,573.055619
2.884766,8,573.066446
-12.03044,8,573.077318
7.200387,8,573.089676
-73.029787,8,573.098757
-26.561175,8,573.108286
-1.288091,8,573.116826
-9.557516,8,573.127489
-12.678467,8,573.140571
-94.440698,8,573.153849
-21.988375,8,573.173999
-0.908503,8,573.18164
-50.212131,8,573.196291
-22.912398,8,573.211917
-0.02293,8,573.224616
-23.993587,8,573.241899
3.037986,8,573.256757
-8.158544,8,573.274188
-59.28217,8,573.288735
5.046627,8,573.295704
-4.807823,8,573.307929
-34.041048,8,573.709831
-31.805793,8,573.72074
1.183988,8,573.731608
-24.388174,8,573.741647
-17.187579,8,573.75724
4.588537,8,573.766422
3.64996,8,573.774764
1.444354,8,573.784289
-76.807327,8,573.792669
1.39896,8,573.800154
-42.235904,8,573.810874
-21.681491,8,573.820552
-10.107111,8,573.834805
-2.805955,8,573.847636
-28.518706,8,573.860358
-89.678185,8,573.867607
-19.321268,8,573.874952
-59.596859,8,573.891975
-34.629746,8,573.903356
-97.475024,8,573.915434
-70.850482,8,573.931095
4.109309,8,573.941846
-112.971811,8,573.952459
-66.101556,8,573.963076
-30.239649,8,573.972494
-15.589009,8,573.979177
-55.997466,8,573.988592
-14.644885,8,573.998307
-84.305705,8,574.008016
-24.193965,8,574.026195
2.884652,8,574.041488
-51.756041,8,574.053241
-78.162057,8,574.25559
-16.254452,8,574.269535
8.926292,8,574.281257
-158.894103,8,574.290665
5.606533,8,574.301397
1.762451,8,574.314408
-114.083357,8,574.330646
-21.065827,8,574.341285
-78.290607,8,574.351759
-50.530351,8,574.363491
-24.89214,8,574.381872
-29.062783,8,574.392486
-68.753242,8,574.401823
3.401108,8,574.413392
0.597685,8,574.423797
-82.985599,8,574.435435
-33.123627,8,574.444789
-21.945993,8,574.453203
-133.048852,8,574.472203
-2.540424,8,574.47823
2.641453,8,574.483253
-93.864608,8,574.499242
-7.019389,8,574.520935
-48.508687,8,574.526971
-32.325686,8,574.538756
-93.405084,8,574.548537
5.063127,8,574.558584
-31.21105,8,574.56837
-43.11486,8,574.578152
-20.576453,8,574.58618
-6.896696,8,574.592204
-31.985748,8,574.59395
-34.425211,8,574.812509
-21.562432,8,574.816263
-31.933562,8,574.833821
-29.447326,8,574.844911
-24.022608,8,574.8565
-109.366405,8,574.864409
-140.120898,8,574.874444
-19.22366,8,574.882583
-99.859292,8,574.893626
-45.034675,8,574.899396
3.95143,8,574.911533
-34.742637,8,574.915556
-23.364794,8,574.929864
-19.121899,8,574.940951
-37.411367,8,574.948975
0.304179,8,574.96108
-148.229384,8,574.975725
1.8586,8,574.982752
-13.306377,8,574.984754
-44.368024,8,574.984754
-45.250066,8,575.004677
2.560945,8,575.016717
-1.019466,8,575.016717
-24.121657,8,575.032386
-40.904572,8,575.048363
-6.631054,8,575.066187
0.537584,8,575.076242
-31.960522,8,575.088029
-70.333157,8,575.095842
-17.640505,8,575.111747
-7.153701,8,575.121588
0.262705,8,575.131334
-27.830954,8,575.345426
-18.032495,8,575.354627
-1.857711,8,575.371709
2.728526,8,575.388369
-64.280872,8,575.403348
-35.259942,8,575.414628
-67.195536,8,575.428147
-66.119573,8,575.443427
-57.046984,8,575.462207
-59.478542,8,575.478091
1.644232,8,575.499056
-6.520531,8,575.513454
-86.537299,8,575.528324
-79.624051,8,575.535797
-33.399302,8,575.548286
-0.759792,8,575.548286
-36.962206,8,575.568451
2.594863,8,575.578204
-104.727152,8,575.589972
-102.488437,8,575.612069
-1.636986,8,575.624841
-5.896495,8,575.64684
-38.98709,8,575.659822
9.428111,8,575.666844
-16.192529,8,575.683042
-81.934903,8,575.683042
-9.402172,8,575.70582
-45.552967,8,575.7202
-37.553385,8,575.727194
-144.271133,8,575.735468
-120.743969,8,575.735468
-2.275466,8,575.735468
-10.045685,8,575.943095
-55.381322,8,575.962548
-18.015006,8,575.974042
-60.28815,8,575.982102
-7.220548,8,575.990225
-19.264342,8,575.991973
-54.588787,8,576.00844
-7.452835,8,576.014449
-37.638066,8,576.021755
-66.226101,8,576.030667
-71.746127,8,576.038854
-86.537217,8,576.046625
-28.668489,8,576.046625
-17.09991,8,576.066753
-55.686716,8,576.085727
1.068279,8,576.085727
0.24754,8,576.094456
-49.085527,8,576.110976
-0.516671,8,576.120139
-87.450645,8,576.129573
-32.408361,8,576.140141
2.465411,8,576.151532
-83.329829,8,576.161952
1.690386,8,576.178478
-37.356171,8,576.184949
-17.768896,8,576.194163
-32.406117,8,576.212102
-17.261294,8,576.223762
-13.834147,8,576.232623
-84.957829,8,576.244335
-49.556282,8,576.254975
-9.80744,8,576.26556
-22.941927,8,576.540573
-5.504997,8,576.549578
-14.850604,8,576.559057
-39.100111,8,576.568725
-57.589946,8,576.640631
-66.950898,8,576.650082
-181.883631,8,576.658726
-90.41432,8,576.672781
-28.098036,8,576.681449
-94.480282,8,576.690832
2.34042,8,576.699547
9.157478,8,576.708578
-2.391179,8,576.718018
-80.095962,8,576.729725
-9.146095,8,576.745263
-1.62023,8,576.756911
-13.561028,8,576.76787
1.009704,8,576.778525
-69.886466,8,576.789221
-12.032393,8,576.807913
-43.873887,8,576.82056
-78.23224,8,576.831228
-132.333389,8,576.848544
-30.535545,8,576.859486
-56.083835,8,576.867963
-36.225486,8,576.876904
-81.728834,8,576.886356
-43.227962,8,576.896341
-43.177987,8,576.908026
-64.649943,8,576.917539
-88.970968,8,576.924098
-30.627548,8,576.930372
-33.576744,8,577.130041
-19.195217,8,577.138743
-44.854264,8,577.14713
4.149463,8,577.156813
-106.030534,8,577.165019
6.354993,8,577.177809
-3.135379,8,577.187003
2.24141,8,577.19475
-93.188736,8,577.204097
-92.98742,8,577.210971
5.479091,8,577.221325
-36.504502,8,577.233987
-6.281326,8,577.248687
-69.459536,8,577.257092
0.603192,8,577.264247
-26.405806,8,577.273488
-7.194435,8,577.286562
-31.389917,8,577.295886
-66.344799,8,577.304428
-112.583138,8,577.312768
5.421684,8,577.320472
-14.075623,8,577.327827
-20.66815,8,577.337842
-2.084048,8,577.350209
3.246067,8,577.360794
-25.887835,8,577.373633
-35.228196,8,577.380055
-62.971542,8,577.390931
-108.894281,8,577.401471
-14.697281,8,577.412266
-17.785036,8,577.422863
-102.082571,8,577.433239
1.564468,8,577.639592
-25.542231,8,577.650718
-22.476101,8,577.662448
-61.636233,8,577.674534
-41.577654,8,577.688899
-39.415844,8,577.708334
1.628432,8,577.721332
-52.138401,8,577.744998
-0.839607,8,577.75902
-73.690568,8,577.772234
-39.459552,8,577.780317
-98.63867,8,577.791914
-28.440865,8,577.802965
5.33661,8,577.817713
-111.077065,8,577.828778
-172.731387,8,577.843116
-66.695749,8,577.857947
-32.973531,8,577.872247
-1.422238,8,577.894128
1.929979,8,577.90797
-27.021936,8,577.916718
-140.44988,8,577.928708
-180.139824,8,577.950522
-2.461791,8,577.9603
-15.660239,8,577.976218
7.380743,8,577.998086
-1.448418,8,578.007844
-18.807974,8,578.027933
-35.11028,8,578.050935
6.745059,8,578.075534
-28.990084,8,578.090528
-48.587696,8,578.105631
-62.705314,8,578.446775
-64.438826,8,578.458683
-82.087683,8,578.475864
-9.63655,8,578.492039
-90.18492,8,578.516282
-2.953279,8,578.536069
-6.164289,8,578.546909
4.349589,8,578.558405
2.867924,8,578.573005
-26.910427,8,578.584008
0.614253,8,578.598036
-124.634932,8,578.610445
-85.149408,8,578.626378
-16.007264,8,578.636631
1.505332,8,578.642508
-12.176164,8,578.660219
-32.851615,8,578.673974
-93.926942,8,578.673974
-24.039754,8,578.697874
5.131842,8,578.705533
-63.339787,8,578.721341
-61.771919,8,578.737051
-9.994019,8,578.75715
-19.299236,8,578.777555
-107.535696,8,578.789347
13.416712,8,578.803411
0.594823,8,578.805159
-96.470973,8,578.82118
-24.108783,8,578.835063
-113.780411,8,578.85275
-26.692175,8,578.873603
-16.399322,8,578.886604
-20.854786,8,579.180042
-87.754236,8,579.194063
-106.359544,8,579.204254
-55.323923,8,579.212268
2.91799,8,579.227344
-6.451224,8,579.240659
-16.326177,8,579.253443
6.851205,8,579.261996
-3.853846,8,579.272049
-1.804186,8,579.28769
-23.83514,8,579.297411
3.806045,8,579.313536
-19.881335,8,579.323348
-80.213729,8,579.337157
12.852242,8,579.346208
0.496473,8,579.357235
-57.587764,8,579.373737
-13.837064,8,579.382707
-24.716698,8,579.39547
-19.967359,8,579.408091
-79.67182,8,579.416843
-79.487326,8,579.416843
0.480289,8,579.433403
-1.684537,8,579.434216
6.50153,8,579.455764
-75.565612,8,579.470964
-12.237726,8,579.483949
-96.60292,8,579.495699
-5.868064,8,579.511081
7.273772,8,579.526695
-3.164781,8,579.54066
-17.891127,8,579.54993
-149.855663,8,579.823085
-126.71935,8,579.834925
-23.950747,8,579.843867
-42.670931,8,579.858808
-121.512096,8,579.872962
-113.284567,8,579.885502
-40.693743,8,579.89812
-3.38107,8,579.910348
-61.782371,8,579.922303
5.821207,8,579.938233
-14.213307,8,579.948212
2.220633,8,579.959342
-3.846512,8,579.976216
3.720858,8,579.986556
2.976,8,579.994585
-36.44986,8,580.005478
6.636632,8,580.019769
-12.071417,8,580.03275
6.35341,8,580.048182
2.635217,8,580.061182
-25.639073,8,580.074346
-3.117698,8,580.091598
10.93088,8,580.10866
-87.532095,8,580.122689
-4.130291,8,580.129694
-5.494975,8,580.138676
-2.863033,8,580.150187
-67.629767,8,580.158722
-19.426233,8,580.16569
2.83171,8,580.177843
-70.984136,8,580.187505
-20.990213,8,580.198193
4.237682,8,580.465134
-68.295949,8,580.481585
-33.793798,8,580.505058
-71.599334,8,580.521304
-102.054894,8,580.53721
-32.313657,8,580.562577
-45.593727,8,580.582558
3.68425,8,580.600472
-140.404805,8,580.618335
-1.200696,8,580.63499
-7.633194,8,580.652366
5.288134,8,580.675248
-14.594571,8,580.692425
-70.718726,8,580.709646
-32.699517,8,580.727553
-137.662615,8,580.752041
5.398558,8,580.777825
-72.874825,8,580.790609
-21.226496,8,580.803693
3.199374,8,580.821465
-108.693326,8,580.83632
-95.260812,8,580.852045
-41.674992,8,580.865909
-59.918973,8,580.888134
-100.804207,8,580.904361
-30.746176,8,580.912677
-77.219761,8,580.924369
-4.625293,8,580.944932
-70.120892,8,580.958654
6.700874,8,580.96695
-63.841006,8,580.982099
-95.243389,8,580.997675
-22.117693,8,581.249724
-85.44093,8,581.263342
-122.256584,8,581.275692
-5.567436,8,581.294003
5.906399,8,581.313173
-52.736007,8,581.334603
4.148127,8,581.353565
-64.304196,8,581.364696
-28.84791,8,581.387755
-72.374293,8,581.403078
-1.126694,8,581.419699
-91.19666,8,581.441207
-31.135301,8,581.452934
-11.405183,8,581.476676
-88.499752,8,581.488756
-7.167803,8,581.50916
-203.584742,8,581.525893
7.266223,8,581.542905
-23.752111,8,581.559967
-4.51279,8,581.572438
4.87506,8,581.590377
-117.282423,8,581.603416
-43.523599,8,581.61428
-46.389232,8,581.623502
-7.449941,8,581.63852
-1.092053,8,581.658981
-89.448213,8,581.674767
-27.379252,8,581.689986
2.653267,8,581.712631
1.632127,8,581.733369
-1.641982,8,581.742471
-15.7159,8,581.756519
-46.251302,8,582.162497
-142.548183,8,582.186013
1.427887,8,582.201284
-16.184549,8,582.224184
-119.065966,8,582.239824
0.291778,8,582.256316
1.052788,8,582.271288
4.388395,8,582.286853
-40.484315,8,582.301197
-12.501158,8,582.324799
5.067145,8,582.345919
-9.435074,8,582.361753
4.288646,8,582.378902
-48.03558,8,582.405564
-50.157082,8,582.424812
-19.347901,8,582.435826
-19.826228,8,582.45306
-25.490138,8,582.465241
-19.833522,8,582.478869
-5.800481,8,582.493
-99.351549,8,582.510586
-18.940763,8,582.528582
-99.723728,8,582.539585
-95.147808,8,582.557078
-49.671385,8,582.565272
-3.773552,8,582.581232
-2.022601,8,582.596136
-9.804804,8,582.609923
-107.09845,8,582.624536
-102.194909,8,582.637119
-55.109769,8,582.653599
2.907162,8,582.688169
-161.146945,8,583.011087
-116.972641,8,583.02606
-244.106957,8,583.041104
-17.965535,8,583.052912
-134.418135,8,583.065072
-167.437323,8,583.079081
-5.756208,8,583.219163
-67.462284,8,583.253235
-21.798952,8,583.27081
-20.268102,8,583.290635
-87.576685,8,583.316658
-44.674692,8,583.343687
-14.123708,8,583.37235
-139.47755,8,583.401314
-19.118835,8,583.419826
-76.043114,8,583.445976
-51.858861,8,583.464996
-58.920753,8,583.481005
1.484455,8,583.486041
-37.468051,8,583.513936
-9.944531,8,583.529579
-56.708415,8,583.547499
-92.644485,8,583.561582
2.86119,8,583.584148
-18.242549,8,583.602056
-3.880745,8,583.613049
-73.052246,8,583.626147
-0.80016,8,583.638942
1.099,8,583.655391
4.493543,8,583.666579
-14.639173,8,583.694302
-0.21194,8,583.715063
-173.951892,8,583.977321
-12.611779,8,583.987557
-26.068625,8,583.996555
-55.982315,8,584.011263
7.38181,8,584.023689
-1.32486,8,584.035686
-68.266986,8,584.049182
2.063997,8,584.062485
-74.844203,8,584.075115
-149.893476,8,584.085867
-47.764877,8,584.094872
-45.578711,8,584.104658
-134.181328,8,584.126535
-107.690273,8,584.138111
-20.543137,8,584.146239
-27.869115,8,584.157161
9.938564,8,584.166432
-18.256711,8,584.174747
-106.390679,8,584.185745
-17.936196,8,584.199737
8.419961,8,584.211195
-8.510046,8,584.226911
-1.681778,8,584.238342
-2.725593,8,584.25095
-90.680499,8,584.267965
-33.636951,8,584.27535
-85.82831,8,584.28364
-14.22722,8,584.290381
-49.590778,8,584.297387
-44.991451,8,584.30645
-118.395281,8,584.312451
-30.558042,8,584.31697
-77.575922,8,584.542431
-130.352786,8,584.552641
-35.442062,8,584.559977
-50.433644,8,584.566222
-69.146109,8,584.566222
-21.386461,8,584.59413
-0.808283,8,584.606474
-2.51605,8,584.618702
-28.914427,8,584.632506
-64.344384,8,584.645757
-27.35347,8,584.663431
-29.268339,8,584.686537
1.424414,8,584.702083
5.194273,8,584.717676
-32.69792,8,584.737651
-27.58853,8,584.751857
2.353172,8,584.771188
-94.685353,8,584.805178
1.67938,8,584.829714
4.327363,8,584.847006
-21.436517,8,584.858424
1.120329,8,584.867728
-148.09367,8,584.876421
-58.478987,8,584.886474
-10.852529,8,584.896877
2.94686,8,584.900684
-23.789526,8,584.917437
2.287009,8,584.934382
-40.731628,8,584.934382
-68.218466,8,584.961165
1.198094,8,584.990554
-4.462704,8,585.008661
4.610789,8,585.387551
-89.687052,8,585.401388
-121.00455,8,585.415385
-2.518602,8,585.428469
-71.41302,8,585.443391
-135.354868,8,585.462376
-2.026044,8,585.476805
-22.31433,8,585.491473
3.911911,8,585.507715
2.64355,8,585.526779
-60.996892,8,585.55077
0.631584,8,585.573705
1.654112,8,585.592581
-4.135026,8,585.612424
3.134581,8,585.633535
-59.996139,8,585.653295
-54.758303,8,585.667288
-26.467602,8,585.676312
-1.624148,8,585.69377
-78.273368,8,585.706081
4.535574,8,585.720243
-83.198961,8,585.729892
5.91768,8,585.741818
3.131066,8,585.763622
-55.299844,8,585.776627
-85.928941,8,585.798678
-18.837833,8,585.815476
-25.113794,8,585.829285
-2.896958,8,585.843004
-67.97961,8,585.860224
-3.469114,8,586.003527
-22.841548,8,586.064824
-12.491502,8,586.51194
3.450276,8,586.524397
-92.118758,8,586.534014
-81.79123,8,586.555865
-4.623502,8,586.568373
-21.136983,8,586.584075
-85.888078,8,586.595335
-0.082094,8,586.606815
-101.656782,8,586.613815
-14.039803,8,586.626574
-103.317784,8,586.636724
-52.130871,8,586.644759
-69.832166,8,586.650908
-11.038677,8,586.650908
-41.217409,8,586.676952
0.485326,8,586.691093
-113.075793,8,586.701898
-4.512463,8,586.723114
-48.776886,8,586.731406
-4.875869,8,586.740408
-37.858052,8,586.740408
-16.940386,8,586.752341
1.182976,8,586.767573
-48.592041,8,586.786124
-14.581866,8,586.786124
7.487687,8,586.800993
-97.78706,8,586.819811
-56.571117,8,586.832796
-35.293481,8,586.849212
-78.350017,8,586.863549
4.760101,8,586.880233
-60.052646,8,586.905455
4.542557,8,587.155401
-77.243716,8,587.159417
-7.017429,8,587.169091
-24.084659,8,587.191225
-60.388972,8,587.203658
-25.149742,8,587.21674
-66.460892,8,587.22975
3.215205,8,587.244776
-0.14133,8,587.254568
-6.957098,8,587.269571
-153.746076,8,587.279696
6.700975,8,587.287689
-95.750407,8,587.298828
-9.616249,8,587.310292
-4.287336,8,587.323208
-66.238979,8,587.331076
-78.297364,8,587.342011
6.364997,8,587.358168
-20.201397,8,587.365757
-57.785059,8,587.37868
-18.698303,8,587.388891
5.85133,8,587.404649
-35.762977,8,587.417555
-21.396168,8,587.429556
-274.543869,8,587.440205
7.506566,8,587.446512
-48.316393,8,587.455381
-31.043888,8,587.465749
-99.431481,8,587.473051
3.94802,8,587.480619
-39.149024,8,587.515683
-26.778021,8,587.521342
-17.835847,8,587.750865
-38.749451,8,587.761986
-100.569712,8,587.776092
1.331507,8,587.785953
-79.526869,8,587.803478
-3.053121,8,587.812476
-5.665498,8,587.821043
-20.739723,8,587.830022
-105.608719,8,587.840561
-24.127976,8,587.847969
-11.239005,8,587.859084
5.412535,8,587.868868
-133.212067,8,587.876057
4.974751,8,587.885499
-61.815141,8,587.908617
-69.018547,8,587.919613
-100.935601,8,587.93297
-145.528623,8,587.947055
-52.513871,8,587.962682
-2.115195,8,587.979089
-136.04209,8,587.990038
-67.833418,8,588.004108
9.253465,8,588.023038
-15.929176,8,588.03345
-228.846534,8,588.043988
2.346944,8,588.053156
-78.241397,8,588.060146
-63.856313,8,588.078696
-39.783509,8,588.089097
-2.888705,8,588.096179
-29.286037,8,588.105922
-44.1071,8,588.113942
4.644591,8,588.362287
-43.771004,8,588.371943
-11.068444,8,588.383744
-14.055811,8,588.397502
-38.387207,8,588.410503
-42.411687,8,588.422495
2.816473,8,588.43487
-27.062906,8,588.454301
-87.809854,8,588.475245
1.441562,8,588.486642
-17.224151,8,588.499321
-43.796247,8,588.514047
-93.070378,8,588.527219
3.957603,8,588.538633
-96.979116,8,588.558164
-1.447416,8,588.567852
-24.74209,8,588.582579
-100.63757,8,588.598831
2.7288,8,588.615267
5.389624,8,588.62995
10.101772,8,588.653307
-18.807121,8,588.665849
-42.472024,8,588.676845
-49.432167,8,588.693171
-26.6707,8,588.70814
-48.378143,8,588.724643
1.313561,8,588.738693
-99.687017,8,588.746694
-49.486201,8,588.755819
-97.062626,8,588.763813
-93.416693,8,588.772927
-2.83668,8,588.780926
-104.317168,8,589.166883
-49.293162,8,589.178543
-132.794914,8,589.188841
-24.952359,8,589.200158
-78.505194,8,589.21335
-2.319882,8,589.22633
-4.90069,8,589.241347
-16.935695,8,589.251306
-24.809164,8,589.26444
-11.787627,8,589.280378
-81.561669,8,589.289631
-15.156134,8,589.297631
-107.328663,8,589.308391
9.160064,8,589.324752
-25.705698,8,589.336376
-92.090337,8,589.349919
7.42666,8,589.358254
-53.337617,8,589.370838
-93.733885,8,589.397514
-35.916065,8,589.40318
-27.325236,8,589.426007
5.091558,8,589.44154
-5.931377,8,589.451908
-33.753491,8,589.473979
-5.909541,8,589.486574
-16.70404,8,589.509222
-11.325534,8,589.518051
-103.834746,8,589.534488
-26.423585,8,589.55093
-48.950647,8,589.567881
-84.963432,8,589.582796
-19.353906,8,589.592025
5.860809,8,589.855713
-82.170882,8,589.872964
-40.359747,8,589.890104
0.574843,8,589.903823
-2.968974,8,589.915824
-39.409891,8,589.929343
-3.384158,8,589.957009
7.368684,8,589.97014
4.946849,8,589.983549
4.055036,8,589.994924
-108.750405,8,590.004222
-96.533132,8,590.014362
-5.888761,8,590.025603
-18.528267,8,590.037987
-0.935047,8,590.050518
-18.155132,8,590.059858
0.254896,8,590.078053
-112.398754,8,590.089694
-60.187311,8,590.103998
-20.248997,8,590.112356
-18.471567,8,590.118886
-64.509435,8,590.129292
3.129552,8,590.141387
4.473344,8,590.152608
-121.487343,8,590.164084
0.641743,8,590.177965
-109.994158,8,590.186739
1.867618,8,590.196718
-106.329505,8,590.205973
-62.615284,8,590.214862
3.976223,8,590.225974
-78.262778,8,590.242635
-47.90248,8,590.469343
-162.169596,8,590.48009
-15.159913,8,590.490105
-17.355874,8,590.499881
-112.49667,8,590.516337
-77.352856,8,590.528132
-22.697823,8,590.53991
-42.019595,8,590.550086
-12.858684,8,590.567446
1.913421,8,590.595458
-51.4369,8,590.607727
-7.386629,8,590.634314
-5.079251,8,590.648895
-3.312064,8,590.662297
-26.616125,8,590.675249
-63.048024,8,590.684272
-75.140869,8,590.696396
-35.142488,8,590.710368
-96.403082,8,590.72843
-61.615992,8,590.74845
-29.042902,8,590.767113
-18.88688,8,590.780857
-171.042094,8,590.791421
-70.008951,8,590.804366
-18.45633,8,590.828318
-34.055549,8,590.848093
-25.918848,8,590.863902
-98.297672,8,590.873604
4.458681,8,590.883605
-19.367611,8,590.891624
-29.136538,8,590.902738
-77.921955,8,590.915798
-62.724065,8,591.222113
-23.045289,8,591.234182
-16.626358,8,591.250217
1.46774,8,591.266821
-60.880663,8,591.306403
6.230992,8,591.326167
-94.823162,8,591.340151
-39.687348,8,591.353881
-10.423332,8,591.369414
4.585006,8,591.379101
-15.937049,8,591.397009
-118.254692,8,591.40935
-17.092967,8,591.417827
5.284087,8,591.42678
-79.306943,8,591.438212
-50.882258,8,591.446918
-45.7384,8,591.454907
-128.84894,8,591.467907
-55.696838,8,591.476927
4.150965,8,591.483856
-29.307404,8,591.491294
-177.373472,8,591.498562
-32.346803,8,591.514262
-27.658651,8,591.522724
-51.480212,8,591.528948
-132.321656,8,591.537676
-146.311396,8,591.544242
-51.538338,8,591.551433
-99.925314,8,591.558463
-18.821764,8,591.570221
-26.377664,8,591.5773
-139.446038,8,591.583326
-9.077606,8,591.818125
-5.763145,8,591.827122
-43.765239,8,591.841052
-67.60034,8,591.851221
-18.880378,8,591.859618
3.634815,8,591.867859
-27.601078,8,591.876114
-3.720548,8,591.883854
-42.16466,8,591.892341
-19.42302,8,591.901343
-21.899595,8,591.914341
-82.536016,8,591.922029
-90.301673,8,591.930429
2.97221,8,591.939153
-1.741371,8,591.951915
-115.748952,8,591.958235
-76.059695,8,591.965471
-151.566325,8,591.972944
-22.871114,8,591.981186
3.636402,8,591.989806
8.488459,8,591.998266
-21.585532,8,592.005551
-51.91517,8,592.016889
-72.788942,8,592.025533
-7.071761,8,592.034796
-31.742587,8,592.042053
-68.617038,8,592.049593
-58.361753,8,592.059842
-0.197299,8,592.067861
-3.927788,8,592.074891
-24.12866,8,592.08089
-46.088637,8,592.089815
2.549837,8,592.269738
-29.979475,8,592.276727
-1.791878,8,592.289085
-41.001496,8,592.301851
-52.190988,8,592.311208
-52.721635,8,592.320706
-22.643138,8,592.326758
-3.30799,8,592.333758
-43.795847,8,592.341305
-42.184512,8,592.348304
-190.448514,8,592.356879
3.065587,8,592.364878
3.952326,8,592.374082
-0.703397,8,592.383082
-10.039744,8,592.395171
-0.011025,8,592.409548
-55.049439,8,592.420685
-0.215879,8,592.430113
-26.672325,8,592.438325
8.190582,8,592.44633
-20.925918,8,592.456311
-56.782514,8,592.463334
-8.541558,8,592.470767
-97.497528,8,592.478148
-19.869843,8,592.48579
-36.544762,8,592.48768
-81.040578,8,592.48768
-1.990688,8,592.50215
-97.044091,8,592.521684
-79.914518,8,592.521684
-79.529774,8,592.539181
-42.727375,8,592.547684
-66.324126,8,592.750587
-19.521797,8,592.759638
-1.433651,8,592.767644
-71.583698,8,592.774635
-1.988229,8,592.781644
-34.454957,8,592.788837
0.381569,8,592.794585
-43.945829,8,592.804351
3.792133,8,592.816349
2.323199,8,592.827245
-14.28047,8,592.834245
-38.744073,8,592.842517
4.350367,8,592.851523
-33.556487,8,592.860551
-64.277743,8,592.868502
-111.999087,8,592.8764
-6.140019,8,592.88436
0.980287,8,592.893554
-14.704037,8,592.901531
-7.503897,8,592.910533
-6.177224,8,592.918783
-92.284301,8,592.932819
-71.828293,8,592.944624
-137.616282,8,592.953634
3.084534,8,592.959634
-114.909797,8,592.965633
-9.373783,8,592.972812
-75.503955,8,592.979813
-36.902125,8,592.985814
-67.552167,8,592.992825
-0.165374,8,592.999813
-55.968723,8,593.005812
-11.665986,8,593.262433
-56.573009,8,593.278496
3.606558,8,593.29301
-2.077711,8,593.306743
-0.847897,8,593.315776
-81.569558,8,593.326877
-26.980626,8,593.336903
2.659954,8,593.3459
0.761807,8,593.3559
-50.842589,8,593.364912
-87.484088,8,593.371251
-56.234766,8,593.380378
-11.24031,8,593.38949
-70.393804,8,593.401002
-71.142744,8,593.413699
-15.603218,8,593.423846
3.858388,8,593.435857
4.994459,8,593.444987
5.846041,8,593.455745
-9.815087,8,593.469195
-27.37691,8,593.482163
-10.194072,8,593.497013
-99.822489,8,593.514351
7.469653,8,593.526735
-20.312027,8,593.539932
-101.460774,8,593.55321
-56.079093,8,593.568844
-2.778128,8,593.582478
6.152849,8,593.596389
-60.805785,8,593.60931
-1.886868,8,593.626268
-11.2618,8,593.634951
-15.551205,8,593.866513
-83.071322,8,593.878513
1.241931,8,593.888921
-187.25584,8,593.898309
-10.747845,8,593.906831
-99.434803,8,593.919038
-16.792875,8,593.928038
-4.389416,8,593.943645
-84.6964,8,593.956353
-55.637792,8,593.969152
-36.102333,8,593.979183
-125.786238,8,593.988503
-21.060181,8,593.996751
-42.293539,8,594.006302
-108.095901,8,594.01596
-9.258498,8,594.0245
-16.623343,8,594.031875
-20.834841,8,594.040559
-23.989472,8,594.047832
-14.340927,8,594.060459
-110.557132,8,594.071424
-3.51185,8,594.078681
-2.221774,8,594.086061
-15.292258,8,594.093575
-45.345565,8,594.103034
-11.29961,8,594.11065
-69.793338,8,594.11827
-73.373622,8,594.126455
-9.333687,8,594.132976
-81.636904,8,594.139416
-18.129576,8,594.146096
-46.958307,8,594.153843
4.458419,8,594.337338
6.378552,8,594.345899
-10.01837,8,594.354071
-10.108779,8,594.361071
-132.433144,8,594.369076
-8.402095,8,594.377071
2.159618,8,594.384072
0.822805,8,594.394647
-273.543891,8,594.40296
-40.541372,8,594.411397
-103.345017,8,594.421443
-19.661734,8,594.428877
-25.162364,8,594.441406
-5.891191,8,594.449573
-113.412103,8,594.457543
-18.783195,8,594.463565
1.121912,8,594.471544
-19.041696,8,594.482545
-46.240695,8,594.499894
-110.248737,8,594.519601
-49.900873,8,594.532162
-87.325887,8,594.545326
-39.15092,8,594.559621
-0.936944,8,594.578632
-21.396313,8,594.591053
0.607075,8,594.614731
-39.570835,8,594.636851
-131.258277,8,594.653191
1.234882,8,594.662189
-120.019657,8,594.670951
-4.028498,8,594.679949
-7.424382,8,594.688513
-56.375427,8,594.889294
-18.384502,8,594.897959
-64.727498,8,594.909421
-90.912065,8,594.925306
-19.444586,8,594.942305
-18.967362,8,594.972385
1.284813,8,594.993387
-90.795731,8,595.009384
-44.281843,8,595.026387
-36.651114,8,595.072063
-42.101967,8,595.094212
-70.631673,8,595.130261
-26.684307,8,595.175106
-7.847732,8,595.191984
-70.904374,8,595.203386
-16.375161,8,595.226918
-77.19991,8,595.259438
-183.750114,8,595.279435
-17.547181,8,595.333414
-53.9347,8,595.4144
-24.79548,8,595.446828
-76.522365,8,595.462827
-6.773269,8,595.474844
-2.249306,8,595.490827
-23.032369,8,595.509827
-1.684287,8,595.524135
-41.141591,8,595.544136
-77.285355,8,595.563135
-52.240891,8,595.581648
-20.31264,8,595.598646
-83.029159,8,595.615674
-79.948111,8,595.630657
-66.293044,8,596.127405
-55.930391,8,596.16955
2.085765,8,596.215469
-73.956565,8,596.256927
-61.316736,8,596.300205
-64.670907,8,596.334298
0.168943,8,596.385863
-46.827679,8,596.406865
-107.148986,8,596.429151
-78.341992,8,596.453454
3.617952,8,596.497613
-29.70916,8,596.554621
-70.987544,8,596.581499
-34.68875,8,596.601527
-74.210958,8,596.627514
-2.185978,8,596.645758
6.4078,8,596.663749
-80.262935,8,596.686801
-147.924128,8,596.729038
1.652257,8,596.745899
-54.119424,8,596.768006
-13.050361,8,596.789007
-85.576542,8,596.810028
-139.831104,8,596.846139
-49.782837,8,596.874046
-35.556854,8,596.907042
3.135092,8,596.950405
-49.263643,8,596.970406
-113.957745,8,596.992694
-58.541595,8,597.014684
-30.540768,8,597.04402
-4.497196,8,597.112022
7.993699,8,598.019211
-95.343527,8,598.036208
-15.814657,8,598.053132
2.507873,8,598.072129
-24.967767,8,598.105132
-57.602119,8,598.124132
-30.979442,8,598.14213
-146.302817,8,598.159131
4.588035,8,598.181129
-23.887072,8,598.215853
-21.143349,8,598.268408
-30.545023,8,598.292321
-55.784246,8,598.331583
-14.86657,8,598.358505
-25.458076,8,598.378249
-21.978664,8,598.398247
-2.428822,8,598.450685
-126.288905,8,598.472069
-27.940898,8,598.491912
-21.462864,8,598.513925
-39.019805,8,598.539196
-109.849646,8,598.579816
-169.207973,8,598.599567
-37.650402,8,598.620278
-15.627359,8,598.643087
-99.990578,8,598.663555
-122.306867,8,598.680552
-151.010383,8,598.711407
-28.948108,8,598.729833
-40.765301,8,598.76424
-2.066169,8,598.784699
2.266764,8,598.810212
-0.430472,8,599.326135
6.025001,8,599.349297
-0.346431,8,599.370309
-109.248566,8,599.398069
-23.730405,8,599.422067
-156.924992,8,599.445888
-88.493114,8,599.468629
-53.066654,8,599.490628
-1.838725,8,599.558506
-96.694443,8,599.610501
-76.727258,8,599.663437
-127.085087,8,599.707569
-67.917067,8,599.73661
-29.433163,8,599.765245
-25.415177,8,599.828799
-38.240484,8,599.858729
-134.644397,8,599.887857
-31.251558,8,599.914718
-61.36087,8,599.953545
-31.265282,8,599.975191
-10.730006,8,599.996222
-41.247988,8,600.018426
-22.993244,8,600.049851
-63.190382,8,600.076598
-108.335024,8,600.098861
-13.456034,8,600.122153
-14.444314,8,600.141312
-6.814425,8,600.169784
-111.934813,8,600.187454
-10.941913,8,600.208501
-16.104115,8,600.229145
-37.533852,8,600.24812
-54.871857,8,600.954612
-125.546928,8,600.97561
0.60679,8,600.995611
-27.344205,8,601.020001
-0.261695,8,601.037997
-19.812356,8,601.052505
-11.019205,8,601.079504
-0.323065,8,601.097501
-75.847376,8,601.128584
-101.120207,8,601.154008
-3.209259,8,601.175158
-90.341018,8,601.242398
-19.260713,8,601.268605
-24.658767,8,601.28609
-32.204109,8,601.302562
-16.936447,8,601.341102
-2.948029,8,601.36988
-5.457447,8,601.390417
-22.75915,8,601.417936
-0.968587,8,601.447511
-87.708304,8,601.505897
-12.617484,8,601.529507
-38.407187,8,601.553976
-13.120065,8,601.585814
-35.896839,8,601.630539
-80.817611,8,601.658748
-81.985275,8,601.678229
-66.528847,8,601.748034
-93.031902,8,601.785776
-43.283117,8,601.808955
-32.965353,8,601.824956
-27.411538,8,601.842094
-0.214713,8,602.240596
-47.378936,8,602.257341
-15.836563,8,602.275726
-36.216437,8,602.291962
-35.584693,8,602.318288
-47.645987,8,602.336726
-22.815336,8,602.351641
-30.874728,8,602.369815
-55.382605,8,602.391811
-2.71726,8,602.403591
-213.723738,8,602.421599
-27.789715,8,602.438602
-26.998308,8,602.451369
-67.997894,8,602.467198
-15.261744,8,602.482282
-28.439159,8,602.498183
4.152337,8,602.519328
-137.48102,8,602.541129
-4.21999,8,602.556627
-23.896004,8,602.573628
-26.79837,8,602.597706
-75.762024,8,602.614929
-59.671323,8,602.628176
-56.723316,8,602.639173
-187.896679,8,602.659172
-12.857931,8,602.674633
0.063592,8,602.687616
6.790583,8,602.696629
0.370799,8,602.709636
-1.366994,8,602.722645
-3.300977,8,602.736621
-34.639492,8,602.748624
-41.677964,8,603.067477
2.420768,8,603.096406
-1.789604,8,603.112406
-1.141281,8,603.126405
-9.271346,8,603.14277
-7.436832,8,603.159502
-54.668861,8,603.176776
-63.795215,8,603.19274
-24.17169,8,603.212347
3.935342,8,603.228457
-121.695907,8,603.243593
-108.889558,8,603.259138
-4.672384,8,603.277546
-71.71533,8,603.296675
-88.130082,8,603.311998
-112.482956,8,603.33211
-15.722207,8,603.347112
-95.794663,8,603.365732
-43.950798,8,603.381612
-23.265715,8,603.398613
2.308705,8,603.414082
-87.638893,8,603.426942
0.799611,8,603.444945
-0.837972,8,603.455981
-10.4873,8,603.464948
-9.598523,8,603.47295
-126.770433,8,603.489973
-10.21166,8,603.501951
-0.311096,8,603.511948
-4.836439,8,603.522945
2.757791,8,603.531949
-5.159385,8,603.551951
-103.979321,8,603.808202
-47.14384,8,603.827208
-16.006856,8,603.841319
-5.435138,8,603.855665
3.953749,8,603.878225
3.250119,8,603.893223
-10.954654,8,603.915231
-71.964753,8,603.930231
-60.450902,8,603.945224
-25.868162,8,603.960222
1.376635,8,603.971221
-9.879404,8,603.983224
-49.4393,8,604.002241
-29.144104,8,604.011226
-102.972897,8,604.023237
-73.294666,8,604.037227
3.185747,8,604.051224
-1.981333,8,604.06024
-4.385066,8,604.073251
-18.302467,8,604.09122
-97.465827,8,604.106256
-56.278187,8,604.118227
-53.528183,8,604.130223
-61.253914,8,604.140226
-24.180069,8,604.14922
-96.349302,8,604.159223
-6.739414,8,604.171241
-93.804245,8,604.18023
-84.367871,8,604.192247
-77.716986,8,604.208224
8.741548,8,604.221232
-13.777135,8,604.239226
-4.51025,8,604.486473
-30.332428,8,604.499471
-13.487636,8,604.511472
-26.9805,8,604.523473
3.399538,8,604.535471
0.841609,8,604.552473
-8.932622,8,604.56247
-29.334148,8,604.575471
7.782669,8,604.588503
-69.856795,8,604.600476
-23.551225,8,604.611473
5.075433,8,604.625479
-21.60238,8,604.65762
-19.691583,8,604.673156
-122.954055,8,604.682187
-19.012744,8,604.700157
-12.788286,8,604.715156
-5.363359,8,604.732158
-5.790173,8,604.748167
-44.352372,8,604.769607
-20.093278,8,604.78688
-59.571831,8,604.80388
-39.978923,8,604.817889
-13.117326,8,604.832879
-120.935489,8,604.856803
3.029098,8,604.875804
-0.26884,8,604.894828
0.661055,8,604.913847
2.758276,8,604.927832
-3.709081,8,604.94084
-82.765368,8,604.956836
-100.652501,8,604.974292
-73.531435,8,605.380593
1.159592,8,605.391592
-51.470045,8,605.403643
-40.262498,8,605.417206
-88.008161,8,605.430286
-108.720224,8,605.451657
7.060659,8,605.471254
-121.970125,8,605.484039
-2.235657,8,605.497087
-18.931184,8,605.511612
-121.431288,8,605.527611
-2.980387,8,605.5389
-56.176315,8,605.554615
5.541282,8,605.571605
1.48597,8,605.597974
-8.789055,8,605.613952
-198.924633,8,605.626968
-3.406322,8,605.655222
-24.038301,8,605.666189
-41.448031,8,605.681198
-42.906308,8,605.699192
-122.290058,8,605.712593
-80.485109,8,605.727307
-151.226831,8,605.739864
-5.178825,8,605.755869
-116.254265,8,605.770966
-8.329563,8,605.785968
-92.279108,8,605.805979
-14.146184,8,605.819255
-26.705771,8,605.836355
-55.977791,8,605.864558
-36.15798,8,605.886982
7.416998,8,606.315478
-51.750021,8,606.328475
-50.211016,8,606.342992
-23.629622,8,606.355993
-3.089225,8,606.369992
-6.058859,8,606.386071
3.08778,8,606.39707
-30.688776,8,606.412963
-102.99127,8,606.424956
-13.89156,8,606.435959
-51.3037,8,606.454764
-41.46414,8,606.463754
-115.919849,8,606.477334
-17.844559,8,606.491985
3.241709,8,606.510989
-1.709681,8,606.534991
-41.619558,8,606.552643
-30.208957,8,606.56164
-137.75903,8,606.571652
-99.709946,8,606.579648
-174.656255,8,606.59094
0.709459,8,606.610659
-60.880706,8,606.622181
-34.4677,8,606.63818
-18.044104,8,606.649178
1.903589,8,606.65879
-40.553745,8,606.670299
-12.504425,8,606.688636
-24.414557,8,606.702643
-18.871604,8,606.714646
5.92062,8,606.740905
-4.620685,8,606.760906
-63.439958,8,607.310647
-43.817431,8,607.33493
-127.413284,8,607.353449
5.101806,8,607.377955
-89.974402,8,607.394915
-83.172275,8,607.408371
-210.655845,8,607.432809
-17.651774,8,607.449274
-52.404648,8,607.466275
-45.447929,8,607.481889
-1.369733,8,607.494505
-34.668429,8,607.509502
-95.909741,8,607.524505
4.110923,8,607.547066
-3.638675,8,607.56172
-79.56477,8,607.575507
7.033838,8,607.59185
-6.141597,8,607.603385
-0.940096,8,607.611383
-9.165972,8,607.62479
-13.197872,8,607.640043
-17.035476,8,607.658694
-60.908256,8,607.673664
-0.080208,8,607.684879
-144.508038,8,607.694886
-27.757975,8,607.708364
-57.132054,8,607.727295
-31.471792,8,607.74409
-45.495545,8,607.769407
-1.910868,8,607.786872
-29.666778,8,607.806138
-57.738296,8,607.823242
-5.532052,8,608.237581
-24.125225,8,608.253582
-31.853292,8,608.271241
-3.762205,8,608.282629
-39.031811,8,608.298635
-56.479054,8,608.328246
-18.275459,8,608.381444
-39.274154,8,608.402973
-2.764141,8,608.42881
-54.200428,8,608.474353
3.669325,8,608.505174
-195.369382,8,608.52835
4.448291,8,608.552092
-84.177359,8,608.576492
-24.51546,8,608.611716
-30.967198,8,608.632496
-27.90767,8,608.649111
-56.72915,8,608.682179
-59.131008,8,608.727558
4.526139,8,608.752336
-107.489112,8,608.7733
-71.518341,8,608.800563
-105.000389,8,608.827394
-23.874785,8,608.85749
-130.681864,8,608.879736
-77.930228,8,608.896952
-18.634694,8,608.918738
5.60947,8,608.942199
9.654988,8,608.96289
-11.808268,8,608.98968
3.808736,8,609.080098
-142.873258,8,609.126575
-99.642404,8,609.544267
-70.272137,8,609.561985
-1.928208,8,609.582692
-11.549014,8,609.604228
-5.949645,8,609.63085
-64.928517,8,609.661166
-11.524062,8,609.672415
-22.61462,8,609.687046
-104.583698,8,609.704165
-86.501102,8,609.736494
-94.636994,8,609.753696
4.677501,8,609.775844
-136.477404,8,609.787069
-30.418006,8,609.800519
-39.822755,8,609.819559
-2.951663,8,609.830541
-78.764318,8,609.84541
-17.174611,8,609.861949
-17.758592,8,609.885105
2.496285,8,609.901798
-15.915835,8,609.90967
-11.248454,8,609.926311
-84.131737,8,609.94075
-182.922931,8,609.961037
-47.379831,8,609.985876
-9.036136,8,610.010624
6.612201,8,610.0377
-27.046587,8,610.059346
5.002247,8,610.089914
-106.118774,8,610.144993
2.034623,8,610.174346
-8.703955,8,610.197934
-130.135682,8,610.626285
-66.902515,8,610.639072
-142.149719,8,610.656912
-38.704979,8,610.673461
-33.776683,8,610.686459
-91.44852,8,610.701567
4.68939,8,610.71247
-16.614474,8,610.73288
-18.898151,8,610.745821
-51.816249,8,610.762521
-9.065945,8,610.781833
-27.308611,8,610.803737
2.218358,8,610.822216
-4.616922,8,610.845559
-40.480852,8,610.854696
-37.839063,8,610.876592
-40.114985,8,610.892568
-113.863715,8,610.906254
-147.251846,8,610.919411
0.087702,8,610.933411
-46.744062,8,610.955484
2.12248,8,610.964626
-41.688751,8,610.983323
-2.363582,8,610.998982
-3.430781,8,611.009822
-52.840635,8,611.020528
-9.328613,8,611.03151
-2.77587,8,611.042635
-31.910182,8,611.050609
-6.833327,8,611.060826
-75.894639,8,611.073616
-3.521949,8,611.090247
-21.996743,8,611.36361
-13.89243,8,611.374615
-78.611738,8,611.398986
-13.862673,8,611.412724
-96.319057,8,611.433106
-12.964885,8,611.464396
-91.48823,8,611.477513
-11.007672,8,611.488526
8.108538,8,611.498529
-20.460336,8,611.510787
-28.681975,8,611.524803
4.488459,8,611.544786
-39.447689,8,611.560951
-0.974326,8,611.579531
-26.119422,8,611.590516
-46.394321,8,611.604776
-21.30259,8,611.617753
-41.484743,8,611.617753
-66.017973,8,611.644418
-118.105603,8,611.650515
-29.13541,8,611.650515
-114.09745,8,611.675439
-20.913367,8,611.683969
-18.730137,8,611.694174
-122.468214,8,611.706534
3.67168,8,611.724733
-24.399176,8,611.739149
2.248952,8,611.751909
7.240609,8,611.759813
-51.514778,8,611.774534
-20.227875,8,611.786004
4.310491,8,611.807762
-12.481525,8,612.095181
4.892333,8,612.112691
1.581845,8,612.124386
-44.176059,8,612.133383
4.969691,8,612.144024
-59.314389,8,612.158211
-69.310372,8,612.177462
4.18474,8,612.19306
-47.581841,8,612.203753
0.769563,8,612.227074
-0.220053,8,612.244123
2.297184,8,612.258674
4.031295,8,612.275278
-11.107998,8,612.29261
2.176734,8,612.31294
3.634285,8,612.32834
-66.756849,8,612.345891
-15.93711,8,612.362802
0.452879,8,612.382504
7.744044,8,612.401598
-41.942262,8,612.418279
2.583095,8,612.433141
-39.466408,8,612.452715
3.417271,8,612.462342
-2.752756,8,612.476653
-65.403096,8,612.502977
-27.645632,8,612.527362
-76.187245,8,612.56177
-60.192422,8,612.597084
-77.15634,8,612.629869
-122.09389,8,612.69712
-61.516864,8,612.751715
-34.367678,8,613.391312
-11.83029,8,613.413692
-162.590023,8,613.484775
-15.842782,8,613.515631
-9.378125,8,613.537122
-42.789474,8,613.571558
-18.286303,8,613.597486
-27.61773,8,613.621048
4.788753,8,613.641482
-8.61779,8,613.672496
-88.529613,8,613.696033
-147.675793,8,613.710055
-72.015391,8,613.720031
-174.430789,8,613.720031
7.965434,8,613.753635
-40.997125,8,613.770726
-0.427683,8,613.789017
-31.452187,8,613.801655
-2.235976,8,613.812091
-13.623468,8,613.831721
-13.498279,8,613.840899
-34.679184,8,613.850786
-43.942792,8,613.866101
-21.242769,8,613.880329
-2.027213,8,613.894227
-3.278147,8,613.911335
-46.249353,8,613.917247
6.568355,8,613.917247
-35.582848,8,613.935716
1.192486,8,613.935716
-1.360571,8,613.961182
8.485544,8,613.970798
1.645864,8,614.688842
-32.850774,8,614.70084
-10.828909,8,614.714607
5.435996,8,614.741302
-13.27047,8,614.767663
-3.806291,8,614.791008
-5.532663,8,614.813096
-39.27545,8,614.82727
-19.916239,8,614.842319
-3.314043,8,614.857708
-45.102777,8,614.873214
-62.237485,8,614.897224
2.023625,8,614.913226
-2.885704,8,614.928225
-45.173447,8,614.943263
-79.047705,8,614.957247
-19.71732,8,614.972652
-4.060719,8,614.991513
-115.033501,8,615.013513
-99.957462,8,615.028868
-108.33518,8,615.045328
-19.51256,8,615.059316
-15.998291,8,615.071652
-63.504693,8,615.085018
2.010896,8,615.093307
-11.079169,8,615.117186
-11.54308,8,615.130184
-64.577169,8,615.141785
-57.920345,8,615.156872
-1.304697,8,615.178082
-5.359679,8,615.196223
2.645167,8,615.209819
-37.338663,8,615.616163
5.251224,8,615.635224
-41.416925,8,615.655011
-154.684189,8,615.686803
-55.855816,8,615.710345
-16.54375,8,615.733383
-57.813892,8,615.761449
2.558702,8,615.799412
-50.971861,8,615.820304
-53.179238,8,615.84321
-9.202481,8,615.877309
-122.654305,8,615.911221
-88.161998,8,615.93137
1.774625,8,615.958693
-1.587165,8,615.979171
-131.388177,8,616.000221
-7.314273,8,616.025174
-6.16028,8,616.047331
1.379707,8,616.065148
-27.10409,8,616.086596
-30.961524,8,616.10632
-28.374653,8,616.131649
-36.647498,8,616.152669
-41.663326,8,616.17458
-33.204148,8,616.188852
-146.958235,8,616.207299
-62.083945,8,616.22103
-4.904324,8,616.243061
-15.926999,8,616.258412
-36.990133,8,616.272287
0.451341,8,616.286997
-29.033467,8,616.302532
-6.763988,8,616.64156
-167.846228,8,616.660675
6.04298,8,616.683805
-51.830509,8,616.701083
-9.56578,8,616.715786
-39.36399,8,616.73054
-33.472991,8,616.745364
-26.36094,8,616.757687
-26.601608,8,616.768877
-62.925042,8,616.777211
-88.50338,8,616.793235
-96.089507,8,616.805519
-34.337245,8,616.815022
-42.678683,8,616.824395
1.86816,8,616.833991
-46.278341,8,616.848762
-15.300103,8,616.860877
-1.571953,8,616.872361
-2.886425,8,616.897367
-89.865365,8,616.915553
-23.165667,8,616.928677
-75.102798,8,616.935998
0.184748,8,616.935998
1.847334,8,616.957389
-66.010142,8,616.966392
-33.563652,8,616.972946
-68.777011,8,616.988052
2.189113,8,616.997794
-7.564204,8,617.016157
5.608345,8,617.034336
-20.135724,8,617.048023
-153.091654,8,617.057201
-21.913152,8,617.346032
-18.066474,8,617.359
-93.974569,8,617.369
-0.876243,8,617.379002
-50.295144,8,617.389873
-11.578588,8,617.398872
-0.391254,8,617.413489
-91.495146,8,617.424813
7.755161,8,617.439728
-6.107998,8,617.455284
2.25696,8,617.476082
-10.452076,8,617.492852
-25.045089,8,617.51028
-19.201545,8,617.523938
-10.257214,8,617.537535
8.599673,8,617.547517
-3.867072,8,617.556306
-70.091955,8,617.566308
-49.336879,8,617.578026
1.595822,8,617.591811
-107.947138,8,617.605338
-32.756166,8,617.618143
9.651234,8,617.634241
-5.612393,8,617.642115
7.669402,8,617.649105
-1.858865,8,617.659449
-30.401942,8,617.670192
8.62783,8,617.68096
3.347709,8,617.687859
-61.27839,8,617.713867
-31.372541,8,617.725849
-119.43126,8,617.736578
3.79641,8,618.058369
5.564688,8,618.076251
5.895343,8,618.090863
-19.521221,8,618.103194
-78.688228,8,618.115186
-50.324452,8,618.124077
-40.313987,8,618.135262
-14.381513,8,618.135262
0.037734,8,618.151167
-14.412331,8,618.172489
-135.286215,8,618.183295
-86.494603,8,618.191324
-4.724197,8,618.198141
-22.492532,8,618.21675
-14.19328,8,618.230632
-50.901823,8,618.238211
-16.418349,8,618.253277
0.777224,8,618.262277
-26.368147,8,618.277635
-111.326551,8,618.284081
-166.428331,8,618.284081
-9.443945,8,618.299389
-49.169994,8,618.299389
-67.079843,8,618.315603
-64.86926,8,618.315603
-11.5406,8,618.331375
-22.395558,8,618.331375
-2.509443,8,618.357639
-18.587364,8,618.368475
-8.783923,8,618.368475
-12.357227,8,618.395258
2.675028,8,618.407558
-2.842359,8,618.869553
-11.761132,8,618.889254
-28.799884,8,618.911833
-15.840905,8,618.929244
-21.470111,8,618.947419
-150.166143,8,618.964066
-143.536504,8,618.984468
12.429732,8,619.006958
-78.265668,8,619.032736
-0.441289,8,619.07135
-59.718009,8,619.092813
-18.001942,8,619.111311
-3.979835,8,619.133308
-29.901715,8,619.149518
-55.554984,8,619.166996
-8.99972,8,619.179173
-37.578775,8,619.198468
1.826386,8,619.23027
-5.125736,8,619.250723
-6.07779,8,619.281445
-48.528066,8,619.304036
8.427989,8,619.331332
-4.741565,8,619.352789
-90.181226,8,619.378969
-44.20485,8,619.410336
-9.40562,8,619.441758
3.229246,8,619.464553
-23.210821,8,619.483868
4.631222,8,619.503795
-4.276046,8,619.520529
5.24198,8,619.546378
-46.699378,8,619.578413
0.753877,8,620.038485
-118.735324,8,620.054881
-31.082414,8,620.077982
-72.626027,8,620.095813
-74.631604,8,620.117395
8.88184,8,620.142141
-63.682665,8,620.156631
2.124244,8,620.17621
3.641034,8,620.189249
-56.583147,8,620.203935
-91.004478,8,620.215937
-76.801538,8,620.226408
-107.401541,8,620.245344
0.978894,8,620.267496
-27.624298,8,620.277546
3.211546,8,620.288165
-103.43627,8,620.297168
-92.97841,8,620.302262
-117.875141,8,620.321757
-118.772018,8,620.329746
-32.644638,8,620.343607
-68.05348,8,620.35267
-14.829282,8,620.372156
4.488273,8,620.381683
-47.448891,8,620.394473
-16.943566,8,620.417355
-6.927194,8,620.434014
-147.398392,8,620.448807
-0.658032,8,620.462079
-74.492432,8,620.47998
-93.003538,8,620.502036
-75.300443,8,620.520027
-87.287061,8,621.157204
-20.07155,8,621.172299
6.749955,8,621.193585
-5.578685,8,621.220098
-182.927678,8,621.246702
-5.032208,8,621.276751
9.129258,8,621.298406
-4.772614,8,621.327443
-10.416959,8,621.346986
-0.390948,8,621.367768
-112.793578,8,621.389161
-14.975297,8,621.408994
-4.865513,8,621.441155
-64.274797,8,621.465988
-21.810061,8,621.487105
1.285402,8,621.506868
-2.671621,8,621.523815
0.678253,8,621.548084
-21.026269,8,621.581102
-138.683932,8,621.595639
-27.479918,8,621.61085
-44.191209,8,621.629206
-1.583287,8,621.64833
3.238557,8,621.675595
-206.934302,8,621.696316
5.408509,8,621.716139
-37.733817,8,621.737513
-115.686386,8,621.74856
-29.71406,8,621.772355
1.738359,8,621.785441
4.723603,8,621.804854
3.461389,8,621.819142
-41.130756,8,622.16357
-41.739508,8,622.176291
-13.292189,8,622.186235
-54.121841,8,622.202764
5.569396,8,622.217569
-6.834801,8,622.241184
2.643685,8,622.253716
-60.903894,8,622.266858
-77.185217,8,622.278868
-3.940278,8,622.291027
0.281834,8,622.30653
-4.233107,8,622.330915
1.723724,8,622.350892
0.103269,8,622.36749
1.574228,8,622.380443
-41.24979,8,622.394508
-35.84934,8,622.408703
1.265992,8,622.419489
-112.917175,8,622.428263
-13.015626,8,622.436578
0.832706,8,622.436578
-45.550271,8,622.467875
-181.896064,8,622.479718
5.906239,8,622.489802
-36.691163,8,622.508636
-29.43915,8,622.516656
-37.61967,8,622.519351
-83.593917,8,622.537167
3.523158,8,622.551783
-78.591278,8,622.561022
0.059755,8,622.575965
-59.862916,8,622.58604
-105.803645,8,622.915906
13.144598,8,622.930012
-62.944609,8,622.943832
-61.546437,8,622.9559
-18.8101,8,622.971885
3.328223,8,622.986725
-42.411777,8,622.986725
-30.227669,8,623.006658
-13.750188,8,623.015779
-24.830219,8,623.036165
-48.500489,8,623.046736
-28.050106,8,623.057806
-27.900982,8,623.070774
-58.651936,8,623.076824
-31.205888,8,623.086037
4.65719,8,623.103533
-51.780492,8,623.120225
6.035226,8,623.130461
2.65065,8,623.136135
-14.184503,8,623.15148
0.901818,8,623.15148
-198.945902,8,623.167358
-5.626483,8,623.175398
-38.711448,8,623.184459
4.784462,8,623.191437
-131.754478,8,623.207988
4.784243,8,623.216762
-110.899187,8,623.216762
-59.744756,8,623.234299
0.788142,8,623.235777
-89.068983,8,623.253301
9.409886,8,623.253301
3.974928,8,623.473545
-36.408063,8,623.481254
-7.703788,8,623.49236
-6.485101,8,623.499565
-9.961163,8,623.508994
-39.431776,8,623.517136
-1.94163,8,623.525499
-105.894516,8,623.533959
-78.301426,8,623.54269
2.566985,8,623.555866
1.055997,8,623.564623
0.123355,8,623.57461
-2.434789,8,623.588875
-46.209819,8,623.596806
-40.425375,8,623.608237
-20.62717,8,623.616057
-2.932538,8,623.625197
-15.807979,8,623.63283
-14.262465,8,623.642205
2.796586,8,623.649809
-11.424,8,623.658426
-88.788974,8,623.665314
-76.279389,8,623.677794
-21.223564,8,623.686278
-0.689924,8,623.69366
-35.024684,8,623.703816
-34.152029,8,623.71117
8.163102,8,623.719157
-2.232383,8,623.725319
-23.132089,8,623.731419
11.050967,8,623.738276
-57.245389,8,623.743478
-37.817008,8,623.970073
-18.572349,8,623.98181
-69.010826,8,624.000033
-107.594591,8,624.010544
-27.226844,8,624.020225
-182.69419,8,624.029669
-60.846475,8,624.046714
1.590307,8,624.060255
-99.604441,8,624.072966
-62.261599,8,624.086194
-19.803009,8,624.095944
-19.900295,8,624.106446
0.648606,8,624.116125
-41.189037,8,624.127991
-90.88778,8,624.142368
-27.008713,8,624.162935
-4.280477,8,624.174299
-55.397526,8,624.183304
-25.514924,8,624.191996
-99.85516,8,624.198379
-79.197818,8,624.213093
-40.8184,8,624.225374
-129.612989,8,624.236549
-99.263067,8,624.244236
-4.240139,8,624.251986
-18.593291,8,624.25929
-95.438368,8,624.265269
-52.340167,8,624.27966
-11.501474,8,624.289444
-36.618615,8,624.296421
-45.044515,8,624.3063
4.681323,8,624.312818
2.691225,8,624.500911
-11.610105,8,624.507273
-18.754481,8,624.513617
-2.423344,8,624.522313
-92.836263,8,624.529976
-42.18645,8,624.538469
-4.870101,8,624.546556
-38.219562,8,624.554106
5.283645,8,624.56576
-15.099971,8,624.573519
5.359488,8,624.580884
-6.206671,8,624.589446
-36.267362,8,624.590451
-1.083814,8,624.590451
-63.673843,8,624.608624
-44.128656,8,624.622827
-28.168514,8,624.630317
-21.273328,8,624.638924
-27.791461,8,624.646945
-83.971413,8,624.654706
-3.746965,8,624.666734
-31.777489,8,624.676411
2.936216,8,624.684437
-11.340755,8,624.688191
-9.923269,8,624.688191
-103.416063,8,624.702062
0.540654,8,624.702062
5.514457,8,624.71854
-75.040335,8,624.71854
-74.03757,8,624.736068
-32.447655,8,624.736068
-109.436376,8,624.736068
-37.097329,8,624.911831
-0.785252,8,624.924967
1.055178,8,624.932986
-43.459792,8,624.944745
-57.119126,8,624.950752
-59.340151,8,624.960528
0.934463,8,624.970342
-103.776635,8,624.981813
-48.61898,8,624.991844
12.681842,8,625.001498
-87.995366,8,625.009191
-103.449918,8,625.017575
-28.711739,8,625.024178
-118.595587,8,625.037982
-7.874094,8,625.046003
-49.510813,8,625.057719
-22.037635,8,625.066748
-21.57511,8,625.066748
-65.685675,8,625.082551
-107.045833,8,625.084557
-87.06058,8,625.098717
-67.77697,8,625.106742
-47.232144,8,625.106742
-55.63385,8,625.114819
-26.89155,8,625.114819
-134.996019,8,625.130749
-38.935866,8,625.130749
-113.393328,8,625.152355
-183.752108,8,625.157362
-33.128428,8,625.157362
4.627048,8,625.157362
-79.570621,8,625.173357
-169.087958,8,625.346702
-67.721808,8,625.354679
-116.756187,8,625.361051
-55.271914,8,625.371084
-16.854059,8,625.379022
-100.095667,8,625.387025
-18.968723,8,625.387025
-79.811039,8,625.404741
2.506374,8,625.404741
-102.323315,8,625.420804
-0.02007,8,625.420804
-72.288127,8,625.434835
4.496056,8,625.434835
-79.784646,8,625.450812
-132.167715,8,625.450812
-4.610761,8,625.468883
-1.324966,8,625.468883
-72.468464,8,625.483009
-14.872778,8,625.483009
-37.176524,8,625.498874
-14.679278,8,625.521679
-39.94414,8,625.521679
-120.160315,8,625.532711
-39.699429,8,625.532711
-70.78962,8,625.54703
-100.331528,8,625.54703
-16.775872,8,625.563241
-75.47489,8,625.563241
-46.680548,8,625.563241
-13.439453,8,625.584749
-8.568537,8,625.584749
3.318092,8,625.601885
-8.061766,8,625.782271
-99.74676,8,625.789749
-1.978707,8,625.789749
-14.129566,8,625.80983
6.225933,8,625.817831
-150.222475,8,625.829008
-62.254977,8,625.837842
-99.963699,8,625.855426
3.647875,8,625.864354
-14.712624,8,625.872342
-124.946735,8,625.880808
-16.343403,8,625.889952
-2.01626,8,625.903952
-6.692842,8,625.913282
-37.062236,8,625.923278
-28.949774,8,625.930283
-122.836441,8,625.939709
-67.510787,8,625.949199
-20.472742,8,625.962815
-12.084252,8,625.9721
-16.850279,8,625.981134
-4.791405,8,625.989599
2.382911,8,625.996609
-43.334097,8,626.004802
6.266549,8,626.015811
-141.952204,8,626.019413
8.278576,8,626.019413
-40.262823,8,626.035752
-111.361221,8,626.035752
3.585153,8,626.053123
-11.428254,8,626.055001
-1.677609,8,626.069581
-90.949731,8,626.263798
-55.090329,8,626.274023
-23.885188,8,626.290683
-48.840965,8,626.312233
-90.675555,8,626.324867
-37.98897,8,626.344933
-101.696503,8,626.35669
5.173253,8,626.366957
0.394237,8,626.377422
-13.915627,8,626.388214
-10.933145,8,626.408965
-16.705071,8,626.427909
-4.632865,8,626.447194
-10.177928,8,626.45792
-18.514097,8,626.466914
12.726972,8,626.477967
-168.095442,8,626.490449
-95.728401,8,626.51755
-0.666403,8,626.536016
-96.021712,8,626.553939
-119.73178,8,626.565537
-20.605605,8,626.58624
-18.667459,8,626.607672
1.591575,8,626.681592
-70.132261,8,626.717534
-7.723067,8,626.757211
-12.931511,8,626.778528
-179.487117,8,626.795841
2.650344,8,626.808865
-99.474521,8,626.817617
-66.039031,8,626.8363
-13.545674,8,626.847668
-61.740589,8,627.068673
0.512388,8,627.094402
-35.890062,8,627.107957
-75.362661,8,627.117985
0.774261,8,627.127697
-159.497972,8,627.139702
-23.386716,8,627.149696
-3.119826,8,627.159047
8.302442,8,627.168516
1.767107,8,627.178181
-0.048892,8,627.197486
-32.09706,8,627.204911
-76.347468,8,627.224103
-26.505088,8,627.23309
-16.923701,8,627.242501
-23.828754,8,627.251943
-53.247133,8,627.259965
-41.255277,8,627.267389
-61.575524,8,627.269619
-50.30909,8,627.269619
-23.476671,8,627.290564
-2.54136,8,627.298561
2.712396,8,627.302581
-27.048314,8,627.324921
-22.849505,8,627.335723
-18.632186,8,627.335723
-3.300437,8,627.335723
0.810494,8,627.35748
-8.940826,8,627.364485
-6.300914,8,627.369127
-34.201478,8,627.369127
2.321946,8,627.386809
-0.712171,8,627.593526
-15.833813,8,627.602509
4.148749,8,627.612688
-46.074273,8,627.61818
-28.462147,8,627.61818
-46.162014,8,627.635372
-122.992094,8,627.635372
-32.450009,8,627.661126
-96.074433,8,627.6688
-87.767078,8,627.672786
-79.214263,8,627.68782
1.137116,8,627.696815
-83.491299,8,627.704529
3.511845,8,627.711536
-62.995347,8,627.717443
-28.357541,8,627.727273
-38.158517,8,627.739794
-79.051051,8,627.747809
-16.223085,8,627.757048
-135.690797,8,627.769467
-7.699784,8,627.769467
-77.072186,8,627.786188
-29.622729,8,627.786188
1.178998,8,627.786188
-16.256054,8,627.808451
-109.134257,8,627.814995
2.366911,8,627.823268
-9.342849,8,627.826281
6.432781,8,627.841439
-77.012998,8,627.848445
-57.077522,8,627.859203
-2.549934,8,627.866224
4.555464,8,628.049798
0.624519,8,628.065499
-22.122271,8,628.065499
4.125344,8,628.084303
-38.775094,8,628.097223
1.220652,8,628.10731
-49.122133,8,628.11532
-21.952005,8,628.12655
-1.561669,8,628.135645
-137.56066,8,628.148733
-31.33765,8,628.150689
-12.718493,8,628.150689
-79.824594,8,628.166449
1.884122,8,628.166449
5.526663,8,628.18464
-113.793608,8,628.18464
-49.105824,8,628.198562
-58.417546,8,628.198562
5.727517,8,628.214669
-48.485892,8,628.214669
0.362895,8,628.230423
-65.446276,8,628.246199
-66.129526,8,628.248204
1.628739,8,628.248204
-97.042062,8,628.262367
-67.533204,8,628.262367
-42.587292,8,628.278465
-128.564998,8,628.287451
-37.384168,8,628.289878
1.6092,8,628.300987
-34.439292,8,628.307569
-66.747957,8,628.318696
-71.127665,8,628.499463
-20.70717,8,628.506359
-18.131223,8,628.517704
-37.343995,8,628.53012
-6.144594,8,628.53812
-1.455242,8,628.546525
-28.799697,8,628.554002
-42.267113,8,628.56147
-6.529746,8,628.56911
-37.769669,8,628.577085
-61.379388,8,628.584378
-47.497331,8,628.592746
4.10457,8,628.600055
-15.15609,8,628.606858
5.722058,8,628.623138
2.538483,8,628.630398
-1.743454,8,628.638909
-113.825944,8,628.651118
4.591764,8,628.659733
1.712532,8,628.667896
-45.76135,8,628.677184
-42.13377,8,628.685687
-121.981376,8,628.694387
-54.319808,8,628.700838
-1.150877,8,628.707259
0.601671,8,628.714815
-65.664525,8,628.722056
-39.422919,8,628.735943
-100.219184,8,628.743016
-5.192921,8,628.749823
-31.482238,8,628.756082
-58.119685,8,628.765927
-39.923748,8,628.989248
-54.644603,8,628.997781
2.069442,8,629.007554
-82.905986,8,629.01579
4.964107,8,629.028373
-0.948551,8,629.040954
-172.704096,8,629.049064
-241.096303,8,629.089641
-18.080732,8,629.100252
8.428009,8,629.112262
-70.390804,8,629.126168
-160.912386,8,629.140825
0.367915,8,629.156881
6.296299,8,629.172386
-22.233925,8,629.183813
-8.691383,8,629.198309
-45.686451,8,629.213408
4.628603,8,629.22439
-26.878262,8,629.232722
-101.264778,8,629.247082
-78.981706,8,629.268155
-19.016749,8,629.285655
-28.430384,8,629.300748
-25.69903,8,629.324693
-94.57266,8,629.339264
-31.756199,8,629.349276
-93.235721,8,629.358523
4.031342,8,629.37229
-12.606995,8,629.384284
-30.07331,8,629.39499
-21.453986,8,629.404036
-168.636949,8,629.417401
-80.99068,8,629.66088
-80.681574,8,629.669848
2.246446,8,629.680839
-19.305464,8,629.707567
-159.010267,8,629.718585
-64.480634,8,629.731844
-5.388172,8,629.743941
-6.897533,8,629.762871
-47.421286,8,629.782285
-45.840489,8,629.799258
3.611987,8,629.811703
-116.200975,8,629.825277
0.501429,8,629.838958
-117.411632,8,629.856746
0.628771,8,629.864761
3.703274,8,629.876005
-5.625865,8,629.883492
-32.946863,8,629.893839
-75.203921,8,629.902624
-35.173082,8,629.910839
-69.129754,8,629.917756
-59.738984,8,629.926173
5.853605,8,629.931435
-65.837486,8,629.936132
-64.582106,8,629.936132
-8.505933,8,629.953581
-56.724128,8,629.969837
-11.855527,8,629.977901
-42.139005,8,629.990288
-18.813438,8,629.998313
-30.267979,8,630.002308
9.977788,8,630.002308
-11.315977,8,630.235511
6.929736,8,630.245591
-11.423298,8,630.256849
-0.468174,8,630.264856
-86.021533,8,630.273524
-28.996259,8,630.282824
-3.343792,8,630.298222
-11.944045,8,630.307688
-13.068886,8,630.312678
-22.386371,8,630.325292
-12.885975,8,630.335161
-33.908968,8,630.335161
-19.138891,8,630.351609
6.035893,8,630.351609
3.160845,8,630.367523
-57.242961,8,630.369328
-15.853358,8,630.384905
-15.948713,8,630.384905
1.212293,8,630.402199
-24.946519,8,630.402199
2.557009,8,630.420379
-99.436016,8,630.434344
2.530119,8,630.441555
-80.221644,8,630.448452
-44.011761,8,630.456649
-17.534642,8,630.462647
-32.792456,8,630.467458
-5.974121,8,630.467458
-32.046441,8,630.482632
-25.754221,8,630.482632
-14.248799,8,630.482632
2.338228,8,630.49877
-31.464079,8,630.68773
0.892412,8,630.696632
3.680281,8,630.70566
1.975835,8,630.711346
-73.770145,8,630.72156
-6.096953,8,630.729311
-162.032378,8,630.737321
-5.795684,8,630.744683
-86.164975,8,630.752434
-14.505781,8,630.766668
-7.053264,8,630.777169
-77.563936,8,630.791268
4.925759,8,630.799345
-94.095781,8,630.808706
-43.791862,8,630.817272
-18.250597,8,630.826009
-76.339909,8,630.834337
-138.495988,8,630.843118
-21.100663,8,630.851349
-49.599308,8,630.859758
2.869877,8,630.87344
-10.859798,8,630.881338
1.326689,8,630.889846
-89.756776,8,630.896073
-141.880424,8,630.907486
-20.649252,8,630.913946
3.3299,8,630.922966
-31.754241,8,630.929902
5.377416,8,630.938355
-0.391089,8,630.944231
-99.0353,8,630.951778
-92.998481,8,630.959249
5.011339,8,631.13618
-27.39548,8,631.143473
-3.301168,8,631.153962
2.579604,8,631.162735
-30.001606,8,631.176291
-23.776783,8,631.1838
-26.194242,8,631.192685
-17.422881,8,631.206915
-45.438839,8,631.217566
-22.456508,8,631.229289
-15.154925,8,631.237484
-8.855402,8,631.248078
-42.875013,8,631.256531
-3.824615,8,631.26495
-80.954263,8,631.273896
-8.991376,8,631.283326
-77.156362,8,631.29166
-28.765632,8,631.307718
-20.425425,8,631.322181
-20.028827,8,631.330703
-133.552755,8,631.339527
-69.787915,8,631.345929
-6.654229,8,631.355861
-16.837494,8,631.365746
-19.489858,8,631.380767
-20.312909,8,631.397504
-68.586947,8,631.41238
-38.360441,8,631.429985
-11.812194,8,631.445851
-73.591244,8,631.463816
1.540859,8,631.477355
-2.232915,8,631.492914
-44.414435,8,631.82872
-7.209003,8,631.846698
1.003968,8,631.868763
-23.600651,8,631.885489
-4.699952,8,631.903265
-3.945376,8,631.916693
5.987244,8,631.92954
-77.592824,8,631.942275
-91.500034,8,631.954281
-41.554155,8,631.965313
-68.11203,8,631.987151
-14.06933,8,631.99924
-17.675397,8,632.011521
-13.484213,8,632.0209
-109.464909,8,632.035304
-28.147837,8,632.050866
-81.976359,8,632.068284
-222.744504,8,632.068284
-94.428365,8,632.08613
-178.506032,8,632.106254
-21.312693,8,632.120183
-5.311645,8,632.130719
6.456084,8,632.145993
-21.086506,8,632.157064
-10.999766,8,632.164753
-103.403915,8,632.175178
-19.946396,8,632.183873
-10.776849,8,632.192754
-35.425246,8,632.207146
-184.730277,8,632.219918
-98.266826,8,632.229341
-2.082292,8,632.2415
-145.75256,8,632.494056
-61.689816,8,632.50236
-1.168343,8,632.511409
-17.16157,8,632.530504
0.535075,8,632.544395
-15.444307,8,632.559698
-114.724451,8,632.572926
-10.169187,8,632.587259
1.228175,8,632.600132
-0.528645,8,632.610104
-3.675532,8,632.621666
7.013928,8,632.634938
-6.346449,8,632.641636
-31.576652,8,632.657554
6.205032,8,632.673512
-69.82886,8,632.691078
-7.069641,8,632.705678
-13.212418,8,632.718787
-64.47037,8,632.727602
-49.785249,8,632.739349
-32.889264,8,632.740772
-3.744812,8,632.757056
-5.096125,8,632.769714
5.094221,8,632.778147
-20.432133,8,632.786712
-211.491364,8,632.797019
-81.514942,8,632.805643
-2.727472,8,632.812644
-2.905311,8,632.825105
-4.558238,8,632.832895
6.547102,8,632.843079
-93.199959,8,632.856491
-60.886391,8,633.124233
-1.95274,8,633.134403
-26.687889,8,633.143509
-40.044184,8,633.15235
-15.727542,8,633.161864
-118.513691,8,633.173013
-4.293522,8,633.188786
2.009014,8,633.201954
1.474641,8,633.239061
-16.386444,8,633.253069
-65.550166,8,633.286252
-20.769068,8,633.303
-20.698888,8,633.322173
-37.255923,8,633.335054
-12.773624,8,633.359034
-123.733426,8,633.373158
0.996578,8,633.387144
-3.146489,8,633.399195
-31.246321,8,633.406646
-5.855168,8,633.423316
-169.40871,8,633.439262
0.01928,8,633.462287
-33.782887,8,633.47754
-35.323265,8,633.484359
-13.040694,8,633.484359
-31.015768,8,633.506522
-54.901178,8,633.508676
-2.56221,8,633.522349
-92.83198,8,633.53897
3.035235,8,633.551543
-37.897559,8,633.558694
-52.093862,8,633.574213
6.880969,8,633.818756
-107.058852,8,633.83544
-27.901274,8,633.840222
5.057575,8,633.853666
-26.310106,8,633.861955
-80.066351,8,633.871614
-25.510385,8,633.880611
5.121786,8,633.890162
-137.986045,8,633.905803
-7.907678,8,633.914937
-11.880974,8,633.924803
-50.117147,8,633.934002
-40.651628,8,633.943445
-55.108134,8,633.951528
-1.584922,8,633.966662
-107.728045,8,633.976623
-16.624075,8,633.987167
-19.483127,8,633.996169
6.149366,8,634.012704
4.837825,8,634.026696
-2.502006,8,634.039182
-53.735145,8,634.049184
1.60655,8,634.062549
-50.00355,8,634.075317
-46.893288,8,634.089068
-29.20065,8,634.100073
-15.622957,8,634.116608
-0.582594,8,634.131523
-99.211577,8,634.142943
-90.671104,8,634.15314
-60.748201,8,634.166585
-5.680124,8,634.180771
-45.243567,8,634.440552
-65.197224,8,634.449676
4.915006,8,634.459682
-39.915984,8,634.472607
-61.704697,8,634.482609
-3.577921,8,634.492611
-22.361333,8,634.501609
-82.781715,8,634.514373
7.322623,8,634.524382
-9.327059,8,634.533211
-25.611307,8,634.545312
2.191709,8,634.554062
-54.821934,8,634.563132
-23.821577,8,634.573084
-0.014814,8,634.581313
8.077539,8,634.595698
-5.799439,8,634.604894
-71.557229,8,634.614184
-181.761369,8,634.623323
-5.233873,8,634.638467
-7.136138,8,634.647454
-44.468047,8,634.655462
-70.02052,8,634.663276
-55.711212,8,634.670601
-60.639003,8,634.680987
-81.626454,8,634.692928
2.52842,8,634.70546
-11.344875,8,634.7199
-6.430088,8,634.734417
-32.321039,8,634.750103
-65.256293,8,634.764177
-69.330621,8,634.779014
-26.077659,8,635.224009
-130.902853,8,635.237396
-121.083405,8,635.252043
-13.557467,8,635.266927
-94.714732,8,635.282228
-38.449021,8,635.298758
-32.080989,8,635.309579
-124.695752,8,635.323241
-193.756416,8,635.335316
-15.65273,8,635.346531
4.014778,8,635.357548
-51.165297,8,635.374993
-2.937608,8,635.395573
1.24187,8,635.419104
-6.7847,8,635.435018
4.103149,8,635.454769
-4.820177,8,635.470932
-61.971109,8,635.481949
5.12337,8,635.49466
-73.103892,8,635.505647
-50.164025,8,635.52382
-2.716412,8,635.531821
6.190874,8,635.542816
3.192536,8,635.553104
-5.594357,8,635.563043
-62.291289,8,635.585453
-101.126381,8,635.608718
-2.825738,8,635.637778
-20.189752,8,635.657928
-43.676479,8,635.672564
-0.810207,8,635.688304
-0.491893,8,635.701217
-1.246939,8,636.291392
-98.684321,8,636.312709
-6.535289,8,636.333205
2.653851,8,636.352027
-18.832773,8,636.378225
-21.666918,8,636.405811
-71.237488,8,636.430939
-4.609585,8,636.448901
-105.783507,8,636.467731
-17.333261,8,636.496769
-172.889932,8,636.521745
-3.038432,8,636.54783
-95.1954,8,636.568486
-3.861678,8,636.600074
-7.343075,8,636.626932
-5.325015,8,636.647866
-27.898117,8,636.677651
10.132582,8,636.715832
-6.861106,8,636.75849
-55.045005,8,636.790392
-20.744475,8,636.833
-108.429891,8,636.871558
-29.549421,8,636.909022
-10.686087,8,636.931547
-64.154985,8,636.964702
-11.240354,8,636.980238
-29.636729,8,636.995856
-75.874437,8,637.013447
-68.322829,8,637.032535
3.946042,8,637.05819
-19.739806,8,637.090371
-40.659681,8,637.139521
-64.49884,8,637.87486
-40.718134,8,637.901019
-60.864583,8,637.941622
-96.703967,8,637.977681
-64.040522,8,638.007149
-1.500942,8,638.047232
-60.999727,8,638.067569
-126.632794,8,638.090049
2.030552,8,638.107176
-37.689264,8,638.136648
-0.328795,8,638.154038
-48.414554,8,638.178394
-135.558365,8,638.198469
-39.859674,8,638.212781
-1.73287,8,638.231192
-94.956958,8,638.251597
5.301641,8,638.26573
-43.217545,8,638.268741
-2.911359,8,638.292205
-49.315704,8,638.306581
-74.796004,8,638.319694
-93.655531,8,638.33179
-89.12713,8,638.344129
-146.704277,8,638.352561
-113.626344,8,638.373372
4.559263,8,638.38036
-153.95948,8,638.389082
-124.572857,8,638.396062
-62.718063,8,638.405014
-25.413245,8,638.414081
-83.652183,8,638.424374
-105.328734,8,638.435098
-71.828032,8,638.659216
-0.872838,8,638.669116
-18.126208,8,638.677114
-56.338344,8,638.690279
-1.452709,8,638.703005
-18.295214,8,638.711996
-38.477124,8,638.721263
-80.394428,8,638.729269
-5.51192,8,638.736986
-75.115992,8,638.744993
-15.775733,8,638.753385
-124.033466,8,638.761631
-68.173442,8,638.7702
-10.219657,8,638.778198
-33.654093,8,638.787954
4.776245,8,638.795953
7.056784,8,638.81154
-12.836652,8,638.821326
-31.210681,8,638.830719
-57.835285,8,638.838122
-2.780511,8,638.846128
-48.081595,8,638.854604
-66.966239,8,638.861621
9.348426,8,638.868042
-29.793601,8,638.874168
4.804003,8,638.88018
-131.484036,8,638.885151
-0.374216,8,638.885151
-85.6343,8,638.885151
-65.344391,8,638.914023
-43.28414,8,638.920817
-21.182107,8,638.927918
-23.227677,8,639.161368
5.524443,8,639.180211
5.44703,8,639.193141
-21.089737,8,639.216781
-69.463705,8,639.231511
-69.730546,8,639.248781
6.336842,8,639.264777
-15.507386,8,639.276776
6.62839,8,639.28846
5.041795,8,639.308458
-198.233865,8,639.322975
1.779187,8,639.332971
-182.897244,8,639.344975
-23.962219,8,639.362996
-11.33722,8,639.374015
-73.397786,8,639.390449
-7.392135,8,639.406442
-27.824694,8,639.414428
-3.0196,8,639.428805
-18.044401,8,639.44071
-122.462585,8,639.449721
-35.35333,8,639.458714
-92.031,8,639.475922
-46.851074,8,639.485911
-58.780068,8,639.495496
1.818762,8,639.5094
-3.148825,8,639.523032
-41.800404,8,639.537037
1.129767,8,639.550943
2.42599,8,639.564044
-59.217928,8,639.574272
-5.579783,8,639.595583
-25.720489,8,639.857453
-53.180273,8,639.869716
-64.022993,8,639.889045
-30.016747,8,639.900933
-64.401916,8,639.91294
-5.462769,8,639.928965
-10.696406,8,639.944724
-21.924998,8,639.958696
5.621444,8,639.969943
-19.861977,8,639.980933
-23.752361,8,639.993932
2.260635,8,640.004937
-38.643742,8,640.023661
1.62005,8,640.054423
-101.974403,8,640.077176
-37.977035,8,640.112842
-106.733511,8,640.132928
8.217964,8,640.154928
-38.172921,8,640.171025
-6.013123,8,640.182178
-10.468068,8,640.194206
-2.18767,8,640.201185
1.354169,8,640.212203
-91.135715,8,640.225355
-20.587251,8,640.237443
4.619229,8,640.250608
-165.550671,8,640.27094
-62.736218,8,640.287188
-185.361912,8,640.294072
-66.373432,8,640.303515
-23.169805,8,640.316129
-45.363162,8,640.325665
-130.355362,8,640.671038
5.783386,8,640.694114
-3.767914,8,640.723859
-9.243362,8,640.748849
-9.694617,8,640.770371
-63.031161,8,640.793344
-16.522523,8,640.80875
-5.593182,8,640.841656
4.742821,8,640.88123
-30.782007,8,640.926934
0.127681,8,640.960772
-56.798065,8,640.983848
1.817549,8,641.004288
-17.373926,8,641.016268
-42.087983,8,641.037024
-0.428201,8,641.057377
-0.159388,8,641.077443
4.742859,8,641.090077
-2.413968,8,641.104763
-48.041727,8,641.116764
-102.692853,8,641.135819
1.828382,8,641.148814
-30.125576,8,641.154373
-42.249022,8,641.178828
-40.680625,8,641.185081
-5.276455,8,641.198873
5.444343,8,641.214561
-15.505174,8,641.214561
9.324247,8,641.235693
-5.309408,8,641.246087
0.108061,8,641.261966
2.872664,8,641.273391
-32.599265,8,641.655442
-22.756097,8,641.670708
4.014059,8,641.680845
0.729099,8,641.69351
-57.864825,8,641.706105
8.156233,8,641.719107
3.787962,8,641.732001
-82.721964,8,641.746207
-115.981207,8,641.771333
-51.693688,8,641.791086
-28.143842,8,641.80316
-17.663307,8,641.820059
-53.18039,8,641.844069
13.486026,8,641.86602
-36.130786,8,641.882807
-53.054692,8,641.896092
-17.39968,8,641.909578
-18.623368,8,641.924743
-68.940318,8,641.940495
-52.395337,8,641.956413
-86.491201,8,641.974976
-1.589674,8,641.993593
-4.910283,8,642.010675
-142.674677,8,642.022973
-90.75258,8,642.031277
-150.443673,8,642.041151
-5.539139,8,642.056604
-83.258086,8,642.065598
-20.698401,8,642.081065
-14.044088,8,642.091486
-74.31514,8,642.101488
-14.515324,8,642.111641
-73.577849,8,642.343026
-38.424872,8,642.351783
9.433283,8,642.360997
0.913197,8,642.368694
-82.714599,8,642.377093
-6.512175,8,642.385763
-67.659074,8,642.397365
-55.221383,8,642.410386
-7.238003,8,642.419874
-87.543638,8,642.428257
-1.989768,8,642.435905
7.182321,8,642.445657
-83.018418,8,642.450519
-12.585568,8,642.450519
-109.736117,8,642.462419
-9.935204,8,642.462419
-85.129374,8,642.486873
-3.153663,8,642.498719
-2.562501,8,642.517322
-105.443374,8,642.532768
-99.652605,8,642.545655
7.120884,8,642.556746
2.610928,8,642.566816
-32.926281,8,642.578643
-28.93979,8,642.588451
-9.359172,8,642.59852
-38.182272,8,642.60832
-46.706318,8,642.624106
-85.053898,8,642.636819
-0.510922,8,642.646887
-71.386852,8,642.657898
-0.873964,8,642.673994
7.262427,8,642.91761
-9.903273,8,642.927972
-87.253664,8,642.93372
0.332884,8,642.937651
-17.536058,8,642.95347
-2.856079,8,642.966542
-5.338735,8,642.975071
-3.438574,8,642.981089
-18.95571,8,642.985101
-14.967,8,642.985101
-16.379493,8,643.00715
4.961281,8,643.01517
-14.269124,8,643.029827
-102.203142,8,643.032831
-72.64794,8,643.032831
-129.445912,8,643.05593
4.867281,8,643.07154
1.15412,8,643.079566
9.926897,8,643.083574
5.227206,8,643.095337
-112.725684,8,643.101272
-22.550217,8,643.111403
-10.840878,8,643.122746
-0.038171,8,643.13372
-9.974226,8,643.152168
-21.750727,8,643.154684
-150.048094,8,643.168403
-5.694694,8,643.191555
8.721488,8,643.201989
-3.293302,8,643.201989
-5.562817,8,643.218402
-69.535879,8,643.233659
4.285246,8,643.415904
-2.848099,8,643.415904
-16.301845,8,643.431922
-5.515182,8,643.431922
12.651697,8,643.450051
-2.775427,8,643.462119
-94.799097,8,643.469885
-53.25363,8,643.469885
-29.972982,8,643.482096
6.428317,8,643.482096
-119.867073,8,643.495938
-132.752355,8,643.495938
-39.666813,8,643.51705
-1.194615,8,643.51705
-118.2854,8,643.528279
6.302534,8,643.545436
-88.230961,8,643.553792
-9.745006,8,643.568803
-103.190182,8,643.578893
-98.582981,8,643.5809
-18.637214,8,643.60085
-50.267302,8,643.61096
6.235501,8,643.621811
-25.395497,8,643.636102
-10.176351,8,643.646701
2.357426,8,643.652963
-36.097805,8,643.658703
-56.256008,8,643.658703
-42.703106,8,643.658703
5.770905,8,643.674609
-52.179771,8,643.690432
-13.622183,8,643.690432
8.814416,8,643.866308
5.942328,8,643.882214
-73.577872,8,643.882214
-47.444256,8,643.898407
-100.528986,8,643.898407
-37.885431,8,643.914378
-26.38971,8,643.914378
-30.082326,8,643.932613
-2.247915,8,643.939375
-91.889954,8,643.940377
-105.096995,8,643.95809
-151.291177,8,643.95809
-17.981253,8,643.977086
-6.147477,8,643.993891
4.003515,8,644.012157
-104.463415,8,644.036541
-4.406573,8,644.054862
-65.613631,8,644.077011
-32.325929,8,644.107745
-52.06391,8,644.137044
-76.201008,8,644.168035
-6.756207,8,644.195666
-115.196131,8,644.375951
-58.812022,8,644.409993
4.004985,8,644.441618
-3.652145,8,644.469558
-113.482947,8,644.492796
-57.033912,8,644.512807
1.540051,8,644.537807
-42.698905,8,644.558262
-23.053653,8,644.580266
6.756814,8,644.603261
3.912024,8,645.163323
-48.2882,8,645.173622
-79.605618,8,645.182627
6.143889,8,645.198622
-92.626809,8,645.210878
1.200552,8,645.221306
-21.703991,8,645.229306
-73.740268,8,645.239872
-29.625568,8,645.248146
-102.549054,8,645.259133
-10.01436,8,645.275118
-30.546524,8,645.285941
-12.167638,8,645.296048
4.08351,8,645.307635
-84.106159,8,645.315005
-78.545479,8,645.325333
6.798266,8,645.34109
-88.849818,8,645.343076
-30.433138,8,645.358591
-22.398161,8,645.365591
-17.349531,8,645.381422
7.399927,8,645.39245
0.279805,8,645.402336
-0.583105,8,645.410335
-29.308566,8,645.418377
-12.497881,8,645.426374
4.380257,8,645.434385
-26.536382,8,645.442385
-81.15211,8,645.455374
4.727278,8,645.463373
-110.37565,8,645.472374
-3.263249,8,645.483375
-8.897913,8,645.702295
-39.059388,8,645.711339
-39.080235,8,645.721343
-21.061795,8,645.730342
-32.733052,8,645.740342
-21.566603,8,645.748338
-17.280187,8,645.758029
-31.920108,8,645.767041
7.718093,8,645.779342
-6.101843,8,645.793001
-133.484734,8,645.799001
-67.449204,8,645.811609
-16.295088,8,645.83544
-162.899913,8,645.856472
-0.395444,8,645.866437
-24.422776,8,645.889954
-161.313898,8,645.909953
7.887285,8,645.932942
-45.847343,8,645.94853
-5.853413,8,645.962527
7.049735,8,645.975294
-0.224978,8,645.998967
-110.990295,8,646.014152
4.01616,8,646.029256
-33.889606,8,646.041233
-21.311436,8,646.049235
4.077074,8,646.053231
-16.77233,8,646.053231
-22.164229,8,646.075339
-32.249806,8,646.082353
-92.591673,8,646.092316
-0.347295,8,646.104312
-20.235474,8,646.317434
-6.891166,8,646.328429
2.541631,8,646.344429
-46.447402,8,646.356429
-95.674136,8,646.369441
-105.174405,8,646.376444
-6.497855,8,646.385432
4.535941,8,646.394454
-6.808412,8,646.403431
-24.577984,8,646.412457
-45.102514,8,646.421458
-49.737545,8,646.429928
4.215449,8,646.438164
-72.577161,8,646.461153
3.052024,8,646.478142
-52.501216,8,646.487146
2.381758,8,646.49615
-45.836882,8,646.506161
-76.781796,8,646.513142
-53.440996,8,646.521142
-24.412107,8,646.528142
-20.271937,8,646.534142
-22.144623,8,646.542142
4.699164,8,646.549142
-49.525557,8,646.556167
-74.330674,8,646.563167
-9.13341,8,646.571164
1.184756,8,646.581154
-21.241035,8,646.592376
-180.61549,8,646.598377
2.593545,8,646.606387
-85.497323,8,646.613387
-22.736622,8,646.799373
-20.351129,8,646.811373
-110.845787,8,646.8204
-16.463099,8,646.826374
3.762452,8,646.833374
-116.935586,8,646.842843
-0.919864,8,646.852103
-73.731882,8,646.865106
-141.01833,8,646.875414
5.465975,8,646.882769
-122.72746,8,646.889735
-46.755048,8,646.896737
-46.023389,8,646.905769
-73.333036,8,646.918781
-5.533435,8,646.926769
-58.316787,8,646.93277
-3.631142,8,646.940804
-32.059391,8,646.947719
5.49134,8,646.957719
-209.469678,8,646.964719
-37.266392,8,646.978416
-9.191945,8,646.985648
-23.559255,8,646.993648
-51.951896,8,647.001653
0.322722,8,647.008668
-137.187768,8,647.015674
-60.077076,8,647.02267
-20.915514,8,647.031646
-15.765399,8,647.039669
-53.735877,8,647.046248
-15.362722,8,647.053364
-47.18423,8,647.060357
-4.893167,8,647.290041
-89.799868,8,647.29904
-1.530106,8,647.314137
7.957712,8,647.327142
-3.9787,8,647.340871
-27.822312,8,647.351967
-61.715166,8,647.366964
-83.926937,8,647.377817
-14.446095,8,647.390786
-73.247129,8,647.402229
13.134505,8,647.418229
-12.340901,8,647.429229
-51.434434,8,647.440188
-48.296938,8,647.458189
3.935098,8,647.474194
-70.801459,8,647.483188
5.124865,8,647.486712
-68.810438,8,647.502415
-35.938264,8,647.51562
-79.816881,8,647.528902
-24.017574,8,647.538152
-13.603841,8,647.548396
-33.432634,8,647.561398
-31.875623,8,647.576404
-6.393861,8,647.592509
-128.207655,8,647.605509
-0.145663,8,647.620512
-110.313235,8,647.630601
-61.608345,8,647.642176
-47.930838,8,647.649161
-52.539428,8,647.658566
-44.565213,8,647.665566
-21.938789,8,647.888382
0.240339,8,647.896381
-22.725713,8,647.905384
-103.308201,8,647.914385
5.219391,8,647.922381
2.359303,8,647.933384
-41.910031,8,647.946384
5.984915,8,647.955384
-25.158797,8,647.963383
-30.876722,8,647.971384
0.244531,8,647.979382
-0.164596,8,647.989384
-68.878969,8,647.998382
-7.383466,8,648.009382
-55.941189,8,648.020905
-78.909655,8,648.029905
0.014171,8,648.044905
-0.468042,8,648.052904
-112.531871,8,648.065902
4.878258,8,648.076407
-42.062407,8,648.083418
-7.651489,8,648.091429
7.461382,8,648.098428
-49.046785,8,648.105428
6.569413,8,648.112431
-14.253064,8,648.119831
-12.67036,8,648.126827
-22.552311,8,648.132834
-7.138954,8,648.140838
-28.179886,8,648.151198
-81.493147,8,648.159294
4.578375,8,648.173204
-17.568686,8,648.529634
3.269203,8,648.539205
-67.918075,8,648.546481
-109.164645,8,648.555131
-50.006586,8,648.571524
-1.474928,8,648.581704
0.699232,8,648.58668
-1.588009,8,648.60949
-56.36672,8,648.617479
-110.710286,8,648.629616
-2.452878,8,648.64161
-27.478233,8,648.655586
-38.82109,8,648.666607
-28.167791,8,648.677725
-70.042822,8,648.686696
-109.111483,8,648.698658
3.795531,8,648.710662
-47.8451,8,648.728829
-9.419057,8,648.746169
-133.251219,8,648.765648
-1.393864,8,648.781811
-8.772143,8,648.80559
6.663112,8,648.825606
-59.334332,8,648.834461
-31.189376,8,648.870806
-19.643762,8,648.881172
-1.800787,8,648.88703
-3.105247,8,648.896975
-128.620158,8,648.90349
-177.844146,8,648.90349
-21.314366,8,648.918007
-19.210508,8,648.933825
-29.508054,8,649.165
-73.214048,8,649.165
-69.298726,8,649.183503
-85.152386,8,649.183503
-42.675045,8,649.197136
-138.295774,8,649.197136
-2.81773,8,649.21309
3.147324,8,649.222684
3.847862,8,649.237236
-2.84149,8,649.245001
7.45677,8,649.253273
-0.415668,8,649.261279
6.22497,8,649.268996
1.814017,8,649.277046
-40.723291,8,649.284951
-12.952188,8,649.284951
4.125121,8,649.305714
9.355697,8,649.319345
-123.525979,8,649.319345
1.607856,8,649.33748
-123.837023,8,649.346788
-27.875558,8,649.357419
-125.640184,8,649.367975
-18.283134,8,649.374079
-78.331059,8,649.384947
-32.910324,8,649.391119
-5.295278,8,649.401093
-63.769613,8,649.402003
-47.553031,8,649.402003
-2.408951,8,649.417841
-42.396831,8,649.442407
-15.494864,8,649.454396
-14.792545,8,649.761795
-75.915907,8,649.779562
-49.96693,8,649.79535
-84.364305,8,649.815948
-24.907434,8,649.833701
-82.550014,8,649.855934
5.183105,8,649.877107
3.918345,8,649.902559
7.936101,8,649.91906
4.353079,8,649.933027
8.42548,8,649.960212
-73.355984,8,649.975225
0.494495,8,649.984231
-30.095189,8,649.99831
-80.607193,8,650.020125
4.658928,8,650.043125
-39.937215,8,650.071347
-27.296484,8,650.091011
3.941311,8,650.120506
-75.815287,8,650.150296
-16.962241,8,650.174029
-4.162569,8,650.19086
-90.86302,8,650.239691
-5.287429,8,650.259399
-9.692052,8,650.279379
-20.258716,8,650.29043
3.46704,8,650.299423
-28.145665,8,650.314898
-17.722106,8,650.33286
-118.08623,8,650.356647
-1.217906,8,650.356647
-47.182868,8,650.37157
6.476063,8,650.600285
-24.213405,8,650.608476
-18.845796,8,650.622113
2.387422,8,650.640193
-51.052012,8,650.649778
-0.937293,8,650.661724
3.036673,8,650.679552
8.374537,8,650.688063
-72.013273,8,650.697062
-55.341259,8,650.70574
0.808063,8,650.715704
-17.705253,8,650.720778
-21.114464,8,650.735296
-0.29637,8,650.736522
-55.07385,8,650.754363
-136.645761,8,650.770389
-133.445572,8,650.781481
-150.648634,8,650.789586
2.91013,8,650.819049
-61.110702,8,650.836061
-115.430273,8,650.846998
-23.599417,8,650.858428
-51.535702,8,650.870173
-12.185624,8,650.880174
-19.720434,8,650.898802
6.734917,8,650.92557
0.87644,8,650.945513
-108.50445,8,650.959975
10.498661,8,650.980211
-83.2731,8,650.990615
8.144961,8,650.998624
-187.451965,8,651.007273
-26.224482,8,651.403654
3.300576,8,651.474719
-25.588415,8,651.523142
6.534236,8,651.544366
-83.366988,8,651.563053
5.735386,8,651.577284
-74.974568,8,651.590824
-49.781923,8,651.605442
-33.975796,8,651.629146
-113.785768,8,651.643863
-34.676549,8,651.653962
-35.22799,8,651.663967
-26.060648,8,651.674513
-0.619674,8,651.685504
-22.822183,8,651.685504
6.289952,8,651.70587
-22.52976,8,651.713871
-52.442827,8,651.718868
-75.943265,8,651.734721
-24.193527,8,651.741611
-97.368892,8,651.751368
-17.815707,8,651.764911
-54.898501,8,651.773013
5.435236,8,651.773013
-62.340308,8,651.789842
-35.390295,8,651.802543
8.497652,8,651.810951
0.31602,8,651.81812
-65.104089,8,651.820746
-42.118959,8,651.837736
2.443153,8,651.841521
-30.722451,8,651.85357
-41.595116,8,652.104294
-61.325588,8,652.122967
-44.382564,8,652.132959
-10.665491,8,652.141749
-16.387474,8,652.155398
-48.200378,8,652.180579
-18.442335,8,652.196479
-149.704482,8,652.221118
-25.639147,8,652.24702
-5.7973,8,652.262247
-0.011308,8,652.277364
-26.777931,8,652.304414
-2.136636,8,652.328541
7.741401,8,652.349425
-3.619936,8,652.375541
-25.118642,8,652.38532
-225.176418,8,652.401902
-29.915052,8,652.418731
-40.409694,8,652.433726
-16.686554,8,652.449133
-49.944264,8,652.464108
6.442433,8,652.467932
-26.364706,8,652.487422
-133.367885,8,652.510188
6.231436,8,652.531648
-76.809965,8,652.555521
-3.675329,8,652.592034
-38.194326,8,652.620358
-24.885052,8,652.656917
-107.363081,8,652.689326
-39.459681,8,652.711647
-76.461116,8,652.734964
-30.603486,8,653.050715
-17.496627,8,653.059617
-58.499929,8,653.069065
0.597899,8,653.078863
5.6841,8,653.095804
-37.917926,8,653.106246
-140.012599,8,653.11426
-8.111817,8,653.130156
1.600158,8,653.139874
0.072221,8,653.147888
0.459538,8,653.158971
-116.396811,8,653.16816
-43.740993,8,653.179052
-12.14381,8,653.184735
-48.855186,8,653.200175
-48.583665,8,653.215948
-17.939477,8,653.215948
-72.414306,8,653.231855
-57.912197,8,653.247637
0.85468,8,653.247637
2.056878,8,653.263508
-32.443274,8,653.263508
-17.962486,8,653.281319
-11.4462,8,653.281319
-4.091794,8,653.295121
-22.661434,8,653.310849
-57.722903,8,653.310849
1.057068,8,653.32867
-20.058637,8,653.334692
-44.085232,8,653.342456
-145.576763,8,653.342456
-0.112238,8,653.359723
-6.142917,8,653.560394
-36.910717,8,653.567401
1.491431,8,653.575962
-117.403454,8,653.58494
7.953484,8,653.593624
-17.81904,8,653.601607
-64.484343,8,653.611291
7.071426,8,653.619213
3.468706,8,653.628089
-78.774144,8,653.640424
-4.155185,8,653.649425
-40.037988,8,653.663763
-8.471896,8,653.680318
-6.538512,8,653.6874
-6.788438,8,653.6874
-25.542251,8,653.713706
-11.290163,8,653.726809
-3.645078,8,653.745317
-214.525543,8,653.754211
-27.669871,8,653.758911
-50.379983,8,653.774071
6.637964,8,653.782059
-0.185022,8,653.789643
5.523445,8,653.797651
0.399511,8,653.806321
-112.466104,8,653.82585
-30.269358,8,653.839873
-5.657919,8,653.846882
4.471223,8,653.857599
-1.382175,8,653.869099
-77.681892,8,653.877215
1.309847,8,653.886055
-75.616137,8,654.17409
1.301746,8,654.20864
-181.129287,8,654.240656
-29.817038,8,654.280948
-4.669791,8,654.310486
-80.154269,8,654.359106
0.625903,8,654.377501
-32.949262,8,654.393784
9.403967,8,654.409786
-8.207427,8,654.422785
-37.939395,8,654.434786
-15.499259,8,654.445803
-47.355886,8,654.464205
-6.644065,8,654.478464
-14.712231,8,654.485973
-17.944676,8,654.500169
-29.694507,8,654.512794
-195.972906,8,654.523329
-0.281434,8,654.54034
0.492929,8,654.549302
-58.715232,8,654.559322
3.842575,8,654.575476
-11.037746,8,654.587701
-7.793317,8,654.601192
-62.833638,8,654.612197
-87.508357,8,654.622218
-75.430867,8,654.630195
-37.200318,8,654.639202
-15.149554,8,654.647202
-64.831129,8,654.662805
-93.66444,8,654.685808
-55.867946,8,654.697802
-170.183819,8,654.961417
-142.305523,8,654.97311
-5.480208,8,654.983611
3.593884,8,654.996975
6.520182,8,655.012888
-57.246179,8,655.024331
-103.00735,8,655.036707
-2.040385,8,655.047007
-80.290737,8,655.054193
-10.30068,8,655.074269
-109.090309,8,655.07494
-122.577029,8,655.10076
-10.0758,8,655.111759
-85.951399,8,655.132143
-159.097125,8,655.144297
-7.18412,8,655.157795
3.663049,8,655.172111
8.568402,8,655.187802
-19.738983,8,655.206293
-118.653107,8,655.224219
-3.930728,8,655.241299
-86.068058,8,655.273268
-3.388546,8,655.305171
-49.979001,8,655.368128
-70.288919,8,655.389884
-1.897351,8,655.415429
-37.223086,8,655.442428
-100.919963,8,655.474441
-14.652471,8,655.502429
-85.38525,8,655.527428
-6.703064,8,655.550444
-23.98076,8,655.552741
-31.299378,8,655.931198
-95.380674,8,655.949852
-12.679052,8,655.966119
-175.721535,8,655.987861
-19.889445,8,656.016714
-18.874749,8,656.04477
-48.498482,8,656.05673
-6.095255,8,656.07083
2.487386,8,656.079835
-51.623022,8,656.09186
-108.815493,8,656.103564
3.947016,8,656.114588
-0.442534,8,656.125558
-33.690335,8,656.135586
-14.48279,8,656.151819
-45.923706,8,656.173856
-58.035906,8,656.189847
-90.209845,8,656.202559
-21.530692,8,656.215582
0.795295,8,656.22458
-97.94939,8,656.235557
0.705572,8,656.245555
-2.647456,8,656.256565
4.183103,8,656.27264
-23.763692,8,656.29071
-52.453079,8,656.305858
-66.70109,8,656.322146
-12.853185,8,656.338965
-95.405438,8,656.349977
-15.297707,8,656.363974
-4.12674,8,656.376963
-30.055439,8,656.397964
-18.727148,8,656.674751
-24.364312,8,656.690837
4.772428,8,656.705411
-3.101898,8,656.718405
11.307745,8,656.735877
-3.932997,8,656.748908
-27.086569,8,656.760874
5.163587,8,656.771276
-22.394313,8,656.782248
-105.805164,8,656.799257
-26.92203,8,656.808655
-35.252912,8,656.821082
1.096067,8,656.83365
-28.623436,8,656.851658
1.746285,8,656.864665
-1.74137,8,656.873682
-60.323427,8,656.882677
-32.002214,8,656.893393
-17.674925,8,656.902672
-24.791093,8,656.911896
-11.448328,8,656.920915
1.89903,8,656.929901
-14.109057,8,656.944921
-67.341841,8,656.957246
-65.293616,8,656.968136
-58.292177,8,656.97856
10.180775,8,656.989014
-26.310397,8,656.994407
1.930609,8,657.00749
-162.473003,8,657.01493
4.169722,8,657.023202
-79.177813,8,657.03208
-17.533418,8,657.320361
-284.612509,8,657.32237
-94.242519,8,657.345028
-123.222822,8,657.354333
1.534967,8,657.356342
-21.730651,8,657.376465
-56.20978,8,657.391461
-0.358723,8,657.400439
-18.283642,8,657.412389
-2.255231,8,657.423433
1.862996,8,657.431437
-42.807584,8,657.44169
-36.424129,8,657.452667
-61.39174,8,657.466672
3.747053,8,657.479313
-123.117541,8,657.502169
5.97464,8,657.518893
-131.825444,8,657.518893
-34.2699,8,657.535651
-52.131777,8,657.556688
-61.900815,8,657.564694
-52.478015,8,657.576698
-46.568208,8,657.588611
-138.929913,8,657.59961
-78.918117,8,657.610608
-4.997703,8,657.618404
-1.870932,8,657.641673
-18.358241,8,657.656351
4.485907,8,657.663349
-23.724447,8,657.673388
-29.781197,8,657.684336
-3.153905,8,657.705052
-34.968973,8,657.993346
-25.987714,8,658.004359
-45.141521,8,658.015347
-27.339599,8,658.030353
-48.555712,8,658.04337
-3.996971,8,658.055351
-6.540686,8,658.070784
-63.921631,8,658.078772
-12.618564,8,658.089341
-47.853205,8,658.105499
-4.904413,8,658.115504
-7.292435,8,658.125563
-11.794706,8,658.134023
-32.233177,8,658.144113
8.019323,8,658.153024
-88.520947,8,658.162611
-44.070736,8,658.172707
-93.92189,8,658.184687
-48.807864,8,658.1927
-99.310837,8,658.198703
7.48562,8,658.211062
0.086255,8,658.219828
-45.239501,8,658.219828
-20.21619,8,658.235889
1.159543,8,658.242664
5.161597,8,658.249652
-75.481361,8,658.252459
2.953998,8,658.252459
-108.024958,8,658.2695
-67.871179,8,658.276653
-5.141733,8,658.282644
-28.151844,8,658.293645
5.650808,8,658.518777
-86.286884,8,658.532775
-166.431248,8,658.547776
-31.382374,8,658.559775
-0.668568,8,658.570012
-1.802846,8,658.581005
4.03771,8,658.591009
-8.335622,8,658.600008
-64.323964,8,658.608579
-50.925317,8,658.619721
-7.048197,8,658.630621
-31.180632,8,658.641439
-3.425656,8,658.650439
-45.968517,8,658.664438
-100.69651,8,658.67544
-59.369192,8,658.682937
-134.425823,8,658.690938
-70.450703,8,658.696937
-4.07856,8,658.705936
-55.818135,8,658.712945
-123.374057,8,658.719606
-74.222489,8,658.719606
-7.999748,8,658.719606
-30.25227,8,658.736826
-182.767843,8,658.752692
7.799162,8,658.760693
-24.542343,8,658.772836
-18.859043,8,658.779822
-6.867694,8,658.78828
-82.942628,8,658.794304
-113.263744,8,658.801306
-20.511607,8,658.808304
-4.07253,8,659.011654
2.748161,8,659.019143
-24.487722,8,659.019143
-89.817033,8,659.019143
5.804184,8,659.042614
-4.924858,8,659.051333
-3.596092,8,659.063491
-16.985264,8,659.07679
-1.429045,8,659.084788
-13.149676,8,659.094787
-63.63581,8,659.103789
-16.269437,8,659.112791
1.811697,8,659.120792
-69.489271,8,659.128787
-22.570137,8,659.137789
-20.575323,8,659.144788
-13.792909,8,659.152789
-36.050545,8,659.16133
-50.999711,8,659.169743
-0.415056,8,659.186284
-147.418562,8,659.194179
-37.251586,8,659.200186
-25.254388,8,659.208522
-33.639798,8,659.214522
2.651096,8,659.223542
-81.760303,8,659.229991
-0.878571,8,659.236994
-74.298152,8,659.242985
-26.667544,8,659.249989
-1.834036,8,659.255984
-18.189625,8,659.261985
3.381146,8,659.273987
1.552758,8,659.734833
-70.187062,8,659.758858
5.469324,8,659.783364
-101.077468,8,659.7989
-106.855257,8,659.819893
0.363191,8,659.839064
-46.856459,8,659.858371
-121.159162,8,659.876372
2.161655,8,659.909374
-22.408667,8,659.92737
-188.040019,8,659.944237
-15.20849,8,659.974519
2.43641,8,660.013693
-153.915776,8,660.032694
-11.011886,8,660.052954
-68.729791,8,660.075172
-66.213644,8,660.101694
-4.036875,8,660.148873
-117.958728,8,660.175208
-96.443739,8,660.19981
-23.491562,8,660.227151
-1.808037,8,660.25312
-105.047966,8,660.286814
-88.839168,8,660.349331
-17.02867,8,660.391941
-62.940152,8,660.418394
-70.465254,8,660.445865
-8.475523,8,660.500732
-0.579133,8,660.531649
-43.13403,8,660.55932
-4.840785,8,660.581507
-36.393627,8,660.622673
-38.109707,8,660.965373
-47.704033,8,660.971127
-14.31704,8,660.98651
-121.50544,8,660.997077
-44.283984,8,661.009497
-56.513662,8,661.029278
-37.840421,8,661.040281
-99.744742,8,661.05083
-0.923958,8,661.067138
-13.482687,8,661.081348
-25.701018,8,661.093238
-20.635113,8,661.104175
7.872707,8,661.121551
-41.100183,8,661.130499
5.512553,8,661.143387
-74.055602,8,661.151835
-99.836509,8,661.159515
7.58256,8,661.179318
-60.708785,8,661.191558
-45.055123,8,661.198556
-102.855076,8,661.207947
-24.005456,8,661.214467
-5.01422,8,661.223521
-12.288172,8,661.229546
-48.107887,8,661.240235
3.039761,8,661.247241
7.634055,8,661.251697
-52.365997,8,661.259519
1.932094,8,661.271606
2.368123,8,661.277604
-2.712017,8,661.290246
-18.734561,8,661.302026
-61.401838,8,661.528026
6.189665,8,661.540467
-19.796804,8,661.550017
4.875728,8,661.559595
-31.771612,8,661.56925
-67.218951,8,661.578353
-74.335447,8,661.587339
-73.642382,8,661.595481
-5.499377,8,661.604958
-57.851251,8,661.612666
-53.675571,8,661.625716
-28.765903,8,661.640696
-196.249744,8,661.647701
-220.246736,8,661.659222
-59.056417,8,661.669502
-49.938286,8,661.677612
-63.793262,8,661.685683
-10.550388,8,661.694736
-11.492958,8,661.704913
-44.77267,8,661.712632
-56.025067,8,661.719485
-122.258699,8,661.719485
-39.35171,8,661.736365
0.666394,8,661.747853
-81.840372,8,661.751758
-78.64762,8,661.764705
-54.780431,8,661.772844
11.591816,8,661.77945
2.127141,8,661.784905
-1.026949,8,661.79372
-75.882278,8,661.799248
-1.389811,8,661.806905
-8.456307,8,662.003924
7.289186,8,662.012445
2.341299,8,662.021451
4.316085,8,662.038445
-95.865225,8,662.049468
-97.341699,8,662.061386
-1.042148,8,662.071514
-158.846808,8,662.079512
-73.784789,8,662.08778
-17.448742,8,662.096555
-11.346285,8,662.110415
-91.50451,8,662.119933
-120.528902,8,662.129167
-55.772577,8,662.140757
-24.871269,8,662.1493
0.341562,8,662.1542
-0.089371,8,662.173213
-40.453451,8,662.182029
-16.145595,8,662.191758
-208.073953,8,662.199458
-61.634152,8,662.209431
-81.874797,8,662.215151
-102.19636,8,662.219615
-93.48252,8,662.235593
-3.124344,8,662.243147
-38.747871,8,662.249739
-42.689689,8,662.251773
-13.529092,8,662.25957
4.651606,8,662.276309
8.195972,8,662.283018
-179.259881,8,662.289433
-18.670616,8,662.294742
5.063805,8,662.59814
-60.729819,8,662.611977
-110.720217,8,662.623324
-45.679905,8,662.635866
-46.070147,8,662.647976
-139.714169,8,662.660135
-14.847276,8,662.673358
-1.807043,8,662.691271
-11.661344,8,662.711302
-3.490045,8,662.732208
2.081056,8,662.751916
-58.8457,8,662.765261
-18.848535,8,662.777189
5.851425,8,662.785529
-66.329742,8,662.794347
-7.864756,8,662.802197
-16.556335,8,662.809146
-61.960749,8,662.821333
-36.584546,8,662.829332
-94.093929,8,662.840326
-59.179065,8,662.849571
10.871034,8,662.859545
-105.852405,8,662.874171
-64.155499,8,662.87922
-21.342324,8,662.894518
-6.20083,8,662.91463
7.102227,8,662.929219
-140.87356,8,662.948189
-78.511126,8,662.96361
-18.382006,8,662.981106
-63.170585,8,662.997971
-82.255373,8,663.015408
0.573509,8,663.311534
-24.753651,8,663.323336
-19.699421,8,663.341866
-122.255214,8,663.3538
-20.211545,8,663.365298
-36.74023,8,663.377747
5.317034,8,663.391802
7.953403,8,663.405626
-1.162385,8,663.415586
1.775903,8,663.424661
7.558371,8,663.435895
-87.3702,8,663.445155
-0.077496,8,663.454713
-0.892618,8,663.459097
3.536619,8,663.477936
-81.836544,8,663.487851
2.831446,8,663.502673
-109.152816,8,663.511217
-66.251933,8,663.520731
-11.795097,8,663.522743
-22.447467,8,663.536931
-72.350307,8,663.544256
-1.692971,8,663.551479
-39.342551,8,663.559256
-8.476264,8,663.564471
-61.945237,8,663.574744
2.1754,8,663.58145
-128.027192,8,663.592808
-77.007931,8,663.606024
-85.435444,8,663.612757
-14.723105,8,663.622759
-36.399092,8,663.6294
-6.227671,8,663.820921
-39.558838,8,663.826941
-9.840139,8,663.837331
-95.820255,8,663.846368
5.163332,8,663.859841
-38.621253,8,663.866341
4.948175,8,663.876174
5.507292,8,663.889569
-57.443174,8,663.899357
-35.359304,8,663.909179
5.910436,8,663.917784
-16.793679,8,663.924873
-7.103446,8,663.935769
-20.767098,8,663.942332
-95.65729,8,663.954567
-58.096788,8,663.96357
2.396928,8,663.974865
-5.880318,8,663.986942
-34.743669,8,663.992011
3.083204,8,664.006672
-99.106372,8,664.022135
-20.646241,8,664.031848
-2.658689,8,664.040662
-82.350235,8,664.049309
-106.546186,8,664.056699
-25.222687,8,664.059486
-14.332327,8,664.079168
-77.685606,8,664.087063
-11.311953,8,664.09234
-52.730482,8,664.102287
-34.55169,8,664.110372
-24.695036,8,664.117463
1.822565,8,664.329488
-70.210696,8,664.339547
-90.150238,8,664.347668
-40.546285,8,664.357233
-84.70591,8,664.36203
-98.930751,8,664.374511
-62.782012,8,664.383965
-3.975894,8,664.391893
-6.815603,8,664.405502
-116.151354,8,664.414699
2.617631,8,664.423233
-6.300423,8,664.431402
-23.531058,8,664.44043
-36.999101,8,664.454677
-22.661429,8,664.465798
-92.846959,8,664.47487
0.232152,8,664.483592
-108.247832,8,664.491955
-57.105443,8,664.502534
-21.480095,8,664.515292
-21.468563,8,664.52335
-66.461834,8,664.532017
-18.04592,8,664.538016
-19.346679,8,664.545593
-14.208437,8,664.552713
-134.162364,8,664.564584
-0.515395,8,664.574114
-22.471516,8,664.580687
-70.789588,8,664.590547
-5.873364,8,664.591576
-24.270599,8,664.605652
-54.558262,8,664.611589
-94.431848,8,664.815336
2.962171,8,664.825812
-91.318409,8,664.836285
-3.679419,8,664.844476
2.885976,8,664.854248
-4.937912,8,664.864547
-18.35461,8,664.879763
-2.712348,8,664.891555
-195.177629,8,664.899326
-146.381071,8,664.90944
-50.362671,8,664.917452
-1.317751,8,664.925947
-65.502506,8,664.93494
-0.248404,8,664.944655
-42.52609,8,664.959332
-39.187051,8,664.971517
-33.399218,8,664.980022
1.349218,8,664.989311
-118.019284,8,665.003267
-8.797724,8,665.011843
4.553382,8,665.019495
-5.592116,8,665.023798
1.20282,8,665.029291
0.741688,8,665.042884
-141.457726,8,665.048445
1.668687,8,665.052279
-109.07508,8,665.059439
3.033274,8,665.076688
-14.918981,8,665.082403
-156.09851,8,665.09164
-138.954717,8,665.09164
3.819877,8,665.112418
-16.104693,8,665.316491
4.228988,8,665.325892
-7.123969,8,665.329417
-0.401993,8,665.341999
-42.703452,8,665.350349
-8.29298,8,665.359279
-75.487228,8,665.36536
-39.255141,8,665.374545
3.292232,8,665.382062
6.160027,8,665.39137
-59.40916,8,665.39137
-34.015576,8,665.412871
-5.42945,8,665.421522
-94.805717,8,665.43389
-15.87052,8,665.446796
-4.79961,8,665.457856
-41.921762,8,665.465404
6.738659,8,665.476575
-37.515027,8,665.487013
-71.288924,8,665.495691
-115.886586,8,665.505944
-9.41873,8,665.517512
-59.465883,8,665.529247
-44.792693,8,665.542802
-119.33215,8,665.559533
-15.054616,8,665.573187
-3.230283,8,665.579691
-144.923412,8,665.589175
-149.776352,8,665.597189
-49.287981,8,665.607115
-35.184521,8,665.614635
4.583412,8,665.619486
-51.832693,8,665.863166
2.018096,8,665.873597
-9.552831,8,665.882119
-37.956569,8,665.896358
5.055583,8,665.910516
-17.019816,8,665.917546
-3.517845,8,665.926001
3.70225,8,665.937258
-0.883764,8,665.944784
-35.600271,8,665.951862
0.321152,8,665.959468
-101.725196,8,665.97117
-44.85295,8,665.979682
-15.373731,8,665.989497
-163.974673,8,665.997556
6.189678,8,666.011511
-35.124247,8,666.019716
-23.468958,8,666.031471
-155.030618,8,666.043769
-33.675438,8,666.053831
-111.430184,8,666.063729
-1.749713,8,666.075236
-0.995556,8,666.083236
-36.923959,8,666.099319
3.728845,8,666.113843
8.920339,8,666.122669
-37.749054,8,666.130221
-147.789434,8,666.138284
-0.022101,8,666.145823
1.685263,8,666.159461
-90.217557,8,666.167222
-177.783882,8,666.169449
-44.626152,8,666.40803
8.490613,8,666.42135
-69.883966,8,666.436352
-78.68923,8,666.447384
2.028893,8,666.456907
-10.462903,8,666.465455
-16.449002,8,666.472107
-24.3099,8,666.487982
1.014228,8,666.497497
-19.867102,8,666.510697
3.802533,8,666.527669
-23.15916,8,666.543948
-64.08018,8,666.553904
-120.69403,8,666.563577
-67.613945,8,666.575189
-79.306537,8,666.583713
-9.02144,8,666.593351
4.654696,8,666.601767
-70.586857,8,666.610545
-17.824669,8,666.61909
-1.434775,8,666.627101
-95.41008,8,666.636629
-10.069801,8,666.654287
-61.133205,8,666.660833
-47.177812,8,666.669334
-23.235731,8,666.676373
-5.339318,8,666.685493
-16.154991,8,666.694345
-26.581016,8,666.703981
-68.033679,8,666.710672
-80.559058,8,666.716797
-22.140321,8,666.725551
-130.113076,8,666.961485
0.173588,8,666.977199
-56.986054,8,666.989195
-18.622097,8,667.008172
-23.28658,8,667.016681
-32.55576,8,667.027139
-6.04091,8,667.037395
-5.477526,8,667.04653
-118.330511,8,667.056404
6.671383,8,667.065454
0.551891,8,667.075223
-8.694942,8,667.089059
-89.641836,8,667.097128
-25.292075,8,667.109441
-11.3943,8,667.118453
-12.95956,8,667.131285
-240.032833,8,667.144817
4.073144,8,667.154659
-7.387914,8,667.159185
-186.715493,8,667.170269
-99.121337,8,667.178289
-48.928768,8,667.185709
-5.977564,8,667.18951
-46.949835,8,667.199151
-0.497235,8,667.20821
-1.142905,8,667.214728
-8.221153,8,667.219081
-29.219478,8,667.229487
-41.46421,8,667.244548
6.904226,8,667.252028
-23.284736,8,667.259194
-105.567769,8,667.269384
-0.342018,8,667.470339
-45.899379,8,667.479449
-2.279402,8,667.488048
0.83567,8,667.492074
-34.645447,8,667.507404
-29.868894,8,667.516342
-72.152798,8,667.525304
-14.6516,8,667.535408
1.974356,8,667.549619
-27.925539,8,667.559617
-17.094567,8,667.572939
-67.983003,8,667.582841
-57.731312,8,667.591725
-8.055818,8,667.603607
-28.802791,8,667.611536
-55.904047,8,667.619301
-24.780555,8,667.624308
-16.639252,8,667.634937
-15.131438,8,667.643885
-26.445831,8,667.649904
5.429607,8,667.659513
-12.118664,8,667.67241
-23.125723,8,667.679382
-39.200429,8,667.689557
-17.142525,8,667.69698
-96.023492,8,667.704528
-87.632081,8,667.711476
-23.615647,8,667.718455
4.200689,8,667.728372
-35.763901,8,667.73578
-43.151226,8,667.742711
-54.324849,8,667.749275
-95.541654,8,667.999362
-244.33871,8,668.029203
1.941549,8,668.053653
-9.38296,8,668.070334
-94.553219,8,668.084858
-102.016137,8,668.096206
-13.536111,8,668.106662
-7.966775,8,668.116652
-2.208857,8,668.128277
-93.576637,8,668.138026
-58.10335,8,668.148497
-7.575928,8,668.165138
5.329798,8,668.175893
4.985419,8,668.184924
-6.660119,8,668.206747
-154.393362,8,668.221412
-9.553906,8,668.235969
-21.360806,8,668.247452
-11.615902,8,668.259153
-0.220753,8,668.281422
6.160187,8,668.291891
-1.399508,8,668.299172
-92.71975,8,668.313356
-26.574697,8,668.324789
-8.106533,8,668.340508
-1.324624,8,668.351632
-9.659149,8,668.368385
-106.765491,8,668.380393
-80.084423,8,668.391478
-28.423258,8,668.407981
-6.784053,8,668.420361
3.44347,8,668.43136
-113.346431,8,668.661594
-36.778524,8,668.670402
-1.828119,8,668.679303
5.236633,8,668.688012
12.969213,8,668.695405
-25.239547,8,668.705702
-56.81982,8,668.713089
-43.387423,8,668.724943
-5.742277,8,668.729559
-104.295508,8,668.746516
-34.231499,8,668.755763
-136.200803,8,668.765262
-56.53371,8,668.775794
-34.179632,8,668.784317
-76.90575,8,668.791944
5.649928,8,668.799456
-26.350555,8,668.810158
-14.759028,8,668.816161
-41.308088,8,668.825034
-115.29662,8,668.83997
-73.96548,8,668.852332
2.909644,8,668.863861
-0.44171,8,668.872843
-78.737907,8,668.879307
5.683692,8,668.887277
-35.814508,8,668.892103
-141.451771,8,668.902726
-16.501907,8,668.910187
-6.714347,8,668.916193
6.965507,8,668.926647
8.915855,8,668.935264
-50.633589,8,668.947335
-7.015501,8,669.263076
-22.989168,8,669.275836
-33.038917,8,669.286103
-88.045302,8,669.292009
-21.459934,8,669.305672
4.554729,8,669.31562
-2.194997,8,669.32922
-69.109887,8,669.340493
0.839567,8,669.349389
4.707185,8,669.359079
-20.465378,8,669.36454
-0.175248,8,669.377741
3.520313,8,669.391095
6.781459,8,669.40218
-1.009079,8,669.411572
-88.582798,8,669.420259
-2.05151,8,669.429302
2.89076,8,669.440618
-95.064098,8,669.448107
-37.120688,8,669.456865
-58.319021,8,669.464377
-0.523452,8,669.47547
-16.721053,8,669.482157
-21.501337,8,669.489178
-18.920369,8,669.492233
-38.031976,8,669.508272
-66.423809,8,669.514503
-19.659376,8,669.521182
11.693946,8,669.528416
-1.315812,8,669.536064
-1.662633,8,669.543205
-21.312593,8,669.549515
-36.549336,8,669.737703
6.367264,8,669.746345
6.535087,8,669.754824
-20.926682,8,669.759605
-16.877328,8,669.77159
-1.303915,8,669.788005
-17.447702,8,669.796445
-38.086238,8,669.806723
2.894517,8,669.816135
-164.722331,8,669.824989
-24.413047,8,669.836589
-59.271338,8,669.845466
-54.891662,8,669.856143
-16.662408,8,669.859647
-87.422676,8,669.875882
5.161265,8,669.887001
0.946579,8,669.891844
-30.074955,8,669.912618
-44.947159,8,669.924471
-36.438678,8,669.941304
-5.86289,8,669.952654
-4.932766,8,669.959484
-16.054137,8,669.973353
-118.798762,8,669.980276
-75.993804,8,669.98803
-7.687619,8,669.991876
-78.172427,8,670.004752
-3.280352,8,670.011725
-17.450955,8,670.022456
-1.530142,8,670.029468
-5.431813,8,670.041983
-24.315805,8,670.048228
5.766241,8,670.27581
-5.045836,8,670.286031
-26.989222,8,670.296998
-52.223073,8,670.310512
-16.464389,8,670.321462
-1.84069,8,670.329437
-33.692508,8,670.340573
-26.857228,8,670.349516
-65.888965,8,670.361119
-8.289725,8,670.374876
-56.007254,8,670.384439
-13.374207,8,670.399425
-82.757726,8,670.412051
-69.632059,8,670.426642
-2.770324,8,670.438127
3.758746,8,670.448584
-41.625348,8,670.462568
-4.419143,8,670.474883
-3.408313,8,670.479302
-0.708118,8,670.49197
-66.373345,8,670.50812
6.022072,8,670.520713
-37.624472,8,670.534728
-70.343696,8,670.549431
2.163929,8,670.559257
-51.034583,8,670.564499
-31.206147,8,670.58085
-67.695206,8,670.590871
2.514961,8,670.60794
-12.317301,8,670.615475
-41.562264,8,670.624968
-88.297693,8,670.641678
-45.381914,8,670.91267
0.66832,8,670.922395
-123.339125,8,670.929337
-215.156777,8,670.940607
-28.474951,8,670.960472
-42.498315,8,670.971908
-128.352944,8,670.984434
-36.660136,8,670.997518
-153.732268,8,671.012414
-21.869271,8,671.024825
4.978514,8,671.036078
-66.522569,8,671.046041
-31.629472,8,671.057486
-143.428505,8,671.0681
-110.210975,8,671.083325
-3.330304,8,671.091887
-63.180858,8,671.10675
-65.803411,8,671.11477
-1.617588,8,671.122453
-49.027049,8,671.129352
-108.77883,8,671.138015
-20.153528,8,671.144947
-59.657005,8,671.152038
-130.116881,8,671.159316
6.304722,8,671.160323
4.252337,8,671.174142
-0.709608,8,671.181283
-148.725437,8,671.191918
-16.666322,8,671.199635
-76.953997,8,671.212664
-20.891497,8,671.219171
-11.895731,8,671.224219
-3.258605,8,671.445663
-135.683683,8,671.455838
-14.819102,8,671.463263
-101.124184,8,671.47241
-35.904704,8,671.481351
1.669632,8,671.489822
1.381731,8,671.499921
-25.284007,8,671.509311
-70.709353,8,671.518318
8.19169,8,671.52932
-30.990592,8,671.54556
-20.084077,8,671.556709
-51.4024,8,671.559118
-31.444776,8,671.579441
-80.009479,8,671.591572
4.538819,8,671.603712
5.906862,8,671.614622
-22.003447,8,671.624546
-13.52623,8,671.636043
-1.704577,8,671.647433
-21.89816,8,671.659574
-158.17339,8,671.674704
-75.380329,8,671.692685
5.374631,8,671.703715
-70.331178,8,671.711143
-6.872827,8,671.718188
-23.159938,8,671.725223
-80.243034,8,671.72949
-87.591388,8,671.740862
-196.160718,8,671.746955
-65.723718,8,671.754854
4.358194,8,671.759721
-59.444261,8,671.978283
-61.529916,8,671.991967
-20.265808,8,672.011157
7.129209,8,672.022671
-17.639519,8,672.029527
-53.28861,8,672.04799
-24.13217,8,672.059042
-71.545632,8,672.072411
-4.561498,8,672.079338
-73.435671,8,672.099172
-109.830902,8,672.12036
-19.729651,8,672.129287
-65.003709,8,672.144163
-104.168598,8,672.15682
-0.303363,8,672.165205
-5.37696,8,672.188407
-70.065994,8,672.196347
-178.782097,8,672.204896
-5.705753,8,672.212327
-91.584943,8,672.22286
-24.314735,8,672.229524
0.693751,8,672.239115
-44.722689,8,672.246109
-38.885977,8,672.25284
-6.529169,8,672.259332
-84.636641,8,672.268484
-16.176305,8,672.277196
-5.236716,8,672.28927
-120.015208,8,672.2965
-10.051703,8,672.307123
-50.381261,8,672.314256
-108.227094,8,672.322168
-14.251097,8,672.516542
-9.545939,8,672.525851
-17.399987,8,672.535092
-6.235676,8,672.544001
-27.61495,8,672.55198
-30.715738,8,672.563856
0.075924,8,672.574208
-44.433949,8,672.582716
5.846797,8,672.59147
-46.578782,8,672.604568
-16.000469,8,672.609371
3.616503,8,672.629095
7.048751,8,672.640777
-5.826009,8,672.653899
-74.831466,8,672.663509
-15.928321,8,672.679408
-19.756177,8,672.689286
5.300249,8,672.700365
-46.71634,8,672.715316
-3.090008,8,672.730342
-24.939349,8,672.752825
2.47586,8,672.855936
-53.803444,8,672.870976
-52.396892,8,672.911338
7.501193,8,672.929243
-96.721125,8,672.949325
-7.552719,8,672.965744
-58.666983,8,672.979281
9.121764,8,673.002735
2.000987,8,673.019189
-39.276615,8,673.039344
-41.390971,8,673.059179
-9.677305,8,673.384539
-48.312698,8,673.414207
-73.78813,8,673.429035
-29.468089,8,673.445021
2.228402,8,673.456811
5.556392,8,673.470215
-67.243339,8,673.485552
-2.579722,8,673.49839
-10.542798,8,673.511715
-8.322876,8,673.529431
-42.073477,8,673.542057
4.167498,8,673.553485
-52.7425,8,673.562611
-38.92239,8,673.584507
-48.626055,8,673.599346
-53.052476,8,673.612617
-8.490818,8,673.625945
7.044587,8,673.64191
-1.25941,8,673.65209
-25.871402,8,673.663375
-4.188469,8,673.677493
-7.528698,8,673.689106
-16.655053,8,673.699311
-6.351881,8,673.712741
-43.439837,8,673.726763
-110.518985,8,673.737613
-41.077814,8,673.755484
-21.786602,8,673.765678
-16.446699,8,673.777469
-118.999753,8,673.785338
1.499084,8,673.789105
-25.594618,8,673.804178
-5.014986,8,674.056046
4.648043,8,674.069302
-126.01902,8,674.080825
-49.347152,8,674.095545
-4.033573,8,674.112519
-59.804093,8,674.127047
-107.283534,8,674.144913
-70.651233,8,674.158075
-12.96831,8,674.170276
-59.697248,8,674.182499
-162.528131,8,674.193869
-96.200293,8,674.20699
-204.554006,8,674.216512
-86.325516,8,674.234087
-1.86798,8,674.246959
2.696888,8,674.259004
-80.344367,8,674.274282
-50.925964,8,674.285149
-26.397464,8,674.289418
-13.00582,8,674.317419
-32.07722,8,674.329022
-36.682603,8,674.344937
-56.847542,8,674.356565
-117.658351,8,674.362296
-14.268943,8,674.378364
6.402281,8,674.385268
-4.786338,8,674.389459
-164.75705,8,674.402883
-138.739725,8,674.410741
-103.516096,8,674.41845
-53.798192,8,674.419757
-147.007596,8,674.442081
2.495637,8,674.659181
-193.666222,8,674.671264
-28.591819,8,674.679967
-7.897764,8,674.689154
-110.068321,8,674.703711
-27.298149,8,674.712407
-14.139719,8,674.72125
-83.842624,8,674.732663
-1.915023,8,674.74353
-28.775219,8,674.75433
-42.211352,8,674.765836
-3.771933,8,674.777675
-86.776259,8,674.789057
1.597597,8,674.809542
-3.639908,8,674.821374
-14.227323,8,674.8311
1.142724,8,674.841938
-21.210712,8,674.851942
-76.835449,8,674.859262
-29.346925,8,674.869288
-20.170439,8,674.877402
-42.071187,8,674.885387
-99.107534,8,674.891519
-9.27778,8,674.899263
7.976558,8,674.913926
-59.164769,8,674.919287
-17.604358,8,674.929261
-28.513636,8,674.944543
2.553584,8,674.954143
-52.119929,8,674.959485
-30.511969,8,674.973494
-16.96007,8,674.982628
1.866212,8,675.189328
-2.299722,8,675.197382
2.437267,8,675.208086
-127.195998,8,675.215603
-30.035176,8,675.225582
-79.377264,8,675.244114
-18.350023,8,675.251938
2.126206,8,675.25909
6.215915,8,675.276846
-98.385815,8,675.285398
1.828097,8,675.294488
6.593317,8,675.303055
-95.134939,8,675.312932
-82.288924,8,675.324444
-17.430651,8,675.33397
2.185345,8,675.343018
-41.604923,8,675.351877
-54.962082,8,675.367213
-67.353257,8,675.37738
5.75779,8,675.385434
-20.114876,8,675.394381
-111.10742,8,675.405107
-153.677114,8,675.411638
-98.789432,8,675.419243
-2.867351,8,675.424556
2.364146,8,675.429123
-17.498593,8,675.44113
-9.547923,8,675.447129
-9.01996,8,675.456412
1.033407,8,675.469426
-52.83711,8,675.487386
-18.25092,8,675.494457
-2.951232,8,675.723159
-60.800207,8,675.740004
-35.730051,8,675.748019
2.883975,8,675.759868
-121.917464,8,675.771945
-12.676859,8,675.781453
-22.762383,8,675.792435
-140.764887,8,675.804842
-81.62964,8,675.815361
-14.580276,8,675.824935
1.173425,8,675.843818
-19.319673,8,675.859145
-4.789796,8,675.871747
-74.699534,8,675.88125
-7.136294,8,675.891464
-144.633946,8,675.899478
-21.210624,8,675.910581
3.658629,8,675.919224
-14.761663,8,675.919224
5.992092,8,675.936371
-121.191311,8,675.942937
-1.127792,8,675.951813
-61.746234,8,675.959151
-43.844797,8,675.976531
-119.047321,8,675.983084
-7.53872,8,675.989274
3.195082,8,675.994215
-184.331308,8,676.007326
9.651525,8,676.019241
-98.66024,8,676.026546
-20.086207,8,676.033079
-11.617315,8,676.042071
-3.109529,8,676.266775
-53.749343,8,676.27695
-131.501038,8,676.288763
-85.335565,8,676.305796
-43.457009,8,676.322972
-18.343,8,676.331553
-21.698721,8,676.344256
-58.017339,8,676.353911
-16.268252,8,676.36342
-85.234909,8,676.372389
5.294077,8,676.381892
-77.266434,8,676.391416
-102.027887,8,676.402181
-109.765804,8,676.412705
-0.951444,8,676.424708
-86.642013,8,676.436538
6.979311,8,676.45005
-9.709057,8,676.461181
-74.935438,8,676.469414
-34.001547,8,676.477442
0.281028,8,676.483979
-3.92572,8,676.493016
-20.929984,8,676.49952
-40.65214,8,676.508095
-27.632653,8,676.515616
-142.165728,8,676.526878
-10.936992,8,676.540122
-89.50651,8,676.546126
-43.921946,8,676.558486
-27.064688,8,676.565042
1.168165,8,676.574288
-18.82504,8,676.581815
-5.351747,8,676.783236
-3.621774,8,676.789325
-11.996905,8,676.799289
-6.403266,8,676.808305
-139.361019,8,676.816005
-130.400491,8,676.825572
-15.072813,8,676.833223
-38.416504,8,676.841785
-16.022931,8,676.851094
-71.405378,8,676.872584
-49.401412,8,676.891907
-32.11794,8,676.909573
-8.236893,8,676.927642
-84.401393,8,676.947142
1.24318,8,676.961134
-122.705966,8,676.97931
-2.162622,8,676.989385
-61.463723,8,677.0111
-121.327171,8,677.019323
-25.539992,8,677.029521
-18.560497,8,677.043656
4.309929,8,677.059619
-1.011655,8,677.079277
-125.938001,8,677.089136
2.241345,8,677.101099
-17.705656,8,677.1143
-52.486535,8,677.131464
5.935321,8,677.143015
-2.228011,8,677.151098
-96.898209,8,677.163666
5.781408,8,677.175025
-27.040886,8,677.180545
-35.359456,8,677.423911
-0.802176,8,677.43156
-135.296993,8,677.448018
-64.527142,8,677.465905
1.936389,8,677.476566
-81.217261,8,677.488447
-48.465183,8,677.497782
-16.065778,8,677.511016
-39.41246,8,677.519282
4.821874,8,677.534548
-3.637655,8,677.545018
5.354831,8,677.554513
3.597444,8,677.565239
-19.571852,8,677.578377
5.327571,8,677.589545
-6.752501,8,677.601822
2.742939,8,677.612712
-71.721932,8,677.622066
1.431836,8,677.629612
-20.244581,8,677.637396
-2.69389,8,677.646029
-13.516113,8,677.652253
2.792961,8,677.66156
-55.089191,8,677.669294
0.727527,8,677.677309
7.992761,8,677.685981
-21.762101,8,677.689484
-54.18232,8,677.709322
-7.56225,8,677.715328
-20.219041,8,677.724294
-105.375701,8,677.730633
-8.304728,8,677.737683
-45.973883,8,677.929501
1.867523,8,677.945534
3.62724,8,677.959131
-40.825906,8,677.975391
0.13922,8,677.985444
-77.915548,8,677.989275
-3.043643,8,678.011446
-39.092177,8,678.029427
-37.727758,8,678.047333
-1.502905,8,678.055446
-98.775104,8,678.064387
-58.150195,8,678.078441
-97.546928,8,678.089289
-20.618274,8,678.090306
-34.742683,8,678.10723
1.538618,8,678.119325
-8.472059,8,678.134232
-93.54431,8,678.148124
-5.077362,8,678.164207
3.151792,8,678.177573
-1.437431,8,678.195773
0.886339,8,678.208554
-49.684361,8,678.21624
-21.950665,8,678.231113
-6.039844,8,678.244401
3.889579,8,678.25219
5.243367,8,678.275531
-21.212741,8,678.289277
-23.715056,8,678.30307
-126.068513,8,678.311975
-62.186733,8,678.319598
-2.92859,8,678.329448
-77.794285,8,678.561258
-30.985348,8,678.57139
4.553082,8,678.580908
-126.042642,8,678.591631
-114.968113,8,678.599163
-56.946147,8,678.611665
2.572051,8,678.619329
-180.897373,8,678.619329
-194.166407,8,678.636468
1.049222,8,678.645048
-118.516934,8,678.652065
-78.848211,8,678.659467
-24.074456,8,678.671272
-0.422366,8,678.683792
-5.650987,8,678.68949
-30.107245,8,678.701828
-15.775433,8,678.710682
-7.191325,8,678.724017
-75.763122,8,678.733402
-6.265838,8,678.744128
5.412157,8,678.7525
4.664837,8,678.759174
-3.666123,8,678.767333
-10.987589,8,678.775452
-28.174018,8,678.781997
1.051526,8,678.794951
3.944316,8,678.801502
-23.634912,8,678.81279
-100.328981,8,678.820584
-23.536116,8,678.829493
-150.892863,8,678.842266
-107.266012,8,678.848265
-6.280016,8,679.037617
-40.517164,8,679.045312
-20.949267,8,679.054417
-216.168058,8,679.059366
-72.360061,8,679.074347
-14.451971,8,679.080865
-32.66929,8,679.089403
-31.509667,8,679.100653
1.338803,8,679.111024
-6.608865,8,679.119029
1.977815,8,679.119855
-150.610715,8,679.135506
-2.180456,8,679.143312
1.061805,8,679.151715
6.945797,8,679.15926
-1.345534,8,679.169347
-6.541711,8,679.178358
-10.704984,8,679.191299
-26.409641,8,679.202251
-50.236276,8,679.211825
-35.261478,8,679.219557
6.937607,8,679.227243
4.880501,8,679.23646
-39.353143,8,679.242952
-0.193857,8,679.250462
-33.053681,8,679.259214
-21.50611,8,679.265381
-5.381223,8,679.273376
-108.594996,8,679.279881
-9.367983,8,679.289191
-53.748242,8,679.295718
-6.8594,8,679.310439
-87.832782,8,679.509627
-27.599813,8,679.51838
-40.979821,8,679.531361
-58.947881,8,679.539518
-17.750275,8,679.545642
-50.697004,8,679.552552
-47.086891,8,679.561512
-21.46273,8,679.570394
2.376988,8,679.578389
-7.635921,8,679.585284
2.253235,8,679.595833
-71.395926,8,679.609627
-16.505616,8,679.61664
-73.303777,8,679.627874
-17.679164,8,679.640987
-131.832459,8,679.64799
-30.950972,8,679.657198
-62.396523,8,679.663338
-80.321737,8,679.671415
-43.880755,8,679.679418
-119.55712,8,679.685377
-65.023243,8,679.693288
-19.846446,8,679.699321
-32.979965,8,679.707118
-60.833943,8,679.719403
-120.214436,8,679.719403
-15.643459,8,679.734278
-40.761235,8,679.741032
-137.636714,8,679.748051
-97.636967,8,679.753757
-46.610129,8,679.764514
5.083752,8,679.772873
-57.211991,8,679.949974
-81.428814,8,679.959216
-59.248835,8,679.967568
2.664404,8,679.975934
-21.379691,8,679.989538
-47.440707,8,679.999248
-4.206913,8,680.008307
-8.825687,8,680.016002
-96.025386,8,680.02334
-30.885935,8,680.029347
-3.754181,8,680.038584
5.277517,8,680.044189
-17.101146,8,680.051802
-62.915614,8,680.059558
-55.235266,8,680.067738
8.406149,8,680.077265
-1.863255,8,680.085638
3.665343,8,680.091364
-51.410311,8,680.108291
-45.078365,8,680.11671
-27.884571,8,680.121409
-14.927069,8,680.135175
-19.155689,8,680.144253
-15.898662,8,680.151817
-2.462777,8,680.159361
-73.42259,8,680.164468
-50.811672,8,680.174582
-65.323444,8,680.180197
-71.074967,8,680.1855
-111.468082,8,680.189242
-6.302306,8,680.207296
-81.309419,8,680.212991
-5.232441,8,680.409584
-82.881767,8,680.418423
-117.391199,8,680.423339
-102.773567,8,680.436586
-69.093107,8,680.445095
-34.491393,8,680.459513
-70.31834,8,680.472426
-14.413259,8,680.481529
-137.292319,8,680.491319
-55.264578,8,680.499826
-94.687932,8,680.514541
-27.186251,8,680.526786
-2.866574,8,680.534305
-12.354208,8,680.544968
-28.202891,8,680.553794
-15.605799,8,680.562344
-24.177172,8,680.575456
-154.052637,8,680.585444
4.430165,8,680.58946
-99.863356,8,680.602819
-63.985058,8,680.619728
-3.356057,8,680.635592
-106.043122,8,680.651412
-55.940061,8,680.661469
-55.57684,8,680.679482
-21.794383,8,680.694463
-1.168149,8,680.710768
-26.821614,8,680.719294
3.241109,8,680.737416
5.049457,8,680.750336
7.380305,8,680.759374
-1.213836,8,680.766986
-4.718137,8,680.984977
-104.228395,8,680.993408
-57.472777,8,681.003205
-9.684189,8,681.019353
-131.266212,8,681.031181
-1.131514,8,681.041032
-10.948888,8,681.049537
-36.058772,8,681.061227
-20.705995,8,681.070464
-14.144075,8,681.079976
10.790946,8,681.089524
-49.067765,8,681.097613
-29.512479,8,681.109252
-52.770728,8,681.117768
-117.378874,8,681.12764
-150.886598,8,681.143406
-135.413067,8,681.151887
-2.37355,8,681.15933
-93.298504,8,681.173449
-20.076868,8,681.182976
-113.452676,8,681.189189
4.441151,8,681.19429
-18.944962,8,681.20434
-4.702481,8,681.210883
-64.014027,8,681.217899
-25.359392,8,681.219271
-69.281417,8,681.229445
-2.860482,8,681.240031
3.556254,8,681.249947
-14.46541,8,681.259504
9.090295,8,681.264682
4.404287,8,681.275488
-4.840867,8,681.466486
-56.577293,8,681.475406
-42.499289,8,681.485271
-116.505627,8,681.495535
2.995239,8,681.505198
5.019226,8,681.513755
-61.997397,8,681.521428
-33.786615,8,681.529485
-65.628769,8,681.54616
10.828455,8,681.593513
3.371614,8,681.606179
-19.010658,8,681.613699
2.496447,8,681.619491
-31.009318,8,681.631225
-57.53208,8,681.641041
-48.442964,8,681.649553
-2.084601,8,681.657838
-50.480901,8,681.664558
-14.159325,8,681.673811
-52.440917,8,681.679431
-13.454653,8,681.689372
-1.891405,8,681.700936
2.619742,8,681.709457
-70.807622,8,681.715484
-15.097836,8,681.725981
-44.36135,8,681.732542
5.746334,8,681.740409
-14.037767,8,681.746406
4.269696,8,681.752146
-29.440813,8,681.759276
2.964722,8,681.759276
-27.458882,8,681.773685
6.916744,8,681.959382
-25.260344,8,681.973843
-38.755753,8,681.982405
-56.777598,8,681.989186
4.843515,8,681.999124
-20.376989,8,682.007147
2.166315,8,682.015721
-21.34559,8,682.019299
-7.753566,8,682.029306
-1.497742,8,682.041437
-28.615449,8,682.048442
-42.90111,8,682.059051
-93.664919,8,682.06676
6.63109,8,682.07954
-31.344922,8,682.094405
-3.665045,8,682.102029
-26.807762,8,682.111066
-84.11578,8,682.119329
-96.452272,8,682.127231
-72.679947,8,682.130749
-10.981782,8,682.143324
-26.503924,8,682.149918
-1.473603,8,682.156537
5.919443,8,682.163784
-31.422716,8,682.172741
-17.184918,8,682.177741
-17.668776,8,682.189298
4.346917,8,682.201092
-107.26816,8,682.209862
-59.519698,8,682.216877
-2.85092,8,682.222883
-39.43962,8,682.229622
-152.071504,8,682.442182
0.205959,8,682.450746
8.329955,8,682.459277
-8.035245,8,682.468324
-122.972301,8,682.47627
-24.979992,8,682.482781
-63.16744,8,682.489355
-279.115024,8,682.501565
-109.841788,8,682.510597
-21.489052,8,682.518835
-1.12713,8,682.519523
-4.331805,8,682.5334
-111.857442,8,682.544035
-9.174216,8,682.551548
-90.769654,8,682.559689
-35.595782,8,682.565816
7.063333,8,682.576544
-104.745594,8,682.584094
-123.430105,8,682.593539
-26.210473,8,682.606727
-11.609003,8,682.614247
-11.157935,8,682.624111
4.387921,8,682.631192
-23.205919,8,682.64006
-42.712234,8,682.647074
-27.939378,8,682.657162
3.186266,8,682.664527
-92.706235,8,682.672518
4.57363,8,682.679519
-26.076264,8,682.686896
-2.029228,8,682.693468
-41.597444,8,682.699989
-2.132841,8,683.093026
-44.180733,8,683.103591
-0.970873,8,683.115157
-37.726926,8,683.129278
6.482587,8,683.146525
-100.118953,8,683.156518
-1.998264,8,683.165686
-0.310681,8,683.175452
6.879011,8,683.186262
8.381516,8,683.199343
-16.010536,8,683.209475
-39.766548,8,683.220202
-95.148754,8,683.237513
-25.198493,8,683.249274
-50.231635,8,683.263165
-1.323328,8,683.275291
-28.021279,8,683.286754
-7.726954,8,683.302993
0.696574,8,683.318654
-2.391152,8,683.329544
-64.485159,8,683.34582
0.314472,8,683.357421
-141.280823,8,683.36425
-105.297217,8,683.379337
-112.731035,8,683.389229
3.190893,8,683.399588
-97.197289,8,683.411205
-1.529628,8,683.41721
-0.93846,8,683.425753
-150.850955,8,683.432562
-29.229822,8,683.440496
-83.980517,8,683.447595
-98.296522,8,683.654331
-2.841442,8,683.663493
-24.04365,8,683.67227
-16.206603,8,683.679263
-15.09069,8,683.686287
-4.112413,8,683.699309
-102.384868,8,683.710174
-8.408607,8,683.716177
-4.876688,8,683.72924
-8.9401,8,683.739539
-2.827273,8,683.747552
-118.822322,8,683.757003
-23.165132,8,683.763643
-86.21435,8,683.774328
-29.457775,8,683.782849
-71.248999,8,683.791495
-66.651447,8,683.799521
-71.522038,8,683.811578
-21.84786,8,683.820458
-6.610358,8,683.829524
-49.658389,8,683.847647
-9.216149,8,683.862942
-46.65266,8,683.873194
-120.472302,8,683.880852
-15.507389,8,683.889457
-16.208605,8,683.889457
-26.056394,8,683.902009
-65.826048,8,683.910253
-3.948135,8,683.916252
-9.474523,8,683.919804
-23.524193,8,683.929677
0.289387,8,683.942414
-6.54701,8,684.120116
-33.789373,8,684.135656
-12.962956,8,684.143501
-41.02282,8,684.151209
-32.951697,8,684.159736
-113.261471,8,684.159736
0.798698,8,684.179562
-0.375653,8,684.189816
6.725578,8,684.196824
-10.874951,8,684.207545
-114.565003,8,684.215067
-1.37015,8,684.22703
-37.316931,8,684.235251
-159.544826,8,684.24332
-20.812181,8,684.249825
-15.603309,8,684.259469
-8.361249,8,684.259469
-73.376881,8,684.276849
-17.317068,8,684.289528
-2.301389,8,684.297539
-98.029323,8,684.309516
-79.890526,8,684.316524
-93.653964,8,684.323386
5.546313,8,684.341697
-11.250063,8,684.34771
-84.261573,8,684.353742
-58.192594,8,684.359321
4.45643,8,684.369995
-162.014731,8,684.377047
9.027718,8,684.383562
-8.555842,8,684.389594
2.704213,8,684.394228
-26.355276,8,684.599264
-37.996116,8,684.607513
-57.254791,8,684.615031
-139.188777,8,684.624375
-18.654129,8,684.6405
-10.428494,8,684.648505
-16.539731,8,684.658394
-61.115677,8,684.665534
-2.882847,8,684.675313
1.971647,8,684.682827
-13.909769,8,684.689513
-75.302151,8,684.699615
-4.80336,8,684.708545
-83.799389,8,684.717062
-75.654348,8,684.720097
-16.843797,8,684.729362
-80.242166,8,684.747537
-124.935655,8,684.75338
-46.249973,8,684.759507
-51.389146,8,684.772129
1.030918,8,684.780647
-15.572861,8,684.789486
-91.741744,8,684.789486
0.271179,8,684.801965
-11.300291,8,684.80985
-17.870413,8,684.815881
5.474296,8,684.824497
-8.838576,8,684.829377
-64.389717,8,684.83965
1.369317,8,684.857056
-36.844102,8,684.859385
-18.163247,8,684.87225
-24.189459,8,685.053011
-43.535681,8,685.063455
-85.980464,8,685.07264
-74.94954,8,685.08415
-91.309318,8,685.089543
5.326379,8,685.105274
6.251215,8,685.117121
1.667367,8,685.124886
4.726559,8,685.138262
-42.27132,8,685.153463
-0.318235,8,685.165916
-11.819979,8,685.176439
-36.368179,8,685.184957
-9.151452,8,685.197887
-54.995486,8,685.207525
-0.330496,8,685.216034
-161.913777,8,685.220218
-85.206687,8,685.22949
-9.421861,8,685.238003
5.976097,8,685.246544
-76.980451,8,685.253052
-31.714317,8,685.259272
-8.652449,8,685.275988
-5.807423,8,685.282523
-32.320625,8,685.289324
-48.776191,8,685.294467
-18.618191,8,685.309526
-2.009973,8,685.315537
4.770714,8,685.324416
-19.296019,8,685.331483
-0.711579,8,685.340035
-4.301238,8,685.346134
0.201942,8,685.559412
-7.328322,8,685.570373
-9.343885,8,685.591141
8.249402,8,685.601209
-62.282248,8,685.612294
-125.678722,8,685.625078
3.429619,8,685.633134
-61.875821,8,685.645782
-51.217971,8,685.661332
-45.258455,8,685.674497
-7.961818,8,685.689508
-28.647936,8,685.703904
-81.505509,8,685.714503
-58.96009,8,685.723713
8.119163,8,685.738285
5.07042,8,685.753682
-101.082737,8,685.764404
-135.500453,8,685.782597
5.327794,8,685.789434
-25.555805,8,685.803079
-12.79356,8,685.812514
-11.525622,8,685.819651
-161.663166,8,685.840255
-22.726476,8,685.849783
5.46644,8,685.859555
10.414497,8,685.859555
-83.727774,8,685.874634
-19.637599,8,685.889228
-2.165326,8,685.897289
-101.546845,8,685.906644
-16.919225,8,685.913337
-65.399254,8,685.921467
-29.267946,8,686.107507
-6.359046,8,686.116027
-40.257502,8,686.125925
4.286206,8,686.137823
-142.641436,8,686.145381
-55.50761,8,686.154019
-102.932296,8,686.162578
-38.021177,8,686.171057
3.550766,8,686.183592
-35.663101,8,686.189874
-50.779679,8,686.199139
-36.666477,8,686.209263
-25.218413,8,686.216297
-3.00247,8,686.220506
-31.5129,8,686.229175
3.001047,8,686.245795
-30.925578,8,686.253047
-2.161867,8,686.264393
-49.879693,8,686.27268
2.755686,8,686.279188
-42.066685,8,686.291387
-17.956962,8,686.291387
-200.556242,8,686.307705
-85.86326,8,686.31528
-101.907543,8,686.323596
-59.298394,8,686.331179
-54.807704,8,686.339988
-2.435831,8,686.346002
1.564755,8,686.353362
-105.696534,8,686.360081
-60.557055,8,686.370279
-0.208462,8,686.37746
-28.252586,8,686.566046
-162.853777,8,686.578566
3.111281,8,686.589457
-110.345848,8,686.597536
-31.488022,8,686.607682
-38.967184,8,686.616199
-1.361697,8,686.624856
6.07341,8,686.631429
-95.856189,8,686.63936
-16.120502,8,686.647367
-61.461113,8,686.655812
-9.689124,8,686.662427
-119.461216,8,686.673492
-26.452099,8,686.685434
-46.507355,8,686.698174
-44.535595,8,686.706797
-2.954106,8,686.7153
-43.027392,8,686.723306
-9.619538,8,686.729502
-38.501972,8,686.741405
-81.619109,8,686.747399
-0.816665,8,686.753906
6.749905,8,686.760697
0.805502,8,686.771259
0.429264,8,686.778258
-3.863936,8,686.78525
-0.289466,8,686.791659
-87.093078,8,686.808475
-112.752178,8,686.815007
-85.801889,8,686.820298
-33.17055,8,686.829398
-19.099063,8,686.835366
-54.377874,8,687.024489
-26.047693,8,687.031579
4.107692,8,687.045509
-21.334632,8,687.054039
-10.297699,8,687.061438
-0.489717,8,687.072137
-12.020245,8,687.083676
-20.46397,8,687.089091
-43.60844,8,687.09956
-99.789788,8,687.107708
-184.575586,8,687.117231
7.721756,8,687.125077
-74.98013,8,687.13314
-70.026089,8,687.142463
-0.688854,8,687.150004
-33.520604,8,687.161814
-4.207454,8,687.171296
-14.443036,8,687.178295
-108.847018,8,687.184828
-27.145596,8,687.189124
4.891241,8,687.205087
-190.330245,8,687.213666
-0.366812,8,687.221402
2.250334,8,687.23117
-6.723338,8,687.237988
-7.227939,8,687.245526
-37.69983,8,687.254146
-148.296538,8,687.262206
-26.74328,8,687.272317
-4.057062,8,687.278349
-4.923223,8,687.285451
-5.803054,8,687.289617
-15.46703,8,687.482867
-79.473482,8,687.493378
-40.332432,8,687.503733
-121.872592,8,687.511495
5.837241,8,687.519499
-10.900362,8,687.528025
-89.806036,8,687.536649
-75.42746,8,687.543446
-164.332931,8,687.550677
-0.86583,8,687.5532
-1.97765,8,687.563157
-11.979577,8,687.575365
-189.5686,8,687.58945
-43.28104,8,687.59949
-0.054395,8,687.608535
-38.506294,8,687.619741
6.473156,8,687.629175
-26.647472,8,687.637155
-181.184912,8,687.649213
-69.478466,8,687.659466
-1.589906,8,687.667131
1.857583,8,687.677639
6.708424,8,687.684345
4.747485,8,687.689361
-84.389596,8,687.707195
0.162694,8,687.7139
-11.267555,8,687.720186
-0.585232,8,687.729245
-28.619438,8,687.738004
-40.869007,8,687.744705
-1.305866,8,687.751436
-176.962395,8,687.753121
-6.92524,8,688.007622
-25.608456,8,688.020116
-1.337973,8,688.042485
-89.679322,8,688.054987
2.606711,8,688.065687
4.795924,8,688.089993
-66.458902,8,688.103711
-1.041113,8,688.117305
-29.91569,8,688.132627
1.648639,8,688.14948
-121.28621,8,688.159327
-2.490045,8,688.176032
-102.163009,8,688.188387
-15.571888,8,688.203575
-47.042715,8,688.212348
-2.845817,8,688.220179
-13.956763,8,688.235372
-19.449973,8,688.259315
-7.545371,8,688.275169
-129.051242,8,688.286883
-27.851087,8,688.294228
-16.96684,8,688.312752
7.635142,8,688.320408
-103.491031,8,688.339545
-72.005265,8,688.347558
-56.790065,8,688.353134
-62.388707,8,688.364246
0.66177,8,688.37646
-91.299287,8,688.386537
-10.834176,8,688.397117
-80.847384,8,688.409978
-51.173694,8,688.417078
-21.152539,8,688.624527
-10.548486,8,688.631677
-5.613017,8,688.640624
-47.926879,8,688.649202
-168.189521,8,688.659165
-54.976536,8,688.664515
-3.313339,8,688.67718
-58.034434,8,688.68646
-153.217757,8,688.690009
-51.035712,8,688.705082
-5.685035,8,688.717954
6.504551,8,688.732466
-83.636139,8,688.745077
-25.750801,8,688.755122
-69.305614,8,688.764431
-96.576321,8,688.774451
-48.877154,8,688.784237
-34.603031,8,688.795419
-158.931775,8,688.803988
-63.786468,8,688.814236
9.060693,8,688.822051
0.231902,8,688.829278
-87.976452,8,688.841087
-11.351593,8,688.861305
1.777848,8,688.867911
-121.087673,8,688.881299
-35.923542,8,688.889521
-46.121176,8,688.897078
-47.525163,8,688.905358
-25.06012,8,688.916773
-62.281657,8,688.926459
2.994403,8,688.937946
2.37002,8,689.159727
-5.781369,8,689.169224
-118.601168,8,689.178246
-197.645004,8,689.195295
-98.512315,8,689.206311
-95.363012,8,689.214784
-21.548507,8,689.222275
-76.783469,8,689.231372
8.404297,8,689.240439
-31.816676,8,689.248442
-38.412425,8,689.256433
-3.356542,8,689.264507
-152.997123,8,689.273338
4.759174,8,689.280845
1.820878,8,689.286369
3.249317,8,689.295501
-1.604465,8,689.315362
-5.468784,8,689.321229
-92.993866,8,689.329537
-66.135713,8,689.342426
-14.380727,8,689.35101
-25.656612,8,689.35941
1.638594,8,689.364626
2.079752,8,689.373333
-7.284568,8,689.382118
-20.190513,8,689.389304
-19.013034,8,689.389304
-4.717569,8,689.405319
-1.231239,8,689.416022
-43.702294,8,689.424886
5.988999,8,689.429471
-7.575681,8,689.441506
-134.90729,8,689.620184
-20.04742,8,689.629137
-36.782871,8,689.643926
-41.547507,8,689.65542
-36.001264,8,689.65957
-135.91939,8,689.671755
-2.301358,8,689.677746
0.139032,8,689.688422
-28.330956,8,689.699464
-25.744593,8,689.716139
-14.511143,8,689.728053
-24.808752,8,689.738536
-14.07919,8,689.749108
-14.543313,8,689.759485
-20.119375,8,689.772727
1.715009,8,689.781394
-136.942793,8,689.790432
-0.86777,8,689.799536
-88.930829,8,689.808186
-0.492549,8,689.816901
-0.963163,8,689.821174
-3.929993,8,689.840157
2.587191,8,689.848313
11.049469,8,689.857895
4.435366,8,689.871519
-101.015249,8,689.880628
-48.030583,8,689.889222
-24.594161,8,689.896907
0.080506,8,689.905206
-90.057538,8,689.909271
-136.766461,8,689.921517
-4.212745,8,689.930967
-41.060771,8,690.158216
-82.963206,8,690.16656
-3.441858,8,690.179239
-48.363153,8,690.190501
-70.817501,8,690.199189
-78.35012,8,690.21369
3.35893,8,690.223387
-137.002088,8,690.230084
-4.299955,8,690.238029
5.856054,8,690.246754
6.89433,8,690.256263
-14.264872,8,690.259399
-50.938466,8,690.273458
-78.362643,8,690.281165
2.868053,8,690.29329
-0.084318,8,690.299317
-2.624473,8,690.310469
-18.797155,8,690.320817
-36.058547,8,690.331479
4.411985,8,690.340673
-5.996554,8,690.349283
-48.41439,8,690.353652
-7.030821,8,690.359297
-20.580414,8,690.372462
9.224511,8,690.380064
3.85606,8,690.389674
-61.736407,8,690.40591
-41.977247,8,690.423507
-0.878978,8,690.439446
0.491327,8,690.453185
3.318132,8,690.465101
7.812363,8,690.479189
-13.647371,8,690.729397
-5.148396,8,690.745503
-23.818769,8,690.761185
-13.250694,8,690.774324
-30.518855,8,690.792266
-51.337954,8,690.805069
-74.693882,8,690.813634
-23.10734,8,690.820154
-109.302292,8,690.838111
-35.832675,8,690.846726
-70.123148,8,690.853509
-8.608261,8,690.859293
4.147174,8,690.872677
-43.415995,8,690.881284
3.314582,8,690.89316
-2.286696,8,690.903697
-57.972861,8,690.915253
-28.64814,8,690.920315
0.593429,8,690.929471
-18.423174,8,690.939063
-33.565863,8,690.950466
-115.144672,8,690.953419
-87.761056,8,690.965659
-73.157721,8,690.973228
-1.970972,8,690.979925
-168.752922,8,690.987489
-55.057704,8,690.990647
-2.655182,8,691.003591
-35.727069,8,691.00935
-74.575908,8,691.016452
-65.930978,8,691.021057
-108.817217,8,691.029238
4.45896,8,691.227034
-50.850282,8,691.237469
-5.178897,8,691.24776
-71.241196,8,691.25948
-3.755319,8,691.27039
-59.21564,8,691.278441
-114.368193,8,691.286366
-53.737738,8,691.293341
-2.534122,8,691.299351
6.026067,8,691.309378
-68.766983,8,691.3169
5.13961,8,691.32523
-69.779516,8,691.333383
3.224058,8,691.348533
-4.583596,8,691.358387
5.463694,8,691.365556
-86.364156,8,691.378406
-55.712035,8,691.387006
-102.612702,8,691.395645
-89.277724,8,691.404388
2.278935,8,691.411908
-80.842892,8,691.420005
-7.073094,8,691.424352
-1.646849,8,691.429388
-12.927901,8,691.44212
-4.537461,8,691.453929
-19.340786,8,691.459384
-93.47996,8,691.469208
-145.497949,8,691.476599
7.468049,8,691.48217
-146.254932,8,691.493486
0.943929,8,691.501898
-20.748128,8,691.696957
-38.275802,8,691.712025
-11.430696,8,691.71941
-84.841263,8,691.727887
-47.721088,8,691.737405
-3.041961,8,691.746944
-145.874653,8,691.763357
-43.430839,8,691.774376
-3.450332,8,691.785662
0.656106,8,691.797823
-18.817982,8,691.810665
-14.274093,8,691.827874
3.045823,8,691.837393
-15.250791,8,691.848506
-3.239499,8,691.858014
-8.561487,8,691.865938
-66.051946,8,691.877153
4.911235,8,691.886502
0.217817,8,691.899351
2.045004,8,691.909577
-70.269533,8,691.919352
-16.00743,8,691.929174
-42.288649,8,691.93938
-24.792981,8,691.94415
-5.787846,8,691.954596
-9.684807,8,691.959596
-139.175941,8,691.971406
-93.957586,8,691.979421
-16.221169,8,691.986584
-5.14007,8,691.989276
-93.326095,8,691.999564
-151.739374,8,692.017001
2.690954,8,692.345361
4.564675,8,692.359493
-208.0384,8,692.37203
-107.195795,8,692.385721
-18.007068,8,692.396219
-20.315046,8,692.409879
-22.946157,8,692.419698
-32.815624,8,692.431179
-65.029462,8,692.448177
-25.804845,8,692.460166
-14.115588,8,692.473873
3.566428,8,692.491657
2.69129,8,692.502667
-11.090607,8,692.517315
-33.394718,8,692.522322
7.644096,8,692.539211
-101.549502,8,692.550793
-37.284991,8,692.562326
-212.039028,8,692.573042
-27.570437,8,692.581618
-9.378342,8,692.590446
-19.200418,8,692.594454
-141.1819,8,692.607334
-20.50091,8,692.61405
-7.874787,8,692.632015
4.698494,8,692.639176
-55.892735,8,692.639176
6.111081,8,692.659524
0.376913,8,692.66645
-57.946847,8,692.669368
-13.714363,8,692.67929
1.608224,8,692.689578
-72.096866,8,692.936765
-21.567207,8,692.947288
-44.554178,8,692.957854
-19.52778,8,692.965434
-23.855158,8,692.982183
-37.016853,8,692.99439
-56.030444,8,693.010983
-23.600316,8,693.024829
-41.323206,8,693.039085
-102.492314,8,693.049139
7.141349,8,693.061183
-7.209851,8,693.073898
-33.160685,8,693.087877
-8.538144,8,693.097782
-19.262559,8,693.109216
-4.308028,8,693.119535
-50.228003,8,693.142268
1.374653,8,693.159425
4.27707,8,693.177346
-64.867905,8,693.191338
-2.577491,8,693.205354
-5.011894,8,693.217879
-66.545587,8,693.231216
-0.783683,8,693.249573
-104.219982,8,693.261206
-24.522203,8,693.275617
-46.693096,8,693.289068
-26.057868,8,693.300979
-36.960392,8,693.31313
4.710695,8,693.329566
-38.772291,8,693.341405
-9.272184,8,693.349414
3.415594,8,693.547444
2.202796,8,693.556742
-23.519556,8,693.565309
-28.719038,8,693.57423
-7.950659,8,693.581743
-4.221068,8,693.593179
-78.069577,8,693.603449
-50.873899,8,693.613028
-65.539887,8,693.619549
-101.764074,8,693.619549
-11.762761,8,693.643334
-4.998507,8,693.654318
-6.709532,8,693.663373
-0.491589,8,693.673823
1.223499,8,693.682387
-17.405329,8,693.689408
-1.303571,8,693.69909
-19.124268,8,693.7117
-18.734357,8,693.719061
-9.341256,8,693.719061
-1.447667,8,693.729479
-236.363019,8,693.741313
-40.329866,8,693.755428
2.796412,8,693.761944
-23.292458,8,693.770251
-18.187311,8,693.777256
-38.774808,8,693.783781
-43.195192,8,693.789182
-38.677278,8,693.794322
3.532603,8,693.804668
-23.184753,8,693.8111
-7.928146,8,693.817105
-46.217128,8,694.037732
-103.268889,8,694.046265
-101.240132,8,694.060362
-78.43458,8,694.07178
-20.300708,8,694.086036
-29.620012,8,694.095983
-21.388076,8,694.102797
1.003191,8,694.113358
-137.856883,8,694.125156
-45.049783,8,694.134449
-120.242509,8,694.144988
-0.625601,8,694.152661
3.663431,8,694.163351
0.664476,8,694.179433
-94.99813,8,694.189543
-11.823795,8,694.206
-116.919987,8,694.218004
-24.654672,8,694.229393
2.480929,8,694.239422
-11.266384,8,694.244512
-86.867617,8,694.252469
-51.885437,8,694.259584
-41.359343,8,694.269295
-4.965087,8,694.269295
-28.043051,8,694.289503
-42.331109,8,694.296606
11.764921,8,694.306317
-49.442187,8,694.312027
-54.21707,8,694.319681
-20.019178,8,694.329224
-143.003387,8,694.341446
-11.302063,8,694.349286
-45.230716,8,694.533305
-16.783719,8,694.542981
-60.748181,8,694.552396
2.29689,8,694.561476
1.850432,8,694.570178
-1.071911,8,694.578181
0.74581,8,694.585769
-123.274918,8,694.595466
-24.646344,8,694.608045
-178.643913,8,694.616554
-58.7398,8,694.623319
-20.572454,8,694.629387
-34.374571,8,694.645513
-56.46993,8,694.6524
-110.503256,8,694.659508
5.305629,8,694.671738
-18.145733,8,694.679239
-74.265555,8,694.689543
-86.840395,8,694.699455
-0.818223,8,694.70931
-103.112346,8,694.717433
-107.070574,8,694.729283
0.832274,8,694.737963
-1.334851,8,694.745512
-8.558422,8,694.756697
-1.635848,8,694.763259
-67.657511,8,694.770739
-34.720947,8,694.77775
6.647184,8,694.784316
-9.637003,8,694.789363
-30.065568,8,694.794496
-2.673855,8,694.805517
-22.915927,8,694.980186
-21.272094,8,694.994279
-22.76764,8,695.004557
-66.957361,8,695.012057
-5.637158,8,695.019565
-4.440879,8,695.026448
-13.845073,8,695.036813
5.865588,8,695.045321
-23.719938,8,695.052194
-79.604641,8,695.061424
-83.81049,8,695.071571
-78.287011,8,695.078565
-59.145395,8,695.089155
-28.805764,8,695.089155
-75.394233,8,695.110004
-7.71703,8,695.117011
-113.547367,8,695.124155
-224.075993,8,695.134341
-4.975497,8,695.142249
-53.400896,8,695.150816
-5.933332,8,695.159476
-9.492236,8,695.169085
-51.12385,8,695.176649
-12.778371,8,695.183227
-106.892654,8,695.191399
-16.940035,8,695.202183
-6.331364,8,695.217994
-39.286105,8,695.223146
-19.95436,8,695.229622
2.950455,8,695.244553
-1.451461,8,695.249683
-22.782528,8,695.252149
-154.054916,8,695.463471
-111.787236,8,695.475288
5.631224,8,695.487769
-22.371745,8,695.499493
-57.17634,8,695.514181
-15.055098,8,695.527493
0.484274,8,695.549317
-18.982,8,695.565301
-44.022456,8,695.576686
-13.305331,8,695.585531
2.190818,8,695.599932
-13.576553,8,695.611974
-50.992252,8,695.621568
0.837928,8,695.634342
-8.054676,8,695.647413
-28.041816,8,695.661582
-86.498338,8,695.672232
-71.133679,8,695.682753
-17.123854,8,695.698507
-68.366752,8,695.719669
-11.138149,8,695.736152
2.988927,8,695.753207
-55.716446,8,695.774971
8.460535,8,695.789317
-6.96545,8,695.80686
-5.443563,8,695.814418
-36.074007,8,695.824283
2.731979,8,695.83247
-2.806336,8,695.84168
-84.870471,8,695.849277
-1.8315,8,695.85844
-96.812375,8,695.859451
0.76075,8,696.11499
-54.161451,8,696.130272
-0.379125,8,696.139215
-11.24972,8,696.149244
-44.153089,8,696.160407
2.194673,8,696.169506
-19.033441,8,696.179528
-36.619519,8,696.189237
-26.787581,8,696.197288
-56.330577,8,696.207133
-47.223534,8,696.21526
-12.776975,8,696.225631
5.668185,8,696.246495
-151.725832,8,696.252821
-2.657447,8,696.264659
-14.840965,8,696.269521
-14.765599,8,696.279323
-53.096296,8,696.291383
5.254914,8,696.299182
-105.830722,8,696.309176
8.079642,8,696.318856
1.719049,8,696.327772
2.814815,8,696.33035
8.117757,8,696.33936
5.385754,8,696.349637
-25.150882,8,696.364607
-106.922663,8,696.37512
-3.162907,8,696.3828
-60.231859,8,696.389363
-0.828902,8,696.394522
-16.750173,8,696.402765
-73.607493,8,696.409267
2.817942,8,696.616033
-0.512098,8,696.627287
-90.908018,8,696.635493
-95.409369,8,696.647224
-112.062378,8,696.652512
-5.583668,8,696.669439
-12.907781,8,696.681429
-72.265793,8,696.697946
-141.672639,8,696.705906
-94.445551,8,696.714333
-95.938281,8,696.722508
-39.454628,8,696.729218
1.791685,8,696.744502
0.728249,8,696.752547
2.456727,8,696.763108
-65.261548,8,696.773249
-116.90838,8,696.78039
4.753805,8,696.786384
-129.299121,8,696.806835
-11.36624,8,696.809372
-23.135739,8,696.819842
-34.265895,8,696.829327
-56.173989,8,696.843695
4.092772,8,696.851362
-66.390055,8,696.864179
-42.837956,8,696.869369
2.893476,8,696.879564
-14.781551,8,696.885873
-43.606019,8,696.889175
-113.053887,8,696.902149
-12.490601,8,696.919575
-134.314962,8,696.927822
-77.903275,8,697.147988
-18.325032,8,697.159268
-96.804468,8,697.168861
-151.635404,8,697.17934
-26.601219,8,697.18917
-41.157117,8,697.19721
0.446615,8,697.209286
-26.223208,8,697.217874
-9.839217,8,697.227927
1.919936,8,697.239077
-72.647538,8,697.239077
-228.975756,8,697.265143
-0.318402,8,697.27516
-103.949175,8,697.285958
7.202408,8,697.289186
-23.814306,8,697.309325
2.893416,8,697.319295
-16.378425,8,697.330666
-76.326899,8,697.34058
-54.301001,8,697.347577
-7.819785,8,697.355768
-100.135103,8,697.364293
-96.543379,8,697.375124
-31.621124,8,697.386188
-0.816497,8,697.389434
-14.508646,8,697.405352
-3.900439,8,697.412068
8.553679,8,697.41808
-34.843833,8,697.419297
-19.6705,8,697.429448
-21.931049,8,697.440708
-0.433948,8,697.447721
-56.93572,8,697.637819
-16.141554,8,697.646329
2.448251,8,697.656009
-24.710458,8,697.663604
-16.34746,8,697.676473
11.107331,8,697.682982
-21.33901,8,697.689259
3.488604,8,697.707563
-204.525469,8,697.71614
-44.283379,8,697.725573
-4.315464,8,697.733812
-29.3749,8,697.743315
-0.515883,8,697.750841
-2.62311,8,697.759575
-58.734579,8,697.765586
-0.113036,8,697.773703
-129.142746,8,697.788035
-77.165967,8,697.797581
-93.071202,8,697.805275
1.584445,8,697.81179
1.132832,8,697.824688
-0.117012,8,697.833288
2.632344,8,697.849429
-63.862147,8,697.861495
-89.567858,8,697.87581
-27.626179,8,697.889404
1.273295,8,697.903999
-15.443334,8,697.91886
-93.52711,8,697.929231
2.415112,8,697.952504
-73.922428,8,697.970899
-38.677058,8,697.982472
-17.424617,8,698.235941
-86.284117,8,698.247515
-78.338517,8,698.259271
-78.104108,8,698.269245
-0.137778,8,698.27934
4.727954,8,698.291462
-131.962347,8,698.299473
-51.81918,8,698.31318
-38.633083,8,698.324894
-1.99281,8,698.342452
-20.269328,8,698.352464
-105.618798,8,698.361567
-69.423711,8,698.373068
-84.618751,8,698.381618
3.409893,8,698.389249
-1.170619,8,698.406613
-82.542545,8,698.414125
-182.156396,8,698.419615
-1.567607,8,698.429208
-69.422746,8,698.439456
-36.156187,8,698.447482
-46.951565,8,698.452466
-43.700408,8,698.472938
-19.250005,8,698.479456
-57.603895,8,698.485878
1.366667,8,698.494134
-15.51611,8,698.505519
-1.846241,8,698.512039
-1.049408,8,698.519284
3.655938,8,698.524204
-108.349761,8,698.529278
-66.104746,8,698.541849
-18.405649,8,698.725202
6.205812,8,698.732893
-40.417373,8,698.748486
-59.680972,8,698.759187
-114.347543,8,698.767252
3.535333,8,698.776617
-22.26957,8,698.784128
-7.734117,8,698.789387
-3.473753,8,698.799226
-92.045233,8,698.809037
1.890852,8,698.817047
-11.640019,8,698.825285
-25.629934,8,698.82929
-89.316975,8,698.841659
0.251561,8,698.849273
-48.893479,8,698.863629
-14.737567,8,698.872995
-14.959434,8,698.880497
-7.256603,8,698.885871
-110.314996,8,698.88948
-30.101632,8,698.902217
2.615945,8,698.91029
-32.187848,8,698.918279
-22.572495,8,698.926381
-87.369864,8,698.932072
-1.139222,8,698.941719
4.386005,8,698.949431
-17.073114,8,698.962323
1.223783,8,698.97391
-82.018393,8,698.980622
-106.642728,8,698.98919
-16.156504,8,698.994434
-10.448809,8,699.177305
-93.701986,8,699.183815
9.40443,8,699.192483
-22.551497,8,699.204658
-2.780858,8,699.212164
-138.112339,8,699.221606
-86.94031,8,699.231151
-67.418224,8,699.241468
-8.223969,8,699.259482
-31.55699,8,699.264403
-68.116768,8,699.275828
-129.853457,8,699.284404
3.56641,8,699.291332
-13.127037,8,699.299341
-57.131781,8,699.312121
-18.942532,8,699.3215
-38.116466,8,699.329526
5.489051,8,699.339387
-108.197912,8,699.347402
-43.99501,8,699.355702
1.674988,8,699.369423
-98.101683,8,699.376936
-54.604128,8,699.383496
-33.697474,8,699.38957
-3.138888,8,699.394209
-8.856695,8,699.405623
4.860086,8,699.412252
2.958687,8,699.419278
-117.758667,8,699.429193
5.650632,8,699.436024
-155.182904,8,699.4428
5.031101,8,699.449419
-2.428662,8,699.640496
-104.251317,8,699.65602
0.926521,8,699.661682
-96.590239,8,699.671767
2.262131,8,699.6803
-7.895847,8,699.685778
-8.09338,8,699.689273
2.882353,8,699.704584
-20.347647,8,699.712092
-52.477144,8,699.719273
0.428525,8,699.729325
-17.180888,8,699.738003
-81.247447,8,699.746511
-36.403003,8,699.761571
-48.677536,8,699.773763
-74.091221,8,699.781265
-43.233637,8,699.792443
-21.137514,8,699.801198
-16.979118,8,699.811109
-25.444202,8,699.82154
3.453093,8,699.829171
-0.733068,8,699.840541
-94.390598,8,699.85168
-19.572968,8,699.863437
-21.198705,8,699.873914
-53.8743,8,699.881478
-4.831266,8,699.899287
-3.655491,8,699.910136
3.868728,8,699.917143
-105.725689,8,699.924589
6.602423,8,699.929122
-13.162982,8,699.939559
-22.99113,8,700.142422
-17.780449,8,700.150993
8.229759,8,700.161337
-0.031712,8,700.17028
0.080983,8,700.17782
-17.575101,8,700.184358
-3.198522,8,700.19254
-19.028798,8,700.206612
-17.614363,8,700.215173
1.925337,8,700.224019
-75.908663,8,700.231621
-23.13691,8,700.247384
6.835202,8,700.258434
-48.842004,8,700.266954
8.386895,8,700.276791
11.656468,8,700.288336
-92.232568,8,700.299178
-12.578417,8,700.312219
9.490297,8,700.323564
-65.085374,8,700.345487
-19.495847,8,700.363438
-61.571385,8,700.377239
3.266648,8,700.385927
2.556699,8,700.399461
3.931185,8,700.414107
-34.807603,8,700.425574
-7.55275,8,700.433346
-17.713385,8,700.442543
-5.503706,8,700.450047
-18.439888,8,700.469367
-6.783369,8,700.479532
-39.843965,8,700.493886
-98.112294,8,700.750011
-30.339746,8,700.759437
2.909696,8,700.771128
0.135883,8,700.779186
-10.451182,8,700.788203
-6.826968,8,700.792314
-60.129684,8,700.813217
-37.688426,8,700.819608
-106.231234,8,700.829372
4.940296,8,700.843516
-24.199557,8,700.85103
-1.720743,8,700.86277
-88.782587,8,700.87803
-7.990741,8,700.889484
-110.077393,8,700.899054
-17.660145,8,700.907689
-4.773103,8,700.917209
-35.59913,8,700.929297
-24.108749,8,700.937056
-9.486151,8,700.94459
-10.226434,8,700.95215
-31.95967,8,700.95953
-29.515833,8,700.964583
-4.265731,8,700.975277
-0.066895,8,700.986276
-23.836801,8,700.997433
1.874472,8,701.007662
-8.040964,8,701.017178
-16.58173,8,701.019182
-12.169472,8,701.043532
-111.087929,8,701.052532
-43.081843,8,701.064121
0.621844,8,701.275531
-0.47457,8,701.283048
-84.346805,8,701.291466
-45.093739,8,701.299477
-15.11416,8,701.310103
-0.848369,8,701.323689
-58.336571,8,701.333257
-1.106631,8,701.342423
2.737471,8,701.349929
-96.775427,8,701.359273
-151.954421,8,701.367366
-5.294297,8,701.37724
2.306642,8,701.389161
-94.39715,8,701.394676
-43.880303,8,701.407633
-25.641506,8,701.416192
-107.867425,8,701.421271
6.065597,8,701.43978
-33.110146,8,701.447894
-31.365454,8,701.456851
-52.100715,8,701.463633
-42.263757,8,701.471651
3.109126,8,701.478333
8.407695,8,701.484039
-109.488538,8,701.491886
-34.699965,8,701.497894
-91.437692,8,701.507653
-94.449685,8,701.514363
-56.653613,8,701.519326
-13.475393,8,701.524387
-58.683001,8,701.541751
1.168183,8,701.547752
-80.142058,8,701.729087
-0.491095,8,701.740471
-130.040933,8,701.747477
-0.295721,8,701.752468
-9.533595,8,701.764645
-94.991871,8,701.774333
7.635256,8,701.782061
-43.194638,8,701.79168
-17.706001,8,701.80032
7.063563,8,701.809366
-99.321846,8,701.824384
0.087799,8,701.83211
3.658847,8,701.84166
0.316502,8,701.85029
-4.661786,8,701.859491
-42.674249,8,701.873609
-5.675566,8,701.879772
-46.700951,8,701.88932
7.982949,8,701.894445
-8.534873,8,701.907677
-74.778284,8,701.91638
1.214008,8,701.926678
-32.36002,8,701.935866
-84.276841,8,701.947579
-58.066366,8,701.952511
-89.943669,8,701.959679
-77.530942,8,701.973983
-2.552144,8,701.979693
-37.880854,8,701.98826
-2.766018,8,701.994026
3.387135,8,702.000643
4.24597,8,702.007557
-49.2759,8,702.240495
-11.913779,8,702.248498
-77.562916,8,702.257053
-18.407073,8,702.274724
5.338252,8,702.284253
-94.544008,8,702.293539
-4.192935,8,702.304668
-42.976934,8,702.314201
-49.323872,8,702.321544
-120.552663,8,702.338053
9.711799,8,702.347601
-32.487964,8,702.357584
7.697159,8,702.366152
0.038537,8,702.378126
-76.896324,8,702.388196
-6.369447,8,702.397399
-14.924558,8,702.41154
0.120115,8,702.421869
5.905421,8,702.42932
-10.743064,8,702.451241
-31.92895,8,702.461335
5.852427,8,702.475286
-58.238068,8,702.488177
-10.857714,8,702.501299
-106.715764,8,702.514095
-43.052467,8,702.526354
-19.340259,8,702.533516
-48.851093,8,702.542435
3.89259,8,702.552717
-32.758241,8,702.564599
-85.931798,8,702.575172
-38.763983,8,702.581965
-41.073545,8,702.798023
2.14738,8,702.809223
-13.137161,8,702.817254
5.525737,8,702.829097
-4.578694,8,702.842527
-52.598478,8,702.852557
-110.695425,8,702.859288
-44.911805,8,702.872383
-95.209625,8,702.880415
-36.714205,8,702.90928
7.262581,8,702.929297
-44.956359,8,702.944656
-26.053798,8,702.961487
-60.763021,8,702.978121
-83.448347,8,702.991895
-20.321161,8,703.009155
-18.390243,8,703.022644
2.858166,8,703.041703
-5.426919,8,703.057257
-38.632438,8,703.072395
0.533148,8,703.086106
-96.924015,8,703.105918
-39.937283,8,703.124427
-13.441677,8,703.131557
-67.889618,8,703.142737
-34.60336,8,703.151292
-18.026475,8,703.164567
-75.544882,8,703.177059
-27.384269,8,703.18671
5.261376,8,703.199069
-0.443276,8,703.209235
-15.879733,8,703.209235
-3.370216,8,703.457941
0.875008,8,703.46666
-57.573156,8,703.485974
3.758108,8,703.495415
9.402018,8,703.506575
-37.46871,8,703.515097
-0.847169,8,703.519231
-49.052279,8,703.529201
-38.666782,8,703.541552
-7.602976,8,703.550268
-52.232962,8,703.559446
-94.67645,8,703.565967
-47.617645,8,703.574116
-20.77299,8,703.582195
-8.027141,8,703.599354
-39.688537,8,703.610144
-112.585001,8,703.618151
-8.62305,8,703.626699
4.048273,8,703.633235
1.714396,8,703.642533
-106.242699,8,703.651123
-214.958302,8,703.659329
-19.04621,8,703.664488
-19.209934,8,703.674399
5.840844,8,703.681542
-59.855913,8,703.689317
-25.487157,8,703.69449
-157.413221,8,703.71151
1.811834,8,703.717513
-183.405109,8,703.71936
-21.462577,8,703.72943
-60.871581,8,703.739572
-101.298528,8,703.92917
-76.299133,8,703.942529
-128.204756,8,703.951258
2.835075,8,703.959583
-183.023734,8,703.968209
-20.73556,8,703.977411
-150.478826,8,703.985506
-67.658598,8,703.999398
3.441944,8,704.009164
4.470346,8,704.017171
-183.960626,8,704.025697
-57.994412,8,704.031288
-44.88432,8,704.040502
-8.501583,8,704.0475
-127.444274,8,704.059166
4.022774,8,704.064688
-55.601072,8,704.073333
-20.515976,8,704.080344
-22.115719,8,704.085654
-71.322398,8,704.095389
-17.53057,8,704.110248
-62.87158,8,704.11825
-2.401547,8,704.121828
-5.264801,8,704.129601
-78.271147,8,704.141827
-9.500637,8,704.147827
8.73885,8,704.155646
-29.999039,8,704.159628
-23.417934,8,704.164696
-9.225267,8,704.179151
-17.63276,8,704.185946
-40.874681,8,704.189338
-25.658747,8,704.412521
3.064348,8,704.42327
2.859789,8,704.43183
-32.064397,8,704.442585
-166.557642,8,704.451093
-119.25432,8,704.459473
-60.158098,8,704.473449
4.657865,8,704.482494
-11.674446,8,704.489167
-87.419952,8,704.501245
7.531007,8,704.514738
-9.326558,8,704.528533
0.514818,8,704.536823
-10.642622,8,704.552377
-30.816416,8,704.559627
-31.165489,8,704.573346
-120.629487,8,704.581915
-48.109737,8,704.589568
-111.198441,8,704.599371
-68.186231,8,704.60776
-207.479497,8,704.614472
1.242821,8,704.61927
-87.513013,8,704.629353
-30.025942,8,704.63967
-42.971719,8,704.646771
-60.473556,8,704.657242
9.019454,8,704.663075
4.769131,8,704.672497
-9.897356,8,704.678297
-135.889337,8,704.684998
-3.577908,8,704.689548
-14.135052,8,704.694349
-72.105234,8,704.894708
0.347225,8,704.906763
-103.412985,8,704.914484
-17.894354,8,704.921332
-159.473841,8,704.929458
6.852794,8,704.941669
-75.419652,8,704.952662
-8.513153,8,704.959363
-44.753205,8,704.975276
-60.503656,8,704.982759
-16.381033,8,704.989516
-40.007138,8,704.99923
-106.79922,8,705.007814
-21.497271,8,705.016519
-36.259689,8,705.025268
-81.885652,8,705.031344
1.274916,8,705.041515
1.870719,8,705.050017
-42.375137,8,705.131568
-82.826784,8,705.150093
-21.228961,8,705.154037
-16.633306,8,705.164693
-24.225795,8,705.173519
2.88489,8,705.180892
0.032999,8,705.18592
-53.061961,8,705.194706
-43.732435,8,705.19933
0.215972,8,705.207675
-50.117286,8,705.215387
-24.052206,8,705.219267
-13.660943,8,705.229591
-26.307431,8,705.245337
-4.62144,8,705.485743
-58.554138,8,705.495519
1.208901,8,705.507956
6.593318,8,705.517497
-88.037297,8,705.527385
-9.752215,8,705.537998
-23.21965,8,705.550087
-4.086363,8,705.563322
-14.322578,8,705.576296
-73.441213,8,705.591405
-225.230208,8,705.602381
2.817334,8,705.621592
-78.868695,8,705.636885
-73.581707,8,705.655247
-3.813717,8,705.666127
-26.321148,8,705.679366
-32.123438,8,705.698737
1.071317,8,705.709351
-15.80489,8,705.718438
-3.912299,8,705.719453
6.589031,8,705.734368
-38.329106,8,705.743231
-133.801063,8,705.749305
-28.97223,8,705.759471
-29.981538,8,705.769671
5.592236,8,705.779719
6.641615,8,705.78916
-22.966823,8,705.795306
-38.799519,8,705.807834
-49.170621,8,705.815492
0.144959,8,705.822263
-42.374635,8,705.829079
-16.577472,8,706.040545
-80.123944,8,706.049057
-31.602256,8,706.059864
-46.945052,8,706.068921
-16.06685,8,706.08043
-100.164791,8,706.089269
2.379519,8,706.091341
-0.520337,8,706.107755
-40.443686,8,706.116275
-36.60693,8,706.119673
-106.92432,8,706.129112
-79.354039,8,706.141536
-27.260595,8,706.149536
6.138325,8,706.161556
-39.426779,8,706.173239
3.736327,8,706.179384
3.081888,8,706.189476
-16.331997,8,706.201192
1.340083,8,706.211323
-13.708862,8,706.219187
-49.347694,8,706.227861
-111.248514,8,706.234429
-55.75985,8,706.242631
-124.467689,8,706.250193
-217.665004,8,706.257824
-144.461926,8,706.264501
-75.249033,8,706.275485
11.600464,8,706.281611
0.308876,8,706.289442
1.395138,8,706.299405
-203.837991,8,706.310633
-35.376008,8,706.319456
-49.362006,8,706.539361
-32.39381,8,706.546894
7.244764,8,706.555047
-2.633313,8,706.56369
-54.851198,8,706.573363
-24.240982,8,706.581922
5.069192,8,706.589221
-4.958095,8,706.597272
-26.063824,8,706.608515
-40.061288,8,706.617023
1.931639,8,706.631289
0.625094,8,706.642668
-17.752865,8,706.65026
-36.877825,8,706.660209
-86.838668,8,706.668391
0.78821,8,706.677483
-96.309486,8,706.686242
-3.688979,8,706.695324
-78.422501,8,706.705847
-40.144707,8,706.714365
3.515444,8,706.723398
-42.506943,8,706.731491
-15.798757,8,706.746634
-114.336693,8,706.752572
-11.919976,8,706.759573
-81.28265,8,706.768286
-23.570746,8,706.775795
2.093152,8,706.782324
-2.999139,8,706.789288
0.098022,8,706.794453
-7.773083,8,706.80388
-42.262327,8,706.809391
-48.93736,8,707.01211
2.309216,8,707.019836
-12.273542,8,707.030004
-18.961382,8,707.046877
-135.053884,8,707.057681
3.802271,8,707.062012
-92.346031,8,707.071173
-20.025216,8,707.07978
-43.886296,8,707.099078
-8.004393,8,707.110252
-36.226826,8,707.119623
-4.295939,8,707.12793
-6.870253,8,707.136247
-72.053414,8,707.146726
-11.139615,8,707.157002
-31.922664,8,707.171787
0.541671,8,707.181071
1.680056,8,707.18946
-20.959698,8,707.199072
-1.123328,8,707.213323
0.774227,8,707.222249
-14.566721,8,707.230531
7.076082,8,707.239473
-87.490366,8,707.245597
-106.220804,8,707.253122
1.493955,8,707.261755
-85.333603,8,707.267746
-66.092389,8,707.277013
-26.832242,8,707.289395
-23.897305,8,707.294382
-19.894694,8,707.302918
-71.204443,8,707.309584
-37.765171,8,707.510275
-82.833867,8,707.518283
-72.759261,8,707.527657
-9.958903,8,707.539546
-21.742646,8,707.547055
-49.825738,8,707.556251
-115.68339,8,707.563617
8.391895,8,707.573421
-96.679945,8,707.586026
-111.499015,8,707.595038
-147.219608,8,707.60256
9.319806,8,707.613244
-4.416076,8,707.621543
-0.552902,8,707.62957
-138.588107,8,707.638022
-24.262234,8,707.646533
-1.599113,8,707.657035
-18.475002,8,707.663666
-86.181871,8,707.673568
-199.931234,8,707.681596
1.546699,8,707.689318
5.798792,8,707.704865
-120.776104,8,707.711396
1.937928,8,707.717395
-42.10013,8,707.729578
-0.31158,8,707.742922
-39.658887,8,707.75343
-57.18874,8,707.769615
-50.281197,8,707.780853
1.130264,8,707.794628
-27.668659,8,707.806903
6.456439,8,707.81959
0.453796,8,708.091557
-149.676901,8,708.112463
-5.281102,8,708.123453
-30.443365,8,708.129474
-98.623747,8,708.142611
-147.799492,8,708.152496
-14.819696,8,708.163454
-35.518608,8,708.173471
-92.591555,8,708.182994
-4.983143,8,708.194438
-14.052382,8,708.204726
-75.02484,8,708.213247
-5.183276,8,708.22942
-2.426411,8,708.240391
-20.240541,8,708.252707
-110.214246,8,708.259421
-20.021949,8,708.273443
-58.03671,8,708.280991
-3.963311,8,708.289132
-33.427016,8,708.294446
-50.335998,8,708.308232
-7.430977,8,708.314776
-22.733933,8,708.319515
2.037319,8,708.329551
-32.128738,8,708.345322
-75.002721,8,708.352377
-24.792047,8,708.361861
-22.275513,8,708.373796
-115.463506,8,708.382198
-62.253569,8,708.394006
-37.909666,8,708.39949
-110.105333,8,708.411379
-18.668444,8,708.627433
-93.474319,8,708.638029
9.316122,8,708.647552
-6.755945,8,708.657957
-2.76525,8,708.666502
-1.363914,8,708.676312
-85.738622,8,708.691622
-71.860574,8,708.709762
5.561311,8,708.717777
-60.512987,8,708.730349
-3.484161,8,708.740455
-48.874908,8,708.74908
-115.019532,8,708.759875
-24.567402,8,708.767568
-20.94957,8,708.779341
-33.921864,8,708.786168
8.768036,8,708.797576
-35.669974,8,708.809438
-24.64756,8,708.819425
-146.561336,8,708.8309
-162.513367,8,708.845326
-129.55463,8,708.852835
-51.599519,8,708.859338
-22.260323,8,708.864152
-0.132931,8,708.874529
0.86077,8,708.881752
-93.104435,8,708.889654
-61.466025,8,708.897656
-53.739084,8,708.906208
-5.868069,8,708.917253
-141.39867,8,708.923967
-35.110492,8,708.929479
-153.303266,8,709.158001
-100.070763,8,709.165969
-7.295201,8,709.176276
-4.668736,8,709.185032
-18.234074,8,709.195194
-30.566076,8,709.204761
-162.32724,8,709.21332
-45.492568,8,709.22165
3.938539,8,709.229219
-26.578605,8,709.244573
-92.178727,8,709.252498
12.320145,8,709.262469
-119.559299,8,709.276425
-111.075122,8,709.285789
-3.608856,8,709.295468
-66.122785,8,709.305286
-43.743424,8,709.309403
-6.423216,8,709.321904
-50.447758,8,709.329468
-10.04913,8,709.342571
-42.452301,8,709.351117
-8.078938,8,709.359525
-127.264712,8,709.369467
-23.470919,8,709.377598
1.439715,8,709.384015
-12.276569,8,709.400847
-70.122535,8,709.411228
-3.028468,8,709.418222
-95.535337,8,709.425591
-4.186088,8,709.431298
-13.793799,8,709.439782
-22.281948,8,709.445894
-4.186378,8,709.633605
-66.630787,8,709.642942
-15.530362,8,709.650572
-44.127441,8,709.656917
-168.02302,8,709.665554
4.497037,8,709.679435
-165.913688,8,709.688161
-30.609723,8,709.695777
-21.056132,8,709.707765
-43.09151,8,709.716281
8.023735,8,709.725667
1.534314,8,709.733308
-122.380983,8,709.741689
-1.503747,8,709.749241
-25.329038,8,709.752657
-75.656563,8,709.764246
3.725017,8,709.775467
-5.510471,8,709.783552
-39.325635,8,709.795216
-64.445652,8,709.803798
-21.964661,8,709.812507
-19.320212,8,709.82646
-39.669132,8,709.829491
-61.348044,8,709.839394
-2.432026,8,709.844639
2.431205,8,709.852651
-91.606578,8,709.859302
0.305572,8,709.869477
-46.971768,8,709.877538
-91.387677,8,709.883558
-14.096828,8,709.889541
-6.978448,8,709.903888
-77.516406,8,710.097565
8.310487,8,710.107095
5.879795,8,710.115247
1.626446,8,710.123671
-133.52851,8,710.131311
4.754567,8,710.141596
-64.977733,8,710.149152
-53.967148,8,710.159087
-63.013272,8,710.172451
-30.617304,8,710.180965
-22.395727,8,710.189637
-41.776014,8,710.199575
-91.077617,8,710.212715
-93.664048,8,710.22263
-42.699639,8,710.231175
-29.337208,8,710.241719
-3.583465,8,710.249225
-16.055456,8,710.259231
1.029467,8,710.26738
-4.87494,8,710.277509
-0.511584,8,710.292068
-22.013357,8,710.307012
-64.00778,8,710.319453
-1.900744,8,710.337326
11.746711,8,710.349168
3.900116,8,710.359115
-0.398217,8,710.373975
-4.063679,8,710.383535
-3.140443,8,710.395439
-49.249347,8,710.410434
-10.923337,8,710.41744
-106.747893,8,710.429078
-4.245905,8,710.680087
0.793272,8,710.68941
0.558705,8,710.697464
-97.547873,8,710.710324
-91.996861,8,710.725497
0.444015,8,710.73363
2.642401,8,710.743676
-164.963998,8,710.756999
-11.196399,8,710.763649
-90.928237,8,710.772567
-154.246753,8,710.780084
-29.413259,8,710.788291
-3.914988,8,710.791866
-81.118628,8,710.803849
-87.309383,8,710.81337
-89.597192,8,710.823421
1.858229,8,710.839162
-39.300117,8,710.849669
-2.859458,8,710.859145
-192.682004,8,710.867275
-36.924712,8,710.87944
2.556087,8,710.886009
-3.970416,8,710.889627
-20.354538,8,710.902553
-29.219836,8,710.911212
-75.174948,8,710.917235
-34.335004,8,710.919249
-11.750441,8,710.929538
-2.359521,8,710.94078
-61.45253,8,710.952305
-60.15146,8,710.959456
-2.794683,8,710.965601
-25.310848,8,711.157396
-60.863611,8,711.165531
-44.393483,8,711.172167
2.526825,8,711.179199
-3.483769,8,711.189523
-15.159065,8,711.197624
-12.934392,8,711.207838
-47.911557,8,711.214359
-6.520403,8,711.225508
-53.074639,8,711.241822
-67.625157,8,711.249324
-119.770892,8,711.259488
3.056608,8,711.267634
6.265103,8,711.277436
-34.316506,8,711.285464
1.415669,8,711.289308
-110.646727,8,711.299073
-15.644655,8,711.309305
-156.135716,8,711.317342
-9.048068,8,711.325438
1.412805,8,711.333569
4.886913,8,711.345669
-0.120895,8,711.352961
-125.676067,8,711.364188
-0.235135,8,711.372828
1.243216,8,711.379342
-77.099154,8,711.385934
-101.514596,8,711.394353
-38.552451,8,711.399402
-50.255623,8,711.409404
-0.413268,8,711.415414
6.139492,8,711.420264
-11.899503,8,711.618188
-48.459063,8,711.62997
-26.268705,8,711.64426
0.51932,8,711.650766
-39.876868,8,711.661351
-7.088808,8,711.669716
-160.602976,8,711.679489
-47.810899,8,711.693489
-99.417466,8,711.703124
11.612895,8,711.713259
-106.05714,8,711.721645
-20.938656,8,711.731293
7.338669,8,711.743444
-2.814969,8,711.74947
4.6683,8,711.759254
-45.843311,8,711.775246
-20.435338,8,711.783396
-23.161672,8,711.796322
-100.117391,8,711.805006
-13.033727,8,711.809297
-5.671302,8,711.819854
-144.989693,8,711.829392
-18.525766,8,711.839447
-26.908877,8,711.844499
-19.951272,8,711.852792
-8.44008,8,711.859242
-15.97187,8,711.869723
-116.25622,8,711.879555
-58.157631,8,711.889737
-6.487793,8,711.899305
-37.914215,8,711.909549
-12.191519,8,711.914656
-15.472475,8,712.117005
-22.689375,8,712.129467
-10.286488,8,712.147358
-16.031985,8,712.15787
3.523855,8,712.166391
-46.692141,8,712.175913
3.198378,8,712.18494
-66.624264,8,712.193816
-99.112881,8,712.209893
-1.876741,8,712.217908
-22.451479,8,712.227568
-0.859394,8,712.2357
-10.439968,8,712.243859
-73.148392,8,712.2565
-7.491662,8,712.264479
1.672211,8,712.274046
-2.87436,8,712.282633
0.527202,8,712.289568
-33.838142,8,712.299514
0.624042,8,712.310792
-1.845328,8,712.321871
-193.137624,8,712.32935
-9.015737,8,712.339678
4.931596,8,712.346703
11.767365,8,712.353656
-82.774961,8,712.363559
1.219455,8,712.371732
-1.689748,8,712.377894
-19.550732,8,712.385141
-0.350188,8,712.3936
-41.344572,8,712.400748
-55.5094,8,712.408073
-2.179143,8,712.764404
2.934701,8,712.788648
-132.540407,8,712.801759
-9.436112,8,712.817948
-76.421344,8,712.839182
-5.560967,8,712.861509
1.212652,8,712.879109
0.983835,8,712.896518
3.543912,8,712.909356
0.270653,8,712.920879
-58.736427,8,712.932468
-1.260857,8,712.952408
2.986692,8,712.959455
1.72036,8,712.979317
-0.558125,8,712.994543
-1.261503,8,713.009323
-137.611636,8,713.024402
5.849555,8,713.039853
-74.075076,8,713.046871
0.36841,8,713.064483
-103.865394,8,713.077543
-33.568095,8,713.087901
-5.530831,8,713.094581
-75.502953,8,713.10754
-4.553093,8,713.118101
-25.262106,8,713.129113
-67.412757,8,713.147429
5.557106,8,713.168076
-15.6514,8,713.180263
-1.213027,8,713.189535
-1.601549,8,713.199102
2.565715,8,713.21029
9.396325,8,713.469955
-51.885504,8,713.480529
-169.139845,8,713.489466
6.264303,8,713.499034
0.113937,8,713.513496
-49.83393,8,713.522164
-38.438966,8,713.537829
-38.019603,8,713.549291
-110.908832,8,713.559515
-82.688519,8,713.570154
-41.88264,8,713.579632
4.499442,8,713.589301
-167.786346,8,713.595345
-101.551903,8,713.605248
-19.531095,8,713.613963
-38.969588,8,713.627248
-3.017135,8,713.63748
-0.054767,8,713.645332
0.167048,8,713.653979
-62.653195,8,713.65939
-148.902108,8,713.675365
-113.881393,8,713.6821
1.591073,8,713.690464
-2.404484,8,713.690464
-122.183773,8,713.706107
-66.467287,8,713.712822
0.910349,8,713.720598
4.082108,8,713.720598
-161.47059,8,713.729441
-38.722314,8,713.745038
-27.805302,8,713.75064
3.594516,8,713.759542
-2.442576,8,713.961047
11.276483,8,713.970953
-39.576554,8,713.979091
2.295311,8,713.985688
5.397444,8,713.994332
-96.391897,8,714.003562
2.767353,8,714.01167
-4.20844,8,714.019106
-4.067599,8,714.020612
8.882684,8,714.029474
-14.039886,8,714.041146
-12.402388,8,714.047149
-30.141187,8,714.059336
-149.576178,8,714.069163
-34.104913,8,714.079213
-25.259481,8,714.089443
-50.268491,8,714.089443
6.384161,8,714.105311
-57.680804,8,714.112813
0.913895,8,714.119076
-98.271191,8,714.12578
-30.180653,8,714.133347
-2.220965,8,714.14164
-20.26235,8,714.14764
-32.622546,8,714.15922
-38.90045,8,714.164335
3.605479,8,714.175188
-43.947552,8,714.180849
-23.133299,8,714.189373
4.362761,8,714.189373
-32.956358,8,714.206047
-15.093119,8,714.211577
-91.621026,8,714.41654
-1.593991,8,714.421793
-22.704352,8,714.433465
-16.346159,8,714.443789
8.131655,8,714.451301
-48.130484,8,714.45935
-100.072089,8,714.47591
9.61641,8,714.48442
-58.992237,8,714.492454
-18.355271,8,714.502491
-25.800929,8,714.511629
-4.73386,8,714.520719
0.499759,8,714.531526
4.020861,8,714.540823
-45.965406,8,714.546826
-105.108317,8,714.553995
2.034449,8,714.559323
8.643928,8,714.576219
0.76109,8,714.584729
-3.216946,8,714.589279
-25.643133,8,714.603587
2.138645,8,714.611497
-4.073277,8,714.618502
-21.738078,8,714.622011
4.846043,8,714.629277
2.13012,8,714.64307
-3.820846,8,714.649073
-130.083737,8,714.656087
2.97258,8,714.662874
-163.135248,8,714.66938
-12.630414,8,714.680592
-9.644807,8,714.691509
-37.632508,8,714.889683
-0.883145,8,714.899357
-72.670272,8,714.910738
-4.838096,8,714.917764
4.15682,8,714.927232
-9.159611,8,714.935856
-10.841021,8,714.944095
-27.740309,8,714.950621
-16.619619,8,714.959472
-4.68034,8,714.96463
-16.59421,8,714.980172
-82.321631,8,714.987912
0.565343,8,714.995189
-80.423905,8,715.003603
-5.586541,8,715.012588
-95.135534,8,715.020294
-80.25874,8,715.020878
-7.270891,8,715.029341
-22.331474,8,715.043188
-33.541431,8,715.050917
-105.817305,8,715.053546
0.953468,8,715.064641
-94.04487,8,715.073042
-121.260403,8,715.084559
5.783669,8,715.089363
-34.52546,8,715.099646
-41.546834,8,715.110064
-70.012805,8,715.11618
-85.979478,8,715.125964
-32.017915,8,715.132937
-24.21677,8,715.141102
1.208855,8,715.149209
6.30216,8,715.351172
-55.570067,8,715.359386
-115.761106,8,715.374366
-2.797623,8,715.393481
-119.468625,8,715.405642
-38.228366,8,715.41525
-82.221547,8,715.421061
-163.580896,8,715.429545
9.360057,8,715.44835
-15.453495,8,715.461493
-18.448785,8,715.471155
-87.487072,8,715.484666
-5.499884,8,715.494701
-19.110435,8,715.507369
-74.924223,8,715.52071
-16.941106,8,715.529356
2.379167,8,715.547699
2.99746,8,715.559495
-10.076211,8,715.571265
6.391626,8,715.583144
-94.310883,8,715.589455
5.956842,8,715.613154
-6.229723,8,715.620709
-4.766245,8,715.637762
-88.70182,8,715.651245
3.402906,8,715.66422
-30.0717,8,715.682352
-3.262878,8,715.691721
-37.653265,8,715.699212
-15.047807,8,715.711416
-24.679841,8,715.718423
-42.493088,8,715.726809
-38.222066,8,715.910783
-50.998688,8,715.919101
-28.892446,8,715.929265
-120.371175,8,715.937985
-50.614408,8,715.946501
3.488778,8,715.953636
-14.727177,8,715.959345
-10.515677,8,715.972047
-70.446773,8,715.979646
6.269306,8,715.994393
4.52599,8,716.004234
-44.465487,8,716.01308
-74.134237,8,716.020594
-106.491539,8,716.029216
-2.664416,8,716.039168
-98.511491,8,716.046275
-104.24386,8,716.052578
4.707098,8,716.059334
-43.019325,8,716.064651
-66.742992,8,716.076016
-40.67407,8,716.083531
1.585325,8,716.097021
-22.258888,8,716.105988
-23.659406,8,716.113321
-79.212245,8,716.120796
-201.998145,8,716.120796
-72.263653,8,716.129565
-60.515894,8,716.144621
2.526203,8,716.151306
-15.302025,8,716.159571
-118.628729,8,716.164251
-56.657028,8,716.174103
-149.363021,8,716.353575
-71.192721,8,716.359477
-6.391686,8,716.379126
-0.961247,8,716.386139
-0.106189,8,716.395622
-74.093164,8,716.405313
-9.517655,8,716.41381
-0.372995,8,716.420748
-7.732415,8,716.429257
-13.033351,8,716.43981
-58.802978,8,716.447823
-80.18271,8,716.456902
-16.244215,8,716.463306
-54.515909,8,716.474107
-132.877424,8,716.491334
-109.29564,8,716.499346
12.654044,8,716.50968
5.858751,8,716.517688
-11.567796,8,716.526654
-43.695756,8,716.533319
-3.685815,8,716.544034
-66.282618,8,716.551589
8.047554,8,716.559119
-32.040701,8,716.559119
-0.705199,8,716.573089
-26.690102,8,716.579608
-54.351933,8,716.587268
-5.145697,8,716.598597
-1.092854,8,716.609244
-6.282467,8,716.614776
-20.850004,8,716.621445
2.548655,8,716.629245
-100.118218,8,716.824826
-5.638433,8,716.833426
-24.270778,8,716.84498
-33.32067,8,716.85149
-112.206547,8,716.859396
-174.373146,8,716.870275
-79.908206,8,716.878112
-21.789669,8,716.891413
1.52765,8,716.89742
-76.29367,8,716.905281
3.768778,8,716.913844
-85.221245,8,716.92089
9.897062,8,716.929143
-158.596354,8,716.936022
1.196567,8,716.945313
-76.476278,8,716.954046
-62.714952,8,716.964505
-173.252345,8,716.973954
7.296857,8,716.980473
12.567479,8,716.988184
-169.129348,8,716.999075
-1.309351,8,717.00918
-161.97368,8,717.00918
-28.526961,8,717.027026
-2.714994,8,717.033727
-137.590254,8,717.04076
-14.031985,8,717.049424
-18.846501,8,717.059313
-3.868562,8,717.059313
-149.437324,8,717.078176
-7.327012,8,717.083885
4.402906,8,717.089676
-11.538197,8,717.276901
-67.96906,8,717.285967
-75.258252,8,717.292217
-42.880632,8,717.301634
-94.154287,8,717.315127
-71.917347,8,717.321445
-80.729632,8,717.329439
-32.102999,8,717.34149
-15.47072,8,717.349496
-45.886503,8,717.353848
-114.406128,8,717.364649
8.109842,8,717.373108
-5.804006,8,717.380773
-0.744193,8,717.389637
-49.442782,8,717.403581
-124.858735,8,717.411951
0.544548,8,717.420904
-31.659124,8,717.429145
4.181561,8,717.437976
-44.732172,8,717.446888
-29.756734,8,717.453685
0.038972,8,717.459637
3.318378,8,717.459637
-52.162024,8,717.476141
-130.890992,8,717.482823
-91.934983,8,717.489812
-10.303881,8,717.499334
-37.774171,8,717.509392
-16.567834,8,717.51549
1.560328,8,717.520278
-9.812758,8,717.524482
-9.085873,8,717.529616
-4.415358,8,717.720957
-16.117776,8,717.729308
-27.749508,8,717.738677
-34.244585,8,717.746367
-154.705799,8,717.754153
7.272161,8,717.763334
-9.773653,8,717.781288
-54.73325,8,717.79203
-63.638195,8,717.799556
-42.243464,8,717.811838
4.746391,8,717.820731
5.921563,8,717.829557
-25.905386,8,717.841381
-86.802552,8,717.851668
1.438465,8,717.864409
-79.33869,8,717.883689
-71.619198,8,717.898374
-7.53661,8,717.910171
-12.911624,8,717.92914
-4.938331,8,717.950083
-48.966687,8,717.963624
-75.215377,8,717.97705
4.023368,8,717.990455
-135.458042,8,718.00629
2.727362,8,718.020282
-28.89405,8,718.029146
-52.077842,8,718.043241
-26.324773,8,718.054048
-7.13533,8,718.071387
-69.626957,8,718.079427
-140.87285,8,718.090572
0.146918,8,718.118227
-73.487143,8,718.321362
-61.779259,8,718.329274
-57.768257,8,718.341647
-86.448261,8,718.353592
-160.733087,8,718.359447
-52.234911,8,718.369138
-58.374468,8,718.377996
-1.766079,8,718.387617
-71.520158,8,718.394632
-97.649852,8,718.402211
5.209281,8,718.411728
-57.265645,8,718.421027
2.033428,8,718.429468
-170.042044,8,718.441444
6.193975,8,718.447444
-0.708965,8,718.459234
3.411385,8,718.46464
-83.282892,8,718.47717
-2.274126,8,718.485677
-10.132163,8,718.494055
-1.688723,8,718.500661
-85.490873,8,718.507671
-9.580949,8,718.51529
2.632288,8,718.520343
-23.127915,8,718.529138
-3.382536,8,718.543149
1.228803,8,718.549656
1.529351,8,718.553742
-47.920039,8,718.559471
-68.257546,8,718.575203
9.969768,8,718.581718
-106.655184,8,718.58955
-58.631675,8,718.771265
-5.357554,8,718.780202
-212.750899,8,718.7891
-104.321928,8,718.800237
3.40779,8,718.814165
2.086903,8,718.823684
5.014865,8,718.833397
-88.788766,8,718.846585
-18.348483,8,718.85769
-24.726347,8,718.870277
-31.662406,8,718.879919
-26.360339,8,718.890553
-35.032622,8,718.899248
0.292704,8,718.914366
-134.70157,8,718.923288
-190.224572,8,718.933396
-40.474973,8,718.943569
-14.969862,8,718.959494
-20.970066,8,718.96152
-36.327581,8,718.97663
-80.390147,8,718.984219
-58.614984,8,718.992273
-107.19882,8,719.004798
-92.824245,8,719.011957
1.185324,8,719.023168
-36.111796,8,719.029141
5.161982,8,719.039066
-76.30606,8,719.04608
-2.456348,8,719.05425
-45.934605,8,719.059222
-6.97121,8,719.077193
1.472792,8,719.083887
-2.726015,8,719.27513
-14.175963,8,719.282836
-44.672,8,719.289832
-42.665895,8,719.29941
-96.657012,8,719.307867
-85.311414,8,719.316385
-51.29776,8,719.324675
-181.954894,8,719.333266
-2.266708,8,719.343208
-1.841499,8,719.350727
-22.157388,8,719.363497
-3.651818,8,719.378337
-98.519873,8,719.385049
-29.709368,8,719.395011
6.866607,8,719.403528
-4.60094,8,719.410618
-17.259092,8,719.417654
-1.459801,8,719.427393
-40.466424,8,719.435925
-143.663708,8,719.44529
-140.760847,8,719.453383
-13.954845,8,719.459088
-99.507315,8,719.474449
-43.391159,8,719.481017
-95.93031,8,719.49251
1.889836,8,719.49251
4.156183,8,719.50756
5.938516,8,719.51427
6.636366,8,719.520497
1.453124,8,719.520497
-40.926117,8,719.529167
5.487751,8,719.542195
-21.149844,8,719.717231
-3.042922,8,719.720778
-20.974203,8,719.729107
-17.366799,8,719.746262
-124.023253,8,719.755054
-16.091391,8,719.765329
-0.561868,8,719.775051
-78.113546,8,719.782768
-54.329063,8,719.789431
-23.658445,8,719.799519
-4.058659,8,719.808393
-45.495442,8,719.815075
-96.209044,8,719.821306
-7.108092,8,719.829291
5.437058,8,719.844302
2.039087,8,719.854705
4.556394,8,719.864648
-13.797552,8,719.874294
10.198902,8,719.881009
-17.319511,8,719.889477
-25.412616,8,719.893362
-7.477213,8,719.906505
1.641985,8,719.914165
-26.324271,8,719.923311
-123.689985,8,719.929441
-13.563606,8,719.938378
7.05663,8,719.946089
4.513032,8,719.953836
-10.993894,8,719.964533
-14.283894,8,719.975535
-94.183701,8,719.981259
-46.310742,8,719.987896
-157.871305,8,720.159662
-75.943462,8,720.179874
-38.361465,8,720.195931
-3.100061,8,720.207441
-3.856503,8,720.215561
-55.377921,8,720.224178
-229.564342,8,720.235262
-43.620415,8,720.246247
-6.9591,8,720.259474
-6.218761,8,720.277838
-2.530472,8,720.289588
10.513654,8,720.31014
-33.649528,8,720.324334
-52.41369,8,720.339212
0.503477,8,720.349248
-78.180461,8,720.363334
-8.826069,8,720.375977
0.135028,8,720.38597
-38.787592,8,720.399266
3.056829,8,720.411731
-181.715165,8,720.429559
-25.010479,8,720.442155
-29.418136,8,720.459281
10.193587,8,720.471368
-35.913304,8,720.482505
-24.37697,8,720.494425
-29.246457,8,720.512845
-8.286846,8,720.539328
-11.765736,8,720.557524
-6.877063,8,720.576261
-86.844734,8,720.591822
-80.738479,8,720.607849
-37.844298,8,720.863261
-26.502519,8,720.880853
-5.469365,8,720.893131
10.17442,8,720.905695
8.726418,8,720.917403
5.398123,8,720.931288
-1.624828,8,720.945068
-25.477633,8,720.955615
-19.204338,8,720.970396
-14.328869,8,720.982122
2.162123,8,721.000925
-30.050861,8,721.014348
-103.779383,8,721.027056
-71.66705,8,721.037466
-9.6037,8,721.055984
-54.03312,8,721.069322
6.092131,8,721.079289
-27.251834,8,721.089432
-41.375484,8,721.095828
8.04307,8,721.109056
-21.156152,8,721.114419
-53.212861,8,721.12392
-21.547289,8,721.129276
-76.982013,8,721.140767
-50.077123,8,721.149112
-116.70282,8,721.159377
0.552512,8,721.173881
-78.55207,8,721.179499
-8.421652,8,721.193833
-21.783488,8,721.201136
-13.5486,8,721.211653
-2.709282,8,721.217654
-85.31666,8,721.417494
-91.365106,8,721.427772
-93.091903,8,721.437953
-81.068022,8,721.445634
-89.203125,8,721.455539
-54.00202,8,721.46553
-30.541405,8,721.474292
-61.965676,8,721.491341
-37.898192,8,721.499775
-61.780064,8,721.510162
-168.241542,8,721.519169
-40.442116,8,721.529121
-32.334983,8,721.539071
-43.275278,8,721.548087
-16.191896,8,721.557612
-70.699226,8,721.567274
-92.807789,8,721.583013
-60.436084,8,721.593744
-98.059849,8,721.601468
-29.479355,8,721.616426
-2.560137,8,721.625746
5.745938,8,721.630177
-67.124724,8,721.641598
-143.100228,8,721.647597
-21.39303,8,721.65536
-0.337037,8,721.659257
-26.04058,8,721.672014
-94.362024,8,721.678012
-4.868822,8,721.685863
-50.778239,8,721.694599
-30.32536,8,721.701735
-57.575858,8,721.709257
6.36176,8,721.914529
0.610528,8,721.929635
1.886055,8,721.937687
-63.270843,8,721.944212
-1.525011,8,721.953054
5.035471,8,721.959265
-91.356051,8,721.96452
-15.273818,8,721.977634
-34.844849,8,721.985146
-57.898885,8,721.993275
-15.367082,8,721.999333
-4.390996,8,722.010392
-16.535404,8,722.024579
-28.413353,8,722.033237
-40.624697,8,722.046767
-23.778658,8,722.052711
-18.737231,8,722.063409
-47.379004,8,722.074262
9.434488,8,722.079315
-10.050494,8,722.089198
-36.219247,8,722.096235
-41.971048,8,722.10705
-22.316918,8,722.113614
0.852925,8,722.12077
-56.440283,8,722.127808
-3.291866,8,722.141197
4.020508,8,722.147196
-42.919912,8,722.157559
-0.107018,8,722.159097
-26.948356,8,722.171837
-10.184632,8,722.177831
-6.534906,8,722.184394
-39.098832,8,722.367428
10.15769,8,722.376791
-181.679153,8,722.386269
-75.112675,8,722.396163
-24.201889,8,722.405084
-16.743637,8,722.416641
-1.4318,8,722.419691
-16.803642,8,722.433599
1.568395,8,722.443919
-98.007335,8,722.45141
-9.325874,8,722.459896
-26.907863,8,722.466903
-38.811643,8,722.474848
-88.36762,8,722.483402
-20.441951,8,722.489514
3.4474,8,722.498175
-29.907498,8,722.510541
0.993537,8,722.516544
-13.203159,8,722.51958
-3.657997,8,722.538389
-91.306447,8,722.54694
-99.110575,8,722.555509
-103.401575,8,722.559524
-34.190619,8,722.571655
-38.99172,8,722.577654
-12.408808,8,722.584224
-18.675938,8,722.589528
-12.68448,8,722.595975
-67.814765,8,722.607494
-44.949227,8,722.611633
-8.915328,8,722.629207
-76.919386,8,722.63602
-14.037528,8,722.879514
0.265554,8,722.898149
-49.03555,8,722.911447
1.268405,8,722.929072
10.521997,8,722.94132
-26.226962,8,722.956966
-18.270612,8,722.979287
2.266345,8,722.994664
4.036957,8,723.008143
-1.78657,8,723.021316
0.073962,8,723.035845
-62.148922,8,723.056989
4.234058,8,723.071867
-84.774693,8,723.089231
-5.669918,8,723.105121
-13.725065,8,723.113762
-18.242286,8,723.130238
-1.513721,8,723.143553
-16.227347,8,723.159197
-37.16369,8,723.175966
4.054766,8,723.18929
2.220951,8,723.199362
3.60465,8,723.209404
-113.484253,8,723.219596
-89.816465,8,723.229292
-4.160722,8,723.24224
-2.67792,8,723.249244
-194.278674,8,723.253101
-83.827011,8,723.259562
12.021719,8,723.274539
-149.228612,8,723.281242
-27.118424,8,723.286411
-8.849482,8,723.489145
-183.423992,8,723.491206
-37.44316,8,723.505026
-56.40554,8,723.512586
-32.866799,8,723.521681
-16.469179,8,723.539947
-27.762778,8,723.547975
-20.473652,8,723.555465
8.030108,8,723.564488
-82.871672,8,723.57502
-46.197906,8,723.582581
-4.172037,8,723.591319
-15.775138,8,723.596827
-5.169963,8,723.605117
-59.546628,8,723.613642
3.081464,8,723.623948
-8.126542,8,723.639464
-39.089431,8,723.652688
-29.095856,8,723.663195
2.230498,8,723.672255
-88.644382,8,723.679267
6.109988,8,723.689205
-127.645311,8,723.696151
-44.784822,8,723.70404
-71.938915,8,723.711547
-31.602859,8,723.717554
3.820562,8,723.721926
-70.329131,8,723.729443
-0.821324,8,723.740009
-14.298856,8,723.750576
-57.504813,8,723.759326
-90.476685,8,723.764542
